date_obs,resultat_obs,code_statut,code_qualification_obs
2026-08-31T23:55:00Z,-870.0,8,16
2026-08-31T23:50:00Z,-875.0,8,16
2026-08-31T23:45:00Z,-871.0,8,16
2026-08-31T23:40:00Z,-875.0,8,16
2026-08-31T23:35:00Z,-874.0,8,16
2026-08-31T23:30:00Z,-875.0,8,16
2026-08-31T23:25:00Z,-879.0,8,16
2026-08-31T23:20:00Z,-877.0,8,16
2026-08-31T23:15:00Z,-880.0,8,16
2026-08-31T23:10:00Z,-874.0,8,16
2026-08-31T23:05:00Z,-875.0,8,16
2026-08-31T23:00:00Z,-876.0,8,16
2026-08-31T22:55:00Z,-876.0,8,16
2026-08-31T22:50:00Z,-875.0,8,16
2026-08-31T22:45:00Z,-875.0,8,16
2026-08-31T22:40:00Z,-880.0,8,16
2026-08-31T22:35:00Z,-879.0,8,16
2026-08-31T22:30:00Z,-875.0,8,16
2026-08-31T22:25:00Z,-879.0,8,16
2026-08-31T22:20:00Z,-877.0,8,16
2026-08-31T22:15:00Z,-876.0,8,16
2026-08-31T22:10:00Z,-876.0,8,16
2026-08-31T22:05:00Z,-876.0,8,16
2026-08-31T22:00:00Z,-874.0,8,16
2026-08-31T21:55:00Z,-876.0,8,16
2026-08-31T21:50:00Z,-874.0,8,16
2026-08-31T21:45:00Z,-877.0,8,16
2026-08-31T21:40:00Z,-876.0,8,16
2026-08-31T21:35:00Z,-870.0,8,16
2026-08-31T21:30:00Z,-872.0,8,16
2026-08-31T21:25:00Z,-876.0,8,16
2026-08-31T21:20:00Z,-872.0,8,16
2026-08-31T21:15:00Z,-877.0,8,16
2026-08-31T21:10:00Z,-874.0,8,16
2026-08-31T21:05:00Z,-875.0,8,16
2026-08-31T21:00:00Z,-876.0,8,16
2026-08-31T20:55:00Z,-884.0,8,16
2026-08-31T20:50:00Z,-877.0,8,16
2026-08-31T20:45:00Z,-872.0,8,16
2026-08-31T20:40:00Z,-874.0,8,16
2026-08-31T20:35:00Z,-879.0,8,16
2026-08-31T20:30:00Z,-871.0,8,16
2026-08-31T20:25:00Z,-882.0,8,16
2026-08-31T20:20:00Z,-876.0,8,16
2026-08-31T20:15:00Z,-880.0,8,16
2026-08-31T20:10:00Z,-882.0,8,16
2026-08-31T20:05:00Z,-880.0,8,16
2026-08-31T20:00:00Z,-884.0,8,16
2026-08-31T19:55:00Z,-882.0,8,16
2026-08-31T19:50:00Z,-886.0,8,16
2026-08-31T19:45:00Z,-885.0,8,16
2026-08-31T19:40:00Z,-886.0,8,16
2026-08-31T19:35:00Z,-887.0,8,16
2026-08-31T19:30:00Z,-885.0,8,16
2026-08-31T19:25:00Z,-889.0,8,16
2026-08-31T19:20:00Z,-897.0,8,16
2026-08-31T19:15:00Z,-887.0,8,16
2026-08-31T19:10:00Z,-890.0,8,16
2026-08-31T19:05:00Z,-887.0,8,16
2026-08-31T19:00:00Z,-894.0,8,16
2026-08-31T18:55:00Z,-891.0,8,16
2026-08-31T18:50:00Z,-891.0,8,16
2026-08-31T18:45:00Z,-886.0,8,16
2026-08-31T18:40:00Z,-887.0,8,16
2026-08-31T18:35:00Z,-891.0,8,16
2026-08-31T18:30:00Z,-884.0,8,16
2026-08-31T18:25:00Z,-885.0,8,16
2026-08-31T18:20:00Z,-890.0,8,16
2026-08-31T18:15:00Z,-884.0,8,16
2026-08-31T18:10:00Z,-884.0,8,16
2026-08-31T18:05:00Z,-880.0,8,16
2026-08-31T18:00:00Z,-875.0,8,16
2026-08-31T17:55:00Z,-870.0,8,16
2026-08-31T17:50:00Z,-881.0,8,16
2026-08-31T17:45:00Z,-876.0,8,16
2026-08-31T17:40:00Z,-875.0,8,16
2026-08-31T17:35:00Z,-866.0,8,16
2026-08-31T17:30:00Z,-869.0,8,16
2026-08-31T17:25:00Z,-866.0,8,16
2026-08-31T17:20:00Z,-866.0,8,16
2026-08-31T17:15:00Z,-861.0,8,16
2026-08-31T17:10:00Z,-861.0,8,16
2026-08-31T17:05:00Z,-861.0,8,16
2026-08-31T17:00:00Z,-860.0,8,16
2026-08-31T16:55:00Z,-850.0,8,16
2026-08-31T16:50:00Z,-849.0,8,16
2026-08-31T16:45:00Z,-849.0,8,16
2026-08-31T16:40:00Z,-841.0,8,16
2026-08-31T16:35:00Z,-844.0,8,16
2026-08-31T16:30:00Z,-844.0,8,16
2026-08-31T16:25:00Z,-840.0,8,16
2026-08-31T16:20:00Z,-839.0,8,16
2026-08-31T16:15:00Z,-827.0,8,16
2026-08-31T16:10:00Z,-826.0,8,16
2026-08-31T16:05:00Z,-822.0,8,16
2026-08-31T16:00:00Z,-821.0,8,16
2026-08-31T15:55:00Z,-821.0,8,16
2026-08-31T15:50:00Z,-821.0,8,16
2026-08-31T15:45:00Z,-817.0,8,16
2026-08-31T15:40:00Z,-817.0,8,16
2026-08-31T15:35:00Z,-810.0,8,16
2026-08-31T15:30:00Z,-810.0,8,16
2026-08-31T15:25:00Z,-807.0,8,16
2026-08-31T15:20:00Z,-804.0,8,16
2026-08-31T15:15:00Z,-814.0,8,16
2026-08-31T15:10:00Z,-805.0,8,16
2026-08-31T15:05:00Z,-804.0,8,16
2026-08-31T15:00:00Z,-809.0,8,16
2026-08-31T14:55:00Z,-807.0,8,16
2026-08-31T14:50:00Z,-806.0,8,16
2026-08-31T14:45:00Z,-814.0,8,16
2026-08-31T14:40:00Z,-815.0,8,16
2026-08-31T14:35:00Z,-815.0,8,16
2026-08-31T14:30:00Z,-817.0,8,16
2026-08-31T14:25:00Z,-822.0,8,16
2026-08-31T14:20:00Z,-826.0,8,16
2026-08-31T14:15:00Z,-826.0,8,16
2026-08-31T14:10:00Z,-834.0,8,16
2026-08-31T14:05:00Z,-831.0,8,16
2026-08-31T14:00:00Z,-841.0,8,16
2026-08-31T13:55:00Z,-847.0,8,16
2026-08-31T13:50:00Z,-850.0,8,16
2026-08-31T13:45:00Z,-857.0,8,16
2026-08-31T13:40:00Z,-855.0,8,16
2026-08-31T13:35:00Z,-861.0,8,16
2026-08-31T13:30:00Z,-869.0,8,16
2026-08-31T13:25:00Z,-870.0,8,16
2026-08-31T13:20:00Z,-869.0,8,16
2026-08-31T13:15:00Z,-874.0,8,16
2026-08-31T13:10:00Z,-884.0,8,16
2026-08-31T13:05:00Z,-892.0,8,16
2026-08-31T13:00:00Z,-881.0,8,16
2026-08-31T12:55:00Z,-896.0,8,16
2026-08-31T12:50:00Z,-896.0,8,16
2026-08-31T12:45:00Z,-902.0,8,16
2026-08-31T12:40:00Z,-910.0,8,16
2026-08-31T12:35:00Z,-907.0,8,16
2026-08-31T12:30:00Z,-902.0,8,16
2026-08-31T12:25:00Z,-906.0,8,16
2026-08-31T12:20:00Z,-904.0,8,16
2026-08-31T12:15:00Z,-905.0,8,16
2026-08-31T12:10:00Z,-909.0,8,16
2026-08-31T12:05:00Z,-909.0,8,16
2026-08-31T12:00:00Z,-902.0,8,16
2026-08-31T11:55:00Z,-902.0,8,16
2026-08-31T11:50:00Z,-899.0,8,16
2026-08-31T11:45:00Z,-900.0,8,16
2026-08-31T11:40:00Z,-896.0,8,16
2026-08-31T11:35:00Z,-900.0,8,16
2026-08-31T11:30:00Z,-892.0,8,16
2026-08-31T11:25:00Z,-896.0,8,16
2026-08-31T11:20:00Z,-894.0,8,16
2026-08-31T11:15:00Z,-891.0,8,16
2026-08-31T11:10:00Z,-894.0,8,16
2026-08-31T09:05:00Z,-890.0,8,16
2026-08-31T09:00:00Z,-889.0,8,16
2026-08-31T08:55:00Z,-890.0,8,16
2026-08-31T08:50:00Z,-889.0,8,16
2026-08-31T08:45:00Z,-889.0,8,16
2026-08-31T08:40:00Z,-889.0,8,16
2026-08-31T08:35:00Z,-882.0,8,16
2026-08-31T08:30:00Z,-882.0,8,16
2026-08-31T08:25:00Z,-881.0,8,16
2026-08-31T08:20:00Z,-885.0,8,16
2026-08-31T08:15:00Z,-882.0,8,16
2026-08-31T08:10:00Z,-880.0,8,16
2026-08-31T08:05:00Z,-874.0,8,16
2026-08-31T08:00:00Z,-875.0,8,16
2026-08-31T07:55:00Z,-871.0,8,16
2026-08-31T07:50:00Z,-874.0,8,16
2026-08-31T07:45:00Z,-874.0,8,16
2026-08-31T07:40:00Z,-869.0,8,16
2026-08-31T07:35:00Z,-870.0,8,16
2026-08-31T07:30:00Z,-862.0,8,16
2026-08-31T07:25:00Z,-865.0,8,16
2026-08-31T07:20:00Z,-856.0,8,16
2026-08-31T07:15:00Z,-857.0,8,16
2026-08-31T07:10:00Z,-851.0,8,16
2026-08-31T07:05:00Z,-854.0,8,16
2026-08-31T07:00:00Z,-851.0,8,16
2026-08-31T06:55:00Z,-847.0,8,16
2026-08-31T06:50:00Z,-844.0,8,16
2026-08-31T06:45:00Z,-840.0,8,16
2026-08-31T06:40:00Z,-837.0,8,16
2026-08-31T06:35:00Z,-837.0,8,16
2026-08-31T06:30:00Z,-830.0,8,16
2026-08-31T06:25:00Z,-829.0,8,16
2026-08-31T06:20:00Z,-830.0,8,16
2026-08-31T06:15:00Z,-821.0,8,16
2026-08-31T06:10:00Z,-816.0,8,16
2026-08-31T06:05:00Z,-815.0,8,16
2026-08-31T06:00:00Z,-810.0,8,16
2026-08-31T05:55:00Z,-810.0,8,16
2026-08-31T05:50:00Z,-800.0,8,16
2026-08-31T05:45:00Z,-800.0,8,16
2026-08-31T05:40:00Z,-799.0,8,16
2026-08-31T05:35:00Z,-794.0,8,16
2026-08-31T05:30:00Z,-787.0,8,16
2026-08-31T05:25:00Z,-785.0,8,16
2026-08-31T05:20:00Z,-782.0,8,16
2026-08-31T05:15:00Z,-780.0,8,16
2026-08-31T05:10:00Z,-774.0,8,16
2026-08-31T05:05:00Z,-766.0,8,16
2026-08-31T05:00:00Z,-770.0,8,16
2026-08-31T04:55:00Z,-761.0,8,16
2026-08-31T04:50:00Z,-760.0,8,16
2026-08-31T04:45:00Z,-755.0,8,16
2026-08-31T04:40:00Z,-751.0,8,16
2026-08-31T04:35:00Z,-747.0,8,16
2026-08-31T04:30:00Z,-741.0,8,16
2026-08-31T04:25:00Z,-740.0,8,16
2026-08-31T04:20:00Z,-745.0,8,16
2026-08-31T04:15:00Z,-750.0,8,16
2026-08-31T04:10:00Z,-750.0,8,16
2026-08-31T04:05:00Z,-755.0,8,16
2026-08-31T04:00:00Z,-756.0,8,16
2026-08-31T03:55:00Z,-761.0,8,16
2026-08-31T03:50:00Z,-762.0,8,16
2026-08-31T03:45:00Z,-762.0,8,16
2026-08-31T03:40:00Z,-766.0,8,16
2026-08-31T03:35:00Z,-774.0,8,16
2026-08-31T03:30:00Z,-770.0,8,16
2026-08-31T03:25:00Z,-775.0,8,16
2026-08-31T03:20:00Z,-777.0,8,16
2026-08-31T03:15:00Z,-780.0,8,16
2026-08-31T03:10:00Z,-786.0,8,16
2026-08-31T03:05:00Z,-789.0,8,16
2026-08-31T03:00:00Z,-797.0,8,16
2026-08-31T02:55:00Z,-799.0,8,16
2026-08-31T02:50:00Z,-801.0,8,16
2026-08-31T02:45:00Z,-806.0,8,16
2026-08-31T02:40:00Z,-811.0,8,16
2026-08-31T02:35:00Z,-810.0,8,16
2026-08-31T02:30:00Z,-822.0,8,16
2026-08-31T02:25:00Z,-820.0,8,16
2026-08-31T02:20:00Z,-832.0,8,16
2026-08-31T02:15:00Z,-827.0,8,16
2026-08-31T02:10:00Z,-834.0,8,16
2026-08-31T02:05:00Z,-834.0,8,16
2026-08-31T02:00:00Z,-832.0,8,16
2026-08-31T01:55:00Z,-842.0,8,16
2026-08-31T01:50:00Z,-839.0,8,16
2026-08-31T01:45:00Z,-842.0,8,16
2026-08-31T01:40:00Z,-846.0,8,16
2026-08-31T01:35:00Z,-844.0,8,16
2026-08-31T01:30:00Z,-840.0,8,16
2026-08-31T01:25:00Z,-844.0,8,16
2026-08-31T01:20:00Z,-841.0,8,16
2026-08-31T01:15:00Z,-840.0,8,16
2026-08-31T01:10:00Z,-839.0,8,16
2026-08-31T01:05:00Z,-837.0,8,16
2026-08-31T01:00:00Z,-836.0,8,16
2026-08-31T00:55:00Z,-835.0,8,16
2026-08-31T00:50:00Z,-840.0,8,16
2026-08-31T00:45:00Z,-836.0,8,16
2026-08-31T00:40:00Z,-837.0,8,16
2026-08-31T00:35:00Z,-835.0,8,16
2026-08-31T00:30:00Z,-832.0,8,16
2026-08-31T00:25:00Z,-834.0,8,16
2026-08-31T00:20:00Z,-830.0,8,16
2026-08-31T00:15:00Z,-830.0,8,16
2026-08-31T00:10:00Z,-830.0,8,16
2026-08-31T00:05:00Z,-825.0,8,16
2026-08-31T00:00:00Z,-825.0,8,16
2026-08-30T23:55:00Z,-824.0,8,16
2026-08-30T23:50:00Z,-824.0,8,16
2026-08-30T23:45:00Z,-820.0,8,16
2026-08-30T23:40:00Z,-819.0,8,16
2026-08-30T23:35:00Z,-819.0,8,16
2026-08-30T23:30:00Z,-819.0,8,16
2026-08-30T23:25:00Z,-816.0,8,16
2026-08-30T23:20:00Z,-816.0,8,16
2026-08-30T23:15:00Z,-815.0,8,16
2026-08-30T23:10:00Z,-820.0,8,16
2026-08-30T23:05:00Z,-820.0,8,16
2026-08-30T23:00:00Z,-816.0,8,16
2026-08-30T22:55:00Z,-815.0,8,16
2026-08-30T22:50:00Z,-819.0,8,16
2026-08-30T22:45:00Z,-821.0,8,16
2026-08-30T22:40:00Z,-817.0,8,16
2026-08-30T22:35:00Z,-816.0,8,16
2026-08-30T22:30:00Z,-817.0,8,16
2026-08-30T22:25:00Z,-821.0,8,16
2026-08-30T22:20:00Z,-821.0,8,16
2026-08-30T22:15:00Z,-821.0,8,16
2026-08-30T22:10:00Z,-820.0,8,16
2026-08-30T22:05:00Z,-820.0,8,16
2026-08-30T22:00:00Z,-817.0,8,16
2026-08-30T21:55:00Z,-815.0,8,16
2026-08-30T21:50:00Z,-814.0,8,16
2026-08-30T21:45:00Z,-814.0,8,16
2026-08-30T21:40:00Z,-810.0,8,16
2026-08-30T21:35:00Z,-810.0,8,16
2026-08-30T21:30:00Z,-812.0,8,16
2026-08-30T21:25:00Z,-805.0,8,16
2026-08-30T21:20:00Z,-802.0,8,16
2026-08-30T21:15:00Z,-800.0,8,16
2026-08-30T21:10:00Z,-802.0,8,16
2026-08-30T21:05:00Z,-797.0,8,16
2026-08-30T21:00:00Z,-795.0,8,16
2026-08-30T20:55:00Z,-794.0,8,16
2026-08-30T20:50:00Z,-790.0,8,16
2026-08-30T20:45:00Z,-785.0,8,16
2026-08-30T20:40:00Z,-787.0,8,16
2026-08-30T20:35:00Z,-782.0,8,16
2026-08-30T20:30:00Z,-784.0,8,16
2026-08-30T20:25:00Z,-776.0,8,16
2026-08-30T20:20:00Z,-777.0,8,16
2026-08-30T20:15:00Z,-770.0,8,16
2026-08-30T20:10:00Z,-770.0,8,16
2026-08-30T20:05:00Z,-766.0,8,16
2026-08-30T20:00:00Z,-761.0,8,16
2026-08-30T19:55:00Z,-756.0,8,16
2026-08-30T19:50:00Z,-759.0,8,16
2026-08-30T19:45:00Z,-752.0,8,16
2026-08-30T19:40:00Z,-747.0,8,16
2026-08-30T19:35:00Z,-745.0,8,16
2026-08-30T19:30:00Z,-740.0,8,16
2026-08-30T19:25:00Z,-740.0,8,16
2026-08-30T19:20:00Z,-736.0,8,16
2026-08-30T19:15:00Z,-734.0,8,16
2026-08-30T19:10:00Z,-729.0,8,16
2026-08-30T19:05:00Z,-726.0,8,16
2026-08-30T19:00:00Z,-725.0,8,16
2026-08-30T18:55:00Z,-715.0,8,16
2026-08-30T18:50:00Z,-715.0,8,16
2026-08-30T18:45:00Z,-711.0,8,16
2026-08-30T18:40:00Z,-706.0,8,16
2026-08-30T18:35:00Z,-702.0,8,16
2026-08-30T18:30:00Z,-699.0,8,16
2026-08-30T18:25:00Z,-699.0,8,16
2026-08-30T18:20:00Z,-696.0,8,16
2026-08-30T18:15:00Z,-694.0,8,16
2026-08-30T18:10:00Z,-686.0,8,16
2026-08-30T18:05:00Z,-684.0,8,16
2026-08-30T18:00:00Z,-680.0,8,16
2026-08-30T17:55:00Z,-675.0,8,16
2026-08-30T17:50:00Z,-670.0,8,16
2026-08-30T17:45:00Z,-674.0,8,16
2026-08-30T17:40:00Z,-671.0,8,16
2026-08-30T17:35:00Z,-669.0,8,16
2026-08-30T17:30:00Z,-667.0,8,16
2026-08-30T17:25:00Z,-664.0,8,16
2026-08-30T17:20:00Z,-661.0,8,16
2026-08-30T17:15:00Z,-665.0,8,16
2026-08-30T17:10:00Z,-670.0,8,16
2026-08-30T17:05:00Z,-670.0,8,16
2026-08-30T17:00:00Z,-670.0,8,16
2026-08-30T16:55:00Z,-660.0,8,16
2026-08-30T16:50:00Z,-666.0,8,16
2026-08-30T16:45:00Z,-664.0,8,16
2026-08-30T16:40:00Z,-669.0,8,16
2026-08-30T16:35:00Z,-671.0,8,16
2026-08-30T16:30:00Z,-669.0,8,16
2026-08-30T16:25:00Z,-670.0,8,16
2026-08-30T16:20:00Z,-674.0,8,16
2026-08-30T16:15:00Z,-672.0,8,16
2026-08-30T16:10:00Z,-671.0,8,16
2026-08-30T16:05:00Z,-676.0,8,16
2026-08-30T16:00:00Z,-674.0,8,16
2026-08-30T15:55:00Z,-674.0,8,16
2026-08-30T15:50:00Z,-680.0,8,16
2026-08-30T15:45:00Z,-680.0,8,16
2026-08-30T15:40:00Z,-682.0,8,16
2026-08-30T15:35:00Z,-682.0,8,16
2026-08-30T15:30:00Z,-689.0,8,16
2026-08-30T15:25:00Z,-689.0,8,16
2026-08-30T15:20:00Z,-686.0,8,16
2026-08-30T15:15:00Z,-692.0,8,16
2026-08-30T15:10:00Z,-687.0,8,16
2026-08-30T15:05:00Z,-689.0,8,16
2026-08-30T15:00:00Z,-689.0,8,16
2026-08-30T14:55:00Z,-687.0,8,16
2026-08-30T14:50:00Z,-696.0,8,16
2026-08-30T14:45:00Z,-700.0,8,16
2026-08-30T14:40:00Z,-691.0,8,16
2026-08-30T14:35:00Z,-695.0,8,16
2026-08-30T14:30:00Z,-697.0,8,16
2026-08-30T14:25:00Z,-699.0,8,16
2026-08-30T14:20:00Z,-699.0,8,16
2026-08-30T14:15:00Z,-704.0,8,16
2026-08-30T14:10:00Z,-707.0,8,16
2026-08-30T14:05:00Z,-702.0,8,16
2026-08-30T14:00:00Z,-704.0,8,16
2026-08-30T13:55:00Z,-704.0,8,16
2026-08-30T13:50:00Z,-707.0,8,16
2026-08-30T13:45:00Z,-707.0,8,16
2026-08-30T13:40:00Z,-705.0,8,16
2026-08-30T13:35:00Z,-702.0,8,16
2026-08-30T13:30:00Z,-705.0,8,16
2026-08-30T13:25:00Z,-699.0,8,16
2026-08-30T13:20:00Z,-695.0,8,16
2026-08-30T13:15:00Z,-687.0,8,16
2026-08-30T13:10:00Z,-687.0,8,16
2026-08-30T13:05:00Z,-687.0,8,16
2026-08-30T13:00:00Z,-681.0,8,16
2026-08-30T12:55:00Z,-679.0,8,16
2026-08-30T12:50:00Z,-674.0,8,16
2026-08-30T12:45:00Z,-667.0,8,16
2026-08-30T12:40:00Z,-665.0,8,16
2026-08-30T12:35:00Z,-660.0,8,16
2026-08-30T12:30:00Z,-655.0,8,16
2026-08-30T12:25:00Z,-646.0,8,16
2026-08-30T12:20:00Z,-646.0,8,16
2026-08-30T12:15:00Z,-640.0,8,16
2026-08-30T12:10:00Z,-632.0,8,16
2026-08-30T12:05:00Z,-626.0,8,16
2026-08-30T12:00:00Z,-622.0,8,16
2026-08-30T11:55:00Z,-616.0,8,16
2026-08-30T11:50:00Z,-614.0,8,16
2026-08-30T11:45:00Z,-605.0,8,16
2026-08-30T11:40:00Z,-599.0,8,16
2026-08-30T11:35:00Z,-596.0,8,16
2026-08-30T11:30:00Z,-590.0,8,16
2026-08-30T11:25:00Z,-592.0,8,16
2026-08-30T11:20:00Z,-580.0,8,16
2026-08-30T11:15:00Z,-575.0,8,16
2026-08-30T11:10:00Z,-571.0,8,16
2026-08-30T11:05:00Z,-565.0,8,16
2026-08-30T11:00:00Z,-564.0,8,16
2026-08-30T10:55:00Z,-562.0,8,16
2026-08-30T10:50:00Z,-559.0,8,16
2026-08-30T10:45:00Z,-557.0,8,16
2026-08-30T10:40:00Z,-552.0,8,16
2026-08-30T10:35:00Z,-545.0,8,16
2026-08-30T10:30:00Z,-542.0,8,16
2026-08-30T10:25:00Z,-546.0,8,16
2026-08-30T10:20:00Z,-544.0,8,16
2026-08-30T10:15:00Z,-541.0,8,16
2026-08-30T10:10:00Z,-544.0,8,16
2026-08-30T10:05:00Z,-540.0,8,16
2026-08-30T10:00:00Z,-544.0,8,16
2026-08-30T09:55:00Z,-539.0,8,16
2026-08-30T09:50:00Z,-539.0,8,16
2026-08-30T09:45:00Z,-539.0,8,16
2026-08-30T09:40:00Z,-540.0,8,16
2026-08-30T09:35:00Z,-537.0,8,16
2026-08-30T09:30:00Z,-537.0,8,16
2026-08-30T09:25:00Z,-535.0,8,16
2026-08-30T09:20:00Z,-539.0,8,16
2026-08-30T09:15:00Z,-539.0,8,16
2026-08-30T09:10:00Z,-540.0,8,16
2026-08-30T09:05:00Z,-539.0,8,16
2026-08-30T09:00:00Z,-539.0,8,16
2026-08-30T08:55:00Z,-544.0,8,16
2026-08-30T08:50:00Z,-542.0,8,16
2026-08-30T08:45:00Z,-544.0,8,16
2026-08-30T08:40:00Z,-546.0,8,16
2026-08-30T08:35:00Z,-547.0,8,16
2026-08-30T08:30:00Z,-550.0,8,16
2026-08-30T08:25:00Z,-556.0,8,16
2026-08-30T08:20:00Z,-555.0,8,16
2026-08-30T08:15:00Z,-557.0,8,16
2026-08-30T08:10:00Z,-560.0,8,16
2026-08-30T08:05:00Z,-561.0,8,16
2026-08-30T08:00:00Z,-566.0,8,16
2026-08-30T07:55:00Z,-570.0,8,16
2026-08-30T07:50:00Z,-574.0,8,16
2026-08-30T07:45:00Z,-577.0,8,16
2026-08-30T07:40:00Z,-582.0,8,16
2026-08-30T07:35:00Z,-584.0,8,16
2026-08-30T07:30:00Z,-591.0,8,16
2026-08-30T07:25:00Z,-596.0,8,16
2026-08-30T07:20:00Z,-597.0,8,16
2026-08-30T07:15:00Z,-610.0,8,16
2026-08-30T07:10:00Z,-609.0,8,16
2026-08-30T07:05:00Z,-619.0,8,16
2026-08-30T07:00:00Z,-619.0,8,16
2026-08-30T06:55:00Z,-629.0,8,16
2026-08-30T06:50:00Z,-636.0,8,16
2026-08-30T06:45:00Z,-640.0,8,16
2026-08-30T06:40:00Z,-645.0,8,16
2026-08-30T06:35:00Z,-650.0,8,16
2026-08-30T06:30:00Z,-656.0,8,16
2026-08-30T06:25:00Z,-664.0,8,16
2026-08-30T06:20:00Z,-667.0,8,16
2026-08-30T06:15:00Z,-672.0,8,16
2026-08-30T06:10:00Z,-675.0,8,16
2026-08-30T06:05:00Z,-682.0,8,16
2026-08-30T06:00:00Z,-687.0,8,16
2026-08-30T05:55:00Z,-695.0,8,16
2026-08-30T05:50:00Z,-695.0,8,16
2026-08-30T05:45:00Z,-702.0,8,16
2026-08-30T05:40:00Z,-706.0,8,16
2026-08-30T05:35:00Z,-707.0,8,16
2026-08-30T05:30:00Z,-710.0,8,16
2026-08-30T05:25:00Z,-711.0,8,16
2026-08-30T05:20:00Z,-721.0,8,16
2026-08-30T05:15:00Z,-725.0,8,16
2026-08-30T05:10:00Z,-724.0,8,16
2026-08-30T05:05:00Z,-726.0,8,16
2026-08-30T05:00:00Z,-726.0,8,16
2026-08-30T04:55:00Z,-727.0,8,16
2026-08-30T04:50:00Z,-730.0,8,16
2026-08-30T04:45:00Z,-726.0,8,16
2026-08-30T04:40:00Z,-727.0,8,16
2026-08-30T04:35:00Z,-727.0,8,16
2026-08-30T04:30:00Z,-727.0,8,16
2026-08-30T04:25:00Z,-724.0,8,16
2026-08-30T04:20:00Z,-724.0,8,16
2026-08-30T04:15:00Z,-726.0,8,16
2026-08-30T04:10:00Z,-722.0,8,16
2026-08-30T04:05:00Z,-715.0,8,16
2026-08-30T04:00:00Z,-722.0,8,16
2026-08-30T03:55:00Z,-716.0,8,16
2026-08-30T03:50:00Z,-715.0,8,16
2026-08-30T03:45:00Z,-717.0,8,16
2026-08-30T03:40:00Z,-712.0,8,16
2026-08-30T03:35:00Z,-714.0,8,16
2026-08-30T03:30:00Z,-710.0,8,16
2026-08-30T03:25:00Z,-709.0,8,16
2026-08-30T03:20:00Z,-707.0,8,16
2026-08-30T03:15:00Z,-707.0,8,16
2026-08-30T03:10:00Z,-701.0,8,16
2026-08-30T03:05:00Z,-699.0,8,16
2026-08-30T03:00:00Z,-701.0,8,16
2026-08-30T02:55:00Z,-697.0,8,16
2026-08-30T02:50:00Z,-695.0,8,16
2026-08-30T02:45:00Z,-694.0,8,16
2026-08-30T02:40:00Z,-690.0,8,16
2026-08-30T02:35:00Z,-695.0,8,16
2026-08-30T02:30:00Z,-685.0,8,16
2026-08-30T02:25:00Z,-689.0,8,16
2026-08-30T02:20:00Z,-681.0,8,16
2026-08-30T02:15:00Z,-680.0,8,16
2026-08-30T02:10:00Z,-682.0,8,16
2026-08-30T02:05:00Z,-679.0,8,16
2026-08-30T02:00:00Z,-679.0,8,16
2026-08-30T01:55:00Z,-679.0,8,16
2026-08-30T01:50:00Z,-676.0,8,16
2026-08-30T01:45:00Z,-671.0,8,16
2026-08-30T01:40:00Z,-666.0,8,16
2026-08-30T01:35:00Z,-670.0,8,16
2026-08-30T01:30:00Z,-665.0,8,16
2026-08-30T01:25:00Z,-661.0,8,16
2026-08-30T01:20:00Z,-662.0,8,16
2026-08-30T01:15:00Z,-657.0,8,16
2026-08-30T01:10:00Z,-652.0,8,16
2026-08-30T01:05:00Z,-661.0,8,16
2026-08-30T01:00:00Z,-655.0,8,16
2026-08-30T00:55:00Z,-654.0,8,16
2026-08-30T00:50:00Z,-659.0,8,16
2026-08-30T00:45:00Z,-661.0,8,16
2026-08-30T00:40:00Z,-664.0,8,16
2026-08-30T00:35:00Z,-662.0,8,16
2026-08-30T00:30:00Z,-666.0,8,16
2026-08-30T00:25:00Z,-667.0,8,16
2026-08-30T00:20:00Z,-671.0,8,16
2026-08-30T00:15:00Z,-671.0,8,16
2026-08-30T00:10:00Z,-679.0,8,16
2026-08-30T00:05:00Z,-684.0,8,16
2026-08-30T00:00:00Z,-684.0,8,16
2026-08-29T23:55:00Z,-692.0,8,16
2026-08-29T23:50:00Z,-695.0,8,16
2026-08-29T23:45:00Z,-700.0,8,16
2026-08-29T23:40:00Z,-705.0,8,16
2026-08-29T23:35:00Z,-707.0,8,16
2026-08-29T23:30:00Z,-706.0,8,16
2026-08-29T23:25:00Z,-716.0,8,16
2026-08-29T23:20:00Z,-725.0,8,16
2026-08-29T23:15:00Z,-725.0,8,16
2026-08-29T23:10:00Z,-730.0,8,16
2026-08-29T23:05:00Z,-739.0,8,16
2026-08-29T23:00:00Z,-740.0,8,16
2026-08-29T22:55:00Z,-745.0,8,16
2026-08-29T22:50:00Z,-750.0,8,16
2026-08-29T22:45:00Z,-754.0,8,16
2026-08-29T22:40:00Z,-761.0,8,16
2026-08-29T22:35:00Z,-762.0,8,16
2026-08-29T22:30:00Z,-764.0,8,16
2026-08-29T22:25:00Z,-769.0,8,16
2026-08-29T22:20:00Z,-774.0,8,16
2026-08-29T22:15:00Z,-775.0,8,16
2026-08-29T22:10:00Z,-781.0,8,16
2026-08-29T22:05:00Z,-782.0,8,16
2026-08-29T22:00:00Z,-787.0,8,16
2026-08-29T21:55:00Z,-792.0,8,16
2026-08-29T21:50:00Z,-795.0,8,16
2026-08-29T21:45:00Z,-795.0,8,16
2026-08-29T21:40:00Z,-791.0,8,16
2026-08-29T21:35:00Z,-800.0,8,16
2026-08-29T21:30:00Z,-794.0,8,16
2026-08-29T21:25:00Z,-795.0,8,16
2026-08-29T21:20:00Z,-799.0,8,16
2026-08-29T21:15:00Z,-790.0,8,16
2026-08-29T21:10:00Z,-789.0,8,16
2026-08-29T21:05:00Z,-790.0,8,16
2026-08-29T21:00:00Z,-786.0,8,16
2026-08-29T20:55:00Z,-790.0,8,16
2026-08-29T20:50:00Z,-779.0,8,16
2026-08-29T20:45:00Z,-779.0,8,16
2026-08-29T20:40:00Z,-780.0,8,16
2026-08-29T20:35:00Z,-779.0,8,16
2026-08-29T20:30:00Z,-774.0,8,16
2026-08-29T20:25:00Z,-772.0,8,16
2026-08-29T20:20:00Z,-772.0,8,16
2026-08-29T20:15:00Z,-771.0,8,16
2026-08-29T20:10:00Z,-766.0,8,16
2026-08-29T20:05:00Z,-764.0,8,16
2026-08-29T20:00:00Z,-764.0,8,16
2026-08-29T19:55:00Z,-766.0,8,16
2026-08-29T19:50:00Z,-757.0,8,16
2026-08-29T19:45:00Z,-760.0,8,16
2026-08-29T19:40:00Z,-762.0,8,16
2026-08-29T19:35:00Z,-759.0,8,16
2026-08-29T19:30:00Z,-755.0,8,16
2026-08-29T19:25:00Z,-760.0,8,16
2026-08-29T19:20:00Z,-757.0,8,16
2026-08-29T19:15:00Z,-760.0,8,16
2026-08-29T19:10:00Z,-759.0,8,16
2026-08-29T19:05:00Z,-762.0,8,16
2026-08-29T19:00:00Z,-759.0,8,16
2026-08-29T18:55:00Z,-765.0,8,16
2026-08-29T18:50:00Z,-762.0,8,16
2026-08-29T18:45:00Z,-771.0,8,16
2026-08-29T18:40:00Z,-765.0,8,16
2026-08-29T18:35:00Z,-767.0,8,16
2026-08-29T18:30:00Z,-772.0,8,16
2026-08-29T18:25:00Z,-777.0,8,16
2026-08-29T18:20:00Z,-771.0,8,16
2026-08-29T18:15:00Z,-774.0,8,16
2026-08-29T18:10:00Z,-775.0,8,16
2026-08-29T18:05:00Z,-775.0,8,16
2026-08-29T18:00:00Z,-770.0,8,16
2026-08-29T17:55:00Z,-775.0,8,16
2026-08-29T17:50:00Z,-780.0,8,16
2026-08-29T17:45:00Z,-775.0,8,16
2026-08-29T17:40:00Z,-780.0,8,16
2026-08-29T17:35:00Z,-776.0,8,16
2026-08-29T17:30:00Z,-775.0,8,16
2026-08-29T17:25:00Z,-775.0,8,16
2026-08-29T17:20:00Z,-776.0,8,16
2026-08-29T17:15:00Z,-777.0,8,16
2026-08-29T17:10:00Z,-777.0,8,16
2026-08-29T17:05:00Z,-781.0,8,16
2026-08-29T17:00:00Z,-780.0,8,16
2026-08-29T16:55:00Z,-784.0,8,16
2026-08-29T16:50:00Z,-789.0,8,16
2026-08-29T16:45:00Z,-785.0,8,16
2026-08-29T16:40:00Z,-787.0,8,16
2026-08-29T16:35:00Z,-789.0,8,16
2026-08-29T16:30:00Z,-795.0,8,16
2026-08-29T16:25:00Z,-789.0,8,16
2026-08-29T16:20:00Z,-790.0,8,16
2026-08-29T16:15:00Z,-792.0,8,16
2026-08-29T16:10:00Z,-795.0,8,16
2026-08-29T16:05:00Z,-794.0,8,16
2026-08-29T16:00:00Z,-790.0,8,16
2026-08-29T15:55:00Z,-789.0,8,16
2026-08-29T15:50:00Z,-784.0,8,16
2026-08-29T15:45:00Z,-780.0,8,16
2026-08-29T15:40:00Z,-780.0,8,16
2026-08-29T15:35:00Z,-785.0,8,16
2026-08-29T15:30:00Z,-776.0,8,16
2026-08-29T15:25:00Z,-775.0,8,16
2026-08-29T15:20:00Z,-775.0,8,16
2026-08-29T15:15:00Z,-784.0,8,16
2026-08-29T15:10:00Z,-774.0,8,16
2026-08-29T15:05:00Z,-774.0,8,16
2026-08-29T15:00:00Z,-766.0,8,16
2026-08-29T14:55:00Z,-767.0,8,16
2026-08-29T14:50:00Z,-765.0,8,16
2026-08-29T14:45:00Z,-761.0,8,16
2026-08-29T14:40:00Z,-761.0,8,16
2026-08-29T14:35:00Z,-759.0,8,16
2026-08-29T14:30:00Z,-754.0,8,16
2026-08-29T14:25:00Z,-747.0,8,16
2026-08-29T14:20:00Z,-744.0,8,16
2026-08-29T14:15:00Z,-746.0,8,16
2026-08-29T14:10:00Z,-734.0,8,16
2026-08-29T14:05:00Z,-730.0,8,16
2026-08-29T14:00:00Z,-727.0,8,16
2026-08-29T13:55:00Z,-724.0,8,16
2026-08-29T13:50:00Z,-722.0,8,16
2026-08-29T13:45:00Z,-715.0,8,16
2026-08-29T13:40:00Z,-715.0,8,16
2026-08-29T13:35:00Z,-709.0,8,16
2026-08-29T13:30:00Z,-707.0,8,16
2026-08-29T13:25:00Z,-707.0,8,16
2026-08-29T13:20:00Z,-704.0,8,16
2026-08-29T13:15:00Z,-697.0,8,16
2026-08-29T13:10:00Z,-701.0,8,16
2026-08-29T13:05:00Z,-697.0,8,16
2026-08-29T13:00:00Z,-699.0,8,16
2026-08-29T12:55:00Z,-699.0,8,16
2026-08-29T12:50:00Z,-697.0,8,16
2026-08-29T12:45:00Z,-694.0,8,16
2026-08-29T12:40:00Z,-692.0,8,16
2026-08-29T12:35:00Z,-691.0,8,16
2026-08-29T12:30:00Z,-689.0,8,16
2026-08-29T12:25:00Z,-686.0,8,16
2026-08-29T12:20:00Z,-682.0,8,16
2026-08-29T12:15:00Z,-684.0,8,16
2026-08-29T12:10:00Z,-681.0,8,16
2026-08-29T12:05:00Z,-675.0,8,16
2026-08-29T12:00:00Z,-676.0,8,16
2026-08-29T11:55:00Z,-669.0,8,16
2026-08-29T11:50:00Z,-676.0,8,16
2026-08-29T11:45:00Z,-666.0,8,16
2026-08-29T11:40:00Z,-667.0,8,16
2026-08-29T11:35:00Z,-665.0,8,16
2026-08-29T11:30:00Z,-662.0,8,16
2026-08-29T11:25:00Z,-662.0,8,16
2026-08-29T11:20:00Z,-660.0,8,16
2026-08-29T11:15:00Z,-656.0,8,16
2026-08-29T11:10:00Z,-654.0,8,16
2026-08-29T11:05:00Z,-647.0,8,16
2026-08-29T11:00:00Z,-651.0,8,16
2026-08-29T10:55:00Z,-651.0,8,16
2026-08-29T10:50:00Z,-644.0,8,16
2026-08-29T10:45:00Z,-639.0,8,16
2026-08-29T10:40:00Z,-634.0,8,16
2026-08-29T10:35:00Z,-632.0,8,16
2026-08-29T10:30:00Z,-625.0,8,16
2026-08-29T10:25:00Z,-622.0,8,16
2026-08-29T10:20:00Z,-620.0,8,16
2026-08-29T10:15:00Z,-617.0,8,16
2026-08-29T10:10:00Z,-616.0,8,16
2026-08-29T10:05:00Z,-611.0,8,16
2026-08-29T10:00:00Z,-609.0,8,16
2026-08-29T09:55:00Z,-601.0,8,16
2026-08-29T09:50:00Z,-601.0,8,16
2026-08-29T09:45:00Z,-599.0,8,16
2026-08-29T09:40:00Z,-596.0,8,16
2026-08-29T09:35:00Z,-590.0,8,16
2026-08-29T09:30:00Z,-582.0,8,16
2026-08-29T09:25:00Z,-579.0,8,16
2026-08-29T09:20:00Z,-574.0,8,16
2026-08-29T09:15:00Z,-571.0,8,16
2026-08-29T09:10:00Z,-566.0,8,16
2026-08-29T09:05:00Z,-561.0,8,16
2026-08-29T09:00:00Z,-556.0,8,16
2026-08-29T08:55:00Z,-552.0,8,16
2026-08-29T08:50:00Z,-544.0,8,16
2026-08-29T08:45:00Z,-539.0,8,16
2026-08-29T08:40:00Z,-536.0,8,16
2026-08-29T08:35:00Z,-532.0,8,16
2026-08-29T08:30:00Z,-526.0,8,16
2026-08-29T08:25:00Z,-526.0,8,16
2026-08-29T08:20:00Z,-516.0,8,16
2026-08-29T08:15:00Z,-512.0,8,16
2026-08-29T08:10:00Z,-506.0,8,16
2026-08-29T08:05:00Z,-499.0,8,16
2026-08-29T08:00:00Z,-495.0,8,16
2026-08-29T07:55:00Z,-490.0,8,16
2026-08-29T07:50:00Z,-485.0,8,16
2026-08-29T07:45:00Z,-480.0,8,16
2026-08-29T07:40:00Z,-475.0,8,16
2026-08-29T07:35:00Z,-470.0,8,16
2026-08-29T07:30:00Z,-465.0,8,16
2026-08-29T07:25:00Z,-459.0,8,16
2026-08-29T07:20:00Z,-455.0,8,16
2026-08-29T07:15:00Z,-450.0,8,16
2026-08-29T07:10:00Z,-445.0,8,16
2026-08-29T07:05:00Z,-440.0,8,16
2026-08-29T07:00:00Z,-435.0,8,16
2026-08-29T06:55:00Z,-431.0,8,16
2026-08-29T06:50:00Z,-426.0,8,16
2026-08-29T06:45:00Z,-422.0,8,16
2026-08-29T06:40:00Z,-417.0,8,16
2026-08-29T06:35:00Z,-415.0,8,16
2026-08-29T06:30:00Z,-411.0,8,16
2026-08-29T06:25:00Z,-407.0,8,16
2026-08-29T06:20:00Z,-405.0,8,16
2026-08-29T06:15:00Z,-401.0,8,16
2026-08-29T06:10:00Z,-397.0,8,16
2026-08-29T06:05:00Z,-396.0,8,16
2026-08-29T06:00:00Z,-392.0,8,16
2026-08-29T05:55:00Z,-392.0,8,16
2026-08-29T05:50:00Z,-389.0,8,16
2026-08-29T05:45:00Z,-387.0,8,16
2026-08-29T05:40:00Z,-387.0,8,16
2026-08-29T05:35:00Z,-387.0,8,16
2026-08-29T05:30:00Z,-390.0,8,16
2026-08-29T05:25:00Z,-389.0,8,16
2026-08-29T05:20:00Z,-390.0,8,16
2026-08-29T05:15:00Z,-390.0,8,16
2026-08-29T05:10:00Z,-395.0,8,16
2026-08-29T05:05:00Z,-394.0,8,16
2026-08-29T05:00:00Z,-400.0,8,16
2026-08-29T04:55:00Z,-402.0,8,16
2026-08-29T04:50:00Z,-405.0,8,16
2026-08-29T04:45:00Z,-411.0,8,16
2026-08-29T04:40:00Z,-416.0,8,16
2026-08-29T04:35:00Z,-421.0,8,16
2026-08-29T04:30:00Z,-426.0,8,16
2026-08-29T04:25:00Z,-436.0,8,16
2026-08-29T04:20:00Z,-437.0,8,16
2026-08-29T04:15:00Z,-446.0,8,16
2026-08-29T04:10:00Z,-455.0,8,16
2026-08-29T04:05:00Z,-462.0,8,16
2026-08-29T04:00:00Z,-470.0,8,16
2026-08-29T03:55:00Z,-481.0,8,16
2026-08-29T03:50:00Z,-485.0,8,16
2026-08-29T03:45:00Z,-491.0,8,16
2026-08-29T03:40:00Z,-496.0,8,16
2026-08-29T03:35:00Z,-510.0,8,16
2026-08-29T03:30:00Z,-514.0,8,16
2026-08-29T03:25:00Z,-521.0,8,16
2026-08-29T03:20:00Z,-529.0,8,16
2026-08-29T03:15:00Z,-535.0,8,16
2026-08-29T03:10:00Z,-540.0,8,16
2026-08-29T03:05:00Z,-544.0,8,16
2026-08-29T03:00:00Z,-547.0,8,16
2026-08-29T02:55:00Z,-554.0,8,16
2026-08-29T02:50:00Z,-556.0,8,16
2026-08-29T02:45:00Z,-562.0,8,16
2026-08-29T02:40:00Z,-565.0,8,16
2026-08-29T02:35:00Z,-570.0,8,16
2026-08-29T02:30:00Z,-567.0,8,16
2026-08-29T02:25:00Z,-575.0,8,16
2026-08-29T02:20:00Z,-580.0,8,16
2026-08-29T02:15:00Z,-582.0,8,16
2026-08-29T02:10:00Z,-582.0,8,16
2026-08-29T02:05:00Z,-584.0,8,16
2026-08-29T02:00:00Z,-586.0,8,16
2026-08-29T01:55:00Z,-594.0,8,16
2026-08-29T01:50:00Z,-594.0,8,16
2026-08-29T01:45:00Z,-595.0,8,16
2026-08-29T01:40:00Z,-597.0,8,16
2026-08-29T01:35:00Z,-601.0,8,16
2026-08-29T01:30:00Z,-599.0,8,16
2026-08-29T01:25:00Z,-600.0,8,16
2026-08-29T01:20:00Z,-604.0,8,16
2026-08-29T01:15:00Z,-606.0,8,16
2026-08-29T01:10:00Z,-610.0,8,16
2026-08-29T01:05:00Z,-610.0,8,16
2026-08-29T01:00:00Z,-611.0,8,16
2026-08-29T00:55:00Z,-611.0,8,16
2026-08-29T00:50:00Z,-610.0,8,16
2026-08-29T00:45:00Z,-612.0,8,16
2026-08-29T00:40:00Z,-615.0,8,16
2026-08-29T00:35:00Z,-616.0,8,16
2026-08-29T00:30:00Z,-617.0,8,16
2026-08-29T00:25:00Z,-617.0,8,16
2026-08-29T00:20:00Z,-617.0,8,16
2026-08-29T00:15:00Z,-619.0,8,16
2026-08-29T00:10:00Z,-620.0,8,16
2026-08-29T00:05:00Z,-621.0,8,16
2026-08-29T00:00:00Z,-619.0,8,16
2026-08-28T23:55:00Z,-622.0,8,16
2026-08-28T23:50:00Z,-621.0,8,16
2026-08-28T23:45:00Z,-622.0,8,16
2026-08-28T23:40:00Z,-624.0,8,16
2026-08-28T23:35:00Z,-624.0,8,16
2026-08-28T23:30:00Z,-626.0,8,16
2026-08-28T23:25:00Z,-625.0,8,16
2026-08-28T23:20:00Z,-626.0,8,16
2026-08-28T23:15:00Z,-625.0,8,16
2026-08-28T23:10:00Z,-627.0,8,16
2026-08-28T23:05:00Z,-626.0,8,16
2026-08-28T23:00:00Z,-625.0,8,16
2026-08-28T22:55:00Z,-629.0,8,16
2026-08-28T22:50:00Z,-627.0,8,16
2026-08-28T22:45:00Z,-629.0,8,16
2026-08-28T22:40:00Z,-631.0,8,16
2026-08-28T22:35:00Z,-627.0,8,16
2026-08-28T22:30:00Z,-626.0,8,16
2026-08-28T22:25:00Z,-627.0,8,16
2026-08-28T22:20:00Z,-630.0,8,16
2026-08-28T22:15:00Z,-627.0,8,16
2026-08-28T22:10:00Z,-625.0,8,16
2026-08-28T22:05:00Z,-624.0,8,16
2026-08-28T22:00:00Z,-630.0,8,16
2026-08-28T21:55:00Z,-626.0,8,16
2026-08-28T21:50:00Z,-629.0,8,16
2026-08-28T21:45:00Z,-627.0,8,16
2026-08-28T21:40:00Z,-627.0,8,16
2026-08-28T21:35:00Z,-625.0,8,16
2026-08-28T21:30:00Z,-626.0,8,16
2026-08-28T21:25:00Z,-626.0,8,16
2026-08-28T21:20:00Z,-629.0,8,16
2026-08-28T21:15:00Z,-626.0,8,16
2026-08-28T21:10:00Z,-625.0,8,16
2026-08-28T21:05:00Z,-624.0,8,16
2026-08-28T21:00:00Z,-625.0,8,16
2026-08-28T20:55:00Z,-626.0,8,16
2026-08-28T20:50:00Z,-624.0,8,16
2026-08-28T20:45:00Z,-621.0,8,16
2026-08-28T20:40:00Z,-621.0,8,16
2026-08-28T20:35:00Z,-625.0,8,16
2026-08-28T20:30:00Z,-622.0,8,16
2026-08-28T20:25:00Z,-621.0,8,16
2026-08-28T20:20:00Z,-621.0,8,16
2026-08-28T20:15:00Z,-622.0,8,16
2026-08-28T20:10:00Z,-624.0,8,16
2026-08-28T20:05:00Z,-620.0,8,16
2026-08-28T20:00:00Z,-619.0,8,16
2026-08-28T19:55:00Z,-621.0,8,16
2026-08-28T19:50:00Z,-620.0,8,16
2026-08-28T19:45:00Z,-621.0,8,16
2026-08-28T19:40:00Z,-617.0,8,16
2026-08-28T19:35:00Z,-621.0,8,16
2026-08-28T19:30:00Z,-617.0,8,16
2026-08-28T19:25:00Z,-620.0,8,16
2026-08-28T19:20:00Z,-620.0,8,16
2026-08-28T19:15:00Z,-619.0,8,16
2026-08-28T19:10:00Z,-624.0,8,16
2026-08-28T19:05:00Z,-621.0,8,16
2026-08-28T19:00:00Z,-626.0,8,16
2026-08-28T18:55:00Z,-625.0,8,16
2026-08-28T18:50:00Z,-619.0,8,16
2026-08-28T18:45:00Z,-621.0,8,16
2026-08-28T18:40:00Z,-615.0,8,16
2026-08-28T18:35:00Z,-617.0,8,16
2026-08-28T18:30:00Z,-617.0,8,16
2026-08-28T18:25:00Z,-615.0,8,16
2026-08-28T18:20:00Z,-616.0,8,16
2026-08-28T18:15:00Z,-612.0,8,16
2026-08-28T18:10:00Z,-616.0,8,16
2026-08-28T18:05:00Z,-619.0,8,16
2026-08-28T18:00:00Z,-621.0,8,16
2026-08-28T17:55:00Z,-624.0,8,16
2026-08-28T17:50:00Z,-626.0,8,16
2026-08-28T17:45:00Z,-626.0,8,16
2026-08-28T17:40:00Z,-619.0,8,16
2026-08-28T17:35:00Z,-626.0,8,16
2026-08-28T17:30:00Z,-621.0,8,16
2026-08-28T17:25:00Z,-614.0,8,16
2026-08-28T17:20:00Z,-614.0,8,16
2026-08-28T17:15:00Z,-606.0,8,16
2026-08-28T17:10:00Z,-612.0,8,16
2026-08-28T17:05:00Z,-612.0,8,16
2026-08-28T17:00:00Z,-614.0,8,16
2026-08-28T16:55:00Z,-612.0,8,16
2026-08-28T16:50:00Z,-609.0,8,16
2026-08-28T16:45:00Z,-615.0,8,16
2026-08-28T16:40:00Z,-611.0,8,16
2026-08-28T16:35:00Z,-609.0,8,16
2026-08-28T16:30:00Z,-614.0,8,16
2026-08-28T16:25:00Z,-609.0,8,16
2026-08-28T16:20:00Z,-602.0,8,16
2026-08-28T16:15:00Z,-610.0,8,16
2026-08-28T16:10:00Z,-606.0,8,16
2026-08-28T16:05:00Z,-595.0,8,16
2026-08-28T16:00:00Z,-591.0,8,16
2026-08-28T15:55:00Z,-595.0,8,16
2026-08-28T15:50:00Z,-601.0,8,16
2026-08-28T15:45:00Z,-599.0,8,16
2026-08-28T15:40:00Z,-601.0,8,16
2026-08-28T15:35:00Z,-605.0,8,16
2026-08-28T15:30:00Z,-597.0,8,16
2026-08-28T15:25:00Z,-594.0,8,16
2026-08-28T15:20:00Z,-587.0,8,16
2026-08-28T15:15:00Z,-587.0,8,16
2026-08-28T15:10:00Z,-594.0,8,16
2026-08-28T15:05:00Z,-584.0,8,16
2026-08-28T15:00:00Z,-585.0,8,16
2026-08-28T14:55:00Z,-590.0,8,16
2026-08-28T14:50:00Z,-587.0,8,16
2026-08-28T14:45:00Z,-579.0,8,16
2026-08-28T14:40:00Z,-580.0,8,16
2026-08-28T14:35:00Z,-577.0,8,16
2026-08-28T14:30:00Z,-581.0,8,16
2026-08-28T14:25:00Z,-582.0,8,16
2026-08-28T14:20:00Z,-571.0,8,16
2026-08-28T14:15:00Z,-574.0,8,16
2026-08-28T14:10:00Z,-572.0,8,16
2026-08-28T14:05:00Z,-572.0,8,16
2026-08-28T14:00:00Z,-571.0,8,16
2026-08-28T13:55:00Z,-569.0,8,16
2026-08-28T13:50:00Z,-567.0,8,16
2026-08-28T13:45:00Z,-565.0,8,16
2026-08-28T13:40:00Z,-565.0,8,16
2026-08-28T13:35:00Z,-566.0,8,16
2026-08-28T13:30:00Z,-574.0,8,16
2026-08-28T13:25:00Z,-566.0,8,16
2026-08-28T13:20:00Z,-567.0,8,16
2026-08-28T13:15:00Z,-566.0,8,16
2026-08-28T13:10:00Z,-571.0,8,16
2026-08-28T13:05:00Z,-571.0,8,16
2026-08-28T13:00:00Z,-566.0,8,16
2026-08-28T12:55:00Z,-572.0,8,16
2026-08-28T12:50:00Z,-575.0,8,16
2026-08-28T12:45:00Z,-580.0,8,16
2026-08-28T12:40:00Z,-567.0,8,16
2026-08-28T12:35:00Z,-570.0,8,16
2026-08-28T12:30:00Z,-564.0,8,16
2026-08-28T12:25:00Z,-566.0,8,16
2026-08-28T12:20:00Z,-570.0,8,16
2026-08-28T12:15:00Z,-574.0,8,16
2026-08-28T12:10:00Z,-576.0,8,16
2026-08-28T12:05:00Z,-579.0,8,16
2026-08-28T12:00:00Z,-572.0,8,16
2026-08-28T11:55:00Z,-572.0,8,16
2026-08-28T11:50:00Z,-574.0,8,16
2026-08-28T11:45:00Z,-576.0,8,16
2026-08-28T11:40:00Z,-580.0,8,16
2026-08-28T11:35:00Z,-582.0,8,16
2026-08-28T11:30:00Z,-582.0,8,16
2026-08-28T11:25:00Z,-576.0,8,16
2026-08-28T11:20:00Z,-580.0,8,16
2026-08-28T11:15:00Z,-577.0,8,16
2026-08-28T11:10:00Z,-580.0,8,16
2026-08-28T11:05:00Z,-577.0,8,16
2026-08-28T11:00:00Z,-577.0,8,16
2026-08-28T10:55:00Z,-585.0,8,16
2026-08-28T10:50:00Z,-584.0,8,16
2026-08-28T10:45:00Z,-587.0,8,16
2026-08-28T10:40:00Z,-582.0,8,16
2026-08-28T10:35:00Z,-582.0,8,16
2026-08-28T10:30:00Z,-584.0,8,16
2026-08-28T10:25:00Z,-576.0,8,16
2026-08-28T10:20:00Z,-580.0,8,16
2026-08-28T10:15:00Z,-577.0,8,16
2026-08-28T10:10:00Z,-581.0,8,16
2026-08-28T10:05:00Z,-571.0,8,16
2026-08-28T10:00:00Z,-569.0,8,16
2026-08-28T09:55:00Z,-574.0,8,16
2026-08-28T09:50:00Z,-577.0,8,16
2026-08-28T09:45:00Z,-566.0,8,16
2026-08-28T09:40:00Z,-565.0,8,16
2026-08-28T09:35:00Z,-562.0,8,16
2026-08-28T09:30:00Z,-564.0,8,16
2026-08-28T09:25:00Z,-561.0,8,16
2026-08-28T09:20:00Z,-562.0,8,16
2026-08-28T09:15:00Z,-559.0,8,16
2026-08-28T09:10:00Z,-557.0,8,16
2026-08-28T09:05:00Z,-560.0,8,16
2026-08-28T09:00:00Z,-560.0,8,16
2026-08-28T08:55:00Z,-550.0,8,16
2026-08-28T08:50:00Z,-556.0,8,16
2026-08-28T08:45:00Z,-549.0,8,16
2026-08-28T08:40:00Z,-544.0,8,16
2026-08-28T08:35:00Z,-551.0,8,16
2026-08-28T08:30:00Z,-547.0,8,16
2026-08-28T08:25:00Z,-546.0,8,16
2026-08-28T08:20:00Z,-544.0,8,16
2026-08-28T08:15:00Z,-541.0,8,16
2026-08-28T08:10:00Z,-541.0,8,16
2026-08-28T08:05:00Z,-536.0,8,16
2026-08-28T08:00:00Z,-542.0,8,16
2026-08-28T07:55:00Z,-536.0,8,16
2026-08-28T07:50:00Z,-535.0,8,16
2026-08-28T07:45:00Z,-531.0,8,16
2026-08-28T07:40:00Z,-531.0,8,16
2026-08-28T07:35:00Z,-527.0,8,16
2026-08-28T07:30:00Z,-526.0,8,16
2026-08-28T07:25:00Z,-521.0,8,16
2026-08-28T07:20:00Z,-521.0,8,16
2026-08-28T07:15:00Z,-519.0,8,16
2026-08-28T07:10:00Z,-520.0,8,16
2026-08-28T07:05:00Z,-519.0,8,16
2026-08-28T07:00:00Z,-507.0,8,16
2026-08-28T06:55:00Z,-501.0,8,16
2026-08-28T06:50:00Z,-502.0,8,16
2026-08-28T06:45:00Z,-501.0,8,16
2026-08-28T06:40:00Z,-494.0,8,16
2026-08-28T06:35:00Z,-492.0,8,16
2026-08-28T06:30:00Z,-485.0,8,16
2026-08-28T06:25:00Z,-485.0,8,16
2026-08-28T06:20:00Z,-482.0,8,16
2026-08-28T06:15:00Z,-484.0,8,16
2026-08-28T06:10:00Z,-480.0,8,16
2026-08-28T06:05:00Z,-477.0,8,16
2026-08-28T06:00:00Z,-477.0,8,16
2026-08-28T05:55:00Z,-481.0,8,16
2026-08-28T05:50:00Z,-476.0,8,16
2026-08-28T05:45:00Z,-472.0,8,16
2026-08-28T05:40:00Z,-480.0,8,16
2026-08-28T05:35:00Z,-475.0,8,16
2026-08-28T05:30:00Z,-479.0,8,16
2026-08-28T05:25:00Z,-471.0,8,16
2026-08-28T05:20:00Z,-470.0,8,16
2026-08-28T05:15:00Z,-471.0,8,16
2026-08-28T05:10:00Z,-471.0,8,16
2026-08-28T05:05:00Z,-471.0,8,16
2026-08-28T05:00:00Z,-477.0,8,16
2026-08-28T04:55:00Z,-477.0,8,16
2026-08-28T04:50:00Z,-474.0,8,16
2026-08-28T04:45:00Z,-475.0,8,16
2026-08-28T04:40:00Z,-477.0,8,16
2026-08-28T04:35:00Z,-482.0,8,16
2026-08-28T04:30:00Z,-480.0,8,16
2026-08-28T04:25:00Z,-482.0,8,16
2026-08-28T04:20:00Z,-485.0,8,16
2026-08-28T04:15:00Z,-489.0,8,16
2026-08-28T04:10:00Z,-482.0,8,16
2026-08-28T04:05:00Z,-484.0,8,16
2026-08-28T04:00:00Z,-494.0,8,16
2026-08-28T03:55:00Z,-489.0,8,16
2026-08-28T03:50:00Z,-487.0,8,16
2026-08-28T03:45:00Z,-494.0,8,16
2026-08-28T03:40:00Z,-497.0,8,16
2026-08-28T03:35:00Z,-499.0,8,16
2026-08-28T03:30:00Z,-500.0,8,16
2026-08-28T03:25:00Z,-500.0,8,16
2026-08-28T03:20:00Z,-504.0,8,16
2026-08-28T03:15:00Z,-501.0,8,16
2026-08-28T03:10:00Z,-510.0,8,16
2026-08-28T03:05:00Z,-510.0,8,16
2026-08-28T03:00:00Z,-502.0,8,16
2026-08-28T02:55:00Z,-510.0,8,16
2026-08-28T02:50:00Z,-516.0,8,16
2026-08-28T02:45:00Z,-517.0,8,16
2026-08-28T02:40:00Z,-509.0,8,16
2026-08-28T02:35:00Z,-512.0,8,16
2026-08-28T02:30:00Z,-516.0,8,16
2026-08-28T02:25:00Z,-524.0,8,16
2026-08-28T02:20:00Z,-526.0,8,16
2026-08-28T02:15:00Z,-524.0,8,16
2026-08-28T02:10:00Z,-529.0,8,16
2026-08-28T02:05:00Z,-539.0,8,16
2026-08-28T02:00:00Z,-534.0,8,16
2026-08-28T01:55:00Z,-535.0,8,16
2026-08-28T01:50:00Z,-536.0,8,16
2026-08-28T01:45:00Z,-535.0,8,16
2026-08-28T01:40:00Z,-535.0,8,16
2026-08-28T01:35:00Z,-541.0,8,16
2026-08-28T01:30:00Z,-537.0,8,16
2026-08-28T01:25:00Z,-542.0,8,16
2026-08-28T01:20:00Z,-545.0,8,16
2026-08-28T01:15:00Z,-549.0,8,16
2026-08-28T01:10:00Z,-547.0,8,16
2026-08-28T01:05:00Z,-547.0,8,16
2026-08-28T01:00:00Z,-552.0,8,16
2026-08-28T00:55:00Z,-551.0,8,16
2026-08-28T00:50:00Z,-554.0,8,16
2026-08-28T00:45:00Z,-554.0,8,16
2026-08-28T00:40:00Z,-556.0,8,16
2026-08-28T00:35:00Z,-555.0,8,16
2026-08-28T00:30:00Z,-560.0,8,16
2026-08-28T00:25:00Z,-561.0,8,16
2026-08-28T00:20:00Z,-559.0,8,16
2026-08-28T00:15:00Z,-561.0,8,16
2026-08-28T00:10:00Z,-559.0,8,16
2026-08-28T00:05:00Z,-562.0,8,16
2026-08-28T00:00:00Z,-560.0,8,16
2026-08-27T23:55:00Z,-561.0,8,16
2026-08-27T23:50:00Z,-560.0,8,16
2026-08-27T23:45:00Z,-559.0,8,16
2026-08-27T23:40:00Z,-562.0,8,16
2026-08-27T23:35:00Z,-557.0,8,16
2026-08-27T23:30:00Z,-557.0,8,16
2026-08-27T23:25:00Z,-557.0,8,16
2026-08-27T23:20:00Z,-556.0,8,16
2026-08-27T23:15:00Z,-552.0,8,16
2026-08-27T23:10:00Z,-555.0,8,16
2026-08-27T23:05:00Z,-551.0,8,16
2026-08-27T23:00:00Z,-547.0,8,16
2026-08-27T22:55:00Z,-546.0,8,16
2026-08-27T22:50:00Z,-545.0,8,16
2026-08-27T22:45:00Z,-546.0,8,16
2026-08-27T22:40:00Z,-539.0,8,16
2026-08-27T22:35:00Z,-531.0,8,16
2026-08-27T22:30:00Z,-525.0,8,16
2026-08-27T22:25:00Z,-524.0,8,16
2026-08-27T22:20:00Z,-522.0,8,16
2026-08-27T22:15:00Z,-527.0,8,16
2026-08-27T22:10:00Z,-527.0,8,16
2026-08-27T22:05:00Z,-517.0,8,16
2026-08-27T22:00:00Z,-516.0,8,16
2026-08-27T21:55:00Z,-510.0,8,16
2026-08-27T21:50:00Z,-512.0,8,16
2026-08-27T21:45:00Z,-510.0,8,16
2026-08-27T21:40:00Z,-510.0,8,16
2026-08-27T21:35:00Z,-502.0,8,16
2026-08-27T21:30:00Z,-506.0,8,16
2026-08-27T21:25:00Z,-506.0,8,16
2026-08-27T21:20:00Z,-507.0,8,16
2026-08-27T21:15:00Z,-505.0,8,16
2026-08-27T21:10:00Z,-506.0,8,16
2026-08-27T21:05:00Z,-516.0,8,16
2026-08-27T21:00:00Z,-506.0,8,16
2026-08-27T20:55:00Z,-506.0,8,16
2026-08-27T20:50:00Z,-506.0,8,16
2026-08-27T20:45:00Z,-506.0,8,16
2026-08-27T20:40:00Z,-502.0,8,16
2026-08-27T20:35:00Z,-506.0,8,16
2026-08-27T20:30:00Z,-502.0,8,16
2026-08-27T20:25:00Z,-509.0,8,16
2026-08-27T20:20:00Z,-506.0,8,16
2026-08-27T20:15:00Z,-507.0,8,16
2026-08-27T20:10:00Z,-509.0,8,16
2026-08-27T20:05:00Z,-505.0,8,16
2026-08-27T20:00:00Z,-510.0,8,16
2026-08-27T19:55:00Z,-510.0,8,16
2026-08-27T19:50:00Z,-507.0,8,16
2026-08-27T19:45:00Z,-502.0,8,16
2026-08-27T19:40:00Z,-507.0,8,16
2026-08-27T19:35:00Z,-506.0,8,16
2026-08-27T19:30:00Z,-509.0,8,16
2026-08-27T19:25:00Z,-505.0,8,16
2026-08-27T19:20:00Z,-501.0,8,16
2026-08-27T19:15:00Z,-502.0,8,16
2026-08-27T19:10:00Z,-502.0,8,16
2026-08-27T19:05:00Z,-502.0,8,16
2026-08-27T19:00:00Z,-501.0,8,16
2026-08-27T18:55:00Z,-501.0,8,16
2026-08-27T18:50:00Z,-497.0,8,16
2026-08-27T18:45:00Z,-500.0,8,16
2026-08-27T18:40:00Z,-497.0,8,16
2026-08-27T18:35:00Z,-494.0,8,16
2026-08-27T18:30:00Z,-492.0,8,16
2026-08-27T18:25:00Z,-491.0,8,16
2026-08-27T18:20:00Z,-489.0,8,16
2026-08-27T18:15:00Z,-489.0,8,16
2026-08-27T18:10:00Z,-486.0,8,16
2026-08-27T18:05:00Z,-485.0,8,16
2026-08-27T18:00:00Z,-484.0,8,16
2026-08-27T17:55:00Z,-485.0,8,16
2026-08-27T17:50:00Z,-485.0,8,16
2026-08-27T17:45:00Z,-487.0,8,16
2026-08-27T17:40:00Z,-481.0,8,16
2026-08-27T17:35:00Z,-480.0,8,16
2026-08-27T17:30:00Z,-484.0,8,16
2026-08-27T17:25:00Z,-482.0,8,16
2026-08-27T17:20:00Z,-484.0,8,16
2026-08-27T17:15:00Z,-481.0,8,16
2026-08-27T17:10:00Z,-476.0,8,16
2026-08-27T17:05:00Z,-472.0,8,16
2026-08-27T17:00:00Z,-472.0,8,16
2026-08-27T16:55:00Z,-475.0,8,16
2026-08-27T16:50:00Z,-475.0,8,16
2026-08-27T16:45:00Z,-469.0,8,16
2026-08-27T16:40:00Z,-469.0,8,16
2026-08-27T16:35:00Z,-462.0,8,16
2026-08-27T16:30:00Z,-462.0,8,16
2026-08-27T16:25:00Z,-456.0,8,16
2026-08-27T16:20:00Z,-467.0,8,16
2026-08-27T16:15:00Z,-464.0,8,16
2026-08-27T16:10:00Z,-457.0,8,16
2026-08-27T16:05:00Z,-452.0,8,16
2026-08-27T16:00:00Z,-449.0,8,16
2026-08-27T15:55:00Z,-449.0,8,16
2026-08-27T15:50:00Z,-451.0,8,16
2026-08-27T15:45:00Z,-446.0,8,16
2026-08-27T15:40:00Z,-440.0,8,16
2026-08-27T15:35:00Z,-440.0,8,16
2026-08-27T15:30:00Z,-439.0,8,16
2026-08-27T15:25:00Z,-440.0,8,16
2026-08-27T15:20:00Z,-434.0,8,16
2026-08-27T15:15:00Z,-436.0,8,16
2026-08-27T15:10:00Z,-435.0,8,16
2026-08-27T15:05:00Z,-436.0,8,16
2026-08-27T15:00:00Z,-434.0,8,16
2026-08-27T14:55:00Z,-427.0,8,16
2026-08-27T14:50:00Z,-421.0,8,16
2026-08-27T14:45:00Z,-425.0,8,16
2026-08-27T14:40:00Z,-410.0,8,16
2026-08-27T14:35:00Z,-411.0,8,16
2026-08-27T14:30:00Z,-401.0,8,16
2026-08-27T14:25:00Z,-395.0,8,16
2026-08-27T14:20:00Z,-392.0,8,16
2026-08-27T14:15:00Z,-390.0,8,16
2026-08-27T14:10:00Z,-385.0,8,16
2026-08-27T14:05:00Z,-384.0,8,16
2026-08-27T14:00:00Z,-381.0,8,16
2026-08-27T13:55:00Z,-380.0,8,16
2026-08-27T13:50:00Z,-375.0,8,16
2026-08-27T13:45:00Z,-374.0,8,16
2026-08-27T13:40:00Z,-370.0,8,16
2026-08-27T13:35:00Z,-369.0,8,16
2026-08-27T13:30:00Z,-367.0,8,16
2026-08-27T13:25:00Z,-372.0,8,16
2026-08-27T13:20:00Z,-362.0,8,16
2026-08-27T13:15:00Z,-362.0,8,16
2026-08-27T13:10:00Z,-365.0,8,16
2026-08-27T13:05:00Z,-356.0,8,16
2026-08-27T13:00:00Z,-349.0,8,16
2026-08-27T12:55:00Z,-347.0,8,16
2026-08-27T12:50:00Z,-347.0,8,16
2026-08-27T12:45:00Z,-346.0,8,16
2026-08-27T12:40:00Z,-337.0,8,16
2026-08-27T12:35:00Z,-340.0,8,16
2026-08-27T12:30:00Z,-339.0,8,16
2026-08-27T12:25:00Z,-339.0,8,16
2026-08-27T12:20:00Z,-336.0,8,16
2026-08-27T12:15:00Z,-336.0,8,16
2026-08-27T12:10:00Z,-336.0,8,16
2026-08-27T12:05:00Z,-341.0,8,16
2026-08-27T12:00:00Z,-342.0,8,16
2026-08-27T11:55:00Z,-334.0,8,16
2026-08-27T11:50:00Z,-340.0,8,16
2026-08-27T11:45:00Z,-332.0,8,16
2026-08-27T11:40:00Z,-340.0,8,16
2026-08-27T11:35:00Z,-337.0,8,16
2026-08-27T11:30:00Z,-342.0,8,16
2026-08-27T11:25:00Z,-341.0,8,16
2026-08-27T11:20:00Z,-341.0,8,16
2026-08-27T11:15:00Z,-349.0,8,16
2026-08-27T11:10:00Z,-345.0,8,16
2026-08-27T11:05:00Z,-356.0,8,16
2026-08-27T11:00:00Z,-352.0,8,16
2026-08-27T10:55:00Z,-359.0,8,16
2026-08-27T10:50:00Z,-359.0,8,16
2026-08-27T10:45:00Z,-361.0,8,16
2026-08-27T10:40:00Z,-367.0,8,16
2026-08-27T10:35:00Z,-369.0,8,16
2026-08-27T10:30:00Z,-382.0,8,16
2026-08-27T10:25:00Z,-386.0,8,16
2026-08-27T10:20:00Z,-387.0,8,16
2026-08-27T10:15:00Z,-391.0,8,16
2026-08-27T10:10:00Z,-397.0,8,16
2026-08-27T10:05:00Z,-409.0,8,16
2026-08-27T10:00:00Z,-410.0,8,16
2026-08-27T09:55:00Z,-407.0,8,16
2026-08-27T09:50:00Z,-414.0,8,16
2026-08-27T09:45:00Z,-420.0,8,16
2026-08-27T09:40:00Z,-427.0,8,16
2026-08-27T09:35:00Z,-431.0,8,16
2026-08-27T09:30:00Z,-435.0,8,16
2026-08-27T09:25:00Z,-441.0,8,16
2026-08-27T09:20:00Z,-451.0,8,16
2026-08-27T09:15:00Z,-449.0,8,16
2026-08-27T09:10:00Z,-452.0,8,16
2026-08-27T09:05:00Z,-462.0,8,16
2026-08-27T09:00:00Z,-465.0,8,16
2026-08-27T08:55:00Z,-466.0,8,16
2026-08-27T08:50:00Z,-470.0,8,16
2026-08-27T08:45:00Z,-474.0,8,16
2026-08-27T08:40:00Z,-479.0,8,16
2026-08-27T08:35:00Z,-486.0,8,16
2026-08-27T08:30:00Z,-487.0,8,16
2026-08-27T08:25:00Z,-486.0,8,16
2026-08-27T08:20:00Z,-490.0,8,16
2026-08-27T08:15:00Z,-492.0,8,16
2026-08-27T08:10:00Z,-495.0,8,16
2026-08-27T08:05:00Z,-494.0,8,16
2026-08-27T08:00:00Z,-497.0,8,16
2026-08-27T07:55:00Z,-496.0,8,16
2026-08-27T07:50:00Z,-495.0,8,16
2026-08-27T07:45:00Z,-494.0,8,16
2026-08-27T07:40:00Z,-495.0,8,16
2026-08-27T07:35:00Z,-491.0,8,16
2026-08-27T07:30:00Z,-489.0,8,16
2026-08-27T07:25:00Z,-492.0,8,16
2026-08-27T07:20:00Z,-480.0,8,16
2026-08-27T07:15:00Z,-476.0,8,16
2026-08-27T07:10:00Z,-471.0,8,16
2026-08-27T07:05:00Z,-467.0,8,16
2026-08-27T07:00:00Z,-461.0,8,16
2026-08-27T06:55:00Z,-459.0,8,16
2026-08-27T06:50:00Z,-451.0,8,16
2026-08-27T06:45:00Z,-444.0,8,16
2026-08-27T06:40:00Z,-437.0,8,16
2026-08-27T06:35:00Z,-434.0,8,16
2026-08-27T06:30:00Z,-430.0,8,16
2026-08-27T06:25:00Z,-425.0,8,16
2026-08-27T06:20:00Z,-420.0,8,16
2026-08-27T06:15:00Z,-420.0,8,16
2026-08-27T06:10:00Z,-414.0,8,16
2026-08-27T06:05:00Z,-410.0,8,16
2026-08-27T06:00:00Z,-410.0,8,16
2026-08-27T05:55:00Z,-406.0,8,16
2026-08-27T05:50:00Z,-409.0,8,16
2026-08-27T05:45:00Z,-405.0,8,16
2026-08-27T05:40:00Z,-404.0,8,16
2026-08-27T05:35:00Z,-402.0,8,16
2026-08-27T05:30:00Z,-401.0,8,16
2026-08-27T05:25:00Z,-401.0,8,16
2026-08-27T05:20:00Z,-402.0,8,16
2026-08-27T05:15:00Z,-402.0,8,16
2026-08-27T05:10:00Z,-404.0,8,16
2026-08-27T05:05:00Z,-405.0,8,16
2026-08-27T05:00:00Z,-410.0,8,16
2026-08-27T04:55:00Z,-410.0,8,16
2026-08-27T04:50:00Z,-412.0,8,16
2026-08-27T04:45:00Z,-412.0,8,16
2026-08-27T04:40:00Z,-415.0,8,16
2026-08-27T04:35:00Z,-419.0,8,16
2026-08-27T04:30:00Z,-422.0,8,16
2026-08-27T04:25:00Z,-422.0,8,16
2026-08-27T04:20:00Z,-427.0,8,16
2026-08-27T04:15:00Z,-429.0,8,16
2026-08-27T04:10:00Z,-430.0,8,16
2026-08-27T04:05:00Z,-434.0,8,16
2026-08-27T04:00:00Z,-435.0,8,16
2026-08-27T03:55:00Z,-439.0,8,16
2026-08-27T03:50:00Z,-441.0,8,16
2026-08-27T03:45:00Z,-444.0,8,16
2026-08-27T03:40:00Z,-447.0,8,16
2026-08-27T03:35:00Z,-449.0,8,16
2026-08-27T03:30:00Z,-455.0,8,16
2026-08-27T03:25:00Z,-457.0,8,16
2026-08-27T03:20:00Z,-460.0,8,16
2026-08-27T03:15:00Z,-466.0,8,16
2026-08-27T03:10:00Z,-469.0,8,16
2026-08-27T03:05:00Z,-471.0,8,16
2026-08-27T03:00:00Z,-476.0,8,16
2026-08-27T02:55:00Z,-479.0,8,16
2026-08-27T02:50:00Z,-486.0,8,16
2026-08-27T02:45:00Z,-489.0,8,16
2026-08-27T02:40:00Z,-491.0,8,16
2026-08-27T02:35:00Z,-496.0,8,16
2026-08-27T02:30:00Z,-501.0,8,16
2026-08-27T02:25:00Z,-507.0,8,16
2026-08-27T02:20:00Z,-510.0,8,16
2026-08-27T02:15:00Z,-512.0,8,16
2026-08-27T02:10:00Z,-521.0,8,16
2026-08-27T02:05:00Z,-524.0,8,16
2026-08-27T02:00:00Z,-529.0,8,16
2026-08-27T01:55:00Z,-534.0,8,16
2026-08-27T01:50:00Z,-537.0,8,16
2026-08-27T01:45:00Z,-546.0,8,16
2026-08-27T01:40:00Z,-551.0,8,16
2026-08-27T01:35:00Z,-551.0,8,16
2026-08-27T01:30:00Z,-559.0,8,16
2026-08-27T01:25:00Z,-565.0,8,16
2026-08-27T01:20:00Z,-571.0,8,16
2026-08-27T01:15:00Z,-574.0,8,16
2026-08-27T01:10:00Z,-579.0,8,16
2026-08-27T01:05:00Z,-582.0,8,16
2026-08-27T01:00:00Z,-587.0,8,16
2026-08-27T00:55:00Z,-592.0,8,16
2026-08-27T00:50:00Z,-596.0,8,16
2026-08-27T00:45:00Z,-602.0,8,16
2026-08-27T00:40:00Z,-607.0,8,16
2026-08-27T00:35:00Z,-614.0,8,16
2026-08-27T00:30:00Z,-616.0,8,16
2026-08-27T00:25:00Z,-617.0,8,16
2026-08-27T00:20:00Z,-620.0,8,16
2026-08-27T00:15:00Z,-627.0,8,16
2026-08-27T00:10:00Z,-630.0,8,16
2026-08-27T00:05:00Z,-637.0,8,16
2026-08-27T00:00:00Z,-641.0,8,16
2026-08-26T23:55:00Z,-651.0,8,16
2026-08-26T23:50:00Z,-651.0,8,16
2026-08-26T23:45:00Z,-656.0,8,16
2026-08-26T23:40:00Z,-654.0,8,16
2026-08-26T23:35:00Z,-655.0,8,16
2026-08-26T23:30:00Z,-655.0,8,16
2026-08-26T23:25:00Z,-657.0,8,16
2026-08-26T23:20:00Z,-657.0,8,16
2026-08-26T23:15:00Z,-659.0,8,16
2026-08-26T23:10:00Z,-660.0,8,16
2026-08-26T23:05:00Z,-657.0,8,16
2026-08-26T23:00:00Z,-657.0,8,16
2026-08-26T22:55:00Z,-669.0,8,16
2026-08-26T22:50:00Z,-660.0,8,16
2026-08-26T22:45:00Z,-665.0,8,16
2026-08-26T22:40:00Z,-667.0,8,16
2026-08-26T22:35:00Z,-664.0,8,16
2026-08-26T22:30:00Z,-659.0,8,16
2026-08-26T22:25:00Z,-659.0,8,16
2026-08-26T22:20:00Z,-655.0,8,16
2026-08-26T22:15:00Z,-651.0,8,16
2026-08-26T22:10:00Z,-652.0,8,16
2026-08-26T22:05:00Z,-647.0,8,16
2026-08-26T22:00:00Z,-647.0,8,16
2026-08-26T21:55:00Z,-642.0,8,16
2026-08-26T21:50:00Z,-635.0,8,16
2026-08-26T21:45:00Z,-624.0,8,16
2026-08-26T21:40:00Z,-619.0,8,16
2026-08-26T21:35:00Z,-616.0,8,16
2026-08-26T21:30:00Z,-620.0,8,16
2026-08-26T21:25:00Z,-625.0,8,16
2026-08-26T21:20:00Z,-626.0,8,16
2026-08-26T21:15:00Z,-635.0,8,16
2026-08-26T21:10:00Z,-622.0,8,16
2026-08-26T21:05:00Z,-615.0,8,16
2026-08-26T21:00:00Z,-615.0,8,16
2026-08-26T20:55:00Z,-617.0,8,16
2026-08-26T20:50:00Z,-621.0,8,16
2026-08-26T20:45:00Z,-624.0,8,16
2026-08-26T20:40:00Z,-627.0,8,16
2026-08-26T20:35:00Z,-632.0,8,16
2026-08-26T20:30:00Z,-641.0,8,16
2026-08-26T20:25:00Z,-630.0,8,16
2026-08-26T20:20:00Z,-640.0,8,16
2026-08-26T20:15:00Z,-642.0,8,16
2026-08-26T20:10:00Z,-640.0,8,16
2026-08-26T20:05:00Z,-644.0,8,16
2026-08-26T20:00:00Z,-646.0,8,16
2026-08-26T19:55:00Z,-655.0,8,16
2026-08-26T19:50:00Z,-659.0,8,16
2026-08-26T19:45:00Z,-661.0,8,16
2026-08-26T19:40:00Z,-660.0,8,16
2026-08-26T19:35:00Z,-665.0,8,16
2026-08-26T19:30:00Z,-661.0,8,16
2026-08-26T19:25:00Z,-661.0,8,16
2026-08-26T19:20:00Z,-662.0,8,16
2026-08-26T19:15:00Z,-665.0,8,16
2026-08-26T19:10:00Z,-664.0,8,16
2026-08-26T19:05:00Z,-665.0,8,16
2026-08-26T19:00:00Z,-667.0,8,16
2026-08-26T18:55:00Z,-667.0,8,16
2026-08-26T18:50:00Z,-674.0,8,16
2026-08-26T18:45:00Z,-671.0,8,16
2026-08-26T18:40:00Z,-670.0,8,16
2026-08-26T18:35:00Z,-676.0,8,16
2026-08-26T18:30:00Z,-671.0,8,16
2026-08-26T18:25:00Z,-672.0,8,16
2026-08-26T18:20:00Z,-679.0,8,16
2026-08-26T18:15:00Z,-674.0,8,16
2026-08-26T18:10:00Z,-680.0,8,16
2026-08-26T18:05:00Z,-684.0,8,16
2026-08-26T18:00:00Z,-684.0,8,16
2026-08-26T17:55:00Z,-684.0,8,16
2026-08-26T17:50:00Z,-684.0,8,16
2026-08-26T17:45:00Z,-690.0,8,16
2026-08-26T17:40:00Z,-689.0,8,16
2026-08-26T17:35:00Z,-692.0,8,16
2026-08-26T17:30:00Z,-697.0,8,16
2026-08-26T17:25:00Z,-697.0,8,16
2026-08-26T17:20:00Z,-700.0,8,16
2026-08-26T17:15:00Z,-709.0,8,16
2026-08-26T17:10:00Z,-710.0,8,16
2026-08-26T17:05:00Z,-711.0,8,16
2026-08-26T17:00:00Z,-712.0,8,16
2026-08-26T16:55:00Z,-729.0,8,16
2026-08-26T16:50:00Z,-715.0,8,16
2026-08-26T16:45:00Z,-727.0,8,16
2026-08-26T16:40:00Z,-724.0,8,16
2026-08-26T16:35:00Z,-731.0,8,16
2026-08-26T16:30:00Z,-727.0,8,16
2026-08-26T16:25:00Z,-726.0,8,16
2026-08-26T16:20:00Z,-732.0,8,16
2026-08-26T16:15:00Z,-731.0,8,16
2026-08-26T16:10:00Z,-727.0,8,16
2026-08-26T16:05:00Z,-727.0,8,16
2026-08-26T16:00:00Z,-729.0,8,16
2026-08-26T15:55:00Z,-727.0,8,16
2026-08-26T15:50:00Z,-730.0,8,16
2026-08-26T15:45:00Z,-726.0,8,16
2026-08-26T15:40:00Z,-725.0,8,16
2026-08-26T15:35:00Z,-721.0,8,16
2026-08-26T15:30:00Z,-726.0,8,16
2026-08-26T15:25:00Z,-724.0,8,16
2026-08-26T15:20:00Z,-721.0,8,16
2026-08-26T15:15:00Z,-715.0,8,16
2026-08-26T15:10:00Z,-711.0,8,16
2026-08-26T15:05:00Z,-710.0,8,16
2026-08-26T15:00:00Z,-709.0,8,16
2026-08-26T14:55:00Z,-705.0,8,16
2026-08-26T14:50:00Z,-702.0,8,16
2026-08-26T14:45:00Z,-695.0,8,16
2026-08-26T14:40:00Z,-697.0,8,16
2026-08-26T14:35:00Z,-682.0,8,16
2026-08-26T14:30:00Z,-681.0,8,16
2026-08-26T14:25:00Z,-681.0,8,16
2026-08-26T14:20:00Z,-669.0,8,16
2026-08-26T14:15:00Z,-674.0,8,16
2026-08-26T14:10:00Z,-667.0,8,16
2026-08-26T14:05:00Z,-657.0,8,16
2026-08-26T14:00:00Z,-645.0,8,16
2026-08-26T13:55:00Z,-655.0,8,16
2026-08-26T13:50:00Z,-642.0,8,16
2026-08-26T13:45:00Z,-640.0,8,16
2026-08-26T13:40:00Z,-639.0,8,16
2026-08-26T13:35:00Z,-635.0,8,16
2026-08-26T13:30:00Z,-631.0,8,16
2026-08-26T13:25:00Z,-620.0,8,16
2026-08-26T13:20:00Z,-612.0,8,16
2026-08-26T13:15:00Z,-615.0,8,16
2026-08-26T13:10:00Z,-619.0,8,16
2026-08-26T13:05:00Z,-611.0,8,16
2026-08-26T13:00:00Z,-604.0,8,16
2026-08-26T12:55:00Z,-605.0,8,16
2026-08-26T12:50:00Z,-602.0,8,16
2026-08-26T12:45:00Z,-592.0,8,16
2026-08-26T12:40:00Z,-596.0,8,16
2026-08-26T12:35:00Z,-604.0,8,16
2026-08-26T12:30:00Z,-596.0,8,16
2026-08-26T12:25:00Z,-597.0,8,16
2026-08-26T12:20:00Z,-591.0,8,16
2026-08-26T12:15:00Z,-592.0,8,16
2026-08-26T12:10:00Z,-595.0,8,16
2026-08-26T12:05:00Z,-592.0,8,16
2026-08-26T12:00:00Z,-599.0,8,16
2026-08-26T11:55:00Z,-590.0,8,16
2026-08-26T11:50:00Z,-587.0,8,16
2026-08-26T11:45:00Z,-580.0,8,16
2026-08-26T11:40:00Z,-582.0,8,16
2026-08-26T11:35:00Z,-592.0,8,16
2026-08-26T11:30:00Z,-597.0,8,16
2026-08-26T11:25:00Z,-596.0,8,16
2026-08-26T11:20:00Z,-599.0,8,16
2026-08-26T11:15:00Z,-586.0,8,16
2026-08-26T11:10:00Z,-585.0,8,16
2026-08-26T11:05:00Z,-592.0,8,16
2026-08-26T11:00:00Z,-587.0,8,16
2026-08-26T10:55:00Z,-586.0,8,16
2026-08-26T10:50:00Z,-581.0,8,16
2026-08-26T10:45:00Z,-585.0,8,16
2026-08-26T10:40:00Z,-585.0,8,16
2026-08-26T10:35:00Z,-580.0,8,16
2026-08-26T10:30:00Z,-582.0,8,16
2026-08-26T10:25:00Z,-582.0,8,16
2026-08-26T10:20:00Z,-581.0,8,16
2026-08-26T10:15:00Z,-580.0,8,16
2026-08-26T10:10:00Z,-579.0,8,16
2026-08-26T10:05:00Z,-580.0,8,16
2026-08-26T10:00:00Z,-577.0,8,16
2026-08-26T09:55:00Z,-577.0,8,16
2026-08-26T09:50:00Z,-575.0,8,16
2026-08-26T09:45:00Z,-572.0,8,16
2026-08-26T09:40:00Z,-574.0,8,16
2026-08-26T09:35:00Z,-572.0,8,16
2026-08-26T09:30:00Z,-565.0,8,16
2026-08-26T09:25:00Z,-565.0,8,16
2026-08-26T09:20:00Z,-561.0,8,16
2026-08-26T09:15:00Z,-560.0,8,16
2026-08-26T09:10:00Z,-556.0,8,16
2026-08-26T09:05:00Z,-559.0,8,16
2026-08-26T09:00:00Z,-552.0,8,16
2026-08-26T08:55:00Z,-551.0,8,16
2026-08-26T08:50:00Z,-546.0,8,16
2026-08-26T08:45:00Z,-542.0,8,16
2026-08-26T08:40:00Z,-542.0,8,16
2026-08-26T08:35:00Z,-539.0,8,16
2026-08-26T08:30:00Z,-535.0,8,16
2026-08-26T08:25:00Z,-532.0,8,16
2026-08-26T08:20:00Z,-531.0,8,16
2026-08-26T08:15:00Z,-529.0,8,16
2026-08-26T08:10:00Z,-530.0,8,16
2026-08-26T08:05:00Z,-525.0,8,16
2026-08-26T08:00:00Z,-524.0,8,16
2026-08-26T07:55:00Z,-524.0,8,16
2026-08-26T07:50:00Z,-520.0,8,16
2026-08-26T07:45:00Z,-521.0,8,16
2026-08-26T07:40:00Z,-519.0,8,16
2026-08-26T07:35:00Z,-517.0,8,16
2026-08-26T07:30:00Z,-519.0,8,16
2026-08-26T07:25:00Z,-517.0,8,16
2026-08-26T07:20:00Z,-516.0,8,16
2026-08-26T07:15:00Z,-514.0,8,16
2026-08-26T07:10:00Z,-515.0,8,16
2026-08-26T07:05:00Z,-514.0,8,16
2026-08-26T07:00:00Z,-514.0,8,16
2026-08-26T06:55:00Z,-510.0,8,16
2026-08-26T06:50:00Z,-509.0,8,16
2026-08-26T06:45:00Z,-511.0,8,16
2026-08-26T06:40:00Z,-507.0,8,16
2026-08-26T06:35:00Z,-506.0,8,16
2026-08-26T06:30:00Z,-511.0,8,16
2026-08-26T06:25:00Z,-506.0,8,16
2026-08-26T06:20:00Z,-506.0,8,16
2026-08-26T06:15:00Z,-502.0,8,16
2026-08-26T06:10:00Z,-506.0,8,16
2026-08-26T06:05:00Z,-502.0,8,16
2026-08-26T06:00:00Z,-502.0,8,16
2026-08-26T05:55:00Z,-506.0,8,16
2026-08-26T05:50:00Z,-502.0,8,16
2026-08-26T05:45:00Z,-502.0,8,16
2026-08-26T05:40:00Z,-502.0,8,16
2026-08-26T05:35:00Z,-505.0,8,16
2026-08-26T05:30:00Z,-502.0,8,16
2026-08-26T05:25:00Z,-505.0,8,16
2026-08-26T05:20:00Z,-501.0,8,16
2026-08-26T05:15:00Z,-502.0,8,16
2026-08-26T05:10:00Z,-502.0,8,16
2026-08-26T05:05:00Z,-502.0,8,16
2026-08-26T05:00:00Z,-505.0,8,16
2026-08-26T04:55:00Z,-502.0,8,16
2026-08-26T04:50:00Z,-506.0,8,16
2026-08-26T04:45:00Z,-505.0,8,16
2026-08-26T04:40:00Z,-502.0,8,16
2026-08-26T04:35:00Z,-502.0,8,16
2026-08-26T04:30:00Z,-507.0,8,16
2026-08-26T04:25:00Z,-506.0,8,16
2026-08-26T04:20:00Z,-506.0,8,16
2026-08-26T04:15:00Z,-506.0,8,16
2026-08-26T04:10:00Z,-509.0,8,16
2026-08-26T04:05:00Z,-507.0,8,16
2026-08-26T04:00:00Z,-506.0,8,16
2026-08-26T03:55:00Z,-506.0,8,16
2026-08-26T03:50:00Z,-510.0,8,16
2026-08-26T03:45:00Z,-507.0,8,16
2026-08-26T03:40:00Z,-510.0,8,16
2026-08-26T03:35:00Z,-507.0,8,16
2026-08-26T03:30:00Z,-506.0,8,16
2026-08-26T03:25:00Z,-506.0,8,16
2026-08-26T03:20:00Z,-507.0,8,16
2026-08-26T03:15:00Z,-509.0,8,16
2026-08-26T03:10:00Z,-506.0,8,16
2026-08-26T03:05:00Z,-507.0,8,16
2026-08-26T03:00:00Z,-506.0,8,16
2026-08-26T02:55:00Z,-507.0,8,16
2026-08-26T02:50:00Z,-506.0,8,16
2026-08-26T02:45:00Z,-506.0,8,16
2026-08-26T02:40:00Z,-502.0,8,16
2026-08-26T02:35:00Z,-506.0,8,16
2026-08-26T02:30:00Z,-506.0,8,16
2026-08-26T02:25:00Z,-506.0,8,16
2026-08-26T02:20:00Z,-501.0,8,16
2026-08-26T02:15:00Z,-502.0,8,16
2026-08-26T02:10:00Z,-502.0,8,16
2026-08-26T02:05:00Z,-502.0,8,16
2026-08-26T02:00:00Z,-501.0,8,16
2026-08-26T01:55:00Z,-501.0,8,16
2026-08-26T01:50:00Z,-500.0,8,16
2026-08-26T01:45:00Z,-502.0,8,16
2026-08-26T01:40:00Z,-501.0,8,16
2026-08-26T01:35:00Z,-501.0,8,16
2026-08-26T01:30:00Z,-501.0,8,16
2026-08-26T01:25:00Z,-499.0,8,16
2026-08-26T01:20:00Z,-501.0,8,16
2026-08-26T01:15:00Z,-501.0,8,16
2026-08-26T01:10:00Z,-497.0,8,16
2026-08-26T01:05:00Z,-499.0,8,16
2026-08-26T01:00:00Z,-496.0,8,16
2026-08-26T00:55:00Z,-497.0,8,16
2026-08-26T00:50:00Z,-494.0,8,16
2026-08-26T00:45:00Z,-494.0,8,16
2026-08-26T00:40:00Z,-494.0,8,16
2026-08-26T00:35:00Z,-491.0,8,16
2026-08-26T00:30:00Z,-490.0,8,16
2026-08-26T00:25:00Z,-487.0,8,16
2026-08-26T00:20:00Z,-486.0,8,16
2026-08-26T00:15:00Z,-484.0,8,16
2026-08-26T00:10:00Z,-485.0,8,16
2026-08-26T00:05:00Z,-485.0,8,16
2026-08-26T00:00:00Z,-482.0,8,16
2026-08-25T23:55:00Z,-480.0,8,16
2026-08-25T23:50:00Z,-477.0,8,16
2026-08-25T23:45:00Z,-480.0,8,16
2026-08-25T23:40:00Z,-475.0,8,16
2026-08-25T23:35:00Z,-475.0,8,16
2026-08-25T23:30:00Z,-475.0,8,16
2026-08-25T23:25:00Z,-472.0,8,16
2026-08-25T23:20:00Z,-471.0,8,16
2026-08-25T23:15:00Z,-470.0,8,16
2026-08-25T23:10:00Z,-469.0,8,16
2026-08-25T23:05:00Z,-471.0,8,16
2026-08-25T23:00:00Z,-471.0,8,16
2026-08-25T22:55:00Z,-469.0,8,16
2026-08-25T22:50:00Z,-469.0,8,16
2026-08-25T22:45:00Z,-470.0,8,16
2026-08-25T22:40:00Z,-470.0,8,16
2026-08-25T22:35:00Z,-471.0,8,16
2026-08-25T22:30:00Z,-470.0,8,16
2026-08-25T22:25:00Z,-472.0,8,16
2026-08-25T22:20:00Z,-475.0,8,16
2026-08-25T22:15:00Z,-475.0,8,16
2026-08-25T22:10:00Z,-476.0,8,16
2026-08-25T22:05:00Z,-480.0,8,16
2026-08-25T22:00:00Z,-481.0,8,16
2026-08-25T21:55:00Z,-482.0,8,16
2026-08-25T21:50:00Z,-487.0,8,16
2026-08-25T21:45:00Z,-486.0,8,16
2026-08-25T21:40:00Z,-489.0,8,16
2026-08-25T21:35:00Z,-489.0,8,16
2026-08-25T21:30:00Z,-496.0,8,16
2026-08-25T21:25:00Z,-496.0,8,16
2026-08-25T21:20:00Z,-499.0,8,16
2026-08-25T21:15:00Z,-500.0,8,16
2026-08-25T21:10:00Z,-501.0,8,16
2026-08-25T21:05:00Z,-502.0,8,16
2026-08-25T21:00:00Z,-506.0,8,16
2026-08-25T20:55:00Z,-507.0,8,16
2026-08-25T20:50:00Z,-510.0,8,16
2026-08-25T20:45:00Z,-512.0,8,16
2026-08-25T20:40:00Z,-514.0,8,16
2026-08-25T20:35:00Z,-517.0,8,16
2026-08-25T20:30:00Z,-519.0,8,16
2026-08-25T20:25:00Z,-519.0,8,16
2026-08-25T20:20:00Z,-522.0,8,16
2026-08-25T20:15:00Z,-521.0,8,16
2026-08-25T20:10:00Z,-524.0,8,16
2026-08-25T20:05:00Z,-521.0,8,16
2026-08-25T20:00:00Z,-525.0,8,16
2026-08-25T19:55:00Z,-525.0,8,16
2026-08-25T19:50:00Z,-527.0,8,16
2026-08-25T19:45:00Z,-530.0,8,16
2026-08-25T19:40:00Z,-530.0,8,16
2026-08-25T19:35:00Z,-530.0,8,16
2026-08-25T19:30:00Z,-535.0,8,16
2026-08-25T19:25:00Z,-535.0,8,16
2026-08-25T19:20:00Z,-534.0,8,16
2026-08-25T19:15:00Z,-535.0,8,16
2026-08-25T19:10:00Z,-536.0,8,16
2026-08-25T19:05:00Z,-535.0,8,16
2026-08-25T19:00:00Z,-540.0,8,16
2026-08-25T18:55:00Z,-540.0,8,16
2026-08-25T18:50:00Z,-539.0,8,16
2026-08-25T18:45:00Z,-540.0,8,16
2026-08-25T18:40:00Z,-545.0,8,16
2026-08-25T18:35:00Z,-541.0,8,16
2026-08-25T18:30:00Z,-547.0,8,16
2026-08-25T18:25:00Z,-545.0,8,16
2026-08-25T18:20:00Z,-546.0,8,16
2026-08-25T18:15:00Z,-544.0,8,16
2026-08-25T18:10:00Z,-545.0,8,16
2026-08-25T18:05:00Z,-549.0,8,16
2026-08-25T18:00:00Z,-550.0,8,16
2026-08-25T17:55:00Z,-550.0,8,16
2026-08-25T17:50:00Z,-555.0,8,16
2026-08-25T17:45:00Z,-554.0,8,16
2026-08-25T17:40:00Z,-554.0,8,16
2026-08-25T17:35:00Z,-560.0,8,16
2026-08-25T17:30:00Z,-556.0,8,16
2026-08-25T17:25:00Z,-559.0,8,16
2026-08-25T17:20:00Z,-565.0,8,16
2026-08-25T17:15:00Z,-569.0,8,16
2026-08-25T17:10:00Z,-567.0,8,16
2026-08-25T17:05:00Z,-565.0,8,16
2026-08-25T17:00:00Z,-569.0,8,16
2026-08-25T16:55:00Z,-567.0,8,16
2026-08-25T16:50:00Z,-574.0,8,16
2026-08-25T16:45:00Z,-570.0,8,16
2026-08-25T16:40:00Z,-575.0,8,16
2026-08-25T16:35:00Z,-575.0,8,16
2026-08-25T16:30:00Z,-575.0,8,16
2026-08-25T16:25:00Z,-577.0,8,16
2026-08-25T16:20:00Z,-577.0,8,16
2026-08-25T16:15:00Z,-580.0,8,16
2026-08-25T16:10:00Z,-585.0,8,16
2026-08-25T16:05:00Z,-589.0,8,16
2026-08-25T16:00:00Z,-596.0,8,16
2026-08-25T15:55:00Z,-599.0,8,16
2026-08-25T15:50:00Z,-597.0,8,16
2026-08-25T15:45:00Z,-601.0,8,16
2026-08-25T15:40:00Z,-606.0,8,16
2026-08-25T15:35:00Z,-600.0,8,16
2026-08-25T15:30:00Z,-604.0,8,16
2026-08-25T15:25:00Z,-607.0,8,16
2026-08-25T15:20:00Z,-610.0,8,16
2026-08-25T15:15:00Z,-615.0,8,16
2026-08-25T15:10:00Z,-624.0,8,16
2026-08-25T15:05:00Z,-634.0,8,16
2026-08-25T15:00:00Z,-637.0,8,16
2026-08-25T14:55:00Z,-644.0,8,16
2026-08-25T14:50:00Z,-645.0,8,16
2026-08-25T14:45:00Z,-649.0,8,16
2026-08-25T14:40:00Z,-652.0,8,16
2026-08-25T14:35:00Z,-664.0,8,16
2026-08-25T14:30:00Z,-672.0,8,16
2026-08-25T14:25:00Z,-672.0,8,16
2026-08-25T14:20:00Z,-679.0,8,16
2026-08-25T14:15:00Z,-687.0,8,16
2026-08-25T14:10:00Z,-687.0,8,16
2026-08-25T14:05:00Z,-687.0,8,16
2026-08-25T14:00:00Z,-686.0,8,16
2026-08-25T13:55:00Z,-696.0,8,16
2026-08-25T13:50:00Z,-690.0,8,16
2026-08-25T13:45:00Z,-699.0,8,16
2026-08-25T13:40:00Z,-702.0,8,16
2026-08-25T13:35:00Z,-709.0,8,16
2026-08-25T13:30:00Z,-702.0,8,16
2026-08-25T13:25:00Z,-701.0,8,16
2026-08-25T13:20:00Z,-697.0,8,16
2026-08-25T13:15:00Z,-696.0,8,16
2026-08-25T13:10:00Z,-697.0,8,16
2026-08-25T13:05:00Z,-702.0,8,16
2026-08-25T13:00:00Z,-704.0,8,16
2026-08-25T12:55:00Z,-711.0,8,16
2026-08-25T12:50:00Z,-707.0,8,16
2026-08-25T12:45:00Z,-694.0,8,16
2026-08-25T12:40:00Z,-692.0,8,16
2026-08-25T12:35:00Z,-692.0,8,16
2026-08-25T12:30:00Z,-691.0,8,16
2026-08-25T12:25:00Z,-687.0,8,16
2026-08-25T12:20:00Z,-685.0,8,16
2026-08-25T12:15:00Z,-692.0,8,16
2026-08-25T12:10:00Z,-684.0,8,16
2026-08-25T12:05:00Z,-687.0,8,16
2026-08-25T12:00:00Z,-684.0,8,16
2026-08-25T11:55:00Z,-684.0,8,16
2026-08-25T11:50:00Z,-681.0,8,16
2026-08-25T11:45:00Z,-676.0,8,16
2026-08-25T11:40:00Z,-675.0,8,16
2026-08-25T11:35:00Z,-675.0,8,16
2026-08-25T11:30:00Z,-674.0,8,16
2026-08-25T11:25:00Z,-670.0,8,16
2026-08-25T11:20:00Z,-665.0,8,16
2026-08-25T11:15:00Z,-667.0,8,16
2026-08-25T11:10:00Z,-666.0,8,16
2026-08-25T11:05:00Z,-662.0,8,16
2026-08-25T11:00:00Z,-661.0,8,16
2026-08-25T10:55:00Z,-651.0,8,16
2026-08-25T10:50:00Z,-661.0,8,16
2026-08-25T10:45:00Z,-655.0,8,16
2026-08-25T10:40:00Z,-652.0,8,16
2026-08-25T10:35:00Z,-649.0,8,16
2026-08-25T10:30:00Z,-650.0,8,16
2026-08-25T10:25:00Z,-646.0,8,16
2026-08-25T10:20:00Z,-651.0,8,16
2026-08-25T10:15:00Z,-647.0,8,16
2026-08-25T10:10:00Z,-646.0,8,16
2026-08-25T10:05:00Z,-649.0,8,16
2026-08-25T10:00:00Z,-647.0,8,16
2026-08-25T09:55:00Z,-645.0,8,16
2026-08-25T09:50:00Z,-647.0,8,16
2026-08-25T09:45:00Z,-646.0,8,16
2026-08-25T09:40:00Z,-647.0,8,16
2026-08-25T09:35:00Z,-655.0,8,16
2026-08-25T09:30:00Z,-654.0,8,16
2026-08-25T09:25:00Z,-654.0,8,16
2026-08-25T09:20:00Z,-651.0,8,16
2026-08-25T09:15:00Z,-654.0,8,16
2026-08-25T09:10:00Z,-664.0,8,16
2026-08-25T09:05:00Z,-661.0,8,16
2026-08-25T09:00:00Z,-660.0,8,16
2026-08-25T08:55:00Z,-667.0,8,16
2026-08-25T08:50:00Z,-670.0,8,16
2026-08-25T08:45:00Z,-671.0,8,16
2026-08-25T08:40:00Z,-674.0,8,16
2026-08-25T08:35:00Z,-677.0,8,16
2026-08-25T08:30:00Z,-684.0,8,16
2026-08-25T08:25:00Z,-679.0,8,16
2026-08-25T08:20:00Z,-680.0,8,16
2026-08-25T08:15:00Z,-681.0,8,16
2026-08-25T08:10:00Z,-682.0,8,16
2026-08-25T08:05:00Z,-682.0,8,16
2026-08-25T08:00:00Z,-679.0,8,16
2026-08-25T07:55:00Z,-680.0,8,16
2026-08-25T07:50:00Z,-679.0,8,16
2026-08-25T07:45:00Z,-676.0,8,16
2026-08-25T07:40:00Z,-679.0,8,16
2026-08-25T07:35:00Z,-676.0,8,16
2026-08-25T07:30:00Z,-675.0,8,16
2026-08-25T07:25:00Z,-677.0,8,16
2026-08-25T07:20:00Z,-672.0,8,16
2026-08-25T07:15:00Z,-674.0,8,16
2026-08-25T07:10:00Z,-676.0,8,16
2026-08-25T07:05:00Z,-677.0,8,16
2026-08-25T07:00:00Z,-677.0,8,16
2026-08-25T06:55:00Z,-676.0,8,16
2026-08-25T06:50:00Z,-676.0,8,16
2026-08-25T06:45:00Z,-676.0,8,16
2026-08-25T06:40:00Z,-675.0,8,16
2026-08-25T06:35:00Z,-675.0,8,16
2026-08-25T06:30:00Z,-675.0,8,16
2026-08-25T06:25:00Z,-675.0,8,16
2026-08-25T06:20:00Z,-680.0,8,16
2026-08-25T06:15:00Z,-674.0,8,16
2026-08-25T06:10:00Z,-676.0,8,16
2026-08-25T06:05:00Z,-676.0,8,16
2026-08-25T06:00:00Z,-672.0,8,16
2026-08-25T05:55:00Z,-670.0,8,16
2026-08-25T05:50:00Z,-674.0,8,16
2026-08-25T05:45:00Z,-669.0,8,16
2026-08-25T05:40:00Z,-667.0,8,16
2026-08-25T05:35:00Z,-666.0,8,16
2026-08-25T05:30:00Z,-667.0,8,16
2026-08-25T05:25:00Z,-665.0,8,16
2026-08-25T05:20:00Z,-661.0,8,16
2026-08-25T05:15:00Z,-660.0,8,16
2026-08-25T05:10:00Z,-657.0,8,16
2026-08-25T05:05:00Z,-655.0,8,16
2026-08-25T05:00:00Z,-652.0,8,16
2026-08-25T04:55:00Z,-650.0,8,16
2026-08-25T04:50:00Z,-645.0,8,16
2026-08-25T04:45:00Z,-642.0,8,16
2026-08-25T04:40:00Z,-641.0,8,16
2026-08-25T04:35:00Z,-639.0,8,16
2026-08-25T04:30:00Z,-635.0,8,16
2026-08-25T04:25:00Z,-632.0,8,16
2026-08-25T04:20:00Z,-627.0,8,16
2026-08-25T04:15:00Z,-626.0,8,16
2026-08-25T04:10:00Z,-632.0,8,16
2026-08-25T04:05:00Z,-630.0,8,16
2026-08-25T04:00:00Z,-620.0,8,16
2026-08-25T03:55:00Z,-624.0,8,16
2026-08-25T03:50:00Z,-616.0,8,16
2026-08-25T03:45:00Z,-616.0,8,16
2026-08-25T03:40:00Z,-616.0,8,16
2026-08-25T03:35:00Z,-616.0,8,16
2026-08-25T03:30:00Z,-620.0,8,16
2026-08-25T03:25:00Z,-616.0,8,16
2026-08-25T03:20:00Z,-617.0,8,16
2026-08-25T03:15:00Z,-622.0,8,16
2026-08-25T03:10:00Z,-630.0,8,16
2026-08-25T03:05:00Z,-621.0,8,16
2026-08-25T03:00:00Z,-625.0,8,16
2026-08-25T02:55:00Z,-625.0,8,16
2026-08-25T02:50:00Z,-624.0,8,16
2026-08-25T02:45:00Z,-629.0,8,16
2026-08-25T02:40:00Z,-629.0,8,16
2026-08-25T02:35:00Z,-632.0,8,16
2026-08-25T02:30:00Z,-632.0,8,16
2026-08-25T02:25:00Z,-635.0,8,16
2026-08-25T02:20:00Z,-635.0,8,16
2026-08-25T02:15:00Z,-636.0,8,16
2026-08-25T02:10:00Z,-636.0,8,16
2026-08-25T02:05:00Z,-636.0,8,16
2026-08-25T02:00:00Z,-632.0,8,16
2026-08-25T01:55:00Z,-632.0,8,16
2026-08-25T01:50:00Z,-630.0,8,16
2026-08-25T01:45:00Z,-626.0,8,16
2026-08-25T01:40:00Z,-625.0,8,16
2026-08-25T01:35:00Z,-624.0,8,16
2026-08-25T01:30:00Z,-617.0,8,16
2026-08-25T01:25:00Z,-617.0,8,16
2026-08-25T01:20:00Z,-612.0,8,16
2026-08-25T01:15:00Z,-610.0,8,16
2026-08-25T01:10:00Z,-606.0,8,16
2026-08-25T01:05:00Z,-601.0,8,16
2026-08-25T01:00:00Z,-596.0,8,16
2026-08-25T00:55:00Z,-596.0,8,16
2026-08-25T00:50:00Z,-592.0,8,16
2026-08-25T00:45:00Z,-587.0,8,16
2026-08-25T00:40:00Z,-586.0,8,16
2026-08-25T00:35:00Z,-582.0,8,16
2026-08-25T00:30:00Z,-576.0,8,16
2026-08-25T00:25:00Z,-577.0,8,16
2026-08-25T00:20:00Z,-575.0,8,16
2026-08-25T00:15:00Z,-571.0,8,16
2026-08-25T00:10:00Z,-567.0,8,16
2026-08-25T00:05:00Z,-562.0,8,16
2026-08-25T00:00:00Z,-564.0,8,16
2026-08-24T23:55:00Z,-562.0,8,16
2026-08-24T23:50:00Z,-561.0,8,16
2026-08-24T23:45:00Z,-561.0,8,16
2026-08-24T23:40:00Z,-560.0,8,16
2026-08-24T23:35:00Z,-561.0,8,16
2026-08-24T23:30:00Z,-559.0,8,16
2026-08-24T23:25:00Z,-559.0,8,16
2026-08-24T23:20:00Z,-560.0,8,16
2026-08-24T23:15:00Z,-564.0,8,16
2026-08-24T23:10:00Z,-565.0,8,16
2026-08-24T23:05:00Z,-567.0,8,16
2026-08-24T23:00:00Z,-569.0,8,16
2026-08-24T22:55:00Z,-574.0,8,16
2026-08-24T22:50:00Z,-572.0,8,16
2026-08-24T22:45:00Z,-581.0,8,16
2026-08-24T22:40:00Z,-587.0,8,16
2026-08-24T22:35:00Z,-586.0,8,16
2026-08-24T22:30:00Z,-587.0,8,16
2026-08-24T22:25:00Z,-589.0,8,16
2026-08-24T22:20:00Z,-596.0,8,16
2026-08-24T22:15:00Z,-599.0,8,16
2026-08-24T22:10:00Z,-604.0,8,16
2026-08-24T22:05:00Z,-601.0,8,16
2026-08-24T22:00:00Z,-606.0,8,16
2026-08-24T21:55:00Z,-607.0,8,16
2026-08-24T21:50:00Z,-609.0,8,16
2026-08-24T21:45:00Z,-612.0,8,16
2026-08-24T21:40:00Z,-612.0,8,16
2026-08-24T21:35:00Z,-612.0,8,16
2026-08-24T21:30:00Z,-621.0,8,16
2026-08-24T21:25:00Z,-615.0,8,16
2026-08-24T21:20:00Z,-617.0,8,16
2026-08-24T21:15:00Z,-617.0,8,16
2026-08-24T21:10:00Z,-616.0,8,16
2026-08-24T21:05:00Z,-614.0,8,16
2026-08-24T21:00:00Z,-615.0,8,16
2026-08-24T20:55:00Z,-614.0,8,16
2026-08-24T20:50:00Z,-610.0,8,16
2026-08-24T20:45:00Z,-604.0,8,16
2026-08-24T20:40:00Z,-601.0,8,16
2026-08-24T20:35:00Z,-601.0,8,16
2026-08-24T20:30:00Z,-595.0,8,16
2026-08-24T20:25:00Z,-592.0,8,16
2026-08-24T20:20:00Z,-589.0,8,16
2026-08-24T20:15:00Z,-585.0,8,16
2026-08-24T20:10:00Z,-581.0,8,16
2026-08-24T20:05:00Z,-577.0,8,16
2026-08-24T20:00:00Z,-574.0,8,16
2026-08-24T19:55:00Z,-569.0,8,16
2026-08-24T19:50:00Z,-564.0,8,16
2026-08-24T19:45:00Z,-561.0,8,16
2026-08-24T19:40:00Z,-559.0,8,16
2026-08-24T19:35:00Z,-551.0,8,16
2026-08-24T19:30:00Z,-550.0,8,16
2026-08-24T19:25:00Z,-545.0,8,16
2026-08-24T19:20:00Z,-541.0,8,16
2026-08-24T19:15:00Z,-537.0,8,16
2026-08-24T19:10:00Z,-534.0,8,16
2026-08-24T19:05:00Z,-530.0,8,16
2026-08-24T19:00:00Z,-527.0,8,16
2026-08-24T18:55:00Z,-522.0,8,16
2026-08-24T18:50:00Z,-521.0,8,16
2026-08-24T18:45:00Z,-520.0,8,16
2026-08-24T18:40:00Z,-517.0,8,16
2026-08-24T18:35:00Z,-516.0,8,16
2026-08-24T18:30:00Z,-515.0,8,16
2026-08-24T18:25:00Z,-514.0,8,16
2026-08-24T18:20:00Z,-515.0,8,16
2026-08-24T18:15:00Z,-511.0,8,16
2026-08-24T18:10:00Z,-510.0,8,16
2026-08-24T18:05:00Z,-515.0,8,16
2026-08-24T18:00:00Z,-514.0,8,16
2026-08-24T17:55:00Z,-516.0,8,16
2026-08-24T17:50:00Z,-517.0,8,16
2026-08-24T17:45:00Z,-521.0,8,16
2026-08-24T17:40:00Z,-519.0,8,16
2026-08-24T17:35:00Z,-519.0,8,16
2026-08-24T17:30:00Z,-522.0,8,16
2026-08-24T17:25:00Z,-520.0,8,16
2026-08-24T17:20:00Z,-521.0,8,16
2026-08-24T17:15:00Z,-520.0,8,16
2026-08-24T17:10:00Z,-521.0,8,16
2026-08-24T17:05:00Z,-521.0,8,16
2026-08-24T17:00:00Z,-521.0,8,16
2026-08-24T16:55:00Z,-520.0,8,16
2026-08-24T16:50:00Z,-521.0,8,16
2026-08-24T16:45:00Z,-520.0,8,16
2026-08-24T16:40:00Z,-521.0,8,16
2026-08-24T16:35:00Z,-519.0,8,16
2026-08-24T16:30:00Z,-520.0,8,16
2026-08-24T16:25:00Z,-516.0,8,16
2026-08-24T16:20:00Z,-515.0,8,16
2026-08-24T16:15:00Z,-515.0,8,16
2026-08-24T16:10:00Z,-514.0,8,16
2026-08-24T16:05:00Z,-516.0,8,16
2026-08-24T16:00:00Z,-525.0,8,16
2026-08-24T15:55:00Z,-521.0,8,16
2026-08-24T15:50:00Z,-524.0,8,16
2026-08-24T15:45:00Z,-521.0,8,16
2026-08-24T15:40:00Z,-516.0,8,16
2026-08-24T15:35:00Z,-517.0,8,16
2026-08-24T15:30:00Z,-522.0,8,16
2026-08-24T15:25:00Z,-549.0,8,16
2026-08-24T15:20:00Z,-539.0,8,16
2026-08-24T15:15:00Z,-540.0,8,16
2026-08-24T15:10:00Z,-536.0,8,16
2026-08-24T15:05:00Z,-539.0,8,16
2026-08-24T15:00:00Z,-546.0,8,16
2026-08-24T14:55:00Z,-564.0,8,16
2026-08-24T14:50:00Z,-565.0,8,16
2026-08-24T14:45:00Z,-561.0,8,16
2026-08-24T14:40:00Z,-570.0,8,16
2026-08-24T14:35:00Z,-556.0,8,16
2026-08-24T14:30:00Z,-556.0,8,16
2026-08-24T14:25:00Z,-556.0,8,16
2026-08-24T14:20:00Z,-559.0,8,16
2026-08-24T14:15:00Z,-561.0,8,16
2026-08-24T14:10:00Z,-564.0,8,16
2026-08-24T14:05:00Z,-564.0,8,16
2026-08-24T14:00:00Z,-566.0,8,16
2026-08-24T13:55:00Z,-566.0,8,16
2026-08-24T13:50:00Z,-566.0,8,16
2026-08-24T13:45:00Z,-574.0,8,16
2026-08-24T13:40:00Z,-579.0,8,16
2026-08-24T13:35:00Z,-577.0,8,16
2026-08-24T13:30:00Z,-572.0,8,16
2026-08-24T13:25:00Z,-567.0,8,16
2026-08-24T13:20:00Z,-567.0,8,16
2026-08-24T13:15:00Z,-564.0,8,16
2026-08-24T13:10:00Z,-566.0,8,16
2026-08-24T13:05:00Z,-562.0,8,16
2026-08-24T13:00:00Z,-565.0,8,16
2026-08-24T12:55:00Z,-565.0,8,16
2026-08-24T12:50:00Z,-560.0,8,16
2026-08-24T12:45:00Z,-565.0,8,16
2026-08-24T12:40:00Z,-560.0,8,16
2026-08-24T12:35:00Z,-561.0,8,16
2026-08-24T12:30:00Z,-564.0,8,16
2026-08-24T12:25:00Z,-562.0,8,16
2026-08-24T12:20:00Z,-566.0,8,16
2026-08-24T12:15:00Z,-566.0,8,16
2026-08-24T12:10:00Z,-572.0,8,16
2026-08-24T12:05:00Z,-577.0,8,16
2026-08-24T12:00:00Z,-574.0,8,16
2026-08-24T11:55:00Z,-571.0,8,16
2026-08-24T11:50:00Z,-567.0,8,16
2026-08-24T11:45:00Z,-567.0,8,16
2026-08-24T11:40:00Z,-564.0,8,16
2026-08-24T11:35:00Z,-564.0,8,16
2026-08-24T11:30:00Z,-564.0,8,16
2026-08-24T11:25:00Z,-564.0,8,16
2026-08-24T11:20:00Z,-562.0,8,16
2026-08-24T11:15:00Z,-562.0,8,16
2026-08-24T11:10:00Z,-559.0,8,16
2026-08-24T11:05:00Z,-559.0,8,16
2026-08-24T11:00:00Z,-556.0,8,16
2026-08-24T10:55:00Z,-555.0,8,16
2026-08-24T10:50:00Z,-555.0,8,16
2026-08-24T10:45:00Z,-556.0,8,16
2026-08-24T10:40:00Z,-556.0,8,16
2026-08-24T10:35:00Z,-559.0,8,16
2026-08-24T10:30:00Z,-549.0,8,16
2026-08-24T10:25:00Z,-546.0,8,16
2026-08-24T10:20:00Z,-541.0,8,16
2026-08-24T10:15:00Z,-539.0,8,16
2026-08-24T10:10:00Z,-534.0,8,16
2026-08-24T10:05:00Z,-532.0,8,16
2026-08-24T10:00:00Z,-527.0,8,16
2026-08-24T09:55:00Z,-521.0,8,16
2026-08-24T09:50:00Z,-519.0,8,16
2026-08-24T09:45:00Z,-516.0,8,16
2026-08-24T09:40:00Z,-510.0,8,16
2026-08-24T09:35:00Z,-509.0,8,16
2026-08-24T09:30:00Z,-510.0,8,16
2026-08-24T09:25:00Z,-499.0,8,16
2026-08-24T09:20:00Z,-495.0,8,16
2026-08-24T09:15:00Z,-490.0,8,16
2026-08-24T09:10:00Z,-487.0,8,16
2026-08-24T09:05:00Z,-482.0,8,16
2026-08-24T09:00:00Z,-476.0,8,16
2026-08-24T08:55:00Z,-472.0,8,16
2026-08-24T08:50:00Z,-471.0,8,16
2026-08-24T08:45:00Z,-464.0,8,16
2026-08-24T08:40:00Z,-457.0,8,16
2026-08-24T08:35:00Z,-457.0,8,16
2026-08-24T08:30:00Z,-451.0,8,16
2026-08-24T08:25:00Z,-447.0,8,16
2026-08-24T08:20:00Z,-451.0,8,16
2026-08-24T08:15:00Z,-442.0,8,16
2026-08-24T08:10:00Z,-437.0,8,16
2026-08-24T08:05:00Z,-434.0,8,16
2026-08-24T08:00:00Z,-436.0,8,16
2026-08-24T07:55:00Z,-430.0,8,16
2026-08-24T07:50:00Z,-432.0,8,16
2026-08-24T07:45:00Z,-434.0,8,16
2026-08-24T07:40:00Z,-432.0,8,16
2026-08-24T07:35:00Z,-430.0,8,16
2026-08-24T07:30:00Z,-431.0,8,16
2026-08-24T07:25:00Z,-445.0,8,16
2026-08-24T07:20:00Z,-432.0,8,16
2026-08-24T07:15:00Z,-431.0,8,16
2026-08-24T07:10:00Z,-430.0,8,16
2026-08-24T07:05:00Z,-432.0,8,16
2026-08-24T07:00:00Z,-434.0,8,16
2026-08-24T06:55:00Z,-436.0,8,16
2026-08-24T06:50:00Z,-436.0,8,16
2026-08-24T06:45:00Z,-437.0,8,16
2026-08-24T06:40:00Z,-437.0,8,16
2026-08-24T06:35:00Z,-441.0,8,16
2026-08-24T06:30:00Z,-444.0,8,16
2026-08-24T06:25:00Z,-445.0,8,16
2026-08-24T06:20:00Z,-447.0,8,16
2026-08-24T06:15:00Z,-450.0,8,16
2026-08-24T06:10:00Z,-451.0,8,16
2026-08-24T06:05:00Z,-456.0,8,16
2026-08-24T06:00:00Z,-455.0,8,16
2026-08-24T05:55:00Z,-456.0,8,16
2026-08-24T05:50:00Z,-461.0,8,16
2026-08-24T05:45:00Z,-465.0,8,16
2026-08-24T05:40:00Z,-470.0,8,16
2026-08-24T05:35:00Z,-476.0,8,16
2026-08-24T05:30:00Z,-472.0,8,16
2026-08-24T05:25:00Z,-472.0,8,16
2026-08-24T05:20:00Z,-476.0,8,16
2026-08-24T05:15:00Z,-476.0,8,16
2026-08-24T05:10:00Z,-479.0,8,16
2026-08-24T05:05:00Z,-480.0,8,16
2026-08-24T05:00:00Z,-480.0,8,16
2026-08-24T04:55:00Z,-481.0,8,16
2026-08-24T04:50:00Z,-484.0,8,16
2026-08-24T04:45:00Z,-482.0,8,16
2026-08-24T04:40:00Z,-485.0,8,16
2026-08-24T04:35:00Z,-485.0,8,16
2026-08-24T04:30:00Z,-484.0,8,16
2026-08-24T04:25:00Z,-484.0,8,16
2026-08-24T04:20:00Z,-484.0,8,16
2026-08-24T04:15:00Z,-482.0,8,16
2026-08-24T04:10:00Z,-485.0,8,16
2026-08-24T04:05:00Z,-484.0,8,16
2026-08-24T04:00:00Z,-482.0,8,16
2026-08-24T03:55:00Z,-480.0,8,16
2026-08-24T03:50:00Z,-482.0,8,16
2026-08-24T03:45:00Z,-480.0,8,16
2026-08-24T03:40:00Z,-481.0,8,16
2026-08-24T03:35:00Z,-480.0,8,16
2026-08-24T03:30:00Z,-476.0,8,16
2026-08-24T03:25:00Z,-481.0,8,16
2026-08-24T03:20:00Z,-480.0,8,16
2026-08-24T03:15:00Z,-479.0,8,16
2026-08-24T03:10:00Z,-480.0,8,16
2026-08-24T03:05:00Z,-479.0,8,16
2026-08-24T03:00:00Z,-476.0,8,16
2026-08-24T02:55:00Z,-480.0,8,16
2026-08-24T02:50:00Z,-480.0,8,16
2026-08-24T02:45:00Z,-474.0,8,16
2026-08-24T02:40:00Z,-472.0,8,16
2026-08-24T02:35:00Z,-472.0,8,16
2026-08-24T02:30:00Z,-477.0,8,16
2026-08-24T02:25:00Z,-477.0,8,16
2026-08-24T02:20:00Z,-470.0,8,16
2026-08-24T02:15:00Z,-464.0,8,16
2026-08-24T02:10:00Z,-462.0,8,16
2026-08-24T02:05:00Z,-452.0,8,16
2026-08-24T02:00:00Z,-449.0,8,16
2026-08-24T01:55:00Z,-447.0,8,16
2026-08-24T01:50:00Z,-450.0,8,16
2026-08-24T01:45:00Z,-452.0,8,16
2026-08-24T01:40:00Z,-437.0,8,16
2026-08-24T01:35:00Z,-437.0,8,16
2026-08-24T01:30:00Z,-441.0,8,16
2026-08-24T01:25:00Z,-430.0,8,16
2026-08-24T01:20:00Z,-424.0,8,16
2026-08-24T01:15:00Z,-424.0,8,16
2026-08-24T01:10:00Z,-421.0,8,16
2026-08-24T01:05:00Z,-417.0,8,16
2026-08-24T01:00:00Z,-412.0,8,16
2026-08-24T00:55:00Z,-411.0,8,16
2026-08-24T00:50:00Z,-410.0,8,16
2026-08-24T00:45:00Z,-405.0,8,16
2026-08-24T00:40:00Z,-402.0,8,16
2026-08-24T00:35:00Z,-401.0,8,16
2026-08-24T00:30:00Z,-402.0,8,16
2026-08-24T00:25:00Z,-401.0,8,16
2026-08-24T00:20:00Z,-396.0,8,16
2026-08-24T00:15:00Z,-401.0,8,16
2026-08-24T00:10:00Z,-404.0,8,16
2026-08-24T00:05:00Z,-407.0,8,16
2026-08-24T00:00:00Z,-412.0,8,16
2026-08-23T23:55:00Z,-414.0,8,16
2026-08-23T23:50:00Z,-404.0,8,16
2026-08-23T23:45:00Z,-405.0,8,16
2026-08-23T23:40:00Z,-406.0,8,16
2026-08-23T23:35:00Z,-414.0,8,16
2026-08-23T23:30:00Z,-419.0,8,16
2026-08-23T23:25:00Z,-409.0,8,16
2026-08-23T23:20:00Z,-412.0,8,16
2026-08-23T23:15:00Z,-415.0,8,16
2026-08-23T23:10:00Z,-410.0,8,16
2026-08-23T23:05:00Z,-410.0,8,16
2026-08-23T23:00:00Z,-414.0,8,16
2026-08-23T22:55:00Z,-419.0,8,16
2026-08-23T22:50:00Z,-422.0,8,16
2026-08-23T22:45:00Z,-429.0,8,16
2026-08-23T22:40:00Z,-434.0,8,16
2026-08-23T22:35:00Z,-437.0,8,16
2026-08-23T22:30:00Z,-439.0,8,16
2026-08-23T22:25:00Z,-435.0,8,16
2026-08-23T22:20:00Z,-445.0,8,16
2026-08-23T22:15:00Z,-445.0,8,16
2026-08-23T22:10:00Z,-445.0,8,16
2026-08-23T22:05:00Z,-450.0,8,16
2026-08-23T22:00:00Z,-446.0,8,16
2026-08-23T21:55:00Z,-445.0,8,16
2026-08-23T21:50:00Z,-429.0,8,16
2026-08-23T21:45:00Z,-430.0,8,16
2026-08-23T21:40:00Z,-430.0,8,16
2026-08-23T21:35:00Z,-430.0,8,16
2026-08-23T21:30:00Z,-430.0,8,16
2026-08-23T21:25:00Z,-430.0,8,16
2026-08-23T21:20:00Z,-430.0,8,16
2026-08-23T21:15:00Z,-434.0,8,16
2026-08-23T21:10:00Z,-432.0,8,16
2026-08-23T21:05:00Z,-432.0,8,16
2026-08-23T21:00:00Z,-434.0,8,16
2026-08-23T20:55:00Z,-434.0,8,16
2026-08-23T20:50:00Z,-434.0,8,16
2026-08-23T20:45:00Z,-435.0,8,16
2026-08-23T20:40:00Z,-436.0,8,16
2026-08-23T20:35:00Z,-434.0,8,16
2026-08-23T20:30:00Z,-436.0,8,16
2026-08-23T20:25:00Z,-437.0,8,16
2026-08-23T20:20:00Z,-440.0,8,16
2026-08-23T20:15:00Z,-440.0,8,16
2026-08-23T20:10:00Z,-440.0,8,16
2026-08-23T20:05:00Z,-440.0,8,16
2026-08-23T20:00:00Z,-442.0,8,16
2026-08-23T19:55:00Z,-441.0,8,16
2026-08-23T19:50:00Z,-436.0,8,16
2026-08-23T19:45:00Z,-440.0,8,16
2026-08-23T19:40:00Z,-439.0,8,16
2026-08-23T19:35:00Z,-440.0,8,16
2026-08-23T19:30:00Z,-439.0,8,16
2026-08-23T19:25:00Z,-437.0,8,16
2026-08-23T19:20:00Z,-435.0,8,16
2026-08-23T19:15:00Z,-434.0,8,16
2026-08-23T19:10:00Z,-431.0,8,16
2026-08-23T19:05:00Z,-430.0,8,16
2026-08-23T19:00:00Z,-427.0,8,16
2026-08-23T18:55:00Z,-427.0,8,16
2026-08-23T18:50:00Z,-425.0,8,16
2026-08-23T18:45:00Z,-425.0,8,16
2026-08-23T18:40:00Z,-422.0,8,16
2026-08-23T18:35:00Z,-419.0,8,16
2026-08-23T18:30:00Z,-419.0,8,16
2026-08-23T18:25:00Z,-414.0,8,16
2026-08-23T18:20:00Z,-412.0,8,16
2026-08-23T18:15:00Z,-411.0,8,16
2026-08-23T18:10:00Z,-409.0,8,16
2026-08-23T18:05:00Z,-407.0,8,16
2026-08-23T18:00:00Z,-402.0,8,16
2026-08-23T17:55:00Z,-401.0,8,16
2026-08-23T17:50:00Z,-399.0,8,16
2026-08-23T17:45:00Z,-396.0,8,16
2026-08-23T17:40:00Z,-392.0,8,16
2026-08-23T17:35:00Z,-387.0,8,16
2026-08-23T17:30:00Z,-385.0,8,16
2026-08-23T17:25:00Z,-382.0,8,16
2026-08-23T17:20:00Z,-377.0,8,16
2026-08-23T17:15:00Z,-377.0,8,16
2026-08-23T17:10:00Z,-372.0,8,16
2026-08-23T17:05:00Z,-366.0,8,16
2026-08-23T17:00:00Z,-365.0,8,16
2026-08-23T16:55:00Z,-360.0,8,16
2026-08-23T16:50:00Z,-355.0,8,16
2026-08-23T16:45:00Z,-350.0,8,16
2026-08-23T16:40:00Z,-346.0,8,16
2026-08-23T16:35:00Z,-342.0,8,16
2026-08-23T16:30:00Z,-336.0,8,16
2026-08-23T16:25:00Z,-332.0,8,16
2026-08-23T16:20:00Z,-329.0,8,16
2026-08-23T16:15:00Z,-325.0,8,16
2026-08-23T16:10:00Z,-319.0,8,16
2026-08-23T16:05:00Z,-312.0,8,16
2026-08-23T16:00:00Z,-307.0,8,16
2026-08-23T15:55:00Z,-304.0,8,16
2026-08-23T15:50:00Z,-296.0,8,16
2026-08-23T15:45:00Z,-291.0,8,16
2026-08-23T15:40:00Z,-286.0,8,16
2026-08-23T15:35:00Z,-285.0,8,16
2026-08-23T15:30:00Z,-279.0,8,16
2026-08-23T15:25:00Z,-271.0,8,16
2026-08-23T15:20:00Z,-266.0,8,16
2026-08-23T15:15:00Z,-261.0,8,16
2026-08-23T15:10:00Z,-257.0,8,16
2026-08-23T15:05:00Z,-254.0,8,16
2026-08-23T15:00:00Z,-246.0,8,16
2026-08-23T14:55:00Z,-244.0,8,16
2026-08-23T14:50:00Z,-237.0,8,16
2026-08-23T14:45:00Z,-231.0,8,16
2026-08-23T14:40:00Z,-231.0,8,16
2026-08-23T14:35:00Z,-226.0,8,16
2026-08-23T14:30:00Z,-225.0,8,16
2026-08-23T14:25:00Z,-224.0,8,16
2026-08-23T14:20:00Z,-220.0,8,16
2026-08-23T14:15:00Z,-216.0,8,16
2026-08-23T14:10:00Z,-215.0,8,16
2026-08-23T14:05:00Z,-214.0,8,16
2026-08-23T14:00:00Z,-212.0,8,16
2026-08-23T13:55:00Z,-214.0,8,16
2026-08-23T13:50:00Z,-211.0,8,16
2026-08-23T13:45:00Z,-212.0,8,16
2026-08-23T13:40:00Z,-212.0,8,16
2026-08-23T13:35:00Z,-215.0,8,16
2026-08-23T13:30:00Z,-214.0,8,16
2026-08-23T13:25:00Z,-214.0,8,16
2026-08-23T13:20:00Z,-226.0,8,16
2026-08-23T13:15:00Z,-216.0,8,16
2026-08-23T13:10:00Z,-219.0,8,16
2026-08-23T13:05:00Z,-225.0,8,16
2026-08-23T13:00:00Z,-222.0,8,16
2026-08-23T12:55:00Z,-234.0,8,16
2026-08-23T12:50:00Z,-227.0,8,16
2026-08-23T12:45:00Z,-230.0,8,16
2026-08-23T12:40:00Z,-234.0,8,16
2026-08-23T12:35:00Z,-237.0,8,16
2026-08-23T12:30:00Z,-239.0,8,16
2026-08-23T12:25:00Z,-242.0,8,16
2026-08-23T12:20:00Z,-246.0,8,16
2026-08-23T12:15:00Z,-250.0,8,16
2026-08-23T12:10:00Z,-255.0,8,16
2026-08-23T12:05:00Z,-257.0,8,16
2026-08-23T12:00:00Z,-264.0,8,16
2026-08-23T11:55:00Z,-267.0,8,16
2026-08-23T11:50:00Z,-270.0,8,16
2026-08-23T11:45:00Z,-274.0,8,16
2026-08-23T11:40:00Z,-276.0,8,16
2026-08-23T11:35:00Z,-285.0,8,16
2026-08-23T11:30:00Z,-284.0,8,16
2026-08-23T11:25:00Z,-286.0,8,16
2026-08-23T11:20:00Z,-286.0,8,16
2026-08-23T11:15:00Z,-286.0,8,16
2026-08-23T11:10:00Z,-286.0,8,16
2026-08-23T11:05:00Z,-286.0,8,16
2026-08-23T11:00:00Z,-286.0,8,16
2026-08-23T10:55:00Z,-286.0,8,16
2026-08-23T10:50:00Z,-285.0,8,16
2026-08-23T10:45:00Z,-282.0,8,16
2026-08-23T10:40:00Z,-281.0,8,16
2026-08-23T10:35:00Z,-275.0,8,16
2026-08-23T10:30:00Z,-271.0,8,16
2026-08-23T10:25:00Z,-276.0,8,16
2026-08-23T10:20:00Z,-269.0,8,16
2026-08-23T10:15:00Z,-260.0,8,16
2026-08-23T10:10:00Z,-256.0,8,16
2026-08-23T10:05:00Z,-252.0,8,16
2026-08-23T10:00:00Z,-249.0,8,16
2026-08-23T09:55:00Z,-245.0,8,16
2026-08-23T09:50:00Z,-240.0,8,16
2026-08-23T09:45:00Z,-231.0,8,16
2026-08-23T09:40:00Z,-225.0,8,16
2026-08-23T09:35:00Z,-217.0,8,16
2026-08-23T09:30:00Z,-210.0,8,16
2026-08-23T09:25:00Z,-205.0,8,16
2026-08-23T09:20:00Z,-201.0,8,16
2026-08-23T09:15:00Z,-192.0,8,16
2026-08-23T09:10:00Z,-185.0,8,16
2026-08-23T09:05:00Z,-181.0,8,16
2026-08-23T09:00:00Z,-172.0,8,16
2026-08-23T08:55:00Z,-167.0,8,16
2026-08-23T08:50:00Z,-162.0,8,16
2026-08-23T08:45:00Z,-159.0,8,16
2026-08-23T08:40:00Z,-157.0,8,16
2026-08-23T08:35:00Z,-151.0,8,16
2026-08-23T08:30:00Z,-147.0,8,16
2026-08-23T08:25:00Z,-141.0,8,16
2026-08-23T08:20:00Z,-136.0,8,16
2026-08-23T08:15:00Z,-134.0,8,16
2026-08-23T08:10:00Z,-117.0,8,16
2026-08-23T08:05:00Z,-102.0,8,16
2026-08-23T08:00:00Z,-101.0,8,16
2026-08-23T07:55:00Z,-95.0,8,16
2026-08-23T07:50:00Z,-90.0,8,16
2026-08-23T07:45:00Z,-90.0,8,16
2026-08-23T07:40:00Z,-86.0,8,16
2026-08-23T07:35:00Z,-81.0,8,16
2026-08-23T07:30:00Z,-77.0,8,16
2026-08-23T07:25:00Z,-74.0,8,16
2026-08-23T07:20:00Z,-72.0,8,16
2026-08-23T07:15:00Z,-72.0,8,16
2026-08-23T07:10:00Z,-65.0,8,16
2026-08-23T07:05:00Z,-65.0,8,16
2026-08-23T07:00:00Z,-62.0,8,16
2026-08-23T06:55:00Z,-61.0,8,16
2026-08-23T06:50:00Z,-61.0,8,16
2026-08-23T06:45:00Z,-61.0,8,16
2026-08-23T06:40:00Z,-57.0,8,16
2026-08-23T06:35:00Z,-55.0,8,16
2026-08-23T06:30:00Z,-52.0,8,16
2026-08-23T06:25:00Z,-52.0,8,16
2026-08-23T06:20:00Z,-47.0,8,16
2026-08-23T06:15:00Z,-47.0,8,16
2026-08-23T06:10:00Z,-44.0,8,16
2026-08-23T06:05:00Z,-41.0,8,16
2026-08-23T06:00:00Z,-37.0,8,16
2026-08-23T05:55:00Z,-36.0,8,16
2026-08-23T05:50:00Z,-32.0,8,16
2026-08-23T05:45:00Z,-32.0,8,16
2026-08-23T05:40:00Z,-29.0,8,16
2026-08-23T05:35:00Z,-25.0,8,16
2026-08-23T05:30:00Z,-25.0,8,16
2026-08-23T05:25:00Z,-22.0,8,16
2026-08-23T05:20:00Z,-20.0,8,16
2026-08-23T05:15:00Z,-17.0,8,16
2026-08-23T05:10:00Z,-17.0,8,16
2026-08-23T05:05:00Z,-15.0,8,16
2026-08-23T05:00:00Z,-15.0,8,16
2026-08-23T04:55:00Z,-12.0,8,16
2026-08-23T04:50:00Z,-12.0,8,16
2026-08-23T04:45:00Z,-12.0,8,16
2026-08-23T04:40:00Z,-11.0,8,16
2026-08-23T04:35:00Z,-11.0,8,16
2026-08-23T04:30:00Z,-14.0,8,16
2026-08-23T04:25:00Z,-15.0,8,16
2026-08-23T04:20:00Z,-16.0,8,16
2026-08-23T04:15:00Z,-17.0,8,16
2026-08-23T04:10:00Z,-17.0,8,16
2026-08-23T04:05:00Z,-20.0,8,16
2026-08-23T04:00:00Z,-22.0,8,16
2026-08-23T03:55:00Z,-25.0,8,16
2026-08-23T03:50:00Z,-26.0,8,16
2026-08-23T03:45:00Z,-27.0,8,16
2026-08-23T03:40:00Z,-31.0,8,16
2026-08-23T03:35:00Z,-32.0,8,16
2026-08-23T03:30:00Z,-36.0,8,16
2026-08-23T03:25:00Z,-37.0,8,16
2026-08-23T03:20:00Z,-41.0,8,16
2026-08-23T03:15:00Z,-44.0,8,16
2026-08-23T03:10:00Z,-45.0,8,16
2026-08-23T03:05:00Z,-47.0,8,16
2026-08-23T03:00:00Z,-51.0,8,16
2026-08-23T02:55:00Z,-55.0,8,16
2026-08-23T02:50:00Z,-54.0,8,16
2026-08-23T02:45:00Z,-57.0,8,16
2026-08-23T02:40:00Z,-59.0,8,16
2026-08-23T02:35:00Z,-64.0,8,16
2026-08-23T02:30:00Z,-64.0,8,16
2026-08-23T02:25:00Z,-65.0,8,16
2026-08-23T02:20:00Z,-65.0,8,16
2026-08-23T02:15:00Z,-70.0,8,16
2026-08-23T02:10:00Z,-72.0,8,16
2026-08-23T02:05:00Z,-72.0,8,16
2026-08-23T02:00:00Z,-74.0,8,16
2026-08-23T01:55:00Z,-77.0,8,16
2026-08-23T01:50:00Z,-81.0,8,16
2026-08-23T01:45:00Z,-82.0,8,16
2026-08-23T01:40:00Z,-84.0,8,16
2026-08-23T01:35:00Z,-87.0,8,16
2026-08-23T01:30:00Z,-91.0,8,16
2026-08-23T01:25:00Z,-94.0,8,16
2026-08-23T01:20:00Z,-97.0,8,16
2026-08-23T01:15:00Z,-101.0,8,16
2026-08-23T01:10:00Z,-105.0,8,16
2026-08-23T01:05:00Z,-111.0,8,16
2026-08-23T01:00:00Z,-111.0,8,16
2026-08-23T00:55:00Z,-116.0,8,16
2026-08-23T00:50:00Z,-121.0,8,16
2026-08-23T00:45:00Z,-127.0,8,16
2026-08-23T00:40:00Z,-132.0,8,16
2026-08-23T00:35:00Z,-139.0,8,16
2026-08-23T00:30:00Z,-140.0,8,16
2026-08-23T00:25:00Z,-147.0,8,16
2026-08-23T00:20:00Z,-152.0,8,16
2026-08-23T00:15:00Z,-159.0,8,16
2026-08-23T00:10:00Z,-165.0,8,16
2026-08-23T00:05:00Z,-169.0,8,16
2026-08-23T00:00:00Z,-177.0,8,16
2026-08-22T23:55:00Z,-181.0,8,16
2026-08-22T23:50:00Z,-185.0,8,16
2026-08-22T23:45:00Z,-192.0,8,16
2026-08-22T23:40:00Z,-199.0,8,16
2026-08-22T23:35:00Z,-206.0,8,16
2026-08-22T23:30:00Z,-207.0,8,16
2026-08-22T23:25:00Z,-215.0,8,16
2026-08-22T23:20:00Z,-221.0,8,16
2026-08-22T23:15:00Z,-225.0,8,16
2026-08-22T23:10:00Z,-230.0,8,16
2026-08-22T23:05:00Z,-235.0,8,16
2026-08-22T23:00:00Z,-237.0,8,16
2026-08-22T22:55:00Z,-245.0,8,16
2026-08-22T22:50:00Z,-250.0,8,16
2026-08-22T22:45:00Z,-252.0,8,16
2026-08-22T22:40:00Z,-257.0,8,16
2026-08-22T22:35:00Z,-261.0,8,16
2026-08-22T22:30:00Z,-266.0,8,16
2026-08-22T22:25:00Z,-269.0,8,16
2026-08-22T22:20:00Z,-271.0,8,16
2026-08-22T22:15:00Z,-276.0,8,16
2026-08-22T22:10:00Z,-279.0,8,16
2026-08-22T22:05:00Z,-282.0,8,16
2026-08-22T22:00:00Z,-285.0,8,16
2026-08-22T21:55:00Z,-284.0,8,16
2026-08-22T21:50:00Z,-285.0,8,16
2026-08-22T21:45:00Z,-285.0,8,16
2026-08-22T21:40:00Z,-284.0,8,16
2026-08-22T21:35:00Z,-282.0,8,16
2026-08-22T21:30:00Z,-277.0,8,16
2026-08-22T21:25:00Z,-277.0,8,16
2026-08-22T21:20:00Z,-275.0,8,16
2026-08-22T21:15:00Z,-271.0,8,16
2026-08-22T21:10:00Z,-267.0,8,16
2026-08-22T21:05:00Z,-267.0,8,16
2026-08-22T21:00:00Z,-264.0,8,16
2026-08-22T20:55:00Z,-260.0,8,16
2026-08-22T20:50:00Z,-261.0,8,16
2026-08-22T20:45:00Z,-256.0,8,16
2026-08-22T20:40:00Z,-254.0,8,16
2026-08-22T20:35:00Z,-250.0,8,16
2026-08-22T20:30:00Z,-250.0,8,16
2026-08-22T20:25:00Z,-247.0,8,16
2026-08-22T20:20:00Z,-247.0,8,16
2026-08-22T20:15:00Z,-245.0,8,16
2026-08-22T20:10:00Z,-244.0,8,16
2026-08-22T20:05:00Z,-245.0,8,16
2026-08-22T20:00:00Z,-246.0,8,16
2026-08-22T19:55:00Z,-242.0,8,16
2026-08-22T19:50:00Z,-245.0,8,16
2026-08-22T19:45:00Z,-247.0,8,16
2026-08-22T19:40:00Z,-245.0,8,16
2026-08-22T19:35:00Z,-247.0,8,16
2026-08-22T19:30:00Z,-250.0,8,16
2026-08-22T19:25:00Z,-249.0,8,16
2026-08-22T19:20:00Z,-254.0,8,16
2026-08-22T19:15:00Z,-252.0,8,16
2026-08-22T19:10:00Z,-252.0,8,16
2026-08-22T19:05:00Z,-256.0,8,16
2026-08-22T19:00:00Z,-260.0,8,16
2026-08-22T18:55:00Z,-260.0,8,16
2026-08-22T18:50:00Z,-260.0,8,16
2026-08-22T18:45:00Z,-261.0,8,16
2026-08-22T18:40:00Z,-262.0,8,16
2026-08-22T18:35:00Z,-261.0,8,16
2026-08-22T18:30:00Z,-262.0,8,16
2026-08-22T18:25:00Z,-264.0,8,16
2026-08-22T18:20:00Z,-262.0,8,16
2026-08-22T18:15:00Z,-262.0,8,16
2026-08-22T18:10:00Z,-264.0,8,16
2026-08-22T18:05:00Z,-262.0,8,16
2026-08-22T18:00:00Z,-264.0,8,16
2026-08-22T17:55:00Z,-264.0,8,16
2026-08-22T17:50:00Z,-264.0,8,16
2026-08-22T17:45:00Z,-265.0,8,16
2026-08-22T17:40:00Z,-262.0,8,16
2026-08-22T17:35:00Z,-261.0,8,16
2026-08-22T17:30:00Z,-264.0,8,16
2026-08-22T17:25:00Z,-262.0,8,16
2026-08-22T17:20:00Z,-261.0,8,16
2026-08-22T17:15:00Z,-261.0,8,16
2026-08-22T17:10:00Z,-261.0,8,16
2026-08-22T17:05:00Z,-261.0,8,16
2026-08-22T17:00:00Z,-260.0,8,16
2026-08-22T16:55:00Z,-260.0,8,16
2026-08-22T16:50:00Z,-256.0,8,16
2026-08-22T16:45:00Z,-259.0,8,16
2026-08-22T16:40:00Z,-256.0,8,16
2026-08-22T16:35:00Z,-255.0,8,16
2026-08-22T16:30:00Z,-254.0,8,16
2026-08-22T16:25:00Z,-252.0,8,16
2026-08-22T16:20:00Z,-252.0,8,16
2026-08-22T16:15:00Z,-252.0,8,16
2026-08-22T16:10:00Z,-252.0,8,16
2026-08-22T16:05:00Z,-251.0,8,16
2026-08-22T16:00:00Z,-251.0,8,16
2026-08-22T15:55:00Z,-250.0,8,16
2026-08-22T15:50:00Z,-249.0,8,16
2026-08-22T15:45:00Z,-249.0,8,16
2026-08-22T15:40:00Z,-249.0,8,16
2026-08-22T15:35:00Z,-251.0,8,16
2026-08-22T15:30:00Z,-249.0,8,16
2026-08-22T15:25:00Z,-247.0,8,16
2026-08-22T15:20:00Z,-246.0,8,16
2026-08-22T15:15:00Z,-247.0,8,16
2026-08-22T15:10:00Z,-246.0,8,16
2026-08-22T15:05:00Z,-247.0,8,16
2026-08-22T15:00:00Z,-247.0,8,16
2026-08-22T14:55:00Z,-249.0,8,16
2026-08-22T14:50:00Z,-247.0,8,16
2026-08-22T14:45:00Z,-249.0,8,16
2026-08-22T14:40:00Z,-247.0,8,16
2026-08-22T14:35:00Z,-251.0,8,16
2026-08-22T14:30:00Z,-249.0,8,16
2026-08-22T14:25:00Z,-251.0,8,16
2026-08-22T14:20:00Z,-251.0,8,16
2026-08-22T14:15:00Z,-250.0,8,16
2026-08-22T14:10:00Z,-250.0,8,16
2026-08-22T14:05:00Z,-251.0,8,16
2026-08-22T14:00:00Z,-249.0,8,16
2026-08-22T13:55:00Z,-260.0,8,16
2026-08-22T13:50:00Z,-255.0,8,16
2026-08-22T13:45:00Z,-250.0,8,16
2026-08-22T13:40:00Z,-254.0,8,16
2026-08-22T13:35:00Z,-254.0,8,16
2026-08-22T13:30:00Z,-257.0,8,16
2026-08-22T13:25:00Z,-259.0,8,16
2026-08-22T13:20:00Z,-252.0,8,16
2026-08-22T13:15:00Z,-254.0,8,16
2026-08-22T13:10:00Z,-251.0,8,16
2026-08-22T13:05:00Z,-262.0,8,16
2026-08-22T13:00:00Z,-254.0,8,16
2026-08-22T12:55:00Z,-256.0,8,16
2026-08-22T12:50:00Z,-261.0,8,16
2026-08-22T12:45:00Z,-264.0,8,16
2026-08-22T12:40:00Z,-256.0,8,16
2026-08-22T12:35:00Z,-252.0,8,16
2026-08-22T12:30:00Z,-261.0,8,16
2026-08-22T12:25:00Z,-257.0,8,16
2026-08-22T12:20:00Z,-257.0,8,16
2026-08-22T12:15:00Z,-257.0,8,16
2026-08-22T12:10:00Z,-256.0,8,16
2026-08-22T12:05:00Z,-255.0,8,16
2026-08-22T12:00:00Z,-257.0,8,16
2026-08-22T11:55:00Z,-266.0,8,16
2026-08-22T11:50:00Z,-255.0,8,16
2026-08-22T11:45:00Z,-265.0,8,16
2026-08-22T11:40:00Z,-254.0,8,16
2026-08-22T11:35:00Z,-254.0,8,16
2026-08-22T11:30:00Z,-256.0,8,16
2026-08-22T11:25:00Z,-255.0,8,16
2026-08-22T11:20:00Z,-254.0,8,16
2026-08-22T11:15:00Z,-255.0,8,16
2026-08-22T11:10:00Z,-255.0,8,16
2026-08-22T11:05:00Z,-256.0,8,16
2026-08-22T11:00:00Z,-255.0,8,16
2026-08-22T10:55:00Z,-256.0,8,16
2026-08-22T10:50:00Z,-255.0,8,16
2026-08-22T10:45:00Z,-259.0,8,16
2026-08-22T10:40:00Z,-260.0,8,16
2026-08-22T10:35:00Z,-257.0,8,16
2026-08-22T10:30:00Z,-259.0,8,16
2026-08-22T10:25:00Z,-261.0,8,16
2026-08-22T10:20:00Z,-262.0,8,16
2026-08-22T10:15:00Z,-264.0,8,16
2026-08-22T10:10:00Z,-265.0,8,16
2026-08-22T10:05:00Z,-267.0,8,16
2026-08-22T10:00:00Z,-271.0,8,16
2026-08-22T09:55:00Z,-271.0,8,16
2026-08-22T09:50:00Z,-271.0,8,16
2026-08-22T09:45:00Z,-275.0,8,16
2026-08-22T09:40:00Z,-277.0,8,16
2026-08-22T09:35:00Z,-282.0,8,16
2026-08-22T09:30:00Z,-285.0,8,16
2026-08-22T09:25:00Z,-286.0,8,16
2026-08-22T09:20:00Z,-286.0,8,16
2026-08-22T09:15:00Z,-292.0,8,16
2026-08-22T09:10:00Z,-294.0,8,16
2026-08-22T09:05:00Z,-299.0,8,16
2026-08-22T09:00:00Z,-300.0,8,16
2026-08-22T08:55:00Z,-304.0,8,16
2026-08-22T08:50:00Z,-306.0,8,16
2026-08-22T08:45:00Z,-312.0,8,16
2026-08-22T08:40:00Z,-316.0,8,16
2026-08-22T08:35:00Z,-317.0,8,16
2026-08-22T08:30:00Z,-322.0,8,16
2026-08-22T08:25:00Z,-327.0,8,16
2026-08-22T08:20:00Z,-331.0,8,16
2026-08-22T08:15:00Z,-335.0,8,16
2026-08-22T08:10:00Z,-340.0,8,16
2026-08-22T08:05:00Z,-341.0,8,16
2026-08-22T08:00:00Z,-345.0,8,16
2026-08-22T07:55:00Z,-347.0,8,16
2026-08-22T07:50:00Z,-351.0,8,16
2026-08-22T07:45:00Z,-354.0,8,16
2026-08-22T07:40:00Z,-356.0,8,16
2026-08-22T07:35:00Z,-362.0,8,16
2026-08-22T07:30:00Z,-364.0,8,16
2026-08-22T07:25:00Z,-365.0,8,16
2026-08-22T07:20:00Z,-369.0,8,16
2026-08-22T07:15:00Z,-371.0,8,16
2026-08-22T07:10:00Z,-372.0,8,16
2026-08-22T07:05:00Z,-375.0,8,16
2026-08-22T07:00:00Z,-377.0,8,16
2026-08-22T06:55:00Z,-380.0,8,16
2026-08-22T06:50:00Z,-380.0,8,16
2026-08-22T06:45:00Z,-381.0,8,16
2026-08-22T06:40:00Z,-384.0,8,16
2026-08-22T06:35:00Z,-385.0,8,16
2026-08-22T06:30:00Z,-386.0,8,16
2026-08-22T06:25:00Z,-389.0,8,16
2026-08-22T06:20:00Z,-391.0,8,16
2026-08-22T06:15:00Z,-392.0,8,16
2026-08-22T06:10:00Z,-394.0,8,16
2026-08-22T06:05:00Z,-394.0,8,16
2026-08-22T06:00:00Z,-397.0,8,16
2026-08-22T05:55:00Z,-396.0,8,16
2026-08-22T05:50:00Z,-399.0,8,16
2026-08-22T05:45:00Z,-401.0,8,16
2026-08-22T05:40:00Z,-402.0,8,16
2026-08-22T05:35:00Z,-401.0,8,16
2026-08-22T05:30:00Z,-402.0,8,16
2026-08-22T05:25:00Z,-407.0,8,16
2026-08-22T05:20:00Z,-406.0,8,16
2026-08-22T05:15:00Z,-409.0,8,16
2026-08-22T05:10:00Z,-409.0,8,16
2026-08-22T05:05:00Z,-410.0,8,16
2026-08-22T05:00:00Z,-411.0,8,16
2026-08-22T04:55:00Z,-415.0,8,16
2026-08-22T04:50:00Z,-416.0,8,16
2026-08-22T04:45:00Z,-415.0,8,16
2026-08-22T04:40:00Z,-419.0,8,16
2026-08-22T04:35:00Z,-420.0,8,16
2026-08-22T04:30:00Z,-424.0,8,16
2026-08-22T04:25:00Z,-422.0,8,16
2026-08-22T04:20:00Z,-424.0,8,16
2026-08-22T04:15:00Z,-426.0,8,16
2026-08-22T04:10:00Z,-427.0,8,16
2026-08-22T04:05:00Z,-427.0,8,16
2026-08-22T04:00:00Z,-431.0,8,16
2026-08-22T03:55:00Z,-432.0,8,16
2026-08-22T03:50:00Z,-436.0,8,16
2026-08-22T03:45:00Z,-439.0,8,16
2026-08-22T03:40:00Z,-441.0,8,16
2026-08-22T03:35:00Z,-444.0,8,16
2026-08-22T03:30:00Z,-447.0,8,16
2026-08-22T03:25:00Z,-451.0,8,16
2026-08-22T03:20:00Z,-452.0,8,16
2026-08-22T03:15:00Z,-456.0,8,16
2026-08-22T03:10:00Z,-456.0,8,16
2026-08-22T03:05:00Z,-460.0,8,16
2026-08-22T03:00:00Z,-464.0,8,16
2026-08-22T02:55:00Z,-466.0,8,16
2026-08-22T02:50:00Z,-471.0,8,16
2026-08-22T02:45:00Z,-472.0,8,16
2026-08-22T02:40:00Z,-480.0,8,16
2026-08-22T02:35:00Z,-482.0,8,16
2026-08-22T02:30:00Z,-484.0,8,16
2026-08-22T02:25:00Z,-489.0,8,16
2026-08-22T02:20:00Z,-497.0,8,16
2026-08-22T02:15:00Z,-499.0,8,16
2026-08-22T02:10:00Z,-502.0,8,16
2026-08-22T02:05:00Z,-507.0,8,16
2026-08-22T02:00:00Z,-511.0,8,16
2026-08-22T01:55:00Z,-515.0,8,16
2026-08-22T01:50:00Z,-516.0,8,16
2026-08-22T01:45:00Z,-524.0,8,16
2026-08-22T01:40:00Z,-527.0,8,16
2026-08-22T01:35:00Z,-527.0,8,16
2026-08-22T01:30:00Z,-532.0,8,16
2026-08-22T01:25:00Z,-539.0,8,16
2026-08-22T01:20:00Z,-542.0,8,16
2026-08-22T01:15:00Z,-544.0,8,16
2026-08-22T01:10:00Z,-546.0,8,16
2026-08-22T01:05:00Z,-551.0,8,16
2026-08-22T01:00:00Z,-554.0,8,16
2026-08-22T00:55:00Z,-557.0,8,16
2026-08-22T00:50:00Z,-561.0,8,16
2026-08-22T00:45:00Z,-566.0,8,16
2026-08-22T00:40:00Z,-571.0,8,16
2026-08-22T00:35:00Z,-572.0,8,16
2026-08-22T00:30:00Z,-574.0,8,16
2026-08-22T00:25:00Z,-579.0,8,16
2026-08-22T00:20:00Z,-579.0,8,16
2026-08-22T00:15:00Z,-585.0,8,16
2026-08-22T00:10:00Z,-585.0,8,16
2026-08-22T00:05:00Z,-591.0,8,16
2026-08-22T00:00:00Z,-591.0,8,16
2026-08-21T23:55:00Z,-597.0,8,16
2026-08-21T23:50:00Z,-597.0,8,16
2026-08-21T23:45:00Z,-601.0,8,16
2026-08-21T23:40:00Z,-602.0,8,16
2026-08-21T23:35:00Z,-609.0,8,16
2026-08-21T23:30:00Z,-610.0,8,16
2026-08-21T23:25:00Z,-614.0,8,16
2026-08-21T23:20:00Z,-617.0,8,16
2026-08-21T23:15:00Z,-617.0,8,16
2026-08-21T23:10:00Z,-621.0,8,16
2026-08-21T23:05:00Z,-620.0,8,16
2026-08-21T23:00:00Z,-626.0,8,16
2026-08-21T22:55:00Z,-629.0,8,16
2026-08-21T22:50:00Z,-626.0,8,16
2026-08-21T22:45:00Z,-630.0,8,16
2026-08-21T22:40:00Z,-635.0,8,16
2026-08-21T22:35:00Z,-635.0,8,16
2026-08-21T22:30:00Z,-639.0,8,16
2026-08-21T22:25:00Z,-640.0,8,16
2026-08-21T22:20:00Z,-637.0,8,16
2026-08-21T22:15:00Z,-641.0,8,16
2026-08-21T22:10:00Z,-645.0,8,16
2026-08-21T22:05:00Z,-637.0,8,16
2026-08-21T22:00:00Z,-644.0,8,16
2026-08-21T21:55:00Z,-647.0,8,16
2026-08-21T21:50:00Z,-641.0,8,16
2026-08-21T21:45:00Z,-644.0,8,16
2026-08-21T21:40:00Z,-636.0,8,16
2026-08-21T21:35:00Z,-642.0,8,16
2026-08-21T21:30:00Z,-641.0,8,16
2026-08-21T21:25:00Z,-641.0,8,16
2026-08-21T21:20:00Z,-637.0,8,16
2026-08-21T21:15:00Z,-640.0,8,16
2026-08-21T21:10:00Z,-636.0,8,16
2026-08-21T21:05:00Z,-635.0,8,16
2026-08-21T21:00:00Z,-636.0,8,16
2026-08-21T20:55:00Z,-641.0,8,16
2026-08-21T20:50:00Z,-639.0,8,16
2026-08-21T20:45:00Z,-641.0,8,16
2026-08-21T20:40:00Z,-640.0,8,16
2026-08-21T20:35:00Z,-640.0,8,16
2026-08-21T20:30:00Z,-644.0,8,16
2026-08-21T20:25:00Z,-641.0,8,16
2026-08-21T20:20:00Z,-644.0,8,16
2026-08-21T20:15:00Z,-646.0,8,16
2026-08-21T20:10:00Z,-650.0,8,16
2026-08-21T20:05:00Z,-650.0,8,16
2026-08-21T20:00:00Z,-654.0,8,16
2026-08-21T19:55:00Z,-652.0,8,16
2026-08-21T19:50:00Z,-656.0,8,16
2026-08-21T19:45:00Z,-655.0,8,16
2026-08-21T19:40:00Z,-654.0,8,16
2026-08-21T19:35:00Z,-657.0,8,16
2026-08-21T19:30:00Z,-657.0,8,16
2026-08-21T19:25:00Z,-657.0,8,16
2026-08-21T19:20:00Z,-659.0,8,16
2026-08-21T19:15:00Z,-659.0,8,16
2026-08-21T19:10:00Z,-665.0,8,16
2026-08-21T19:05:00Z,-662.0,8,16
2026-08-21T19:00:00Z,-664.0,8,16
2026-08-21T18:55:00Z,-666.0,8,16
2026-08-21T18:50:00Z,-671.0,8,16
2026-08-21T18:45:00Z,-667.0,8,16
2026-08-21T18:40:00Z,-669.0,8,16
2026-08-21T18:35:00Z,-665.0,8,16
2026-08-21T18:30:00Z,-669.0,8,16
2026-08-21T18:25:00Z,-672.0,8,16
2026-08-21T18:20:00Z,-677.0,8,16
2026-08-21T18:15:00Z,-680.0,8,16
2026-08-21T18:10:00Z,-681.0,8,16
2026-08-21T18:05:00Z,-686.0,8,16
2026-08-21T18:00:00Z,-690.0,8,16
2026-08-21T17:55:00Z,-694.0,8,16
2026-08-21T17:50:00Z,-692.0,8,16
2026-08-21T17:45:00Z,-697.0,8,16
2026-08-21T17:40:00Z,-696.0,8,16
2026-08-21T17:35:00Z,-697.0,8,16
2026-08-21T17:30:00Z,-699.0,8,16
2026-08-21T17:25:00Z,-697.0,8,16
2026-08-21T17:20:00Z,-701.0,8,16
2026-08-21T17:15:00Z,-695.0,8,16
2026-08-21T17:10:00Z,-690.0,8,16
2026-08-21T17:05:00Z,-691.0,8,16
2026-08-21T17:00:00Z,-690.0,8,16
2026-08-21T16:55:00Z,-686.0,8,16
2026-08-21T16:50:00Z,-682.0,8,16
2026-08-21T16:45:00Z,-681.0,8,16
2026-08-21T16:40:00Z,-676.0,8,16
2026-08-21T16:35:00Z,-675.0,8,16
2026-08-21T16:30:00Z,-671.0,8,16
2026-08-21T16:25:00Z,-665.0,8,16
2026-08-21T16:20:00Z,-661.0,8,16
2026-08-21T16:15:00Z,-654.0,8,16
2026-08-21T16:10:00Z,-649.0,8,16
2026-08-21T16:05:00Z,-644.0,8,16
2026-08-21T16:00:00Z,-637.0,8,16
2026-08-21T15:55:00Z,-634.0,8,16
2026-08-21T15:50:00Z,-626.0,8,16
2026-08-21T15:45:00Z,-621.0,8,16
2026-08-21T15:40:00Z,-616.0,8,16
2026-08-21T15:35:00Z,-611.0,8,16
2026-08-21T15:30:00Z,-607.0,8,16
2026-08-21T15:25:00Z,-600.0,8,16
2026-08-21T15:20:00Z,-597.0,8,16
2026-08-21T15:15:00Z,-594.0,8,16
2026-08-21T15:10:00Z,-589.0,8,16
2026-08-21T15:05:00Z,-584.0,8,16
2026-08-21T15:00:00Z,-581.0,8,16
2026-08-21T14:55:00Z,-577.0,8,16
2026-08-21T14:50:00Z,-575.0,8,16
2026-08-21T14:45:00Z,-572.0,8,16
2026-08-21T14:40:00Z,-570.0,8,16
2026-08-21T14:35:00Z,-567.0,8,16
2026-08-21T14:30:00Z,-565.0,8,16
2026-08-21T14:25:00Z,-564.0,8,16
2026-08-21T14:20:00Z,-565.0,8,16
2026-08-21T14:15:00Z,-560.0,8,16
2026-08-21T14:10:00Z,-560.0,8,16
2026-08-21T14:05:00Z,-557.0,8,16
2026-08-21T14:00:00Z,-555.0,8,16
2026-08-21T13:55:00Z,-559.0,8,16
2026-08-21T13:50:00Z,-552.0,8,16
2026-08-21T13:45:00Z,-550.0,8,16
2026-08-21T13:40:00Z,-547.0,8,16
2026-08-21T13:35:00Z,-547.0,8,16
2026-08-21T13:30:00Z,-550.0,8,16
2026-08-21T13:25:00Z,-549.0,8,16
2026-08-21T13:20:00Z,-549.0,8,16
2026-08-21T13:15:00Z,-549.0,8,16
2026-08-21T13:10:00Z,-545.0,8,16
2026-08-21T13:05:00Z,-550.0,8,16
2026-08-21T13:00:00Z,-550.0,8,16
2026-08-21T12:55:00Z,-547.0,8,16
2026-08-21T12:50:00Z,-555.0,8,16
2026-08-21T12:45:00Z,-544.0,8,16
2026-08-21T12:40:00Z,-542.0,8,16
2026-08-21T12:35:00Z,-531.0,8,16
2026-08-21T12:30:00Z,-526.0,8,16
2026-08-21T12:25:00Z,-526.0,8,16
2026-08-21T12:20:00Z,-530.0,8,16
2026-08-21T12:15:00Z,-527.0,8,16
2026-08-21T12:10:00Z,-527.0,8,16
2026-08-21T12:05:00Z,-517.0,8,16
2026-08-21T12:00:00Z,-519.0,8,16
2026-08-21T11:55:00Z,-510.0,8,16
2026-08-21T11:50:00Z,-510.0,8,16
2026-08-21T11:45:00Z,-506.0,8,16
2026-08-21T11:40:00Z,-506.0,8,16
2026-08-21T11:35:00Z,-502.0,8,16
2026-08-21T11:30:00Z,-502.0,8,16
2026-08-21T11:25:00Z,-501.0,8,16
2026-08-21T11:20:00Z,-501.0,8,16
2026-08-21T11:15:00Z,-501.0,8,16
2026-08-21T11:10:00Z,-494.0,8,16
2026-08-21T11:05:00Z,-495.0,8,16
2026-08-21T11:00:00Z,-492.0,8,16
2026-08-21T10:55:00Z,-492.0,8,16
2026-08-21T10:50:00Z,-495.0,8,16
2026-08-21T10:45:00Z,-495.0,8,16
2026-08-21T10:40:00Z,-496.0,8,16
2026-08-21T10:35:00Z,-496.0,8,16
2026-08-21T10:30:00Z,-496.0,8,16
2026-08-21T10:25:00Z,-495.0,8,16
2026-08-21T10:20:00Z,-496.0,8,16
2026-08-21T10:15:00Z,-499.0,8,16
2026-08-21T10:10:00Z,-499.0,8,16
2026-08-21T10:05:00Z,-500.0,8,16
2026-08-21T10:00:00Z,-501.0,8,16
2026-08-21T09:55:00Z,-501.0,8,16
2026-08-21T09:50:00Z,-501.0,8,16
2026-08-21T09:45:00Z,-501.0,8,16
2026-08-21T09:40:00Z,-507.0,8,16
2026-08-21T09:35:00Z,-506.0,8,16
2026-08-21T09:30:00Z,-509.0,8,16
2026-08-21T09:25:00Z,-504.0,8,16
2026-08-21T09:20:00Z,-519.0,8,16
2026-08-21T09:15:00Z,-501.0,8,16
2026-08-21T09:10:00Z,-501.0,8,16
2026-08-21T09:05:00Z,-511.0,8,16
2026-08-21T09:00:00Z,-501.0,8,16
2026-08-21T08:55:00Z,-497.0,8,16
2026-08-21T08:50:00Z,-501.0,8,16
2026-08-21T08:45:00Z,-501.0,8,16
2026-08-21T08:40:00Z,-510.0,8,16
2026-08-21T08:35:00Z,-502.0,8,16
2026-08-21T08:30:00Z,-502.0,8,16
2026-08-21T08:25:00Z,-504.0,8,16
2026-08-21T08:20:00Z,-502.0,8,16
2026-08-21T08:15:00Z,-504.0,8,16
2026-08-21T08:10:00Z,-507.0,8,16
2026-08-21T08:05:00Z,-506.0,8,16
2026-08-21T08:00:00Z,-509.0,8,16
2026-08-21T07:55:00Z,-506.0,8,16
2026-08-21T07:50:00Z,-502.0,8,16
2026-08-21T07:45:00Z,-501.0,8,16
2026-08-21T07:40:00Z,-501.0,8,16
2026-08-21T07:35:00Z,-501.0,8,16
2026-08-21T07:30:00Z,-499.0,8,16
2026-08-21T07:25:00Z,-499.0,8,16
2026-08-21T07:20:00Z,-496.0,8,16
2026-08-21T07:15:00Z,-494.0,8,16
2026-08-21T07:10:00Z,-491.0,8,16
2026-08-21T07:05:00Z,-490.0,8,16
2026-08-21T07:00:00Z,-486.0,8,16
2026-08-21T06:55:00Z,-486.0,8,16
2026-08-21T06:50:00Z,-484.0,8,16
2026-08-21T06:45:00Z,-480.0,8,16
2026-08-21T06:40:00Z,-477.0,8,16
2026-08-21T06:35:00Z,-476.0,8,16
2026-08-21T06:30:00Z,-474.0,8,16
2026-08-21T06:25:00Z,-472.0,8,16
2026-08-21T06:20:00Z,-464.0,8,16
2026-08-21T06:15:00Z,-466.0,8,16
2026-08-21T06:10:00Z,-461.0,8,16
2026-08-21T06:05:00Z,-461.0,8,16
2026-08-21T06:00:00Z,-461.0,8,16
2026-08-21T05:55:00Z,-456.0,8,16
2026-08-21T05:50:00Z,-456.0,8,16
2026-08-21T05:45:00Z,-451.0,8,16
2026-08-21T05:40:00Z,-450.0,8,16
2026-08-21T05:35:00Z,-450.0,8,16
2026-08-21T05:30:00Z,-446.0,8,16
2026-08-21T05:25:00Z,-445.0,8,16
2026-08-21T05:20:00Z,-445.0,8,16
2026-08-21T05:15:00Z,-444.0,8,16
2026-08-21T05:10:00Z,-441.0,8,16
2026-08-21T05:05:00Z,-442.0,8,16
2026-08-21T05:00:00Z,-439.0,8,16
2026-08-21T04:55:00Z,-439.0,8,16
2026-08-21T04:50:00Z,-439.0,8,16
2026-08-21T04:45:00Z,-441.0,8,16
2026-08-21T04:40:00Z,-440.0,8,16
2026-08-21T04:35:00Z,-440.0,8,16
2026-08-21T04:30:00Z,-440.0,8,16
2026-08-21T04:25:00Z,-440.0,8,16
2026-08-21T04:20:00Z,-440.0,8,16
2026-08-21T04:15:00Z,-442.0,8,16
2026-08-21T04:10:00Z,-441.0,8,16
2026-08-21T04:05:00Z,-442.0,8,16
2026-08-21T04:00:00Z,-444.0,8,16
2026-08-21T03:55:00Z,-445.0,8,16
2026-08-21T03:50:00Z,-445.0,8,16
2026-08-21T03:45:00Z,-446.0,8,16
2026-08-21T03:40:00Z,-446.0,8,16
2026-08-21T03:35:00Z,-447.0,8,16
2026-08-21T03:30:00Z,-451.0,8,16
2026-08-21T03:25:00Z,-450.0,8,16
2026-08-21T03:20:00Z,-454.0,8,16
2026-08-21T03:15:00Z,-454.0,8,16
2026-08-21T03:10:00Z,-456.0,8,16
2026-08-21T03:05:00Z,-457.0,8,16
2026-08-21T03:00:00Z,-460.0,8,16
2026-08-21T02:55:00Z,-461.0,8,16
2026-08-21T02:50:00Z,-464.0,8,16
2026-08-21T02:45:00Z,-466.0,8,16
2026-08-21T02:40:00Z,-469.0,8,16
2026-08-21T02:35:00Z,-472.0,8,16
2026-08-21T02:30:00Z,-475.0,8,16
2026-08-21T02:25:00Z,-476.0,8,16
2026-08-21T02:20:00Z,-481.0,8,16
2026-08-21T02:15:00Z,-484.0,8,16
2026-08-21T02:10:00Z,-486.0,8,16
2026-08-21T02:05:00Z,-487.0,8,16
2026-08-21T02:00:00Z,-492.0,8,16
2026-08-21T01:55:00Z,-496.0,8,16
2026-08-21T01:50:00Z,-499.0,8,16
2026-08-21T01:45:00Z,-501.0,8,16
2026-08-21T01:40:00Z,-502.0,8,16
2026-08-21T01:35:00Z,-507.0,8,16
2026-08-21T01:30:00Z,-510.0,8,16
2026-08-21T01:25:00Z,-514.0,8,16
2026-08-21T01:20:00Z,-517.0,8,16
2026-08-21T01:15:00Z,-521.0,8,16
2026-08-21T01:10:00Z,-521.0,8,16
2026-08-21T01:05:00Z,-525.0,8,16
2026-08-21T01:00:00Z,-531.0,8,16
2026-08-21T00:55:00Z,-532.0,8,16
2026-08-21T00:50:00Z,-531.0,8,16
2026-08-21T00:45:00Z,-536.0,8,16
2026-08-21T00:40:00Z,-537.0,8,16
2026-08-21T00:35:00Z,-540.0,8,16
2026-08-21T00:30:00Z,-545.0,8,16
2026-08-21T00:25:00Z,-541.0,8,16
2026-08-21T00:20:00Z,-544.0,8,16
2026-08-21T00:15:00Z,-547.0,8,16
2026-08-21T00:10:00Z,-546.0,8,16
2026-08-21T00:05:00Z,-545.0,8,16
2026-08-21T00:00:00Z,-547.0,8,16
