"Date (TU)","Valeur (en mm)","Statut","Qualification","Méthode","Continuité"
2026-06-01T00:05:00.000Z,"227","12",16,10,0
2026-06-01T01:15:00.000Z,"196","12",16,10,0
2026-06-01T02:20:00.000Z,"172","12",16,10,0
2026-06-01T03:20:00.000Z,"158","12",16,10,0
2026-06-01T04:35:00.000Z,"164","12",16,10,0
2026-06-01T07:10:00.000Z,"204","12",16,10,0
2026-06-01T08:00:00.000Z,"232","12",16,10,0
2026-06-01T08:30:00.000Z,"239","12",16,10,0
2026-06-01T09:15:00.000Z,"230","12",16,10,0
2026-06-01T09:30:00.000Z,"218","12",16,10,0
2026-06-01T09:45:00.000Z,"222","12",16,10,0
2026-06-01T10:00:00.000Z,"211","12",16,10,0
2026-06-01T10:20:00.000Z,"209","12",16,10,0
2026-06-01T10:50:00.000Z,"189","12",16,10,0
2026-06-01T11:40:00.000Z,"181","12",16,10,0
2026-06-01T11:55:00.000Z,"171","12",16,10,0
2026-06-01T12:30:00.000Z,"178","12",16,10,0
2026-06-01T12:45:00.000Z,"169","12",16,10,0
2026-06-01T13:00:00.000Z,"177","12",16,10,0
2026-06-01T13:20:00.000Z,"171","12",16,10,0
2026-06-01T13:35:00.000Z,"181","12",16,10,0
2026-06-01T14:05:00.000Z,"175","12",16,10,0
2026-06-01T14:20:00.000Z,"182","12",16,10,0
2026-06-01T14:40:00.000Z,"167","12",16,10,0
2026-06-01T15:20:00.000Z,"168","12",16,10,0
2026-06-01T15:30:00.000Z,"174","12",16,10,0
2026-06-01T16:05:00.000Z,"169","12",16,10,0
2026-06-01T17:10:00.000Z,"187","12",16,10,0
2026-06-01T17:30:00.000Z,"181","12",16,10,0
2026-06-01T19:20:00.000Z,"201","12",16,10,0
2026-06-01T19:45:00.000Z,"224","12",16,10,0
2026-06-01T20:30:00.000Z,"289","12",16,10,0
2026-06-01T20:55:00.000Z,"316","12",16,10,0
2026-06-01T21:15:00.000Z,"330","12",16,10,0
2026-06-01T21:35:00.000Z,"333","12",16,10,0
2026-06-01T22:30:00.000Z,"307","12",16,10,0
2026-06-02T00:35:00.000Z,"224","12",16,10,0
2026-06-02T01:30:00.000Z,"195","12",16,10,0
2026-06-02T02:45:00.000Z,"173","12",16,10,0
2026-06-02T03:50:00.000Z,"174","12",16,10,0
2026-06-02T05:00:00.000Z,"162","12",16,10,0
2026-06-02T06:55:00.000Z,"109","12",16,10,0
2026-06-02T07:15:00.000Z,"86","12",16,10,0
2026-06-02T07:30:00.000Z,"78","12",16,10,0
2026-06-02T07:45:00.000Z,"78","12",16,10,0
2026-06-02T08:20:00.000Z,"55","12",16,10,0
2026-06-02T08:45:00.000Z,"52","12",16,10,0
2026-06-02T09:00:00.000Z,"67","12",16,10,0
2026-06-02T09:10:00.000Z,"67","12",16,10,0
2026-06-02T09:45:00.000Z,"48","12",16,10,0
2026-06-02T10:25:00.000Z,"57","12",16,10,0
2026-06-02T10:40:00.000Z,"67","12",16,10,0
2026-06-02T11:00:00.000Z,"63","12",16,10,0
2026-06-02T13:50:00.000Z,"155","12",16,10,0
2026-06-02T14:15:00.000Z,"155","12",16,10,0
2026-06-02T14:45:00.000Z,"169","12",16,10,0
2026-06-02T15:40:00.000Z,"166","12",16,10,0
2026-06-02T17:15:00.000Z,"132","12",16,10,0
2026-06-02T17:40:00.000Z,"117","12",16,10,0
2026-06-02T18:10:00.000Z,"109","12",16,10,0
2026-06-02T18:40:00.000Z,"110","12",16,10,0
2026-06-02T20:05:00.000Z,"142","12",16,10,0
2026-06-02T20:40:00.000Z,"174","12",16,10,0
2026-06-02T21:20:00.000Z,"200","12",16,10,0
2026-06-02T21:50:00.000Z,"217","12",16,10,0
2026-06-02T22:10:00.000Z,"219","12",16,10,0
2026-06-02T22:25:00.000Z,"231","12",16,10,0
2026-06-02T22:35:00.000Z,"231","12",16,10,0
2026-06-02T23:35:00.000Z,"216","12",16,10,0
2026-06-03T00:00:00.000Z,"187","12",16,10,0
2026-06-03T00:20:00.000Z,"187","12",16,10,0
2026-06-03T02:05:00.000Z,"110","12",16,10,0
2026-06-03T03:25:00.000Z,"70","12",16,10,0
2026-06-03T04:30:00.000Z,"58","12",16,10,0
2026-06-03T06:10:00.000Z,"70","12",16,10,0
2026-06-03T07:15:00.000Z,"69","12",16,10,0
2026-06-03T07:40:00.000Z,"62","12",16,10,0
2026-06-03T07:55:00.000Z,"50","12",16,10,0
2026-06-03T08:10:00.000Z,"54","12",16,10,0
2026-06-03T09:00:00.000Z,"37","12",16,10,0
2026-06-03T09:35:00.000Z,"7","12",16,10,0
2026-06-03T10:05:00.000Z,"2","12",16,10,0
2026-06-03T10:35:00.000Z,"-22","12",16,10,0
2026-06-03T11:10:00.000Z,"-20","12",16,10,0
2026-06-03T11:30:00.000Z,"-31","12",16,10,0
2026-06-03T12:00:00.000Z,"-26","12",16,10,0
2026-06-03T12:20:00.000Z,"-39","12",16,10,0
2026-06-03T12:45:00.000Z,"-41","12",16,10,0
2026-06-03T13:10:00.000Z,"-33","12",16,10,0
2026-06-03T13:50:00.000Z,"-3","12",16,10,0
2026-06-03T14:20:00.000Z,"31","12",16,10,0
2026-06-03T14:35:00.000Z,"57","12",16,10,0
2026-06-03T14:50:00.000Z,"67","12",16,10,0
2026-06-03T15:20:00.000Z,"115","12",16,10,0
2026-06-03T15:35:00.000Z,"121","12",16,10,0
2026-06-03T15:50:00.000Z,"142","12",16,10,0
2026-06-03T16:20:00.000Z,"158","12",16,10,0
2026-06-03T16:55:00.000Z,"187","12",16,10,0
2026-06-03T17:10:00.000Z,"191","12",16,10,0
2026-06-03T17:45:00.000Z,"218","12",16,10,0
2026-06-03T18:00:00.000Z,"223","12",16,10,0
2026-06-03T18:50:00.000Z,"220","12",16,10,0
2026-06-03T21:10:00.000Z,"190","12",16,10,0
2026-06-03T23:15:00.000Z,"177","12",16,10,0
2026-06-04T01:35:00.000Z,"184","12",16,10,0
2026-06-04T02:25:00.000Z,"173","12",16,10,0
2026-06-04T04:40:00.000Z,"125","12",16,10,0
2026-06-04T07:00:00.000Z,"161","12",16,10,0
2026-06-04T07:15:00.000Z,"160","12",16,10,0
2026-06-04T07:35:00.000Z,"185","12",16,10,0
2026-06-04T08:10:00.000Z,"206","12",16,10,0
2026-06-04T09:20:00.000Z,"215","12",16,10,0
2026-06-04T10:00:00.000Z,"227","12",16,10,0
2026-06-04T10:15:00.000Z,"225","12",16,10,0
2026-06-04T10:50:00.000Z,"240","12",16,10,0
2026-06-04T11:35:00.000Z,"243","12",16,10,0
2026-06-04T12:05:00.000Z,"253","12",16,10,0
2026-06-04T12:50:00.000Z,"238","12",16,10,0
2026-06-04T13:45:00.000Z,"246","12",16,10,0
2026-06-04T14:10:00.000Z,"237","12",16,10,0
2026-06-04T14:25:00.000Z,"217","12",16,10,0
2026-06-04T15:00:00.000Z,"207","12",16,10,0
2026-06-04T15:15:00.000Z,"196","12",16,10,0
2026-06-04T15:45:00.000Z,"207","12",16,10,0
2026-06-04T16:50:00.000Z,"197","12",16,10,0
2026-06-04T17:05:00.000Z,"190","12",16,10,0
2026-06-04T17:40:00.000Z,"193","12",16,10,0
2026-06-04T17:55:00.000Z,"185","12",16,10,0
2026-06-04T18:30:00.000Z,"194","12",16,10,0
2026-06-04T19:10:00.000Z,"227","12",16,10,0
2026-06-04T19:30:00.000Z,"229","12",16,10,0
2026-06-04T19:55:00.000Z,"246","12",16,10,0
2026-06-04T21:15:00.000Z,"276","12",16,10,0
2026-06-04T22:35:00.000Z,"299","12",16,10,0
2026-06-04T23:15:00.000Z,"303","12",16,10,0
2026-06-05T00:10:00.000Z,"302","12",16,10,0
2026-06-05T01:05:00.000Z,"292","12",16,10,0
2026-06-05T02:25:00.000Z,"267","12",16,10,0
2026-06-05T03:25:00.000Z,"241","12",16,10,0
2026-06-05T04:35:00.000Z,"226","12",16,10,0
2026-06-05T05:40:00.000Z,"231","12",16,10,0
2026-06-05T07:30:00.000Z,"274","12",16,10,0
2026-06-05T08:50:00.000Z,"290","12",16,10,0
2026-06-05T09:45:00.000Z,"278","12",16,10,0
2026-06-05T10:30:00.000Z,"250","12",16,10,0
2026-06-05T11:05:00.000Z,"235","12",16,10,0
2026-06-05T14:10:00.000Z,"214","12",16,10,0
2026-06-05T15:30:00.000Z,"233","12",16,10,0
2026-06-05T16:50:00.000Z,"284","12",16,10,0
2026-06-05T17:40:00.000Z,"294","12",16,10,0
2026-06-05T18:20:00.000Z,"281","12",16,10,0
2026-06-05T20:25:00.000Z,"204","12",16,10,0
2026-06-05T21:20:00.000Z,"186","12",16,10,0
2026-06-05T21:50:00.000Z,"196","12",16,10,0
2026-06-05T23:35:00.000Z,"260","12",16,10,0
2026-06-06T00:10:00.000Z,"270","12",16,10,0
2026-06-06T03:05:00.000Z,"275","12",16,10,0
2026-06-06T05:20:00.000Z,"241","12",16,10,0
2026-06-06T06:30:00.000Z,"235","12",16,10,0
2026-06-06T07:30:00.000Z,"246","12",16,10,0
2026-06-06T08:20:00.000Z,"265","12",16,10,0
2026-06-06T08:45:00.000Z,"253","12",16,10,0
2026-06-06T08:55:00.000Z,"255","12",16,10,0
2026-06-06T09:55:00.000Z,"290","12",16,10,0
2026-06-06T10:25:00.000Z,"313","12",16,10,0
2026-06-06T11:45:00.000Z,"348","12",16,10,0
2026-06-06T14:00:00.000Z,"355","12",16,10,0
2026-06-06T15:10:00.000Z,"348","12",16,10,0
2026-06-06T16:55:00.000Z,"352","12",16,10,0
2026-06-06T17:10:00.000Z,"343","12",16,10,0
2026-06-06T18:15:00.000Z,"344","12",16,10,0
2026-06-06T18:30:00.000Z,"338","12",16,10,0
2026-06-06T19:00:00.000Z,"345","12",16,10,0
2026-06-06T19:15:00.000Z,"337","12",16,10,0
2026-06-06T20:55:00.000Z,"324","12",16,10,0
2026-06-06T21:35:00.000Z,"314","12",16,10,0
2026-06-06T22:15:00.000Z,"296","12",16,10,0
2026-06-06T23:55:00.000Z,"231","12",16,10,0
2026-06-07T00:40:00.000Z,"212","12",16,10,0
2026-06-07T02:20:00.000Z,"196","12",16,10,0
2026-06-07T03:00:00.000Z,"211","12",16,10,0
2026-06-07T04:25:00.000Z,"278","12",16,10,0
2026-06-07T05:35:00.000Z,"317","12",16,10,0
2026-06-07T06:55:00.000Z,"348","12",16,10,0
2026-06-07T08:15:00.000Z,"360","12",16,10,0
2026-06-07T09:10:00.000Z,"355","12",16,10,0
2026-06-07T12:10:00.000Z,"319","12",16,10,0
2026-06-07T14:25:00.000Z,"311","12",16,10,0
2026-06-07T15:15:00.000Z,"301","12",16,10,0
2026-06-07T16:35:00.000Z,"253","12",16,10,0
2026-06-07T19:00:00.000Z,"136","12",16,10,0
2026-06-07T20:15:00.000Z,"90","12",16,10,0
2026-06-07T21:00:00.000Z,"74","12",16,10,0
2026-06-07T21:35:00.000Z,"78","12",16,10,0
2026-06-07T23:10:00.000Z,"131","12",16,10,0
2026-06-08T00:20:00.000Z,"155","12",16,10,0
2026-06-08T00:55:00.000Z,"161","12",16,10,0
2026-06-08T01:35:00.000Z,"156","12",16,10,0
2026-06-08T03:50:00.000Z,"84","12",16,10,0
2026-06-08T06:20:00.000Z,"16","12",16,10,0
2026-06-08T06:45:00.000Z,"-6","12",16,10,0
2026-06-08T07:00:00.000Z,"-10","12",16,10,0
2026-06-08T07:35:00.000Z,"-37","12",16,10,0
2026-06-08T08:30:00.000Z,"-67","12",16,10,0
2026-06-08T09:30:00.000Z,"-61","12",16,10,0
2026-06-08T11:00:00.000Z,"-1","12",16,10,0
2026-06-08T11:35:00.000Z,"7","12",16,10,0
2026-06-08T12:00:00.000Z,"24","12",16,10,0
2026-06-08T12:15:00.000Z,"24","12",16,10,0
2026-06-08T12:30:00.000Z,"38","12",16,10,0
2026-06-08T12:55:00.000Z,"42","12",16,10,0
2026-06-08T13:25:00.000Z,"57","12",16,10,0
2026-06-08T14:20:00.000Z,"61","12",16,10,0
2026-06-08T15:00:00.000Z,"53","12",16,10,0
2026-06-08T15:30:00.000Z,"40","12",16,10,0
2026-06-08T16:30:00.000Z,"36","12",16,10,0
2026-06-08T16:45:00.000Z,"44","12",16,10,0
2026-06-08T17:55:00.000Z,"46","12",16,10,0
2026-06-08T18:55:00.000Z,"62","12",16,10,0
2026-06-08T19:20:00.000Z,"62","12",16,10,0
2026-06-08T20:35:00.000Z,"37","12",16,10,0
2026-06-08T21:05:00.000Z,"33","12",16,10,0
2026-06-08T23:10:00.000Z,"-40","12",16,10,0
2026-06-09T00:40:00.000Z,"-78","12",16,10,0
2026-06-09T01:05:00.000Z,"-74","12",16,10,0
2026-06-09T01:30:00.000Z,"-55","12",16,10,0
2026-06-09T01:45:00.000Z,"-53","12",16,10,0
2026-06-09T02:05:00.000Z,"-23","12",16,10,0
2026-06-09T02:25:00.000Z,"-5","12",16,10,0
2026-06-09T02:35:00.000Z,"-1","12",16,10,0
2026-06-09T03:05:00.000Z,"-10","12",16,10,0
2026-06-09T03:20:00.000Z,"-5","12",16,10,0
2026-06-09T03:55:00.000Z,"-25","12",16,10,0
2026-06-09T04:25:00.000Z,"-52","12",16,10,0
2026-06-09T04:50:00.000Z,"-62","12",16,10,0
2026-06-09T05:15:00.000Z,"-80","12",16,10,0
2026-06-09T05:50:00.000Z,"-118","12",16,10,0
2026-06-09T06:45:00.000Z,"-152","12",16,10,0
2026-06-09T07:15:00.000Z,"-153","12",16,10,0
2026-06-09T07:35:00.000Z,"-144","12",16,10,0
2026-06-09T07:55:00.000Z,"-118","12",16,10,0
2026-06-09T08:20:00.000Z,"-98","12",16,10,0
2026-06-09T08:45:00.000Z,"-66","12",16,10,0
2026-06-09T09:30:00.000Z,"-40","12",16,10,0
2026-06-09T12:35:00.000Z,"-65","12",16,10,0
2026-06-09T12:55:00.000Z,"-61","12",16,10,0
2026-06-09T14:30:00.000Z,"-70","12",16,10,0
2026-06-09T15:30:00.000Z,"-66","12",16,10,0
2026-06-09T15:55:00.000Z,"-74","12",16,10,0
2026-06-09T16:50:00.000Z,"-65","12",16,10,0
2026-06-09T17:05:00.000Z,"-72","12",16,10,0
2026-06-09T17:40:00.000Z,"-67","12",16,10,0
2026-06-09T17:55:00.000Z,"-83","12",16,10,0
2026-06-09T18:30:00.000Z,"-72","12",16,10,0
2026-06-09T19:45:00.000Z,"-69","12",16,10,0
2026-06-09T20:15:00.000Z,"-77","12",16,10,0
2026-06-09T21:10:00.000Z,"-114","12",16,10,0
2026-06-09T21:35:00.000Z,"-119","12",16,10,0
2026-06-09T23:05:00.000Z,"-174","12",16,10,0
2026-06-10T00:50:00.000Z,"-212","12",16,10,0
2026-06-10T01:55:00.000Z,"-218","12",16,10,0
2026-06-10T03:00:00.000Z,"-203","12",16,10,0
2026-06-10T04:40:00.000Z,"-157","12",16,10,0
2026-06-10T05:35:00.000Z,"-138","12",16,10,0
2026-06-10T06:25:00.000Z,"-102","12",16,10,0
2026-06-10T06:55:00.000Z,"-89","12",16,10,0
2026-06-10T07:40:00.000Z,"-95","12",16,10,0
2026-06-10T08:10:00.000Z,"-117","12",16,10,0
2026-06-10T08:20:00.000Z,"-116","12",16,10,0
2026-06-10T08:45:00.000Z,"-138","12",16,10,0
2026-06-10T09:00:00.000Z,"-131","12",16,10,0
2026-06-10T09:15:00.000Z,"-136","12",16,10,0
2026-06-10T09:25:00.000Z,"-129","12",16,10,0
2026-06-10T09:40:00.000Z,"-130","12",16,10,0
2026-06-10T10:25:00.000Z,"-98","12",16,10,0
2026-06-10T11:10:00.000Z,"-82","12",16,10,0
2026-06-10T11:45:00.000Z,"-57","12",16,10,0
2026-06-10T12:05:00.000Z,"-36","12",16,10,0
2026-06-10T12:50:00.000Z,"-11","12",16,10,0
2026-06-10T13:55:00.000Z,"0","12",16,10,0
2026-06-10T14:25:00.000Z,"-6","12",16,10,0
2026-06-10T14:55:00.000Z,"-25","12",16,10,0
2026-06-10T15:40:00.000Z,"-32","12",16,10,0
2026-06-10T16:45:00.000Z,"-66","12",16,10,0
2026-06-10T17:00:00.000Z,"-68","12",16,10,0
2026-06-10T17:25:00.000Z,"-86","12",16,10,0
2026-06-10T18:10:00.000Z,"-94","12",16,10,0
2026-06-10T18:45:00.000Z,"-90","12",16,10,0
2026-06-10T19:00:00.000Z,"-97","12",16,10,0
2026-06-10T20:05:00.000Z,"-99","12",16,10,0
2026-06-10T20:40:00.000Z,"-92","12",16,10,0
2026-06-10T21:10:00.000Z,"-73","12",16,10,0
2026-06-10T21:40:00.000Z,"-39","12",16,10,0
2026-06-10T22:25:00.000Z,"-17","12",16,10,0
2026-06-10T22:55:00.000Z,"-19","12",16,10,0
2026-06-11T00:45:00.000Z,"-64","12",16,10,0
2026-06-11T01:35:00.000Z,"-72","12",16,10,0
2026-06-11T02:05:00.000Z,"-61","12",16,10,0
2026-06-11T02:50:00.000Z,"-25","12",16,10,0
2026-06-11T03:25:00.000Z,"-11","12",16,10,0
2026-06-11T04:55:00.000Z,"4","12",16,10,0
2026-06-11T05:55:00.000Z,"6","12",16,10,0
2026-06-11T09:15:00.000Z,"-52","12",16,10,0
2026-06-11T10:00:00.000Z,"-54","12",16,10,0
2026-06-11T12:20:00.000Z,"-40","12",16,10,0
2026-06-11T12:40:00.000Z,"-56","12",16,10,0
2026-06-11T13:15:00.000Z,"-67","12",16,10,0
2026-06-11T13:45:00.000Z,"-90","12",16,10,0
2026-06-11T14:50:00.000Z,"-107","12",16,10,0
2026-06-11T15:10:00.000Z,"-122","12",16,10,0
2026-06-11T15:35:00.000Z,"-120","12",16,10,0
2026-06-11T15:50:00.000Z,"-126","12",16,10,0
2026-06-11T17:25:00.000Z,"-119","12",16,10,0
2026-06-11T18:05:00.000Z,"-91","12",16,10,0
2026-06-11T18:50:00.000Z,"-47","12",16,10,0
2026-06-11T19:20:00.000Z,"-27","12",16,10,0
2026-06-11T20:00:00.000Z,"-12","12",16,10,0
2026-06-11T21:50:00.000Z,"6","12",16,10,0
2026-06-11T22:25:00.000Z,"-2","12",16,10,0
2026-06-12T00:25:00.000Z,"-75","12",16,10,0
2026-06-12T01:40:00.000Z,"-105","12",16,10,0
2026-06-12T02:35:00.000Z,"-118","12",16,10,0
2026-06-12T06:00:00.000Z,"-143","12",16,10,0
2026-06-12T07:10:00.000Z,"-138","12",16,10,0
2026-06-12T09:15:00.000Z,"-107","12",16,10,0
2026-06-12T10:25:00.000Z,"-53","12",16,10,0
2026-06-12T10:50:00.000Z,"-45","12",16,10,0
2026-06-12T11:15:00.000Z,"-49","12",16,10,0
2026-06-12T11:40:00.000Z,"-75","12",16,10,0
2026-06-12T12:00:00.000Z,"-78","12",16,10,0
2026-06-12T12:40:00.000Z,"-116","12",16,10,0
2026-06-12T12:55:00.000Z,"-115","12",16,10,0
2026-06-12T13:05:00.000Z,"-122","12",16,10,0
2026-06-12T13:20:00.000Z,"-142","12",16,10,0
2026-06-12T13:45:00.000Z,"-152","12",16,10,0
2026-06-12T14:10:00.000Z,"-152","12",16,10,0
2026-06-12T14:45:00.000Z,"-134","12",16,10,0
2026-06-12T16:00:00.000Z,"-54","12",16,10,0
2026-06-12T16:30:00.000Z,"-49","12",16,10,0
2026-06-12T17:00:00.000Z,"-33","12",16,10,0
2026-06-12T17:20:00.000Z,"-35","12",16,10,0
2026-06-12T17:50:00.000Z,"-46","12",16,10,0
2026-06-12T18:20:00.000Z,"-69","12",16,10,0
2026-06-12T18:40:00.000Z,"-71","12",16,10,0
2026-06-12T20:05:00.000Z,"-112","12",16,10,0
2026-06-12T22:35:00.000Z,"-204","12",16,10,0
2026-06-13T00:15:00.000Z,"-236","12",16,10,0
2026-06-13T00:40:00.000Z,"-238","12",16,10,0
2026-06-13T02:05:00.000Z,"-191","12",16,10,0
2026-06-13T03:10:00.000Z,"-175","12",16,10,0
2026-06-13T03:40:00.000Z,"-160","12",16,10,0
2026-06-13T05:05:00.000Z,"-75","12",16,10,0
2026-06-13T05:30:00.000Z,"-59","12",16,10,0
2026-06-13T06:10:00.000Z,"-47","12",16,10,0
2026-06-13T06:45:00.000Z,"-52","12",16,10,0
2026-06-13T07:10:00.000Z,"-63","12",16,10,0
2026-06-13T09:00:00.000Z,"-152","12",16,10,0
2026-06-13T10:50:00.000Z,"-231","12",16,10,0
2026-06-13T12:00:00.000Z,"-261","12",16,10,0
2026-06-13T12:40:00.000Z,"-257","12",16,10,0
2026-06-13T13:40:00.000Z,"-213","12",16,10,0
2026-06-13T14:10:00.000Z,"-204","12",16,10,0
2026-06-13T14:35:00.000Z,"-205","12",16,10,0
2026-06-13T16:15:00.000Z,"-232","12",16,10,0
2026-06-13T16:40:00.000Z,"-232","12",16,10,0
2026-06-13T17:00:00.000Z,"-222","12",16,10,0
2026-06-13T18:10:00.000Z,"-161","12",16,10,0
2026-06-13T18:45:00.000Z,"-152","12",16,10,0
2026-06-13T20:00:00.000Z,"-179","12",16,10,0
2026-06-13T22:35:00.000Z,"-280","12",16,10,0
2026-06-13T23:55:00.000Z,"-313","12",16,10,0
2026-06-14T00:35:00.000Z,"-322","12",16,10,0
2026-06-14T01:10:00.000Z,"-306","12",16,10,0
2026-06-14T02:05:00.000Z,"-249","12",16,10,0
2026-06-14T02:30:00.000Z,"-234","12",16,10,0
2026-06-14T05:05:00.000Z,"-197","12",16,10,0
2026-06-14T06:10:00.000Z,"-194","12",16,10,0
2026-06-14T07:05:00.000Z,"-215","12",16,10,0
2026-06-14T08:55:00.000Z,"-284","12",16,10,0
2026-06-14T09:15:00.000Z,"-280","12",16,10,0
2026-06-14T10:10:00.000Z,"-298","12",16,10,0
2026-06-14T11:20:00.000Z,"-349","12",16,10,0
2026-06-14T11:35:00.000Z,"-369","12",16,10,0
2026-06-14T11:50:00.000Z,"-372","12",16,10,0
2026-06-14T12:25:00.000Z,"-399","12",16,10,0
2026-06-14T13:15:00.000Z,"-421","12",16,10,0
2026-06-14T13:45:00.000Z,"-416","12",16,10,0
2026-06-14T14:05:00.000Z,"-384","12",16,10,0
2026-06-14T14:50:00.000Z,"-337","12",16,10,0
2026-06-14T15:05:00.000Z,"-315","12",16,10,0
2026-06-14T15:45:00.000Z,"-282","12",16,10,0
2026-06-14T16:00:00.000Z,"-264","12",16,10,0
2026-06-14T16:35:00.000Z,"-246","12",16,10,0
2026-06-14T17:25:00.000Z,"-243","12",16,10,0
2026-06-14T18:55:00.000Z,"-253","12",16,10,0
2026-06-14T19:45:00.000Z,"-265","12",16,10,0
2026-06-14T20:50:00.000Z,"-289","12",16,10,0
2026-06-14T22:15:00.000Z,"-332","12",16,10,0
2026-06-14T23:35:00.000Z,"-354","12",16,10,0
2026-06-15T00:10:00.000Z,"-358","12",16,10,0
2026-06-15T02:00:00.000Z,"-310","12",16,10,0
2026-06-15T02:50:00.000Z,"-301","12",16,10,0
2026-06-15T04:05:00.000Z,"-294","12",16,10,0
2026-06-15T06:20:00.000Z,"-306","12",16,10,0
2026-06-15T06:45:00.000Z,"-312","12",16,10,0
2026-06-15T08:45:00.000Z,"-380","12",16,10,0
2026-06-15T09:50:00.000Z,"-410","12",16,10,0
2026-06-15T11:30:00.000Z,"-430","12",16,10,0
2026-06-15T12:45:00.000Z,"-411","12",16,10,0
2026-06-15T13:25:00.000Z,"-392","12",16,10,0
2026-06-15T14:00:00.000Z,"-367","12",16,10,0
2026-06-15T14:45:00.000Z,"-348","12",16,10,0
2026-06-15T15:30:00.000Z,"-341","12",16,10,0
2026-06-15T19:00:00.000Z,"-343","12",16,10,0
2026-06-15T19:15:00.000Z,"-350","12",16,10,0
2026-06-15T19:35:00.000Z,"-347","12",16,10,0
2026-06-15T19:55:00.000Z,"-359","12",16,10,0
2026-06-15T20:20:00.000Z,"-362","12",16,10,0
2026-06-15T21:00:00.000Z,"-349","12",16,10,0
2026-06-15T21:20:00.000Z,"-364","12",16,10,0
2026-06-15T21:50:00.000Z,"-364","12",16,10,0
2026-06-15T22:20:00.000Z,"-374","12",16,10,0
2026-06-15T22:40:00.000Z,"-368","12",16,10,0
2026-06-15T23:00:00.000Z,"-371","12",16,10,0
2026-06-15T23:20:00.000Z,"-383","12",16,10,0
2026-06-15T23:55:00.000Z,"-395","12",16,10,0
2026-06-16T00:05:00.000Z,"-393","12",16,10,0
2026-06-16T00:30:00.000Z,"-406","12",16,10,0
2026-06-16T01:00:00.000Z,"-404","12",16,10,0
2026-06-16T01:50:00.000Z,"-413","12",16,10,0
2026-06-16T02:45:00.000Z,"-404","12",16,10,0
2026-06-16T03:30:00.000Z,"-387","12",16,10,0
2026-06-16T03:55:00.000Z,"-370","12",16,10,0
2026-06-16T04:25:00.000Z,"-368","12",16,10,0
2026-06-16T04:45:00.000Z,"-353","12",16,10,0
2026-06-16T06:45:00.000Z,"-343","12",16,10,0
2026-06-16T07:45:00.000Z,"-360","12",16,10,0
2026-06-16T08:00:00.000Z,"-374","12",16,10,0
2026-06-16T08:25:00.000Z,"-381","12",16,10,0
2026-06-16T09:10:00.000Z,"-410","12",16,10,0
2026-06-16T09:25:00.000Z,"-426","12",16,10,0
2026-06-16T09:35:00.000Z,"-427","12",16,10,0
2026-06-16T10:00:00.000Z,"-443","12",16,10,0
2026-06-16T10:15:00.000Z,"-459","12",16,10,0
2026-06-16T11:50:00.000Z,"-500","12",16,10,0
2026-06-16T12:35:00.000Z,"-507","12",16,10,0
2026-06-16T13:30:00.000Z,"-504","12",16,10,0
2026-06-16T14:15:00.000Z,"-518","12",16,10,0
2026-06-16T14:35:00.000Z,"-503","12",16,10,0
2026-06-16T15:35:00.000Z,"-500","12",16,10,0
2026-06-16T16:10:00.000Z,"-487","12",16,10,0
2026-06-16T16:25:00.000Z,"-489","12",16,10,0
2026-06-16T16:50:00.000Z,"-478","12",16,10,0
2026-06-16T17:35:00.000Z,"-471","12",16,10,0
2026-06-16T19:55:00.000Z,"-380","12",16,10,0
2026-06-16T20:40:00.000Z,"-361","12",16,10,0
2026-06-16T21:55:00.000Z,"-344","12",16,10,0
2026-06-16T22:45:00.000Z,"-350","12",16,10,0
2026-06-17T00:45:00.000Z,"-407","12",16,10,0
2026-06-17T02:20:00.000Z,"-420","12",16,10,0
2026-06-17T07:00:00.000Z,"-415","12",16,10,0
2026-06-17T09:55:00.000Z,"-419","12",16,10,0
2026-06-17T14:10:00.000Z,"-393","12",16,10,0
2026-06-17T15:40:00.000Z,"-402","12",16,10,0
2026-06-17T15:55:00.000Z,"-414","12",16,10,0
2026-06-17T16:05:00.000Z,"-410","12",16,10,0
2026-06-17T17:00:00.000Z,"-416","12",16,10,0
2026-06-17T19:15:00.000Z,"-396","12",16,10,0
2026-06-17T21:00:00.000Z,"-391","12",16,10,0
2026-06-17T23:25:00.000Z,"-328","12",16,10,0
2026-06-18T00:40:00.000Z,"-322","12",16,10,0
2026-06-18T01:20:00.000Z,"-334","12",16,10,0
2026-06-18T03:30:00.000Z,"-422","12",16,10,0
2026-06-18T04:35:00.000Z,"-452","12",16,10,0
2026-06-18T06:35:00.000Z,"-483","12",16,10,0
2026-06-18T08:25:00.000Z,"-502","12",16,10,0
2026-06-18T10:30:00.000Z,"-532","12",16,10,0
2026-06-18T10:50:00.000Z,"-547","12",16,10,0
2026-06-18T11:15:00.000Z,"-545","12",16,10,0
2026-06-18T11:30:00.000Z,"-551","12",16,10,0
2026-06-18T11:55:00.000Z,"-550","12",16,10,0
2026-06-18T12:10:00.000Z,"-559","12",16,10,0
2026-06-18T12:35:00.000Z,"-556","12",16,10,0
2026-06-18T12:50:00.000Z,"-563","12",16,10,0
2026-06-18T13:40:00.000Z,"-566","12",16,10,0
2026-06-18T13:55:00.000Z,"-558","12",16,10,0
2026-06-18T15:00:00.000Z,"-565","12",16,10,0
2026-06-18T16:30:00.000Z,"-551","12",16,10,0
2026-06-18T17:20:00.000Z,"-530","12",16,10,0
2026-06-18T18:20:00.000Z,"-488","12",16,10,0
2026-06-18T20:30:00.000Z,"-421","12",16,10,0
2026-06-18T22:40:00.000Z,"-392","12",16,10,0
2026-06-18T23:25:00.000Z,"-394","12",16,10,0
2026-06-19T01:40:00.000Z,"-442","12",16,10,0
2026-06-19T05:10:00.000Z,"-488","12",16,10,0
2026-06-19T06:20:00.000Z,"-495","12",16,10,0
2026-06-19T06:40:00.000Z,"-503","12",16,10,0
2026-06-19T07:25:00.000Z,"-501","12",16,10,0
2026-06-19T09:05:00.000Z,"-515","12",16,10,0
2026-06-19T09:45:00.000Z,"-513","12",16,10,0
2026-06-19T10:05:00.000Z,"-521","12",16,10,0
2026-06-19T10:45:00.000Z,"-521","12",16,10,0
2026-06-19T11:45:00.000Z,"-498","12",16,10,0
2026-06-19T13:00:00.000Z,"-454","12",16,10,0
2026-06-19T13:50:00.000Z,"-442","12",16,10,0
2026-06-19T14:40:00.000Z,"-445","12",16,10,0
2026-06-19T16:15:00.000Z,"-471","12",16,10,0
2026-06-19T17:10:00.000Z,"-473","12",16,10,0
2026-06-19T19:05:00.000Z,"-401","12",16,10,0
2026-06-19T21:00:00.000Z,"-356","12",16,10,0
2026-06-19T22:05:00.000Z,"-349","12",16,10,0
2026-06-19T22:50:00.000Z,"-362","12",16,10,0
2026-06-19T23:05:00.000Z,"-381","12",16,10,0
2026-06-20T00:00:00.000Z,"-409","12",16,10,0
2026-06-20T01:00:00.000Z,"-451","12",16,10,0
2026-06-20T02:05:00.000Z,"-487","12",16,10,0
2026-06-20T03:20:00.000Z,"-509","12",16,10,0
2026-06-20T05:10:00.000Z,"-517","12",16,10,0
2026-06-20T07:00:00.000Z,"-509","12",16,10,0
2026-06-20T07:15:00.000Z,"-514","12",16,10,0
2026-06-20T07:35:00.000Z,"-507","12",16,10,0
2026-06-20T07:50:00.000Z,"-515","12",16,10,0
2026-06-20T08:20:00.000Z,"-508","12",16,10,0
2026-06-20T09:25:00.000Z,"-516","12",16,10,0
2026-06-20T09:40:00.000Z,"-510","12",16,10,0
2026-06-20T11:30:00.000Z,"-535","12",16,10,0
2026-06-20T13:05:00.000Z,"-567","12",16,10,0
2026-06-20T14:20:00.000Z,"-578","12",16,10,0
2026-06-20T15:35:00.000Z,"-563","12",16,10,0
2026-06-20T16:40:00.000Z,"-538","12",16,10,0
2026-06-20T20:45:00.000Z,"-409","12",16,10,0
2026-06-20T21:25:00.000Z,"-394","12",16,10,0
2026-06-20T21:55:00.000Z,"-387","12",16,10,0
2026-06-20T23:30:00.000Z,"-391","12",16,10,0
2026-06-21T00:10:00.000Z,"-386","12",16,10,0
2026-06-21T02:05:00.000Z,"-407","12",16,10,0
2026-06-21T03:25:00.000Z,"-434","12",16,10,0
2026-06-21T03:40:00.000Z,"-447","12",16,10,0
2026-06-21T03:50:00.000Z,"-443","12",16,10,0
2026-06-21T07:50:00.000Z,"-487","12",16,10,0
2026-06-21T08:35:00.000Z,"-501","12",16,10,0
2026-06-21T08:50:00.000Z,"-513","12",16,10,0
2026-06-21T09:30:00.000Z,"-528","12",16,10,0
2026-06-21T11:10:00.000Z,"-519","12",16,10,0
2026-06-21T12:55:00.000Z,"-533","12",16,10,0
2026-06-21T13:25:00.000Z,"-530","12",16,10,0
2026-06-21T13:40:00.000Z,"-538","12",16,10,0
2026-06-21T13:55:00.000Z,"-528","12",16,10,0
2026-06-21T14:50:00.000Z,"-537","12",16,10,0
2026-06-21T15:30:00.000Z,"-526","12",16,10,0
2026-06-21T16:05:00.000Z,"-529","12",16,10,0
2026-06-21T17:30:00.000Z,"-520","12",16,10,0
2026-06-21T18:55:00.000Z,"-495","12",16,10,0
2026-06-21T20:55:00.000Z,"-443","12",16,10,0
2026-06-21T21:55:00.000Z,"-432","12",16,10,0
2026-06-21T22:45:00.000Z,"-433","12",16,10,0
2026-06-21T23:35:00.000Z,"-444","12",16,10,0
2026-06-22T00:55:00.000Z,"-474","12",16,10,0
2026-06-22T03:10:00.000Z,"-492","12",16,10,0
2026-06-22T06:20:00.000Z,"-538","12",16,10,0
2026-06-22T07:05:00.000Z,"-553","12",16,10,0
2026-06-22T07:30:00.000Z,"-570","12",16,10,0
2026-06-22T07:45:00.000Z,"-571","12",16,10,0
2026-06-22T08:00:00.000Z,"-582","12",16,10,0
2026-06-22T08:30:00.000Z,"-589","12",16,10,0
2026-06-22T08:45:00.000Z,"-602","12",16,10,0
2026-06-22T09:00:00.000Z,"-600","12",16,10,0
2026-06-22T09:30:00.000Z,"-613","12",16,10,0
2026-06-22T10:50:00.000Z,"-604","12",16,10,0
2026-06-22T13:55:00.000Z,"-615","12",16,10,0
2026-06-22T16:50:00.000Z,"-656","12",16,10,0
2026-06-22T18:00:00.000Z,"-643","12",16,10,0
2026-06-22T19:35:00.000Z,"-638","12",16,10,0
2026-06-22T20:35:00.000Z,"-625","12",16,10,0
2026-06-22T21:20:00.000Z,"-613","12",16,10,0
2026-06-22T22:40:00.000Z,"-563","12",16,10,0
2026-06-22T23:35:00.000Z,"-556","12",16,10,0
2026-06-23T00:15:00.000Z,"-561","12",16,10,0
2026-06-23T03:55:00.000Z,"-619","12",16,10,0
2026-06-23T09:35:00.000Z,"-632","12",16,10,0
2026-06-23T12:15:00.000Z,"-657","12",16,10,0
2026-06-23T14:10:00.000Z,"-597","12",16,10,0
2026-06-23T16:15:00.000Z,"-542","12",16,10,0
2026-06-23T17:55:00.000Z,"-515","12",16,10,0
2026-06-23T21:00:00.000Z,"-491","12",16,10,0
2026-06-23T22:10:00.000Z,"-499","12",16,10,0
2026-06-24T01:00:00.000Z,"-551","12",16,10,0
2026-06-24T01:35:00.000Z,"-549","12",16,10,0
2026-06-24T02:55:00.000Z,"-523","12",16,10,0
2026-06-24T03:45:00.000Z,"-525","12",16,10,0
2026-06-24T05:45:00.000Z,"-558","12",16,10,0
2026-06-24T08:00:00.000Z,"-607","12",16,10,0
2026-06-24T13:40:00.000Z,"-641","12",16,10,0
2026-06-24T14:35:00.000Z,"-651","12",16,10,0
2026-06-24T15:15:00.000Z,"-646","12",16,10,0
2026-06-24T16:20:00.000Z,"-627","12",16,10,0
2026-06-24T17:30:00.000Z,"-627","12",16,10,0
2026-06-24T20:50:00.000Z,"-658","12",16,10,0
2026-06-24T21:25:00.000Z,"-651","12",16,10,0
2026-06-24T22:25:00.000Z,"-619","12",16,10,0
2026-06-24T23:05:00.000Z,"-608","12",16,10,0
2026-06-25T01:25:00.000Z,"-601","12",16,10,0
2026-06-25T05:55:00.000Z,"-626","12",16,10,0
2026-06-25T07:45:00.000Z,"-663","12",16,10,0
2026-06-25T07:55:00.000Z,"-657","12",16,10,0
2026-06-25T08:10:00.000Z,"-664","12",16,10,0
2026-06-25T08:25:00.000Z,"-659","12",16,10,0
2026-06-25T08:45:00.000Z,"-666","12",16,10,0
2026-06-25T09:45:00.000Z,"-654","12",16,10,0
2026-06-25T10:15:00.000Z,"-664","12",16,10,0
2026-06-25T10:30:00.000Z,"-653","12",16,10,0
2026-06-25T10:50:00.000Z,"-650","12",16,10,0
2026-06-25T11:10:00.000Z,"-655","12",16,10,0
2026-06-25T11:50:00.000Z,"-648","12",16,10,0
2026-06-25T12:25:00.000Z,"-654","12",16,10,0
2026-06-25T12:40:00.000Z,"-647","12",16,10,0
2026-06-25T13:10:00.000Z,"-653","12",16,10,0
2026-06-25T13:20:00.000Z,"-649","12",16,10,0
2026-06-25T13:35:00.000Z,"-658","12",16,10,0
2026-06-25T14:10:00.000Z,"-659","12",16,10,0
2026-06-25T15:20:00.000Z,"-675","12",16,10,0
2026-06-25T16:00:00.000Z,"-675","12",16,10,0
2026-06-25T17:10:00.000Z,"-646","12",16,10,0
2026-06-25T19:25:00.000Z,"-645","12",16,10,0
2026-06-25T20:05:00.000Z,"-638","12",16,10,0
2026-06-25T21:25:00.000Z,"-603","12",16,10,0
2026-06-25T21:45:00.000Z,"-602","12",16,10,0
2026-06-25T22:00:00.000Z,"-593","12",16,10,0
2026-06-25T22:30:00.000Z,"-600","12",16,10,0
2026-06-25T22:50:00.000Z,"-611","12",16,10,0
2026-06-25T23:25:00.000Z,"-607","12",16,10,0
2026-06-25T23:55:00.000Z,"-612","12",16,10,0
2026-06-26T01:05:00.000Z,"-593","12",16,10,0
2026-06-26T01:55:00.000Z,"-593","12",16,10,0
2026-06-26T02:45:00.000Z,"-596","12",16,10,0
2026-06-26T06:00:00.000Z,"-635","12",16,10,0
2026-06-26T06:15:00.000Z,"-644","12",16,10,0
2026-06-26T06:45:00.000Z,"-645","12",16,10,0
2026-06-26T07:25:00.000Z,"-634","12",16,10,0
2026-06-26T08:15:00.000Z,"-640","12",16,10,0
2026-06-26T08:55:00.000Z,"-635","12",16,10,0
2026-06-26T12:40:00.000Z,"-663","12",16,10,0
2026-06-26T14:45:00.000Z,"-708","12",16,10,0
2026-06-26T15:05:00.000Z,"-722","12",16,10,0
2026-06-26T17:05:00.000Z,"-740","12",16,10,0
2026-06-26T18:45:00.000Z,"-737","12",16,10,0
2026-06-26T19:20:00.000Z,"-729","12",16,10,0
2026-06-26T21:20:00.000Z,"-680","12",16,10,0
2026-06-26T23:00:00.000Z,"-657","12",16,10,0
2026-06-27T00:00:00.000Z,"-651","12",16,10,0
2026-06-27T02:25:00.000Z,"-653","12",16,10,0
2026-06-27T03:25:00.000Z,"-664","12",16,10,0
2026-06-27T04:35:00.000Z,"-696","12",16,10,0
2026-06-27T05:20:00.000Z,"-709","12",16,10,0
2026-06-27T06:05:00.000Z,"-711","12",16,10,0
2026-06-27T06:55:00.000Z,"-724","12",16,10,0
2026-06-27T07:20:00.000Z,"-722","12",16,10,0
2026-06-27T08:05:00.000Z,"-730","12",16,10,0
2026-06-27T09:30:00.000Z,"-762","12",16,10,0
2026-06-27T10:55:00.000Z,"-779","12",16,10,0
2026-06-27T12:00:00.000Z,"-771","12",16,10,0
2026-06-27T14:50:00.000Z,"-721","12",16,10,0
2026-06-27T17:35:00.000Z,"-728","12",16,10,0
2026-06-27T18:55:00.000Z,"-702","12",16,10,0
2026-06-27T20:05:00.000Z,"-665","12",16,10,0
2026-06-27T20:50:00.000Z,"-658","12",16,10,0
2026-06-27T21:15:00.000Z,"-666","12",16,10,0
2026-06-27T21:50:00.000Z,"-662","12",16,10,0
2026-06-27T22:40:00.000Z,"-640","12",16,10,0
2026-06-27T23:05:00.000Z,"-643","12",16,10,0
2026-06-27T23:25:00.000Z,"-637","12",16,10,0
2026-06-27T23:50:00.000Z,"-649","12",16,10,0
2026-06-28T00:15:00.000Z,"-647","12",16,10,0
2026-06-28T00:45:00.000Z,"-656","12",16,10,0
2026-06-28T01:10:00.000Z,"-668","12",16,10,0
2026-06-28T02:00:00.000Z,"-673","12",16,10,0
2026-06-28T03:05:00.000Z,"-662","12",16,10,0
2026-06-28T03:20:00.000Z,"-665","12",16,10,0
2026-06-28T04:00:00.000Z,"-654","12",16,10,0
2026-06-28T06:00:00.000Z,"-666","12",16,10,0
2026-06-28T06:50:00.000Z,"-653","12",16,10,0
2026-06-28T07:15:00.000Z,"-660","12",16,10,0
2026-06-28T07:30:00.000Z,"-655","12",16,10,0
2026-06-28T07:55:00.000Z,"-668","12",16,10,0
2026-06-28T09:00:00.000Z,"-680","12",16,10,0
2026-06-28T09:35:00.000Z,"-662","12",16,10,0
2026-06-28T10:15:00.000Z,"-630","12",16,10,0
2026-06-28T10:50:00.000Z,"-616","12",16,10,0
2026-06-28T11:35:00.000Z,"-619","12",16,10,0
2026-06-28T11:55:00.000Z,"-632","12",16,10,0
2026-06-28T12:20:00.000Z,"-637","12",16,10,0
2026-06-28T12:35:00.000Z,"-647","12",16,10,0
2026-06-28T12:50:00.000Z,"-646","12",16,10,0
2026-06-28T13:35:00.000Z,"-669","12",16,10,0
2026-06-28T14:35:00.000Z,"-684","12",16,10,0
2026-06-28T15:00:00.000Z,"-697","12",16,10,0
2026-06-28T15:40:00.000Z,"-703","12",16,10,0
2026-06-28T16:05:00.000Z,"-719","12",16,10,0
2026-06-28T16:25:00.000Z,"-715","12",16,10,0
2026-06-28T16:45:00.000Z,"-726","12",16,10,0
2026-06-28T17:35:00.000Z,"-735","12",16,10,0
2026-06-28T18:55:00.000Z,"-733","12",16,10,0
2026-06-28T19:30:00.000Z,"-725","12",16,10,0
2026-06-28T19:45:00.000Z,"-707","12",16,10,0
2026-06-28T20:35:00.000Z,"-670","12",16,10,0
2026-06-28T20:55:00.000Z,"-629","12",16,10,0
2026-06-28T21:05:00.000Z,"-618","12",16,10,0
2026-06-28T21:45:00.000Z,"-624","12",16,10,0
2026-06-28T22:10:00.000Z,"-616","12",16,10,0
2026-06-28T22:40:00.000Z,"-625","12",16,10,0
2026-06-28T23:15:00.000Z,"-595","12",16,10,0
2026-06-28T23:35:00.000Z,"-585","12",16,10,0
2026-06-28T23:55:00.000Z,"-558","12",16,10,0
2026-06-29T00:45:00.000Z,"-513","12",16,10,0
2026-06-29T01:05:00.000Z,"-498","12",16,10,0
2026-06-29T01:35:00.000Z,"-488","12",16,10,0
2026-06-29T01:50:00.000Z,"-471","12",16,10,0
2026-06-29T02:25:00.000Z,"-465","12",16,10,0
2026-06-29T02:40:00.000Z,"-456","12",16,10,0
2026-06-29T03:45:00.000Z,"-458","12",16,10,0
2026-06-29T04:15:00.000Z,"-447","12",16,10,0
2026-06-29T05:20:00.000Z,"-457","12",16,10,0
2026-06-29T06:20:00.000Z,"-492","12",16,10,0
2026-06-29T06:50:00.000Z,"-497","12",16,10,0
2026-06-29T07:15:00.000Z,"-511","12",16,10,0
2026-06-29T07:30:00.000Z,"-528","12",16,10,0
2026-06-29T07:45:00.000Z,"-531","12",16,10,0
2026-06-29T08:00:00.000Z,"-544","12",16,10,0
2026-06-29T08:40:00.000Z,"-562","12",16,10,0
2026-06-29T09:05:00.000Z,"-563","12",16,10,0
2026-06-29T10:00:00.000Z,"-583","12",16,10,0
2026-06-29T10:35:00.000Z,"-588","12",16,10,0
2026-06-29T11:00:00.000Z,"-582","12",16,10,0
2026-06-29T12:10:00.000Z,"-597","12",16,10,0
2026-06-29T12:30:00.000Z,"-593","12",16,10,0
2026-06-29T13:20:00.000Z,"-604","12",16,10,0
2026-06-29T14:50:00.000Z,"-602","12",16,10,0
2026-06-29T15:05:00.000Z,"-609","12",16,10,0
2026-06-29T15:45:00.000Z,"-606","12",16,10,0
2026-06-29T16:50:00.000Z,"-613","12",16,10,0
2026-06-29T18:10:00.000Z,"-590","12",16,10,0
2026-06-29T20:05:00.000Z,"-485","12",16,10,0
2026-06-29T21:55:00.000Z,"-406","12",16,10,0
2026-06-29T22:15:00.000Z,"-399","12",16,10,0
2026-06-29T23:00:00.000Z,"-396","12",16,10,0
2026-06-29T23:30:00.000Z,"-398","12",16,10,0
2026-06-30T00:40:00.000Z,"-428","12",16,10,0
2026-06-30T01:35:00.000Z,"-442","12",16,10,0
2026-06-30T02:25:00.000Z,"-445","12",16,10,0
2026-06-30T04:50:00.000Z,"-424","12",16,10,0
2026-06-30T05:55:00.000Z,"-417","12",16,10,0
2026-06-30T06:10:00.000Z,"-426","12",16,10,0
2026-06-30T06:45:00.000Z,"-416","12",16,10,0
2026-06-30T07:00:00.000Z,"-421","12",16,10,0
2026-06-30T07:15:00.000Z,"-413","12",16,10,0
2026-06-30T07:35:00.000Z,"-412","12",16,10,0
2026-06-30T07:55:00.000Z,"-426","12",16,10,0
2026-06-30T08:10:00.000Z,"-421","12",16,10,0
2026-06-30T08:25:00.000Z,"-429","12",16,10,0
2026-06-30T08:50:00.000Z,"-424","12",16,10,0
2026-06-30T09:55:00.000Z,"-448","12",16,10,0
2026-06-30T10:20:00.000Z,"-449","12",16,10,0
2026-06-30T11:25:00.000Z,"-470","12",16,10,0
2026-06-30T12:10:00.000Z,"-473","12",16,10,0
2026-06-30T13:00:00.000Z,"-491","12",16,10,0
2026-06-30T13:50:00.000Z,"-500","12",16,10,0
2026-06-30T14:35:00.000Z,"-497","12",16,10,0
2026-06-30T15:05:00.000Z,"-507","12",16,10,0
2026-06-30T17:00:00.000Z,"-502","12",16,10,0
2026-06-30T17:40:00.000Z,"-487","12",16,10,0
2026-06-30T19:55:00.000Z,"-466","12",16,10,0
2026-06-30T20:10:00.000Z,"-474","12",16,10,0
2026-06-30T20:35:00.000Z,"-471","12",16,10,0
2026-06-30T21:20:00.000Z,"-485","12",16,10,0
2026-06-30T22:40:00.000Z,"-478","12",16,10,0
2026-06-30T23:15:00.000Z,"-485","12",16,10,0
2026-06-30T23:35:00.000Z,"-479","12",16,10,0
2026-06-30T23:55:00.000Z,"-482","12",16,10,0
2026-07-01T00:35:00.000Z,"-472","12",16,10,0
2026-07-01T01:10:00.000Z,"-478","12",16,10,0
2026-07-01T01:35:00.000Z,"-471","12",16,10,0
2026-07-01T05:05:00.000Z,"-466","12",16,10,0
2026-07-01T06:30:00.000Z,"-474","12",16,10,0
2026-07-01T07:55:00.000Z,"-507","12",16,10,0
2026-07-01T08:25:00.000Z,"-510","12",16,10,0
2026-07-01T08:50:00.000Z,"-525","12",16,10,0
2026-07-01T09:05:00.000Z,"-527","12",16,10,0
2026-07-01T10:00:00.000Z,"-551","12",16,10,0
2026-07-01T11:50:00.000Z,"-576","12",16,10,0
2026-07-01T12:05:00.000Z,"-571","12",16,10,0
2026-07-01T12:55:00.000Z,"-581","12",16,10,0
2026-07-01T14:50:00.000Z,"-584","12",16,10,0
2026-07-01T15:45:00.000Z,"-591","12",16,10,0
2026-07-01T18:00:00.000Z,"-566","12",16,10,0
2026-07-01T19:10:00.000Z,"-569","12",16,10,0
2026-07-01T19:40:00.000Z,"-580","12",16,10,0
2026-07-01T20:20:00.000Z,"-573","12",16,10,0
2026-07-01T20:35:00.000Z,"-576","12",16,10,0
2026-07-01T20:50:00.000Z,"-566","12",16,10,0
2026-07-01T22:30:00.000Z,"-569","12",16,10,0
2026-07-01T22:45:00.000Z,"-564","12",16,10,0
2026-07-02T02:10:00.000Z,"-585","12",16,10,0
2026-07-02T06:05:00.000Z,"-594","12",16,10,0
2026-07-02T09:10:00.000Z,"-633","12",16,10,0
2026-07-02T09:40:00.000Z,"-631","12",16,10,0
2026-07-02T11:00:00.000Z,"-644","12",16,10,0
2026-07-02T12:30:00.000Z,"-678","12",16,10,0
2026-07-02T13:15:00.000Z,"-676","12",16,10,0
2026-07-02T13:35:00.000Z,"-682","12",16,10,0
2026-07-02T13:50:00.000Z,"-675","12",16,10,0
2026-07-02T14:05:00.000Z,"-682","12",16,10,0
2026-07-02T14:30:00.000Z,"-677","12",16,10,0
2026-07-02T14:45:00.000Z,"-682","12",16,10,0
2026-07-02T15:45:00.000Z,"-681","12",16,10,0
2026-07-02T16:20:00.000Z,"-671","12",16,10,0
2026-07-02T16:35:00.000Z,"-660","12",16,10,0
2026-07-02T16:50:00.000Z,"-663","12",16,10,0
2026-07-02T17:35:00.000Z,"-647","12",16,10,0
2026-07-02T18:10:00.000Z,"-643","12",16,10,0
2026-07-02T18:45:00.000Z,"-651","12",16,10,0
2026-07-02T20:10:00.000Z,"-636","12",16,10,0
2026-07-02T20:30:00.000Z,"-643","12",16,10,0
2026-07-02T20:45:00.000Z,"-632","12",16,10,0
2026-07-02T21:40:00.000Z,"-611","12",16,10,0
2026-07-02T22:25:00.000Z,"-580","12",16,10,0
2026-07-02T23:50:00.000Z,"-556","12",16,10,0
2026-07-03T00:20:00.000Z,"-554","12",16,10,0
2026-07-03T00:55:00.000Z,"-557","12",16,10,0
2026-07-03T01:40:00.000Z,"-569","12",16,10,0
2026-07-03T02:20:00.000Z,"-587","12",16,10,0
2026-07-03T05:00:00.000Z,"-638","12",16,10,0
2026-07-03T05:15:00.000Z,"-636","12",16,10,0
2026-07-03T05:45:00.000Z,"-650","12",16,10,0
2026-07-03T07:45:00.000Z,"-674","12",16,10,0
2026-07-03T08:00:00.000Z,"-687","12",16,10,0
2026-07-03T08:15:00.000Z,"-686","12",16,10,0
2026-07-03T08:25:00.000Z,"-694","12",16,10,0
2026-07-03T10:00:00.000Z,"-721","12",16,10,0
2026-07-03T10:35:00.000Z,"-722","12",16,10,0
2026-07-03T11:00:00.000Z,"-712","12",16,10,0
2026-07-03T11:25:00.000Z,"-720","12",16,10,0
2026-07-03T11:55:00.000Z,"-715","12",16,10,0
2026-07-03T12:45:00.000Z,"-721","12",16,10,0
2026-07-03T13:10:00.000Z,"-714","12",16,10,0
2026-07-03T13:25:00.000Z,"-721","12",16,10,0
2026-07-03T17:20:00.000Z,"-739","12",16,10,0
2026-07-03T19:55:00.000Z,"-719","12",16,10,0
2026-07-03T22:20:00.000Z,"-648","12",16,10,0
2026-07-03T23:40:00.000Z,"-621","12",16,10,0
2026-07-04T00:40:00.000Z,"-613","12",16,10,0
2026-07-04T01:40:00.000Z,"-623","12",16,10,0
2026-07-04T02:45:00.000Z,"-644","12",16,10,0
2026-07-04T04:45:00.000Z,"-697","12",16,10,0
2026-07-04T05:30:00.000Z,"-722","12",16,10,0
2026-07-04T07:25:00.000Z,"-764","12",16,10,0
2026-07-04T08:50:00.000Z,"-774","12",16,10,0
2026-07-04T10:35:00.000Z,"-739","12",16,10,0
2026-07-04T11:10:00.000Z,"-738","12",16,10,0
2026-07-04T14:50:00.000Z,"-810","12",16,10,0
2026-07-04T15:55:00.000Z,"-839","12",16,10,0
2026-07-04T17:00:00.000Z,"-848","12",16,10,0
2026-07-04T18:15:00.000Z,"-838","12",16,10,0
2026-07-04T20:15:00.000Z,"-848","12",16,10,0
2026-07-04T20:50:00.000Z,"-832","12",16,10,0
2026-07-04T21:15:00.000Z,"-814","12",16,10,0
2026-07-04T22:00:00.000Z,"-768","12",16,10,0
2026-07-04T23:00:00.000Z,"-724","12",16,10,0
2026-07-04T23:55:00.000Z,"-710","12",16,10,0
2026-07-05T00:40:00.000Z,"-714","12",16,10,0
2026-07-05T01:45:00.000Z,"-735","12",16,10,0
2026-07-05T03:00:00.000Z,"-747","12",16,10,0
2026-07-05T03:50:00.000Z,"-747","12",16,10,0
2026-07-05T04:05:00.000Z,"-753","12",16,10,0
2026-07-05T05:25:00.000Z,"-759","12",16,10,0
2026-07-05T06:50:00.000Z,"-784","12",16,10,0
2026-07-05T07:15:00.000Z,"-781","12",16,10,0
2026-07-05T07:30:00.000Z,"-790","12",16,10,0
2026-07-05T08:15:00.000Z,"-785","12",16,10,0
2026-07-05T08:55:00.000Z,"-789","12",16,10,0
2026-07-05T11:25:00.000Z,"-777","12",16,10,0
2026-07-05T12:25:00.000Z,"-744","12",16,10,0
2026-07-05T13:15:00.000Z,"-700","12",16,10,0
2026-07-05T13:45:00.000Z,"-683","12",16,10,0
2026-07-05T14:15:00.000Z,"-675","12",16,10,0
2026-07-05T15:10:00.000Z,"-673","12",16,10,0
2026-07-05T15:40:00.000Z,"-681","12",16,10,0
2026-07-05T15:50:00.000Z,"-690","12",16,10,0
2026-07-05T16:20:00.000Z,"-693","12",16,10,0
2026-07-05T17:35:00.000Z,"-728","12",16,10,0
2026-07-05T19:00:00.000Z,"-755","12",16,10,0
2026-07-05T19:40:00.000Z,"-759","12",16,10,0
2026-07-05T20:20:00.000Z,"-753","12",16,10,0
2026-07-05T22:15:00.000Z,"-766","12",16,10,0
2026-07-06T00:05:00.000Z,"-757","12",16,10,0
2026-07-06T00:20:00.000Z,"-762","12",16,10,0
2026-07-06T00:45:00.000Z,"-756","12",16,10,0
2026-07-06T02:40:00.000Z,"-755","12",16,10,0
2026-07-06T03:10:00.000Z,"-741","12",16,10,0
2026-07-06T03:25:00.000Z,"-742","12",16,10,0
2026-07-06T03:50:00.000Z,"-729","12",16,10,0
2026-07-06T04:30:00.000Z,"-721","12",16,10,0
2026-07-06T07:40:00.000Z,"-739","12",16,10,0
2026-07-06T08:50:00.000Z,"-732","12",16,10,0
2026-07-06T09:10:00.000Z,"-723","12",16,10,0
2026-07-06T09:50:00.000Z,"-722","12",16,10,0
2026-07-06T10:25:00.000Z,"-709","12",16,10,0
2026-07-06T11:20:00.000Z,"-699","12",16,10,0
2026-07-06T12:00:00.000Z,"-703","12",16,10,0
2026-07-06T12:50:00.000Z,"-696","12",16,10,0
2026-07-06T14:20:00.000Z,"-706","12",16,10,0
2026-07-06T14:35:00.000Z,"-719","12",16,10,0
2026-07-06T16:40:00.000Z,"-757","12",16,10,0
2026-07-06T18:55:00.000Z,"-758","12",16,10,0
2026-07-06T19:10:00.000Z,"-764","12",16,10,0
2026-07-06T19:35:00.000Z,"-761","12",16,10,0
2026-07-06T20:20:00.000Z,"-769","12",16,10,0
2026-07-06T21:05:00.000Z,"-762","12",16,10,0
2026-07-06T22:00:00.000Z,"-742","12",16,10,0
2026-07-06T22:10:00.000Z,"-743","12",16,10,0
2026-07-06T22:25:00.000Z,"-733","12",16,10,0
2026-07-06T23:30:00.000Z,"-727","12",16,10,0
2026-07-07T03:35:00.000Z,"-805","12",16,10,0
2026-07-07T06:10:00.000Z,"-871","12",16,10,0
2026-07-07T07:20:00.000Z,"-878","12",16,10,0
2026-07-07T09:40:00.000Z,"-868","12",16,10,0
2026-07-07T11:25:00.000Z,"-840","12",16,10,0
2026-07-07T12:30:00.000Z,"-791","12",16,10,0
2026-07-07T12:45:00.000Z,"-785","12",16,10,0
2026-07-07T13:40:00.000Z,"-747","12",16,10,0
2026-07-07T14:45:00.000Z,"-725","12",16,10,0
2026-07-07T16:15:00.000Z,"-746","12",16,10,0
2026-07-07T17:55:00.000Z,"-788","12",16,10,0
2026-07-07T18:35:00.000Z,"-796","12",16,10,0
2026-07-07T19:15:00.000Z,"-796","12",16,10,0
2026-07-07T20:20:00.000Z,"-817","12",16,10,0
2026-07-07T21:20:00.000Z,"-849","12",16,10,0
2026-07-07T22:10:00.000Z,"-852","12",16,10,0
2026-07-07T22:35:00.000Z,"-837","12",16,10,0
2026-07-07T23:25:00.000Z,"-825","12",16,10,0
2026-07-08T00:35:00.000Z,"-832","12",16,10,0
2026-07-08T00:55:00.000Z,"-842","12",16,10,0
2026-07-08T02:25:00.000Z,"-858","12",16,10,0
2026-07-08T05:20:00.000Z,"-877","12",16,10,0
2026-07-08T05:50:00.000Z,"-870","12",16,10,0
2026-07-08T07:00:00.000Z,"-877","12",16,10,0
2026-07-08T07:40:00.000Z,"-873","12",16,10,0
2026-07-08T08:25:00.000Z,"-855","12",16,10,0
2026-07-08T08:40:00.000Z,"-843","12",16,10,0
2026-07-08T09:35:00.000Z,"-830","12",16,10,0
2026-07-08T11:05:00.000Z,"-846","12",16,10,0
2026-07-08T11:55:00.000Z,"-861","12",16,10,0
2026-07-08T12:45:00.000Z,"-860","12",16,10,0
2026-07-08T13:00:00.000Z,"-851","12",16,10,0
2026-07-08T14:10:00.000Z,"-839","12",16,10,0
2026-07-08T14:25:00.000Z,"-831","12",16,10,0
2026-07-08T16:00:00.000Z,"-831","12",16,10,0
2026-07-08T16:15:00.000Z,"-821","12",16,10,0
2026-07-08T16:50:00.000Z,"-822","12",16,10,0
2026-07-08T18:20:00.000Z,"-804","12",16,10,0
2026-07-08T19:10:00.000Z,"-809","12",16,10,0
2026-07-08T21:05:00.000Z,"-842","12",16,10,0
2026-07-08T21:55:00.000Z,"-844","12",16,10,0
2026-07-08T22:45:00.000Z,"-834","12",16,10,0
2026-07-08T23:10:00.000Z,"-838","12",16,10,0
2026-07-08T23:20:00.000Z,"-832","12",16,10,0
2026-07-08T23:40:00.000Z,"-837","12",16,10,0
2026-07-09T00:10:00.000Z,"-831","12",16,10,0
2026-07-09T00:40:00.000Z,"-840","12",16,10,0
2026-07-09T01:05:00.000Z,"-837","12",16,10,0
2026-07-09T01:20:00.000Z,"-844","12",16,10,0
2026-07-09T01:45:00.000Z,"-841","12",16,10,0
2026-07-09T02:35:00.000Z,"-851","12",16,10,0
2026-07-09T04:25:00.000Z,"-844","12",16,10,0
2026-07-09T06:25:00.000Z,"-808","12",16,10,0
2026-07-09T07:05:00.000Z,"-801","12",16,10,0
2026-07-09T09:35:00.000Z,"-809","12",16,10,0
2026-07-09T10:45:00.000Z,"-824","12",16,10,0
2026-07-09T13:10:00.000Z,"-804","12",16,10,0
2026-07-09T14:10:00.000Z,"-813","12",16,10,0
2026-07-09T15:30:00.000Z,"-844","12",16,10,0
2026-07-09T15:45:00.000Z,"-843","12",16,10,0
2026-07-09T16:25:00.000Z,"-855","12",16,10,0
2026-07-09T17:25:00.000Z,"-843","12",16,10,0
2026-07-09T18:35:00.000Z,"-842","12",16,10,0
2026-07-09T19:20:00.000Z,"-847","12",16,10,0
2026-07-09T19:45:00.000Z,"-860","12",16,10,0
2026-07-09T20:00:00.000Z,"-853","12",16,10,0
2026-07-09T20:45:00.000Z,"-861","12",16,10,0
2026-07-09T21:05:00.000Z,"-860","12",16,10,0
2026-07-09T21:45:00.000Z,"-841","12",16,10,0
2026-07-09T22:35:00.000Z,"-802","12",16,10,0
2026-07-09T23:10:00.000Z,"-784","12",16,10,0
2026-07-10T01:10:00.000Z,"-768","12",16,10,0
2026-07-10T03:10:00.000Z,"-764","12",16,10,0
2026-07-10T03:45:00.000Z,"-774","12",16,10,0
2026-07-10T04:20:00.000Z,"-769","12",16,10,0
2026-07-10T06:00:00.000Z,"-786","12",16,10,0
2026-07-10T06:35:00.000Z,"-783","12",16,10,0
2026-07-10T07:40:00.000Z,"-792","12",16,10,0
2026-07-10T07:50:00.000Z,"-786","12",16,10,0
2026-07-10T08:05:00.000Z,"-794","12",16,10,0
2026-07-10T09:40:00.000Z,"-809","12",16,10,0
2026-07-10T09:55:00.000Z,"-804","12",16,10,0
2026-07-10T10:45:00.000Z,"-807","12",16,10,0
2026-07-10T12:25:00.000Z,"-792","12",16,10,0
2026-07-10T13:10:00.000Z,"-766","12",16,10,0
2026-07-10T13:25:00.000Z,"-764","12",16,10,0
2026-07-10T13:45:00.000Z,"-748","12",16,10,0
2026-07-10T14:35:00.000Z,"-738","12",16,10,0
2026-07-10T15:10:00.000Z,"-734","12",16,10,0
2026-07-10T16:15:00.000Z,"-744","12",16,10,0
2026-07-10T17:50:00.000Z,"-733","12",16,10,0
2026-07-10T18:40:00.000Z,"-743","12",16,10,0
2026-07-10T18:55:00.000Z,"-734","12",16,10,0
2026-07-10T19:05:00.000Z,"-736","12",16,10,0
2026-07-10T19:50:00.000Z,"-758","12",16,10,0
2026-07-10T20:10:00.000Z,"-758","12",16,10,0
2026-07-10T20:40:00.000Z,"-777","12",16,10,0
2026-07-10T21:55:00.000Z,"-798","12",16,10,0
2026-07-10T22:10:00.000Z,"-807","12",16,10,0
2026-07-11T01:10:00.000Z,"-822","12",16,10,0
2026-07-11T02:25:00.000Z,"-806","12",16,10,0
2026-07-11T02:50:00.000Z,"-811","12",16,10,0
2026-07-11T03:45:00.000Z,"-806","12",16,10,0
2026-07-11T04:30:00.000Z,"-813","12",16,10,0
2026-07-11T07:20:00.000Z,"-867","12",16,10,0
2026-07-11T07:35:00.000Z,"-864","12",16,10,0
2026-07-11T08:35:00.000Z,"-877","12",16,10,0
2026-07-11T09:35:00.000Z,"-879","12",16,10,0
2026-07-11T11:05:00.000Z,"-857","12",16,10,0
2026-07-11T11:30:00.000Z,"-860","12",16,10,0
2026-07-11T12:10:00.000Z,"-851","12",16,10,0
2026-07-11T13:30:00.000Z,"-868","12",16,10,0
2026-07-11T13:45:00.000Z,"-866","12",16,10,0
2026-07-11T13:55:00.000Z,"-872","12",16,10,0
2026-07-11T14:10:00.000Z,"-867","12",16,10,0
2026-07-11T14:40:00.000Z,"-874","12",16,10,0
2026-07-11T14:55:00.000Z,"-868","12",16,10,0
2026-07-11T15:30:00.000Z,"-876","12",16,10,0
2026-07-11T16:35:00.000Z,"-867","12",16,10,0
2026-07-11T17:00:00.000Z,"-871","12",16,10,0
2026-07-11T17:10:00.000Z,"-866","12",16,10,0
2026-07-11T17:25:00.000Z,"-872","12",16,10,0
2026-07-11T18:25:00.000Z,"-858","12",16,10,0
2026-07-11T18:45:00.000Z,"-860","12",16,10,0
2026-07-11T19:00:00.000Z,"-870","12",16,10,0
2026-07-11T19:20:00.000Z,"-860","12",16,10,0
2026-07-11T19:40:00.000Z,"-865","12",16,10,0
2026-07-11T20:10:00.000Z,"-852","12",16,10,0
2026-07-11T20:45:00.000Z,"-849","12",16,10,0
2026-07-11T21:30:00.000Z,"-824","12",16,10,0
2026-07-11T22:45:00.000Z,"-800","12",16,10,0
2026-07-11T23:30:00.000Z,"-776","12",16,10,0
2026-07-12T00:25:00.000Z,"-757","12",16,10,0
2026-07-12T02:55:00.000Z,"-717","12",16,10,0
2026-07-12T03:50:00.000Z,"-694","12",16,10,0
2026-07-12T04:50:00.000Z,"-683","12",16,10,0
2026-07-12T07:25:00.000Z,"-682","12",16,10,0
2026-07-12T09:55:00.000Z,"-642","12",16,10,0
2026-07-12T10:15:00.000Z,"-645","12",16,10,0
2026-07-12T10:40:00.000Z,"-639","12",16,10,0
2026-07-12T10:55:00.000Z,"-639","12",16,10,0
2026-07-12T11:10:00.000Z,"-651","12",16,10,0
2026-07-12T11:30:00.000Z,"-641","12",16,10,0
2026-07-12T12:05:00.000Z,"-653","12",16,10,0
2026-07-12T12:20:00.000Z,"-651","12",16,10,0
2026-07-12T12:45:00.000Z,"-663","12",16,10,0
2026-07-12T13:20:00.000Z,"-660","12",16,10,0
2026-07-12T14:10:00.000Z,"-666","12",16,10,0
2026-07-12T14:30:00.000Z,"-659","12",16,10,0
2026-07-12T14:45:00.000Z,"-663","12",16,10,0
2026-07-12T15:00:00.000Z,"-658","12",16,10,0
2026-07-12T15:15:00.000Z,"-642","12",16,10,0
2026-07-12T15:45:00.000Z,"-633","12",16,10,0
2026-07-12T16:35:00.000Z,"-596","12",16,10,0
2026-07-12T17:35:00.000Z,"-581","12",16,10,0
2026-07-12T18:05:00.000Z,"-597","12",16,10,0
2026-07-12T18:20:00.000Z,"-590","12",16,10,0
2026-07-12T18:35:00.000Z,"-591","12",16,10,0
2026-07-12T21:05:00.000Z,"-654","12",16,10,0
2026-07-12T21:40:00.000Z,"-675","12",16,10,0
2026-07-12T22:45:00.000Z,"-698","12",16,10,0
2026-07-12T23:10:00.000Z,"-698","12",16,10,0
2026-07-13T00:30:00.000Z,"-717","12",16,10,0
2026-07-13T00:55:00.000Z,"-718","12",16,10,0
2026-07-13T01:40:00.000Z,"-703","12",16,10,0
2026-07-13T03:00:00.000Z,"-646","12",16,10,0
2026-07-13T03:30:00.000Z,"-635","12",16,10,0
2026-07-13T04:40:00.000Z,"-650","12",16,10,0
2026-07-13T05:55:00.000Z,"-690","12",16,10,0
2026-07-13T07:40:00.000Z,"-733","12",16,10,0
2026-07-13T10:35:00.000Z,"-756","12",16,10,0
2026-07-13T11:25:00.000Z,"-742","12",16,10,0
2026-07-13T11:55:00.000Z,"-725","12",16,10,0
2026-07-13T12:40:00.000Z,"-687","12",16,10,0
2026-07-13T13:35:00.000Z,"-668","12",16,10,0
2026-07-13T14:05:00.000Z,"-674","12",16,10,0
2026-07-13T14:50:00.000Z,"-695","12",16,10,0
2026-07-13T15:25:00.000Z,"-720","12",16,10,0
2026-07-13T16:25:00.000Z,"-747","12",16,10,0
2026-07-13T17:05:00.000Z,"-772","12",16,10,0
2026-07-13T17:50:00.000Z,"-776","12",16,10,0
2026-07-13T18:05:00.000Z,"-784","12",16,10,0
2026-07-13T19:00:00.000Z,"-794","12",16,10,0
2026-07-13T19:55:00.000Z,"-788","12",16,10,0
2026-07-13T20:15:00.000Z,"-793","12",16,10,0
2026-07-13T20:45:00.000Z,"-782","12",16,10,0
2026-07-13T23:05:00.000Z,"-763","12",16,10,0
2026-07-13T23:40:00.000Z,"-768","12",16,10,0
2026-07-14T02:10:00.000Z,"-770","12",16,10,0
2026-07-14T03:45:00.000Z,"-785","12",16,10,0
2026-07-14T05:00:00.000Z,"-810","12",16,10,0
2026-07-14T06:55:00.000Z,"-827","12",16,10,0
2026-07-14T08:00:00.000Z,"-831","12",16,10,0
2026-07-14T08:10:00.000Z,"-827","12",16,10,0
2026-07-14T08:45:00.000Z,"-837","12",16,10,0
2026-07-14T10:05:00.000Z,"-827","12",16,10,0
2026-07-14T11:05:00.000Z,"-791","12",16,10,0
2026-07-14T11:35:00.000Z,"-785","12",16,10,0
2026-07-14T12:15:00.000Z,"-784","12",16,10,0
2026-07-14T13:55:00.000Z,"-814","12",16,10,0
2026-07-14T14:40:00.000Z,"-819","12",16,10,0
2026-07-14T14:55:00.000Z,"-827","12",16,10,0
2026-07-14T15:10:00.000Z,"-822","12",16,10,0
2026-07-14T15:50:00.000Z,"-828","12",16,10,0
2026-07-14T18:15:00.000Z,"-782","12",16,10,0
2026-07-14T19:10:00.000Z,"-781","12",16,10,0
2026-07-14T20:45:00.000Z,"-794","12",16,10,0
2026-07-14T22:45:00.000Z,"-761","12",16,10,0
2026-07-15T00:00:00.000Z,"-758","12",16,10,0
2026-07-15T01:40:00.000Z,"-739","12",16,10,0
2026-07-15T02:45:00.000Z,"-734","12",16,10,0
2026-07-15T03:50:00.000Z,"-736","12",16,10,0
2026-07-15T05:35:00.000Z,"-756","12",16,10,0
2026-07-15T06:25:00.000Z,"-760","12",16,10,0
2026-07-15T07:05:00.000Z,"-771","12",16,10,0
2026-07-15T07:25:00.000Z,"-767","12",16,10,0
2026-07-15T08:45:00.000Z,"-778","12",16,10,0
2026-07-15T10:20:00.000Z,"-803","12",16,10,0
2026-07-15T10:55:00.000Z,"-804","12",16,10,0
2026-07-15T11:30:00.000Z,"-797","12",16,10,0
2026-07-15T14:00:00.000Z,"-731","12",16,10,0
2026-07-15T15:00:00.000Z,"-713","12",16,10,0
2026-07-15T15:45:00.000Z,"-720","12",16,10,0
2026-07-15T16:20:00.000Z,"-716","12",16,10,0
2026-07-15T17:45:00.000Z,"-686","12",16,10,0
2026-07-15T19:00:00.000Z,"-693","12",16,10,0
2026-07-15T19:10:00.000Z,"-701","12",16,10,0
2026-07-15T19:45:00.000Z,"-711","12",16,10,0
2026-07-15T20:25:00.000Z,"-710","12",16,10,0
2026-07-15T21:05:00.000Z,"-683","12",16,10,0
2026-07-15T21:30:00.000Z,"-680","12",16,10,0
2026-07-15T22:05:00.000Z,"-662","12",16,10,0
2026-07-15T23:10:00.000Z,"-653","12",16,10,0
2026-07-15T23:50:00.000Z,"-663","12",16,10,0
2026-07-16T00:30:00.000Z,"-682","12",16,10,0
2026-07-16T03:20:00.000Z,"-796","12",16,10,0
2026-07-16T03:45:00.000Z,"-807","12",16,10,0
2026-07-16T04:05:00.000Z,"-806","12",16,10,0
2026-07-16T04:45:00.000Z,"-790","12",16,10,0
2026-07-16T06:05:00.000Z,"-738","12",16,10,0
2026-07-16T07:40:00.000Z,"-713","12",16,10,0
2026-07-16T09:45:00.000Z,"-709","12",16,10,0
2026-07-16T10:20:00.000Z,"-722","12",16,10,0
2026-07-16T11:15:00.000Z,"-759","12",16,0,0
2026-07-16T11:20:00.000Z,"-759","8",16,0,0
2026-07-16T11:25:00.000Z,"-760","8",16,0,0
2026-07-16T11:30:00.000Z,"-774","8",16,0,0
2026-07-16T11:35:00.000Z,"-775","8",16,0,0
2026-07-16T11:40:00.000Z,"-776","8",16,0,0
2026-07-16T11:45:00.000Z,"-779","8",16,0,0
2026-07-16T11:50:00.000Z,"-782","8",16,0,0
2026-07-16T11:55:00.000Z,"-795","8",16,0,0
2026-07-16T12:00:00.000Z,"-792","8",16,0,0
2026-07-16T12:05:00.000Z,"-797","8",16,0,0
2026-07-16T12:10:00.000Z,"-802","8",16,0,0
2026-07-16T12:15:00.000Z,"-802","8",16,0,0
2026-07-16T12:20:00.000Z,"-811","8",16,0,0
2026-07-16T12:25:00.000Z,"-814","8",16,0,0
2026-07-16T12:30:00.000Z,"-820","8",16,0,0
2026-07-16T12:35:00.000Z,"-821","8",16,0,0
2026-07-16T12:40:00.000Z,"-826","8",16,0,0
2026-07-16T12:45:00.000Z,"-834","8",16,0,0
2026-07-16T12:50:00.000Z,"-839","8",16,0,0
2026-07-16T12:55:00.000Z,"-841","8",16,0,0
2026-07-16T13:00:00.000Z,"-844","8",16,0,0
2026-07-16T13:05:00.000Z,"-846","8",16,0,0
2026-07-16T13:10:00.000Z,"-851","8",16,0,0
2026-07-16T13:15:00.000Z,"-851","8",16,0,0
2026-07-16T13:20:00.000Z,"-862","8",16,0,0
2026-07-16T13:25:00.000Z,"-857","8",16,0,0
2026-07-16T13:30:00.000Z,"-859","8",16,0,0
2026-07-16T13:35:00.000Z,"-867","8",16,0,0
2026-07-16T13:40:00.000Z,"-869","8",16,0,0
2026-07-16T13:45:00.000Z,"-875","8",16,0,0
2026-07-16T13:50:00.000Z,"-870","8",16,0,0
2026-07-16T13:55:00.000Z,"-877","8",16,0,0
2026-07-16T14:00:00.000Z,"-880","8",16,0,0
2026-07-16T14:05:00.000Z,"-880","8",16,0,0
2026-07-16T14:10:00.000Z,"-881","8",16,0,0
2026-07-16T14:15:00.000Z,"-876","8",16,0,0
2026-07-16T14:20:00.000Z,"-877","8",16,0,0
2026-07-16T14:25:00.000Z,"-881","8",16,0,0
2026-07-16T14:30:00.000Z,"-882","8",16,0,0
2026-07-16T14:35:00.000Z,"-884","8",16,0,0
2026-07-16T14:40:00.000Z,"-876","8",16,0,0
2026-07-16T14:45:00.000Z,"-876","8",16,0,0
2026-07-16T14:50:00.000Z,"-875","8",16,0,0
2026-07-16T14:55:00.000Z,"-869","8",16,0,0
2026-07-16T15:00:00.000Z,"-867","8",16,0,0
2026-07-16T15:05:00.000Z,"-867","8",16,0,0
2026-07-16T15:10:00.000Z,"-867","8",16,0,0
2026-07-16T15:15:00.000Z,"-866","8",16,0,0
2026-07-16T15:20:00.000Z,"-862","8",16,0,0
2026-07-16T15:25:00.000Z,"-857","8",16,0,0
2026-07-16T15:30:00.000Z,"-857","8",16,0,0
2026-07-16T15:35:00.000Z,"-856","8",16,0,0
2026-07-16T15:40:00.000Z,"-852","8",16,0,0
2026-07-16T15:45:00.000Z,"-849","8",16,0,0
2026-07-16T15:50:00.000Z,"-840","8",16,0,0
2026-07-16T15:55:00.000Z,"-844","8",16,0,0
2026-07-16T16:00:00.000Z,"-839","8",16,0,0
2026-07-16T16:05:00.000Z,"-836","8",16,0,0
2026-07-16T16:10:00.000Z,"-830","8",16,0,0
2026-07-16T16:15:00.000Z,"-830","8",16,0,0
2026-07-16T16:20:00.000Z,"-826","8",16,0,0
2026-07-16T16:25:00.000Z,"-829","8",16,0,0
2026-07-16T16:30:00.000Z,"-822","8",16,0,0
2026-07-16T16:35:00.000Z,"-819","8",16,0,0
2026-07-16T16:40:00.000Z,"-816","8",16,0,0
2026-07-16T16:45:00.000Z,"-807","8",16,0,0
2026-07-16T16:50:00.000Z,"-812","8",16,0,0
2026-07-16T16:55:00.000Z,"-807","8",16,0,0
2026-07-16T17:00:00.000Z,"-805","8",16,0,0
2026-07-16T17:05:00.000Z,"-805","8",16,0,0
2026-07-16T17:10:00.000Z,"-800","8",16,0,0
2026-07-16T17:15:00.000Z,"-799","8",16,0,0
2026-07-16T17:20:00.000Z,"-797","8",16,0,0
2026-07-16T17:25:00.000Z,"-795","8",16,0,0
2026-07-16T17:30:00.000Z,"-795","8",16,0,0
2026-07-16T17:35:00.000Z,"-795","8",16,0,0
2026-07-16T17:40:00.000Z,"-787","8",16,0,0
2026-07-16T17:45:00.000Z,"-790","8",16,0,0
2026-07-16T17:50:00.000Z,"-789","8",16,0,0
2026-07-16T17:55:00.000Z,"-785","8",16,0,0
2026-07-16T18:00:00.000Z,"-780","8",16,0,0
2026-07-16T18:05:00.000Z,"-779","8",16,0,0
2026-07-16T18:10:00.000Z,"-781","8",16,0,0
2026-07-16T18:15:00.000Z,"-777","8",16,0,0
2026-07-16T18:20:00.000Z,"-774","8",16,0,0
2026-07-16T18:25:00.000Z,"-770","8",16,0,0
2026-07-16T18:30:00.000Z,"-770","8",16,0,0
2026-07-16T18:35:00.000Z,"-771","8",16,0,0
2026-07-16T18:40:00.000Z,"-775","8",16,0,0
2026-07-16T18:45:00.000Z,"-769","8",16,0,0
2026-07-16T18:50:00.000Z,"-775","8",16,0,0
2026-07-16T18:55:00.000Z,"-766","8",16,0,0
2026-07-16T19:00:00.000Z,"-769","8",16,0,0
2026-07-16T19:05:00.000Z,"-770","8",16,0,0
2026-07-16T19:10:00.000Z,"-771","8",16,0,0
2026-07-16T19:15:00.000Z,"-769","8",16,0,0
2026-07-16T19:20:00.000Z,"-767","8",16,0,0
2026-07-16T19:25:00.000Z,"-766","8",16,0,0
2026-07-16T19:30:00.000Z,"-769","8",16,0,0
2026-07-16T19:35:00.000Z,"-771","8",16,0,0
2026-07-16T19:40:00.000Z,"-770","8",16,0,0
2026-07-16T19:45:00.000Z,"-771","8",16,0,0
2026-07-16T19:50:00.000Z,"-774","8",16,0,0
2026-07-16T19:55:00.000Z,"-777","8",16,0,0
2026-07-16T20:00:00.000Z,"-777","8",16,0,0
2026-07-16T20:05:00.000Z,"-781","8",16,0,0
2026-07-16T20:10:00.000Z,"-780","8",16,0,0
2026-07-16T20:15:00.000Z,"-784","8",16,0,0
2026-07-16T20:20:00.000Z,"-794","8",16,0,0
2026-07-16T20:25:00.000Z,"-792","8",16,0,0
2026-07-16T20:30:00.000Z,"-800","8",16,0,0
2026-07-16T20:35:00.000Z,"-800","8",16,0,0
2026-07-16T20:40:00.000Z,"-800","8",16,0,0
2026-07-16T20:45:00.000Z,"-807","8",16,0,0
2026-07-16T20:50:00.000Z,"-806","8",16,0,0
2026-07-16T20:55:00.000Z,"-806","8",16,0,0
2026-07-16T21:00:00.000Z,"-809","8",16,0,0
2026-07-16T21:05:00.000Z,"-804","8",16,0,0
2026-07-16T21:10:00.000Z,"-815","8",16,0,0
2026-07-16T21:15:00.000Z,"-819","8",16,0,0
2026-07-16T21:20:00.000Z,"-812","8",16,0,0
2026-07-16T21:25:00.000Z,"-820","8",16,0,0
2026-07-16T21:30:00.000Z,"-821","8",16,0,0
2026-07-16T21:35:00.000Z,"-825","8",16,0,0
2026-07-16T21:40:00.000Z,"-826","8",16,0,0
2026-07-16T21:45:00.000Z,"-836","8",16,0,0
2026-07-16T21:50:00.000Z,"-830","8",16,0,0
2026-07-16T21:55:00.000Z,"-836","8",16,0,0
2026-07-16T22:00:00.000Z,"-837","8",16,0,0
2026-07-16T22:05:00.000Z,"-841","8",16,0,0
2026-07-16T22:10:00.000Z,"-841","8",16,0,0
2026-07-16T22:15:00.000Z,"-834","8",16,0,0
2026-07-16T22:20:00.000Z,"-846","8",16,0,0
2026-07-16T22:25:00.000Z,"-851","8",16,0,0
2026-07-16T22:30:00.000Z,"-857","8",16,0,0
2026-07-16T22:35:00.000Z,"-857","8",16,0,0
2026-07-16T22:40:00.000Z,"-857","8",16,0,0
2026-07-16T22:45:00.000Z,"-850","8",16,0,0
2026-07-16T22:50:00.000Z,"-862","8",16,0,0
2026-07-16T22:55:00.000Z,"-855","8",16,0,0
2026-07-16T23:00:00.000Z,"-864","8",16,0,0
2026-07-16T23:05:00.000Z,"-861","8",16,0,0
2026-07-16T23:10:00.000Z,"-860","8",16,0,0
2026-07-16T23:15:00.000Z,"-867","8",16,0,0
2026-07-16T23:20:00.000Z,"-862","8",16,0,0
2026-07-16T23:25:00.000Z,"-862","8",16,0,0
2026-07-16T23:30:00.000Z,"-861","8",16,0,0
2026-07-16T23:35:00.000Z,"-866","8",16,0,0
2026-07-16T23:40:00.000Z,"-867","8",16,0,0
2026-07-16T23:45:00.000Z,"-865","8",16,0,0
2026-07-16T23:50:00.000Z,"-864","8",16,0,0
2026-07-16T23:55:00.000Z,"-865","8",16,0,0
2026-07-17T00:00:00.000Z,"-861","8",16,0,0
2026-07-17T00:05:00.000Z,"-861","8",16,0,0
2026-07-17T00:10:00.000Z,"-871","8",16,0,0
2026-07-17T00:15:00.000Z,"-865","8",16,0,0
2026-07-17T00:20:00.000Z,"-869","8",16,0,0
2026-07-17T00:25:00.000Z,"-869","8",16,0,0
2026-07-17T00:30:00.000Z,"-870","8",16,0,0
2026-07-17T00:35:00.000Z,"-871","8",16,0,0
2026-07-17T00:40:00.000Z,"-866","8",16,0,0
2026-07-17T00:45:00.000Z,"-861","8",16,0,0
2026-07-17T00:50:00.000Z,"-859","8",16,0,0
2026-07-17T00:55:00.000Z,"-854","8",16,0,0
2026-07-17T01:00:00.000Z,"-861","8",16,0,0
2026-07-17T01:05:00.000Z,"-861","8",16,0,0
2026-07-17T01:10:00.000Z,"-861","8",16,0,0
2026-07-17T01:15:00.000Z,"-860","8",16,0,0
2026-07-17T01:20:00.000Z,"-854","8",16,0,0
2026-07-17T01:25:00.000Z,"-852","8",16,0,0
2026-07-17T01:30:00.000Z,"-851","8",16,0,0
2026-07-17T01:35:00.000Z,"-854","8",16,0,0
2026-07-17T01:40:00.000Z,"-850","8",16,0,0
2026-07-17T01:45:00.000Z,"-842","8",16,0,0
2026-07-17T01:50:00.000Z,"-846","8",16,0,0
2026-07-17T01:55:00.000Z,"-841","8",16,0,0
2026-07-17T02:00:00.000Z,"-841","8",16,0,0
2026-07-17T02:05:00.000Z,"-835","8",16,0,0
2026-07-17T02:10:00.000Z,"-835","8",16,0,0
2026-07-17T02:15:00.000Z,"-839","8",16,0,0
2026-07-17T02:20:00.000Z,"-834","8",16,0,0
2026-07-17T02:25:00.000Z,"-835","8",16,0,0
2026-07-17T02:30:00.000Z,"-830","8",16,0,0
2026-07-17T02:35:00.000Z,"-829","8",16,0,0
2026-07-17T02:40:00.000Z,"-827","8",16,0,0
2026-07-17T02:45:00.000Z,"-826","8",16,0,0
2026-07-17T02:50:00.000Z,"-820","8",16,0,0
2026-07-17T02:55:00.000Z,"-819","8",16,0,0
2026-07-17T03:00:00.000Z,"-821","8",16,0,0
2026-07-17T03:05:00.000Z,"-816","8",16,0,0
2026-07-17T03:10:00.000Z,"-820","8",16,0,0
2026-07-17T03:15:00.000Z,"-822","8",16,0,0
2026-07-17T03:20:00.000Z,"-817","8",16,0,0
2026-07-17T03:25:00.000Z,"-816","8",16,0,0
2026-07-17T03:30:00.000Z,"-815","8",16,0,0
2026-07-17T03:35:00.000Z,"-821","8",16,0,0
2026-07-17T03:40:00.000Z,"-821","8",16,0,0
2026-07-17T03:45:00.000Z,"-817","8",16,0,0
2026-07-17T03:50:00.000Z,"-820","8",16,0,0
2026-07-17T03:55:00.000Z,"-816","8",16,0,0
2026-07-17T04:00:00.000Z,"-822","8",16,0,0
2026-07-17T04:05:00.000Z,"-817","8",16,0,0
2026-07-17T04:10:00.000Z,"-816","8",16,0,0
2026-07-17T04:15:00.000Z,"-820","8",16,0,0
2026-07-17T04:20:00.000Z,"-822","8",16,0,0
2026-07-17T04:25:00.000Z,"-820","8",16,0,0
2026-07-17T04:30:00.000Z,"-821","8",16,0,0
2026-07-17T04:35:00.000Z,"-822","8",16,0,0
2026-07-17T04:40:00.000Z,"-826","8",16,0,0
2026-07-17T04:45:00.000Z,"-832","8",16,0,0
2026-07-17T04:50:00.000Z,"-830","8",16,0,0
2026-07-17T04:55:00.000Z,"-827","8",16,0,0
2026-07-17T05:00:00.000Z,"-834","8",16,0,0
2026-07-17T05:05:00.000Z,"-834","8",16,0,0
2026-07-17T05:10:00.000Z,"-830","8",16,0,0
2026-07-17T05:15:00.000Z,"-840","8",16,0,0
2026-07-17T05:20:00.000Z,"-839","8",16,0,0
2026-07-17T05:25:00.000Z,"-840","8",16,0,0
2026-07-17T05:30:00.000Z,"-842","8",16,0,0
2026-07-17T05:35:00.000Z,"-840","8",16,0,0
2026-07-17T05:40:00.000Z,"-847","8",16,0,0
2026-07-17T05:45:00.000Z,"-844","8",16,0,0
2026-07-17T05:50:00.000Z,"-849","8",16,0,0
2026-07-17T05:55:00.000Z,"-846","8",16,0,0
2026-07-17T06:00:00.000Z,"-849","8",16,0,0
2026-07-17T06:05:00.000Z,"-847","8",16,0,0
2026-07-17T06:10:00.000Z,"-847","8",16,0,0
2026-07-17T06:15:00.000Z,"-849","8",16,0,0
2026-07-17T06:20:00.000Z,"-850","8",16,0,0
2026-07-17T06:25:00.000Z,"-851","8",16,0,0
2026-07-17T06:30:00.000Z,"-847","8",16,0,0
2026-07-17T06:35:00.000Z,"-851","8",16,0,0
2026-07-17T06:40:00.000Z,"-852","8",16,0,0
2026-07-17T06:45:00.000Z,"-854","8",16,0,0
2026-07-17T06:50:00.000Z,"-851","8",16,0,0
2026-07-17T06:55:00.000Z,"-857","8",16,0,0
2026-07-17T07:00:00.000Z,"-860","8",16,0,0
2026-07-17T07:05:00.000Z,"-851","8",16,0,0
2026-07-17T07:10:00.000Z,"-855","8",16,0,0
2026-07-17T07:15:00.000Z,"-861","8",16,0,0
2026-07-17T07:20:00.000Z,"-865","8",16,0,0
2026-07-17T07:25:00.000Z,"-860","8",16,0,0
2026-07-17T07:30:00.000Z,"-856","8",16,0,0
2026-07-17T07:35:00.000Z,"-855","8",16,0,0
2026-07-17T07:40:00.000Z,"-861","8",16,0,0
2026-07-17T07:45:00.000Z,"-857","8",16,0,0
2026-07-17T07:50:00.000Z,"-861","8",16,0,0
2026-07-17T07:55:00.000Z,"-866","8",16,0,0
2026-07-17T08:00:00.000Z,"-864","8",16,0,0
2026-07-17T08:05:00.000Z,"-871","8",16,0,0
2026-07-17T08:10:00.000Z,"-866","8",16,0,0
2026-07-17T08:15:00.000Z,"-871","8",16,0,0
2026-07-17T08:20:00.000Z,"-881","8",16,0,0
2026-07-17T08:25:00.000Z,"-872","8",16,0,0
2026-07-17T08:30:00.000Z,"-879","8",16,0,0
2026-07-17T08:35:00.000Z,"-872","8",16,0,0
2026-07-17T08:40:00.000Z,"-870","8",16,0,0
2026-07-17T08:45:00.000Z,"-881","8",16,0,0
2026-07-17T08:50:00.000Z,"-879","8",16,0,0
2026-07-17T08:55:00.000Z,"-876","8",16,0,0
2026-07-17T09:00:00.000Z,"-886","8",16,0,0
2026-07-17T09:05:00.000Z,"-881","8",16,0,0
2026-07-17T09:10:00.000Z,"-884","8",16,0,0
2026-07-17T09:15:00.000Z,"-881","8",16,0,0
2026-07-17T09:20:00.000Z,"-880","8",16,0,0
2026-07-17T09:25:00.000Z,"-876","8",16,0,0
2026-07-17T09:30:00.000Z,"-879","8",16,0,0
2026-07-17T09:35:00.000Z,"-877","8",16,0,0
2026-07-17T09:40:00.000Z,"-879","8",16,0,0
2026-07-17T09:45:00.000Z,"-875","8",16,0,0
2026-07-17T09:50:00.000Z,"-875","8",16,0,0
2026-07-17T09:55:00.000Z,"-875","8",16,0,0
2026-07-17T10:00:00.000Z,"-869","8",16,0,0
2026-07-17T10:05:00.000Z,"-867","8",16,0,0
2026-07-17T10:10:00.000Z,"-865","8",16,0,0
2026-07-17T10:15:00.000Z,"-856","8",16,0,0
2026-07-17T10:20:00.000Z,"-856","8",16,0,0
2026-07-17T10:25:00.000Z,"-851","8",16,0,0
2026-07-17T10:30:00.000Z,"-846","8",16,0,0
2026-07-17T10:35:00.000Z,"-839","8",16,0,0
2026-07-17T10:40:00.000Z,"-839","8",16,0,0
2026-07-17T10:45:00.000Z,"-839","8",16,0,0
2026-07-17T10:50:00.000Z,"-830","8",16,0,0
2026-07-17T10:55:00.000Z,"-829","8",16,0,0
2026-07-17T11:00:00.000Z,"-826","8",16,0,0
2026-07-17T11:05:00.000Z,"-826","8",16,0,0
2026-07-17T11:10:00.000Z,"-814","8",16,0,0
2026-07-17T11:15:00.000Z,"-816","8",16,0,0
2026-07-17T11:20:00.000Z,"-807","8",16,0,0
2026-07-17T11:25:00.000Z,"-802","8",16,0,0
2026-07-17T11:30:00.000Z,"-804","8",16,0,0
2026-07-17T11:35:00.000Z,"-792","8",16,0,0
2026-07-17T11:40:00.000Z,"-792","8",16,0,0
2026-07-17T11:45:00.000Z,"-787","8",16,0,0
2026-07-17T11:50:00.000Z,"-785","8",16,0,0
2026-07-17T11:55:00.000Z,"-785","8",16,0,0
2026-07-17T12:00:00.000Z,"-776","8",16,0,0
2026-07-17T12:05:00.000Z,"-776","8",16,0,0
2026-07-17T12:10:00.000Z,"-774","8",16,0,0
2026-07-17T12:15:00.000Z,"-770","8",16,0,0
2026-07-17T12:20:00.000Z,"-770","8",16,0,0
2026-07-17T12:25:00.000Z,"-765","8",16,0,0
2026-07-17T12:30:00.000Z,"-765","8",16,0,0
2026-07-17T12:35:00.000Z,"-765","8",16,0,0
2026-07-17T12:40:00.000Z,"-761","8",16,0,0
2026-07-17T12:45:00.000Z,"-760","8",16,0,0
2026-07-17T12:50:00.000Z,"-760","8",16,0,0
2026-07-17T12:55:00.000Z,"-759","8",16,0,0
2026-07-17T13:00:00.000Z,"-757","8",16,0,0
2026-07-17T13:05:00.000Z,"-751","8",16,0,0
2026-07-17T13:10:00.000Z,"-752","8",16,0,0
2026-07-17T13:15:00.000Z,"-754","8",16,0,0
2026-07-17T13:20:00.000Z,"-751","8",16,0,0
2026-07-17T13:25:00.000Z,"-755","8",16,0,0
2026-07-17T13:30:00.000Z,"-750","8",16,0,0
2026-07-17T13:35:00.000Z,"-751","8",16,0,0
2026-07-17T13:40:00.000Z,"-752","8",16,0,0
2026-07-17T13:45:00.000Z,"-749","8",16,0,0
2026-07-17T13:50:00.000Z,"-750","8",16,0,0
2026-07-17T13:55:00.000Z,"-750","8",16,0,0
2026-07-17T14:00:00.000Z,"-754","8",16,0,0
2026-07-17T14:05:00.000Z,"-754","8",16,0,0
2026-07-17T14:10:00.000Z,"-757","8",16,0,0
2026-07-17T14:15:00.000Z,"-760","8",16,0,0
2026-07-17T14:20:00.000Z,"-760","8",16,0,0
2026-07-17T14:25:00.000Z,"-760","8",16,0,0
2026-07-17T14:30:00.000Z,"-760","8",16,0,0
2026-07-17T14:35:00.000Z,"-767","8",16,0,0
2026-07-17T14:40:00.000Z,"-765","8",16,0,0
2026-07-17T14:45:00.000Z,"-769","8",16,0,0
2026-07-17T14:50:00.000Z,"-775","8",16,0,0
2026-07-17T14:55:00.000Z,"-777","8",16,0,0
2026-07-17T15:00:00.000Z,"-772","8",16,0,0
2026-07-17T15:05:00.000Z,"-775","8",16,0,0
2026-07-17T15:10:00.000Z,"-777","8",16,0,0
2026-07-17T15:15:00.000Z,"-785","8",16,0,0
2026-07-17T15:20:00.000Z,"-775","8",16,0,0
2026-07-17T15:25:00.000Z,"-782","8",16,0,0
2026-07-17T15:30:00.000Z,"-780","8",16,0,0
2026-07-17T15:35:00.000Z,"-781","8",16,0,0
2026-07-17T15:40:00.000Z,"-785","8",16,0,0
2026-07-17T15:45:00.000Z,"-786","8",16,0,0
2026-07-17T15:50:00.000Z,"-785","8",16,0,0
2026-07-17T15:55:00.000Z,"-789","8",16,0,0
2026-07-17T16:00:00.000Z,"-790","8",16,0,0
2026-07-17T16:05:00.000Z,"-790","8",16,0,0
2026-07-17T16:10:00.000Z,"-786","8",16,0,0
2026-07-17T16:15:00.000Z,"-794","8",16,0,0
2026-07-17T16:20:00.000Z,"-787","8",16,0,0
2026-07-17T16:25:00.000Z,"-786","8",16,0,0
2026-07-17T16:30:00.000Z,"-784","8",16,0,0
2026-07-17T16:35:00.000Z,"-787","8",16,0,0
2026-07-17T16:40:00.000Z,"-785","8",16,0,0
2026-07-17T16:45:00.000Z,"-779","8",16,0,0
2026-07-17T16:50:00.000Z,"-782","8",16,0,0
2026-07-17T16:55:00.000Z,"-775","8",16,0,0
2026-07-17T17:00:00.000Z,"-771","8",16,0,0
2026-07-17T17:05:00.000Z,"-769","8",16,0,0
2026-07-17T17:10:00.000Z,"-770","8",16,0,0
2026-07-17T17:15:00.000Z,"-765","8",16,0,0
2026-07-17T17:20:00.000Z,"-762","8",16,0,0
2026-07-17T17:25:00.000Z,"-755","8",16,0,0
2026-07-17T17:30:00.000Z,"-754","8",16,0,0
2026-07-17T17:35:00.000Z,"-750","8",16,0,0
2026-07-17T17:40:00.000Z,"-747","8",16,0,0
2026-07-17T17:45:00.000Z,"-740","8",16,0,0
2026-07-17T17:50:00.000Z,"-734","8",16,0,0
2026-07-17T17:55:00.000Z,"-732","8",16,0,0
2026-07-17T18:00:00.000Z,"-730","8",16,0,0
2026-07-17T18:05:00.000Z,"-725","8",16,0,0
2026-07-17T18:10:00.000Z,"-724","8",16,0,0
2026-07-17T18:15:00.000Z,"-716","8",16,0,0
2026-07-17T18:20:00.000Z,"-714","8",16,0,0
2026-07-17T18:25:00.000Z,"-709","8",16,0,0
2026-07-17T18:30:00.000Z,"-707","8",16,0,0
2026-07-17T18:35:00.000Z,"-704","8",16,0,0
2026-07-17T18:40:00.000Z,"-699","8",16,0,0
2026-07-17T18:45:00.000Z,"-701","8",16,0,0
2026-07-17T18:50:00.000Z,"-695","8",16,0,0
2026-07-17T18:55:00.000Z,"-692","8",16,0,0
2026-07-17T19:00:00.000Z,"-694","8",16,0,0
2026-07-17T19:05:00.000Z,"-686","8",16,0,0
2026-07-17T19:10:00.000Z,"-682","8",16,0,0
2026-07-17T19:15:00.000Z,"-686","8",16,0,0
2026-07-17T19:20:00.000Z,"-679","8",16,0,0
2026-07-17T19:25:00.000Z,"-674","8",16,0,0
2026-07-17T19:30:00.000Z,"-676","8",16,0,0
2026-07-17T19:35:00.000Z,"-672","8",16,0,0
2026-07-17T19:40:00.000Z,"-672","8",16,0,0
2026-07-17T19:45:00.000Z,"-669","8",16,0,0
2026-07-17T19:50:00.000Z,"-667","8",16,0,0
2026-07-17T19:55:00.000Z,"-664","8",16,0,0
2026-07-17T20:00:00.000Z,"-661","8",16,0,0
2026-07-17T20:05:00.000Z,"-661","8",16,0,0
2026-07-17T20:10:00.000Z,"-656","8",16,0,0
2026-07-17T20:15:00.000Z,"-654","8",16,0,0
2026-07-17T20:20:00.000Z,"-651","8",16,0,0
2026-07-17T20:25:00.000Z,"-654","8",16,0,0
2026-07-17T20:30:00.000Z,"-649","8",16,0,0
2026-07-17T20:35:00.000Z,"-644","8",16,0,0
2026-07-17T20:40:00.000Z,"-642","8",16,0,0
2026-07-17T20:45:00.000Z,"-644","8",16,0,0
2026-07-17T20:50:00.000Z,"-637","8",16,0,0
2026-07-17T20:55:00.000Z,"-636","8",16,0,0
2026-07-17T21:00:00.000Z,"-637","8",16,0,0
2026-07-17T21:05:00.000Z,"-634","8",16,0,0
2026-07-17T21:10:00.000Z,"-629","8",16,0,0
2026-07-17T21:15:00.000Z,"-630","8",16,0,0
2026-07-17T21:20:00.000Z,"-629","8",16,0,0
2026-07-17T21:25:00.000Z,"-625","8",16,0,0
2026-07-17T21:30:00.000Z,"-626","8",16,0,0
2026-07-17T21:35:00.000Z,"-626","8",16,0,0
2026-07-17T21:40:00.000Z,"-621","8",16,0,0
2026-07-17T21:45:00.000Z,"-622","8",16,0,0
2026-07-17T21:50:00.000Z,"-622","8",16,0,0
2026-07-17T21:55:00.000Z,"-622","8",16,0,0
2026-07-17T22:00:00.000Z,"-621","8",16,0,0
2026-07-17T22:05:00.000Z,"-624","8",16,0,0
2026-07-17T22:10:00.000Z,"-621","8",16,0,0
2026-07-17T22:15:00.000Z,"-624","8",16,0,0
2026-07-17T22:20:00.000Z,"-621","8",16,0,0
2026-07-17T22:25:00.000Z,"-624","8",16,0,0
2026-07-17T22:30:00.000Z,"-624","8",16,0,0
2026-07-17T22:35:00.000Z,"-626","8",16,0,0
2026-07-17T22:40:00.000Z,"-631","8",16,0,0
2026-07-17T22:45:00.000Z,"-626","8",16,0,0
2026-07-17T22:50:00.000Z,"-629","8",16,0,0
2026-07-17T22:55:00.000Z,"-630","8",16,0,0
2026-07-17T23:00:00.000Z,"-627","8",16,0,0
2026-07-17T23:05:00.000Z,"-632","8",16,0,0
2026-07-17T23:10:00.000Z,"-631","8",16,0,0
2026-07-17T23:15:00.000Z,"-632","8",16,0,0
2026-07-17T23:20:00.000Z,"-634","8",16,0,0
2026-07-17T23:25:00.000Z,"-635","8",16,0,0
2026-07-17T23:30:00.000Z,"-636","8",16,0,0
2026-07-17T23:35:00.000Z,"-635","8",16,0,0
2026-07-17T23:40:00.000Z,"-635","8",16,0,0
2026-07-17T23:45:00.000Z,"-637","8",16,0,0
2026-07-17T23:50:00.000Z,"-637","8",16,0,0
2026-07-17T23:55:00.000Z,"-639","8",16,0,0
2026-07-18T00:00:00.000Z,"-641","8",16,0,0
2026-07-18T00:05:00.000Z,"-641","8",16,0,0
2026-07-18T00:10:00.000Z,"-644","8",16,0,0
2026-07-18T00:15:00.000Z,"-645","8",16,0,0
2026-07-18T00:20:00.000Z,"-645","8",16,0,0
2026-07-18T00:25:00.000Z,"-647","8",16,0,0
2026-07-18T00:30:00.000Z,"-649","8",16,0,0
2026-07-18T00:35:00.000Z,"-650","8",16,0,0
2026-07-18T00:40:00.000Z,"-655","8",16,0,0
2026-07-18T00:45:00.000Z,"-649","8",16,0,0
2026-07-18T00:50:00.000Z,"-654","8",16,0,0
2026-07-18T00:55:00.000Z,"-651","8",16,0,0
2026-07-18T01:00:00.000Z,"-655","8",16,0,0
2026-07-18T01:05:00.000Z,"-654","8",16,0,0
2026-07-18T01:10:00.000Z,"-651","8",16,0,0
2026-07-18T01:15:00.000Z,"-649","8",16,0,0
2026-07-18T01:20:00.000Z,"-651","8",16,0,0
2026-07-18T01:25:00.000Z,"-650","8",16,0,0
2026-07-18T01:30:00.000Z,"-651","8",16,0,0
2026-07-18T01:35:00.000Z,"-647","8",16,0,0
2026-07-18T01:40:00.000Z,"-651","8",16,0,0
2026-07-18T01:45:00.000Z,"-646","8",16,0,0
2026-07-18T01:50:00.000Z,"-647","8",16,0,0
2026-07-18T01:55:00.000Z,"-651","8",16,0,0
2026-07-18T02:00:00.000Z,"-647","8",16,0,0
2026-07-18T02:05:00.000Z,"-646","8",16,0,0
2026-07-18T02:10:00.000Z,"-647","8",16,0,0
2026-07-18T02:15:00.000Z,"-650","8",16,0,0
2026-07-18T02:20:00.000Z,"-641","8",16,0,0
2026-07-18T02:25:00.000Z,"-641","8",16,0,0
2026-07-18T02:30:00.000Z,"-645","8",16,0,0
2026-07-18T02:35:00.000Z,"-641","8",16,0,0
2026-07-18T02:40:00.000Z,"-641","8",16,0,0
2026-07-18T02:45:00.000Z,"-641","8",16,0,0
2026-07-18T02:50:00.000Z,"-641","8",16,0,0
2026-07-18T02:55:00.000Z,"-641","8",16,0,0
2026-07-18T03:00:00.000Z,"-636","8",16,0,0
2026-07-18T03:05:00.000Z,"-636","8",16,0,0
2026-07-18T03:10:00.000Z,"-639","8",16,0,0
2026-07-18T03:15:00.000Z,"-635","8",16,0,0
2026-07-18T03:20:00.000Z,"-634","8",16,0,0
2026-07-18T03:25:00.000Z,"-635","8",16,0,0
2026-07-18T03:30:00.000Z,"-631","8",16,0,0
2026-07-18T03:35:00.000Z,"-631","8",16,0,0
2026-07-18T03:40:00.000Z,"-627","8",16,0,0
2026-07-18T03:45:00.000Z,"-627","8",16,0,0
2026-07-18T03:50:00.000Z,"-626","8",16,0,0
2026-07-18T03:55:00.000Z,"-624","8",16,0,0
2026-07-18T04:00:00.000Z,"-621","8",16,0,0
2026-07-18T04:05:00.000Z,"-622","8",16,0,0
2026-07-18T04:10:00.000Z,"-622","8",16,0,0
2026-07-18T04:15:00.000Z,"-620","8",16,0,0
2026-07-18T04:20:00.000Z,"-620","8",16,0,0
2026-07-18T04:25:00.000Z,"-619","8",16,0,0
2026-07-18T04:30:00.000Z,"-619","8",16,0,0
2026-07-18T04:35:00.000Z,"-616","8",16,0,0
2026-07-18T04:40:00.000Z,"-617","8",16,0,0
2026-07-18T04:45:00.000Z,"-614","8",16,0,0
2026-07-18T04:50:00.000Z,"-617","8",16,0,0
2026-07-18T04:55:00.000Z,"-612","8",16,0,0
2026-07-18T05:00:00.000Z,"-614","8",16,0,0
2026-07-18T05:05:00.000Z,"-611","8",16,0,0
2026-07-18T05:10:00.000Z,"-612","8",16,0,0
2026-07-18T05:15:00.000Z,"-612","8",16,0,0
2026-07-18T05:20:00.000Z,"-607","8",16,0,0
2026-07-18T05:25:00.000Z,"-606","8",16,0,0
2026-07-18T05:30:00.000Z,"-605","8",16,0,0
2026-07-18T05:35:00.000Z,"-605","8",16,0,0
2026-07-18T05:40:00.000Z,"-606","8",16,0,0
2026-07-18T05:45:00.000Z,"-606","8",16,0,0
2026-07-18T05:50:00.000Z,"-602","8",16,0,0
2026-07-18T05:55:00.000Z,"-601","8",16,0,0
2026-07-18T06:00:00.000Z,"-600","8",16,0,0
2026-07-18T06:05:00.000Z,"-604","8",16,0,0
2026-07-18T06:10:00.000Z,"-602","8",16,0,0
2026-07-18T06:15:00.000Z,"-601","8",16,0,0
2026-07-18T06:20:00.000Z,"-599","8",16,0,0
2026-07-18T06:25:00.000Z,"-600","8",16,0,0
2026-07-18T06:30:00.000Z,"-595","8",16,0,0
2026-07-18T06:35:00.000Z,"-596","8",16,0,0
2026-07-18T06:40:00.000Z,"-604","8",16,0,0
2026-07-18T06:45:00.000Z,"-596","8",16,0,0
2026-07-18T06:50:00.000Z,"-597","8",16,0,0
2026-07-18T06:55:00.000Z,"-602","8",16,0,0
2026-07-18T07:00:00.000Z,"-594","8",16,0,0
2026-07-18T07:05:00.000Z,"-599","8",16,0,0
2026-07-18T07:10:00.000Z,"-596","8",16,0,0
2026-07-18T07:15:00.000Z,"-601","8",16,0,0
2026-07-18T07:20:00.000Z,"-595","8",16,0,0
2026-07-18T07:25:00.000Z,"-591","8",16,0,0
2026-07-18T07:30:00.000Z,"-594","8",16,0,0
2026-07-18T07:35:00.000Z,"-594","8",16,0,0
2026-07-18T07:40:00.000Z,"-597","8",16,0,0
2026-07-18T07:45:00.000Z,"-594","8",16,0,0
2026-07-18T07:50:00.000Z,"-595","8",16,0,0
2026-07-18T07:55:00.000Z,"-592","8",16,0,0
2026-07-18T08:00:00.000Z,"-597","8",16,0,0
2026-07-18T08:05:00.000Z,"-600","8",16,0,0
2026-07-18T08:10:00.000Z,"-594","8",16,0,0
2026-07-18T08:15:00.000Z,"-594","8",16,0,0
2026-07-18T08:20:00.000Z,"-592","8",16,0,0
2026-07-18T08:25:00.000Z,"-592","8",16,0,0
2026-07-18T08:30:00.000Z,"-592","8",16,0,0
2026-07-18T08:35:00.000Z,"-590","8",16,0,0
2026-07-18T08:40:00.000Z,"-594","8",16,0,0
2026-07-18T08:45:00.000Z,"-594","8",16,0,0
2026-07-18T08:50:00.000Z,"-599","8",16,0,0
2026-07-18T08:55:00.000Z,"-601","8",16,0,0
2026-07-18T09:00:00.000Z,"-601","8",16,0,0
2026-07-18T09:05:00.000Z,"-601","8",16,0,0
2026-07-18T09:10:00.000Z,"-601","8",16,0,0
2026-07-18T09:15:00.000Z,"-604","8",16,0,0
2026-07-18T09:20:00.000Z,"-604","8",16,0,0
2026-07-18T09:25:00.000Z,"-602","8",16,0,0
2026-07-18T09:30:00.000Z,"-607","8",16,0,0
2026-07-18T09:35:00.000Z,"-607","8",16,0,0
2026-07-18T09:40:00.000Z,"-601","8",16,0,0
2026-07-18T09:45:00.000Z,"-604","8",16,0,0
2026-07-18T09:50:00.000Z,"-611","8",16,0,0
2026-07-18T09:55:00.000Z,"-609","8",16,0,0
2026-07-18T10:00:00.000Z,"-607","8",16,0,0
2026-07-18T10:05:00.000Z,"-612","8",16,0,0
2026-07-18T10:10:00.000Z,"-620","8",16,0,0
2026-07-18T10:15:00.000Z,"-615","8",16,0,0
2026-07-18T10:20:00.000Z,"-619","8",16,0,0
2026-07-18T10:25:00.000Z,"-622","8",16,0,0
2026-07-18T10:30:00.000Z,"-622","8",16,0,0
2026-07-18T10:35:00.000Z,"-620","8",16,0,0
2026-07-18T10:40:00.000Z,"-622","8",16,0,0
2026-07-18T10:45:00.000Z,"-634","8",16,0,0
2026-07-18T10:50:00.000Z,"-630","8",16,0,0
2026-07-18T10:55:00.000Z,"-631","8",16,0,0
2026-07-18T11:00:00.000Z,"-647","8",16,0,0
2026-07-18T11:05:00.000Z,"-639","8",16,0,0
2026-07-18T11:10:00.000Z,"-640","8",16,0,0
2026-07-18T11:15:00.000Z,"-644","8",16,0,0
2026-07-18T11:20:00.000Z,"-645","8",16,0,0
2026-07-18T11:25:00.000Z,"-649","8",16,0,0
2026-07-18T11:30:00.000Z,"-647","8",16,0,0
2026-07-18T11:35:00.000Z,"-647","8",16,0,0
2026-07-18T11:40:00.000Z,"-651","8",16,0,0
2026-07-18T11:45:00.000Z,"-649","8",16,0,0
2026-07-18T11:50:00.000Z,"-650","8",16,0,0
2026-07-18T11:55:00.000Z,"-656","8",16,0,0
2026-07-18T12:00:00.000Z,"-654","8",16,0,0
2026-07-18T12:05:00.000Z,"-659","8",16,0,0
2026-07-18T12:10:00.000Z,"-662","8",16,0,0
2026-07-18T12:15:00.000Z,"-661","8",16,0,0
2026-07-18T12:20:00.000Z,"-664","8",16,0,0
2026-07-18T12:25:00.000Z,"-664","8",16,0,0
2026-07-18T12:30:00.000Z,"-662","8",16,0,0
2026-07-18T12:35:00.000Z,"-669","8",16,0,0
2026-07-18T12:40:00.000Z,"-669","8",16,0,0
2026-07-18T12:45:00.000Z,"-667","8",16,0,0
2026-07-18T12:50:00.000Z,"-674","8",16,0,0
2026-07-18T12:55:00.000Z,"-667","8",16,0,0
2026-07-18T13:00:00.000Z,"-677","8",16,0,0
2026-07-18T13:05:00.000Z,"-676","8",16,0,0
2026-07-18T13:10:00.000Z,"-676","8",16,0,0
2026-07-18T13:15:00.000Z,"-681","8",16,0,0
2026-07-18T13:20:00.000Z,"-685","8",16,0,0
2026-07-18T13:25:00.000Z,"-679","8",16,0,0
2026-07-18T13:30:00.000Z,"-682","8",16,0,0
2026-07-18T13:35:00.000Z,"-681","8",16,0,0
2026-07-18T13:40:00.000Z,"-686","8",16,0,0
2026-07-18T13:45:00.000Z,"-684","8",16,0,0
2026-07-18T13:50:00.000Z,"-692","8",16,0,0
2026-07-18T13:55:00.000Z,"-695","8",16,0,0
2026-07-18T14:00:00.000Z,"-696","8",16,0,0
2026-07-18T14:05:00.000Z,"-700","8",16,0,0
2026-07-18T14:10:00.000Z,"-704","8",16,0,0
2026-07-18T14:15:00.000Z,"-701","8",16,0,0
2026-07-18T14:20:00.000Z,"-705","8",16,0,0
2026-07-18T14:25:00.000Z,"-704","8",16,0,0
2026-07-18T14:30:00.000Z,"-709","8",16,0,0
2026-07-18T14:35:00.000Z,"-711","8",16,0,0
2026-07-18T14:40:00.000Z,"-715","8",16,0,0
2026-07-18T14:45:00.000Z,"-709","8",16,0,0
2026-07-18T14:50:00.000Z,"-721","8",16,0,0
2026-07-18T14:55:00.000Z,"-724","8",16,0,0
2026-07-18T15:00:00.000Z,"-726","8",16,0,0
2026-07-18T15:05:00.000Z,"-725","8",16,0,0
2026-07-18T15:10:00.000Z,"-727","8",16,0,0
2026-07-18T15:15:00.000Z,"-727","8",16,0,0
2026-07-18T15:20:00.000Z,"-734","8",16,0,0
2026-07-18T15:25:00.000Z,"-737","8",16,0,0
2026-07-18T15:30:00.000Z,"-734","8",16,0,0
2026-07-18T15:35:00.000Z,"-737","8",16,0,0
2026-07-18T15:40:00.000Z,"-739","8",16,0,0
2026-07-18T15:45:00.000Z,"-739","8",16,0,0
2026-07-18T15:50:00.000Z,"-742","8",16,0,0
2026-07-18T15:55:00.000Z,"-744","8",16,0,0
2026-07-18T16:00:00.000Z,"-746","8",16,0,0
2026-07-18T16:05:00.000Z,"-750","8",16,0,0
2026-07-18T16:10:00.000Z,"-744","8",16,0,0
2026-07-18T16:15:00.000Z,"-749","8",16,0,0
2026-07-18T16:20:00.000Z,"-744","8",16,0,0
2026-07-18T16:25:00.000Z,"-749","8",16,0,0
2026-07-18T16:30:00.000Z,"-741","8",16,0,0
2026-07-18T16:35:00.000Z,"-749","8",16,0,0
2026-07-18T16:40:00.000Z,"-744","8",16,0,0
2026-07-18T16:45:00.000Z,"-746","8",16,0,0
2026-07-18T16:50:00.000Z,"-746","8",16,0,0
2026-07-18T16:55:00.000Z,"-747","8",16,0,0
2026-07-18T17:00:00.000Z,"-742","8",16,0,0
2026-07-18T17:05:00.000Z,"-741","8",16,0,0
2026-07-18T17:10:00.000Z,"-740","8",16,0,0
2026-07-18T17:15:00.000Z,"-737","8",16,0,0
2026-07-18T17:20:00.000Z,"-734","8",16,0,0
2026-07-18T17:25:00.000Z,"-736","8",16,0,0
2026-07-18T17:30:00.000Z,"-731","8",16,0,0
2026-07-18T17:35:00.000Z,"-726","8",16,0,0
2026-07-18T17:40:00.000Z,"-727","8",16,0,0
2026-07-18T17:45:00.000Z,"-726","8",16,0,0
2026-07-18T17:50:00.000Z,"-724","8",16,0,0
2026-07-18T17:55:00.000Z,"-722","8",16,0,0
2026-07-18T18:00:00.000Z,"-715","8",16,0,0
2026-07-18T18:05:00.000Z,"-712","8",16,0,0
2026-07-18T18:10:00.000Z,"-711","8",16,0,0
2026-07-18T18:15:00.000Z,"-707","8",16,0,0
2026-07-18T18:20:00.000Z,"-706","8",16,0,0
2026-07-18T18:25:00.000Z,"-702","8",16,0,0
2026-07-18T18:30:00.000Z,"-704","8",16,0,0
2026-07-18T18:35:00.000Z,"-700","8",16,0,0
2026-07-18T18:40:00.000Z,"-697","8",16,0,0
2026-07-18T18:45:00.000Z,"-697","8",16,0,0
2026-07-18T18:50:00.000Z,"-695","8",16,0,0
2026-07-18T18:55:00.000Z,"-691","8",16,0,0
2026-07-18T19:00:00.000Z,"-690","8",16,0,0
2026-07-18T19:05:00.000Z,"-695","8",16,0,0
2026-07-18T19:10:00.000Z,"-684","8",16,0,0
2026-07-18T19:15:00.000Z,"-684","8",16,0,0
2026-07-18T19:20:00.000Z,"-681","8",16,0,0
2026-07-18T19:25:00.000Z,"-680","8",16,0,0
2026-07-18T19:30:00.000Z,"-676","8",16,0,0
2026-07-18T19:35:00.000Z,"-675","8",16,0,0
2026-07-18T19:40:00.000Z,"-669","8",16,0,0
2026-07-18T19:45:00.000Z,"-675","8",16,0,0
2026-07-18T19:50:00.000Z,"-666","8",16,0,0
2026-07-18T19:55:00.000Z,"-665","8",16,0,0
2026-07-18T20:00:00.000Z,"-662","8",16,0,0
2026-07-18T20:05:00.000Z,"-661","8",16,0,0
2026-07-18T20:10:00.000Z,"-659","8",16,0,0
2026-07-18T20:15:00.000Z,"-659","8",16,0,0
2026-07-18T20:20:00.000Z,"-654","8",16,0,0
2026-07-18T20:25:00.000Z,"-652","8",16,0,0
2026-07-18T20:30:00.000Z,"-652","8",16,0,0
2026-07-18T20:35:00.000Z,"-647","8",16,0,0
2026-07-18T20:40:00.000Z,"-645","8",16,0,0
2026-07-18T20:45:00.000Z,"-641","8",16,0,0
2026-07-18T20:50:00.000Z,"-645","8",16,0,0
2026-07-18T20:55:00.000Z,"-637","8",16,0,0
2026-07-18T21:00:00.000Z,"-637","8",16,0,0
2026-07-18T21:05:00.000Z,"-639","8",16,0,0
2026-07-18T21:10:00.000Z,"-632","8",16,0,0
2026-07-18T21:15:00.000Z,"-632","8",16,0,0
2026-07-18T21:20:00.000Z,"-632","8",16,0,0
2026-07-18T21:25:00.000Z,"-632","8",16,0,0
2026-07-18T21:30:00.000Z,"-626","8",16,0,0
2026-07-18T21:35:00.000Z,"-632","8",16,0,0
2026-07-18T21:40:00.000Z,"-627","8",16,0,0
2026-07-18T21:45:00.000Z,"-629","8",16,0,0
2026-07-18T21:50:00.000Z,"-629","8",16,0,0
2026-07-18T21:55:00.000Z,"-627","8",16,0,0
2026-07-18T22:00:00.000Z,"-624","8",16,0,0
2026-07-18T22:05:00.000Z,"-627","8",16,0,0
2026-07-18T22:10:00.000Z,"-626","8",16,0,0
2026-07-18T22:15:00.000Z,"-626","8",16,0,0
2026-07-18T22:20:00.000Z,"-629","8",16,0,0
2026-07-18T22:25:00.000Z,"-627","8",16,0,0
2026-07-18T22:30:00.000Z,"-631","8",16,0,0
2026-07-18T22:35:00.000Z,"-630","8",16,0,0
2026-07-18T22:40:00.000Z,"-631","8",16,0,0
2026-07-18T22:45:00.000Z,"-627","8",16,0,0
2026-07-18T22:50:00.000Z,"-629","8",16,0,0
2026-07-18T22:55:00.000Z,"-634","8",16,0,0
2026-07-18T23:00:00.000Z,"-632","8",16,0,0
2026-07-18T23:05:00.000Z,"-636","8",16,0,0
2026-07-18T23:10:00.000Z,"-635","8",16,0,0
2026-07-18T23:15:00.000Z,"-636","8",16,0,0
2026-07-18T23:20:00.000Z,"-636","8",16,0,0
2026-07-18T23:25:00.000Z,"-637","8",16,0,0
2026-07-18T23:30:00.000Z,"-637","8",16,0,0
2026-07-18T23:35:00.000Z,"-641","8",16,0,0
2026-07-18T23:40:00.000Z,"-639","8",16,0,0
2026-07-18T23:45:00.000Z,"-641","8",16,0,0
2026-07-18T23:50:00.000Z,"-644","8",16,0,0
2026-07-18T23:55:00.000Z,"-645","8",16,0,0
2026-07-19T00:00:00.000Z,"-647","8",16,0,0
2026-07-19T00:05:00.000Z,"-649","8",16,0,0
2026-07-19T00:10:00.000Z,"-650","8",16,0,0
2026-07-19T00:15:00.000Z,"-652","8",16,0,0
2026-07-19T00:20:00.000Z,"-650","8",16,0,0
2026-07-19T00:25:00.000Z,"-655","8",16,0,0
2026-07-19T00:30:00.000Z,"-655","8",16,0,0
2026-07-19T00:35:00.000Z,"-661","8",16,0,0
2026-07-19T00:40:00.000Z,"-661","8",16,0,0
2026-07-19T00:45:00.000Z,"-661","8",16,0,0
2026-07-19T00:50:00.000Z,"-666","8",16,0,0
2026-07-19T00:55:00.000Z,"-666","8",16,0,0
2026-07-19T01:00:00.000Z,"-672","8",16,0,0
2026-07-19T01:05:00.000Z,"-670","8",16,0,0
2026-07-19T01:10:00.000Z,"-675","8",16,0,0
2026-07-19T01:15:00.000Z,"-677","8",16,0,0
2026-07-19T01:20:00.000Z,"-680","8",16,0,0
2026-07-19T01:25:00.000Z,"-680","8",16,0,0
2026-07-19T01:30:00.000Z,"-682","8",16,0,0
2026-07-19T01:35:00.000Z,"-687","8",16,0,0
2026-07-19T01:40:00.000Z,"-691","8",16,0,0
2026-07-19T01:45:00.000Z,"-691","8",16,0,0
2026-07-19T01:50:00.000Z,"-696","8",16,0,0
2026-07-19T01:55:00.000Z,"-702","8",16,0,0
2026-07-19T02:00:00.000Z,"-702","8",16,0,0
2026-07-19T02:05:00.000Z,"-709","8",16,0,0
2026-07-19T02:10:00.000Z,"-710","8",16,0,0
2026-07-19T02:15:00.000Z,"-711","8",16,0,0
2026-07-19T02:20:00.000Z,"-715","8",16,0,0
2026-07-19T02:25:00.000Z,"-725","8",16,0,0
2026-07-19T02:30:00.000Z,"-726","8",16,0,0
2026-07-19T02:35:00.000Z,"-731","8",16,0,0
2026-07-19T02:40:00.000Z,"-734","8",16,0,0
2026-07-19T02:45:00.000Z,"-740","8",16,0,0
2026-07-19T02:50:00.000Z,"-746","8",16,0,0
2026-07-19T02:55:00.000Z,"-745","8",16,0,0
2026-07-19T03:00:00.000Z,"-747","8",16,0,0
2026-07-19T03:05:00.000Z,"-754","8",16,0,0
2026-07-19T03:10:00.000Z,"-757","8",16,0,0
2026-07-19T03:15:00.000Z,"-760","8",16,0,0
2026-07-19T03:20:00.000Z,"-762","8",16,0,0
2026-07-19T03:25:00.000Z,"-765","8",16,0,0
2026-07-19T03:30:00.000Z,"-774","8",16,0,0
2026-07-19T03:35:00.000Z,"-775","8",16,0,0
2026-07-19T03:40:00.000Z,"-777","8",16,0,0
2026-07-19T03:45:00.000Z,"-779","8",16,0,0
2026-07-19T03:50:00.000Z,"-787","8",16,0,0
2026-07-19T03:55:00.000Z,"-791","8",16,0,0
2026-07-19T04:00:00.000Z,"-794","8",16,0,0
2026-07-19T04:05:00.000Z,"-800","8",16,0,0
2026-07-19T04:10:00.000Z,"-801","8",16,0,0
2026-07-19T04:15:00.000Z,"-805","8",16,0,0
2026-07-19T04:20:00.000Z,"-810","8",16,0,0
2026-07-19T04:25:00.000Z,"-816","8",16,0,0
2026-07-19T04:30:00.000Z,"-816","8",16,0,0
2026-07-19T04:35:00.000Z,"-816","8",16,0,0
2026-07-19T04:40:00.000Z,"-826","8",16,0,0
2026-07-19T04:45:00.000Z,"-830","8",16,0,0
2026-07-19T04:50:00.000Z,"-832","8",16,0,0
2026-07-19T04:55:00.000Z,"-842","8",16,0,0
2026-07-19T05:00:00.000Z,"-841","8",16,0,0
2026-07-19T05:05:00.000Z,"-841","8",16,0,0
2026-07-19T05:10:00.000Z,"-854","8",16,0,0
2026-07-19T05:15:00.000Z,"-851","8",16,0,0
2026-07-19T05:20:00.000Z,"-860","8",16,0,0
2026-07-19T05:25:00.000Z,"-859","8",16,0,0
2026-07-19T05:30:00.000Z,"-864","8",16,0,0
2026-07-19T05:35:00.000Z,"-864","8",16,0,0
2026-07-19T05:40:00.000Z,"-864","8",16,0,0
2026-07-19T05:45:00.000Z,"-867","8",16,0,0
2026-07-19T05:50:00.000Z,"-869","8",16,0,0
2026-07-19T05:55:00.000Z,"-880","8",16,0,0
2026-07-19T06:00:00.000Z,"-882","8",16,0,0
2026-07-19T06:05:00.000Z,"-882","8",16,0,0
2026-07-19T06:10:00.000Z,"-886","8",16,0,0
2026-07-19T06:15:00.000Z,"-885","8",16,0,0
2026-07-19T06:20:00.000Z,"-886","8",16,0,0
2026-07-19T06:25:00.000Z,"-892","8",16,0,0
2026-07-19T06:30:00.000Z,"-900","8",16,0,0
2026-07-19T06:35:00.000Z,"-899","8",16,0,0
2026-07-19T06:40:00.000Z,"-900","8",16,0,0
2026-07-19T06:45:00.000Z,"-897","8",16,0,0
2026-07-19T06:50:00.000Z,"-900","8",16,0,0
2026-07-19T06:55:00.000Z,"-899","8",16,0,0
2026-07-19T07:00:00.000Z,"-905","8",16,0,0
2026-07-19T07:05:00.000Z,"-906","8",16,0,0
2026-07-19T07:10:00.000Z,"-909","8",16,0,0
2026-07-19T07:15:00.000Z,"-907","8",16,0,0
2026-07-19T07:20:00.000Z,"-904","8",16,0,0
2026-07-19T07:25:00.000Z,"-914","8",16,0,0
2026-07-19T07:30:00.000Z,"-915","8",16,0,0
2026-07-19T07:35:00.000Z,"-911","8",16,0,0
2026-07-19T07:40:00.000Z,"-909","8",16,0,0
2026-07-19T07:45:00.000Z,"-910","8",16,0,0
2026-07-19T07:50:00.000Z,"-907","8",16,0,0
2026-07-19T07:55:00.000Z,"-910","8",16,0,0
2026-07-19T08:00:00.000Z,"-911","8",16,0,0
2026-07-19T08:05:00.000Z,"-909","8",16,0,0
2026-07-19T08:10:00.000Z,"-909","8",16,0,0
2026-07-19T08:15:00.000Z,"-907","8",16,0,0
2026-07-19T08:20:00.000Z,"-915","8",16,0,0
2026-07-19T08:25:00.000Z,"-911","8",16,0,0
2026-07-19T08:30:00.000Z,"-914","8",16,0,0
2026-07-19T08:35:00.000Z,"-911","8",16,0,0
2026-07-19T08:40:00.000Z,"-911","8",16,0,0
2026-07-19T08:45:00.000Z,"-909","8",16,0,0
2026-07-19T08:50:00.000Z,"-910","8",16,0,0
2026-07-19T08:55:00.000Z,"-910","8",16,0,0
2026-07-19T09:00:00.000Z,"-917","8",16,0,0
2026-07-19T09:05:00.000Z,"-911","8",16,0,0
2026-07-19T09:10:00.000Z,"-915","8",16,0,0
2026-07-19T09:15:00.000Z,"-914","8",16,0,0
2026-07-19T09:20:00.000Z,"-911","8",16,0,0
2026-07-19T09:25:00.000Z,"-915","8",16,0,0
2026-07-19T09:30:00.000Z,"-916","8",16,0,0
2026-07-19T09:35:00.000Z,"-907","8",16,0,0
2026-07-19T09:40:00.000Z,"-912","8",16,0,0
2026-07-19T09:45:00.000Z,"-911","8",16,0,0
2026-07-19T09:50:00.000Z,"-914","8",16,0,0
2026-07-19T09:55:00.000Z,"-909","8",16,0,0
2026-07-19T10:00:00.000Z,"-914","8",16,0,0
2026-07-19T10:05:00.000Z,"-912","8",16,0,0
2026-07-19T10:10:00.000Z,"-902","8",16,0,0
2026-07-19T10:15:00.000Z,"-907","8",16,0,0
2026-07-19T10:20:00.000Z,"-915","8",16,0,0
2026-07-19T10:25:00.000Z,"-906","8",16,0,0
2026-07-19T10:30:00.000Z,"-904","8",16,0,0
2026-07-19T10:35:00.000Z,"-911","8",16,0,0
2026-07-19T10:40:00.000Z,"-904","8",16,0,0
2026-07-19T10:45:00.000Z,"-910","8",16,0,0
2026-07-19T10:50:00.000Z,"-904","8",16,0,0
2026-07-19T10:55:00.000Z,"-909","8",16,0,0
2026-07-19T11:00:00.000Z,"-911","8",16,0,0
2026-07-19T11:05:00.000Z,"-915","8",16,0,0
2026-07-19T11:10:00.000Z,"-907","8",16,0,0
2026-07-19T11:15:00.000Z,"-909","8",16,0,0
2026-07-19T11:20:00.000Z,"-907","8",16,0,0
2026-07-19T11:25:00.000Z,"-910","8",16,0,0
2026-07-19T11:30:00.000Z,"-907","8",16,0,0
2026-07-19T11:35:00.000Z,"-912","8",16,0,0
2026-07-19T11:40:00.000Z,"-910","8",16,0,0
2026-07-19T11:45:00.000Z,"-907","8",16,0,0
2026-07-19T11:50:00.000Z,"-907","8",16,0,0
2026-07-19T11:55:00.000Z,"-907","8",16,0,0
2026-07-19T12:00:00.000Z,"-904","8",16,0,0
2026-07-19T12:05:00.000Z,"-909","8",16,0,0
2026-07-19T12:10:00.000Z,"-907","8",16,0,0
2026-07-19T12:15:00.000Z,"-906","8",16,0,0
2026-07-19T12:20:00.000Z,"-905","8",16,0,0
2026-07-19T12:25:00.000Z,"-907","8",16,0,0
2026-07-19T12:30:00.000Z,"-909","8",16,0,0
2026-07-19T12:35:00.000Z,"-905","8",16,0,0
2026-07-19T12:40:00.000Z,"-901","8",16,0,0
2026-07-19T12:45:00.000Z,"-904","8",16,0,0
2026-07-19T12:50:00.000Z,"-901","8",16,0,0
2026-07-19T12:55:00.000Z,"-910","8",16,0,0
2026-07-19T13:00:00.000Z,"-906","8",16,0,0
2026-07-19T13:05:00.000Z,"-900","8",16,0,0
2026-07-19T13:10:00.000Z,"-907","8",16,0,0
2026-07-19T13:15:00.000Z,"-900","8",16,0,0
2026-07-19T13:20:00.000Z,"-909","8",16,0,0
2026-07-19T13:25:00.000Z,"-899","8",16,0,0
2026-07-19T13:30:00.000Z,"-906","8",16,0,0
2026-07-19T13:35:00.000Z,"-905","8",16,0,0
2026-07-19T13:40:00.000Z,"-900","8",16,0,0
2026-07-19T13:45:00.000Z,"-901","8",16,0,0
2026-07-19T13:50:00.000Z,"-899","8",16,0,0
2026-07-19T13:55:00.000Z,"-912","8",16,0,0
2026-07-19T14:00:00.000Z,"-904","8",16,0,0
2026-07-19T14:05:00.000Z,"-901","8",16,0,0
2026-07-19T14:10:00.000Z,"-910","8",16,0,0
2026-07-19T14:15:00.000Z,"-905","8",16,0,0
2026-07-19T14:20:00.000Z,"-901","8",16,0,0
2026-07-19T14:25:00.000Z,"-900","8",16,0,0
2026-07-19T14:30:00.000Z,"-906","8",16,0,0
2026-07-19T14:35:00.000Z,"-904","8",16,0,0
2026-07-19T14:40:00.000Z,"-905","8",16,0,0
2026-07-19T14:45:00.000Z,"-906","8",16,0,0
2026-07-19T14:50:00.000Z,"-901","8",16,0,0
2026-07-19T14:55:00.000Z,"-905","8",16,0,0
2026-07-19T15:00:00.000Z,"-906","8",16,0,0
2026-07-19T15:05:00.000Z,"-915","8",16,0,0
2026-07-19T15:10:00.000Z,"-907","8",16,0,0
2026-07-19T15:15:00.000Z,"-910","8",16,0,0
2026-07-19T15:20:00.000Z,"-907","8",16,0,0
2026-07-19T15:25:00.000Z,"-912","8",16,0,0
2026-07-19T15:30:00.000Z,"-907","8",16,0,0
2026-07-19T15:35:00.000Z,"-915","8",16,0,0
2026-07-19T15:40:00.000Z,"-916","8",16,0,0
2026-07-19T15:45:00.000Z,"-910","8",16,0,0
2026-07-19T15:50:00.000Z,"-912","8",16,0,0
2026-07-19T15:55:00.000Z,"-917","8",16,0,0
2026-07-19T16:00:00.000Z,"-916","8",16,0,0
2026-07-19T16:05:00.000Z,"-915","8",16,0,0
2026-07-19T16:10:00.000Z,"-917","8",16,0,0
2026-07-19T16:15:00.000Z,"-921","8",16,0,0
2026-07-19T16:20:00.000Z,"-910","8",16,0,0
2026-07-19T16:25:00.000Z,"-911","8",16,0,0
2026-07-19T16:30:00.000Z,"-911","8",16,0,0
2026-07-19T16:35:00.000Z,"-907","8",16,0,0
2026-07-19T16:40:00.000Z,"-911","8",16,0,0
2026-07-19T16:45:00.000Z,"-905","8",16,0,0
2026-07-19T16:50:00.000Z,"-904","8",16,0,0
2026-07-19T16:55:00.000Z,"-897","8",16,0,0
2026-07-19T17:00:00.000Z,"-896","8",16,0,0
2026-07-19T17:05:00.000Z,"-891","8",16,0,0
2026-07-19T17:10:00.000Z,"-896","8",16,0,0
2026-07-19T17:15:00.000Z,"-890","8",16,0,0
2026-07-19T17:20:00.000Z,"-889","8",16,0,0
2026-07-19T17:25:00.000Z,"-884","8",16,0,0
2026-07-19T17:30:00.000Z,"-882","8",16,0,0
2026-07-19T17:35:00.000Z,"-880","8",16,0,0
2026-07-19T17:40:00.000Z,"-881","8",16,0,0
2026-07-19T17:45:00.000Z,"-872","8",16,0,0
2026-07-19T17:50:00.000Z,"-869","8",16,0,0
2026-07-19T17:55:00.000Z,"-869","8",16,0,0
2026-07-19T18:00:00.000Z,"-869","8",16,0,0
2026-07-19T18:05:00.000Z,"-866","8",16,0,0
2026-07-19T18:10:00.000Z,"-861","8",16,0,0
2026-07-19T18:15:00.000Z,"-866","8",16,0,0
2026-07-19T18:20:00.000Z,"-857","8",16,0,0
2026-07-19T18:25:00.000Z,"-855","8",16,0,0
2026-07-19T18:30:00.000Z,"-859","8",16,0,0
2026-07-19T18:35:00.000Z,"-855","8",16,0,0
2026-07-19T18:40:00.000Z,"-851","8",16,0,0
2026-07-19T18:45:00.000Z,"-849","8",16,0,0
2026-07-19T18:50:00.000Z,"-846","8",16,0,0
2026-07-19T18:55:00.000Z,"-850","8",16,0,0
2026-07-19T19:00:00.000Z,"-844","8",16,0,0
2026-07-19T19:05:00.000Z,"-844","8",16,0,0
2026-07-19T19:10:00.000Z,"-841","8",16,0,0
2026-07-19T19:15:00.000Z,"-842","8",16,0,0
2026-07-19T19:20:00.000Z,"-837","8",16,0,0
2026-07-19T19:25:00.000Z,"-834","8",16,0,0
2026-07-19T19:30:00.000Z,"-834","8",16,0,0
2026-07-19T19:35:00.000Z,"-827","8",16,0,0
2026-07-19T19:40:00.000Z,"-832","8",16,0,0
2026-07-19T19:45:00.000Z,"-829","8",16,0,0
2026-07-19T19:50:00.000Z,"-826","8",16,0,0
2026-07-19T19:55:00.000Z,"-821","8",16,0,0
2026-07-19T20:00:00.000Z,"-814","8",16,0,0
2026-07-19T20:05:00.000Z,"-810","8",16,0,0
2026-07-19T20:10:00.000Z,"-810","8",16,0,0
2026-07-19T20:15:00.000Z,"-806","8",16,0,0
2026-07-19T20:20:00.000Z,"-802","8",16,0,0
2026-07-19T20:25:00.000Z,"-804","8",16,0,0
2026-07-19T20:30:00.000Z,"-794","8",16,0,0
2026-07-19T20:35:00.000Z,"-800","8",16,0,0
2026-07-19T20:40:00.000Z,"-787","8",16,0,0
2026-07-19T20:45:00.000Z,"-785","8",16,0,0
2026-07-19T20:50:00.000Z,"-782","8",16,0,0
2026-07-19T20:55:00.000Z,"-779","8",16,0,0
2026-07-19T21:00:00.000Z,"-777","8",16,0,0
2026-07-19T21:05:00.000Z,"-772","8",16,0,0
2026-07-19T21:10:00.000Z,"-766","8",16,0,0
2026-07-19T21:15:00.000Z,"-771","8",16,0,0
2026-07-19T21:20:00.000Z,"-767","8",16,0,0
2026-07-19T21:25:00.000Z,"-761","8",16,0,0
2026-07-19T21:30:00.000Z,"-762","8",16,0,0
2026-07-19T21:35:00.000Z,"-762","8",16,0,0
2026-07-19T21:40:00.000Z,"-756","8",16,0,0
2026-07-19T21:45:00.000Z,"-756","8",16,0,0
2026-07-19T21:50:00.000Z,"-755","8",16,0,0
2026-07-19T21:55:00.000Z,"-751","8",16,0,0
2026-07-19T22:00:00.000Z,"-754","8",16,0,0
2026-07-19T22:05:00.000Z,"-752","8",16,0,0
2026-07-19T22:10:00.000Z,"-754","8",16,0,0
2026-07-19T22:15:00.000Z,"-755","8",16,0,0
2026-07-19T22:20:00.000Z,"-755","8",16,0,0
2026-07-19T22:25:00.000Z,"-755","8",16,0,0
2026-07-19T22:30:00.000Z,"-755","8",16,0,0
2026-07-19T22:35:00.000Z,"-756","8",16,0,0
2026-07-19T22:40:00.000Z,"-759","8",16,0,0
2026-07-19T22:45:00.000Z,"-760","8",16,0,0
2026-07-19T22:50:00.000Z,"-760","8",16,0,0
2026-07-19T22:55:00.000Z,"-760","8",16,0,0
2026-07-19T23:00:00.000Z,"-765","8",16,0,0
2026-07-19T23:05:00.000Z,"-764","8",16,0,0
2026-07-19T23:10:00.000Z,"-767","8",16,0,0
2026-07-19T23:15:00.000Z,"-765","8",16,0,0
2026-07-19T23:20:00.000Z,"-767","8",16,0,0
2026-07-19T23:25:00.000Z,"-771","8",16,0,0
2026-07-19T23:30:00.000Z,"-772","8",16,0,0
2026-07-19T23:35:00.000Z,"-771","8",16,0,0
2026-07-19T23:40:00.000Z,"-774","8",16,0,0
2026-07-19T23:45:00.000Z,"-780","8",16,0,0
2026-07-19T23:50:00.000Z,"-776","8",16,0,0
2026-07-19T23:55:00.000Z,"-780","8",16,0,0
2026-07-20T00:00:00.000Z,"-776","8",16,0,0
2026-07-20T00:05:00.000Z,"-780","8",16,0,0
2026-07-20T00:10:00.000Z,"-780","8",16,0,0
2026-07-20T00:15:00.000Z,"-782","8",16,0,0
2026-07-20T00:20:00.000Z,"-784","8",16,0,0
2026-07-20T00:25:00.000Z,"-786","8",16,0,0
2026-07-20T00:30:00.000Z,"-784","8",16,0,0
2026-07-20T00:35:00.000Z,"-786","8",16,0,0
2026-07-20T00:40:00.000Z,"-786","8",16,0,0
2026-07-20T00:45:00.000Z,"-787","8",16,0,0
2026-07-20T00:50:00.000Z,"-786","8",16,0,0
2026-07-20T00:55:00.000Z,"-792","8",16,0,0
2026-07-20T01:00:00.000Z,"-792","8",16,0,0
2026-07-20T01:05:00.000Z,"-791","8",16,0,0
2026-07-20T01:10:00.000Z,"-791","8",16,0,0
2026-07-20T01:15:00.000Z,"-795","8",16,0,0
2026-07-20T01:20:00.000Z,"-797","8",16,0,0
2026-07-20T01:25:00.000Z,"-795","8",16,0,0
2026-07-20T01:30:00.000Z,"-799","8",16,0,0
2026-07-20T01:35:00.000Z,"-796","8",16,0,0
2026-07-20T01:40:00.000Z,"-797","8",16,0,0
2026-07-20T01:45:00.000Z,"-800","8",16,0,0
2026-07-20T01:50:00.000Z,"-794","8",16,0,0
2026-07-20T01:55:00.000Z,"-799","8",16,0,0
2026-07-20T02:00:00.000Z,"-796","8",16,0,0
2026-07-20T02:05:00.000Z,"-804","8",16,0,0
2026-07-20T02:10:00.000Z,"-801","8",16,0,0
2026-07-20T02:15:00.000Z,"-800","8",16,0,0
2026-07-20T02:20:00.000Z,"-805","8",16,0,0
2026-07-20T02:25:00.000Z,"-805","8",16,0,0
2026-07-20T02:30:00.000Z,"-802","8",16,0,0
2026-07-20T02:35:00.000Z,"-802","8",16,0,0
2026-07-20T02:40:00.000Z,"-807","8",16,0,0
2026-07-20T02:45:00.000Z,"-805","8",16,0,0
2026-07-20T02:50:00.000Z,"-807","8",16,0,0
2026-07-20T02:55:00.000Z,"-805","8",16,0,0
2026-07-20T03:00:00.000Z,"-811","8",16,0,0
2026-07-20T03:05:00.000Z,"-810","8",16,0,0
2026-07-20T03:10:00.000Z,"-807","8",16,0,0
2026-07-20T03:15:00.000Z,"-811","8",16,0,0
2026-07-20T03:20:00.000Z,"-807","8",16,0,0
2026-07-20T03:25:00.000Z,"-811","8",16,0,0
2026-07-20T03:30:00.000Z,"-814","8",16,0,0
2026-07-20T03:35:00.000Z,"-811","8",16,0,0
2026-07-20T03:40:00.000Z,"-815","8",16,0,0
2026-07-20T03:45:00.000Z,"-816","8",16,0,0
2026-07-20T03:50:00.000Z,"-815","8",16,0,0
2026-07-20T03:55:00.000Z,"-817","8",16,0,0
2026-07-20T04:00:00.000Z,"-817","8",16,0,0
2026-07-20T04:05:00.000Z,"-820","8",16,0,0
2026-07-20T04:10:00.000Z,"-816","8",16,0,0
2026-07-20T04:15:00.000Z,"-822","8",16,0,0
2026-07-20T04:20:00.000Z,"-822","8",16,0,0
2026-07-20T04:25:00.000Z,"-820","8",16,0,0
2026-07-20T04:30:00.000Z,"-824","8",16,0,0
2026-07-20T04:35:00.000Z,"-827","8",16,0,0
2026-07-20T04:40:00.000Z,"-821","8",16,0,0
2026-07-20T04:45:00.000Z,"-827","8",16,0,0
2026-07-20T04:50:00.000Z,"-829","8",16,0,0
2026-07-20T04:55:00.000Z,"-826","8",16,0,0
2026-07-20T05:00:00.000Z,"-834","8",16,0,0
2026-07-20T05:05:00.000Z,"-830","8",16,0,0
2026-07-20T05:10:00.000Z,"-830","8",16,0,0
2026-07-20T05:15:00.000Z,"-836","8",16,0,0
2026-07-20T05:20:00.000Z,"-834","8",16,0,0
2026-07-20T05:25:00.000Z,"-832","8",16,0,0
2026-07-20T05:30:00.000Z,"-836","8",16,0,0
2026-07-20T05:35:00.000Z,"-835","8",16,0,0
2026-07-20T05:40:00.000Z,"-830","8",16,0,0
2026-07-20T05:45:00.000Z,"-835","8",16,0,0
2026-07-20T05:50:00.000Z,"-837","8",16,0,0
2026-07-20T05:55:00.000Z,"-837","8",16,0,0
2026-07-20T06:00:00.000Z,"-837","8",16,0,0
2026-07-20T06:05:00.000Z,"-837","8",16,0,0
2026-07-20T06:10:00.000Z,"-836","8",16,0,0
2026-07-20T06:15:00.000Z,"-841","8",16,0,0
2026-07-20T06:20:00.000Z,"-841","8",16,0,0
2026-07-20T06:25:00.000Z,"-841","8",16,0,0
2026-07-20T06:30:00.000Z,"-840","8",16,0,0
2026-07-20T06:35:00.000Z,"-837","8",16,0,0
2026-07-20T06:40:00.000Z,"-839","8",16,0,0
2026-07-20T06:45:00.000Z,"-841","8",16,0,0
2026-07-20T06:50:00.000Z,"-834","8",16,0,0
2026-07-20T06:55:00.000Z,"-834","8",16,0,0
2026-07-20T07:00:00.000Z,"-836","8",16,0,0
2026-07-20T07:05:00.000Z,"-834","8",16,0,0
2026-07-20T07:10:00.000Z,"-834","8",16,0,0
2026-07-20T07:15:00.000Z,"-821","8",16,0,0
2026-07-20T07:20:00.000Z,"-825","8",16,0,0
2026-07-20T07:25:00.000Z,"-821","8",16,0,0
2026-07-20T07:30:00.000Z,"-817","8",16,0,0
2026-07-20T07:35:00.000Z,"-811","8",16,0,0
2026-07-20T07:40:00.000Z,"-811","8",16,0,0
2026-07-20T07:45:00.000Z,"-807","8",16,0,0
2026-07-20T07:50:00.000Z,"-804","8",16,0,0
2026-07-20T07:55:00.000Z,"-799","8",16,0,0
2026-07-20T08:00:00.000Z,"-790","8",16,0,0
2026-07-20T08:05:00.000Z,"-785","8",16,0,0
2026-07-20T08:10:00.000Z,"-785","8",16,0,0
2026-07-20T08:15:00.000Z,"-786","8",16,0,0
2026-07-20T08:20:00.000Z,"-774","8",16,0,0
2026-07-20T08:25:00.000Z,"-775","8",16,0,0
2026-07-20T08:30:00.000Z,"-769","8",16,0,0
2026-07-20T08:35:00.000Z,"-765","8",16,0,0
2026-07-20T08:40:00.000Z,"-764","8",16,0,0
2026-07-20T08:45:00.000Z,"-757","8",16,0,0
2026-07-20T08:50:00.000Z,"-755","8",16,0,0
2026-07-20T08:55:00.000Z,"-756","8",16,0,0
2026-07-20T09:00:00.000Z,"-751","8",16,0,0
2026-07-20T09:05:00.000Z,"-751","8",16,0,0
2026-07-20T09:10:00.000Z,"-745","8",16,0,0
2026-07-20T09:15:00.000Z,"-745","8",16,0,0
2026-07-20T09:20:00.000Z,"-735","8",16,0,0
2026-07-20T09:25:00.000Z,"-744","8",16,0,0
2026-07-20T09:30:00.000Z,"-734","8",16,0,0
2026-07-20T09:35:00.000Z,"-731","8",16,0,0
2026-07-20T09:40:00.000Z,"-735","8",16,0,0
2026-07-20T09:45:00.000Z,"-729","8",16,0,0
2026-07-20T09:50:00.000Z,"-730","8",16,0,0
2026-07-20T09:55:00.000Z,"-724","8",16,0,0
2026-07-20T10:00:00.000Z,"-726","8",16,0,0
2026-07-20T10:05:00.000Z,"-730","8",16,0,0
2026-07-20T10:10:00.000Z,"-725","8",16,0,0
2026-07-20T10:15:00.000Z,"-725","8",16,0,0
2026-07-20T10:20:00.000Z,"-725","8",16,0,0
2026-07-20T10:25:00.000Z,"-716","8",16,0,0
2026-07-20T10:30:00.000Z,"-726","8",16,0,0
2026-07-20T10:35:00.000Z,"-715","8",16,0,0
2026-07-20T10:40:00.000Z,"-712","8",16,0,0
2026-07-20T10:45:00.000Z,"-710","8",16,0,0
2026-07-20T10:50:00.000Z,"-710","8",16,0,0
2026-07-20T10:55:00.000Z,"-712","8",16,0,0
2026-07-20T11:00:00.000Z,"-709","8",16,0,0
2026-07-20T11:05:00.000Z,"-707","8",16,0,0
2026-07-20T11:10:00.000Z,"-710","8",16,0,0
2026-07-20T11:15:00.000Z,"-707","8",16,0,0
2026-07-20T11:20:00.000Z,"-710","8",16,0,0
2026-07-20T11:25:00.000Z,"-711","8",16,0,0
2026-07-20T11:30:00.000Z,"-707","8",16,0,0
2026-07-20T11:35:00.000Z,"-707","8",16,0,0
2026-07-20T11:40:00.000Z,"-707","8",16,0,0
2026-07-20T11:45:00.000Z,"-707","8",16,0,0
2026-07-20T11:50:00.000Z,"-707","8",16,0,0
2026-07-20T11:55:00.000Z,"-711","8",16,0,0
2026-07-20T12:00:00.000Z,"-710","8",16,0,0
2026-07-20T12:05:00.000Z,"-707","8",16,0,0
2026-07-20T12:10:00.000Z,"-711","8",16,0,0
2026-07-20T12:15:00.000Z,"-709","8",16,0,0
2026-07-20T12:20:00.000Z,"-710","8",16,0,0
2026-07-20T12:25:00.000Z,"-709","8",16,0,0
2026-07-20T12:30:00.000Z,"-710","8",16,0,0
2026-07-20T12:35:00.000Z,"-711","8",16,0,0
2026-07-20T12:40:00.000Z,"-714","8",16,0,0
2026-07-20T12:45:00.000Z,"-714","8",16,0,0
2026-07-20T12:50:00.000Z,"-715","8",16,0,0
2026-07-20T12:55:00.000Z,"-722","8",16,0,0
2026-07-20T13:00:00.000Z,"-715","8",16,0,0
2026-07-20T13:05:00.000Z,"-722","8",16,0,0
2026-07-20T13:10:00.000Z,"-726","8",16,0,0
2026-07-20T13:15:00.000Z,"-726","8",16,0,0
2026-07-20T13:20:00.000Z,"-725","8",16,0,0
2026-07-20T13:25:00.000Z,"-730","8",16,0,0
2026-07-20T13:30:00.000Z,"-732","8",16,0,0
2026-07-20T13:35:00.000Z,"-734","8",16,0,0
2026-07-20T13:40:00.000Z,"-741","8",16,0,0
2026-07-20T13:45:00.000Z,"-742","8",16,0,0
2026-07-20T13:50:00.000Z,"-744","8",16,0,0
2026-07-20T13:55:00.000Z,"-751","8",16,0,0
2026-07-20T14:00:00.000Z,"-755","8",16,0,0
2026-07-20T14:05:00.000Z,"-759","8",16,0,0
2026-07-20T14:10:00.000Z,"-754","8",16,0,0
2026-07-20T14:15:00.000Z,"-760","8",16,0,0
2026-07-20T14:20:00.000Z,"-762","8",16,0,0
2026-07-20T14:25:00.000Z,"-769","8",16,0,0
2026-07-20T14:30:00.000Z,"-774","8",16,0,0
2026-07-20T14:35:00.000Z,"-779","8",16,0,0
2026-07-20T14:40:00.000Z,"-781","8",16,0,0
2026-07-20T14:45:00.000Z,"-780","8",16,0,0
2026-07-20T14:50:00.000Z,"-787","8",16,0,0
2026-07-20T14:55:00.000Z,"-786","8",16,0,0
2026-07-20T15:00:00.000Z,"-787","8",16,0,0
2026-07-20T15:05:00.000Z,"-795","8",16,0,0
2026-07-20T15:10:00.000Z,"-799","8",16,0,0
2026-07-20T15:15:00.000Z,"-802","8",16,0,0
2026-07-20T15:20:00.000Z,"-797","8",16,0,0
2026-07-20T15:25:00.000Z,"-799","8",16,0,0
2026-07-20T15:30:00.000Z,"-801","8",16,0,0
2026-07-20T15:35:00.000Z,"-805","8",16,0,0
2026-07-20T15:40:00.000Z,"-807","8",16,0,0
2026-07-20T15:45:00.000Z,"-814","8",16,0,0
2026-07-20T15:50:00.000Z,"-810","8",16,0,0
2026-07-20T15:55:00.000Z,"-816","8",16,0,0
2026-07-20T16:00:00.000Z,"-819","8",16,0,0
2026-07-20T16:05:00.000Z,"-814","8",16,0,0
2026-07-20T16:10:00.000Z,"-821","8",16,0,0
2026-07-20T16:15:00.000Z,"-817","8",16,0,0
2026-07-20T16:20:00.000Z,"-822","8",16,0,0
2026-07-20T16:25:00.000Z,"-824","8",16,0,0
2026-07-20T16:30:00.000Z,"-814","8",16,0,0
2026-07-20T16:35:00.000Z,"-817","8",16,0,0
2026-07-20T16:40:00.000Z,"-821","8",16,0,0
2026-07-20T16:45:00.000Z,"-824","8",16,0,0
2026-07-20T16:50:00.000Z,"-821","8",16,0,0
2026-07-20T16:55:00.000Z,"-822","8",16,0,0
2026-07-20T17:00:00.000Z,"-822","8",16,0,0
2026-07-20T17:05:00.000Z,"-819","8",16,0,0
2026-07-20T17:10:00.000Z,"-825","8",16,0,0
2026-07-20T17:15:00.000Z,"-824","8",16,0,0
2026-07-20T17:20:00.000Z,"-826","8",16,0,0
2026-07-20T17:25:00.000Z,"-820","8",16,0,0
2026-07-20T17:30:00.000Z,"-821","8",16,0,0
2026-07-20T17:35:00.000Z,"-824","8",16,0,0
2026-07-20T17:40:00.000Z,"-827","8",16,0,0
2026-07-20T17:45:00.000Z,"-820","8",16,0,0
2026-07-20T17:50:00.000Z,"-822","8",16,0,0
2026-07-20T17:55:00.000Z,"-822","8",16,0,0
2026-07-20T18:00:00.000Z,"-824","8",16,0,0
2026-07-20T18:05:00.000Z,"-819","8",16,0,0
2026-07-20T18:10:00.000Z,"-824","8",16,0,0
2026-07-20T18:15:00.000Z,"-826","8",16,0,0
2026-07-20T18:20:00.000Z,"-824","8",16,0,0
2026-07-20T18:25:00.000Z,"-826","8",16,0,0
2026-07-20T18:30:00.000Z,"-826","8",16,0,0
2026-07-20T18:35:00.000Z,"-827","8",16,0,0
2026-07-20T18:40:00.000Z,"-827","8",16,0,0
2026-07-20T18:45:00.000Z,"-827","8",16,0,0
2026-07-20T18:50:00.000Z,"-830","8",16,0,0
2026-07-20T18:55:00.000Z,"-830","8",16,0,0
2026-07-20T19:00:00.000Z,"-827","8",16,0,0
2026-07-20T19:05:00.000Z,"-832","8",16,0,0
2026-07-20T19:10:00.000Z,"-830","8",16,0,0
2026-07-20T19:15:00.000Z,"-839","8",16,0,0
2026-07-20T19:20:00.000Z,"-835","8",16,0,0
2026-07-20T19:25:00.000Z,"-835","8",16,0,0
2026-07-20T19:30:00.000Z,"-830","8",16,0,0
2026-07-20T19:35:00.000Z,"-837","8",16,0,0
2026-07-20T19:40:00.000Z,"-839","8",16,0,0
2026-07-20T19:45:00.000Z,"-836","8",16,0,0
2026-07-20T19:50:00.000Z,"-839","8",16,0,0
2026-07-20T19:55:00.000Z,"-832","8",16,0,0
2026-07-20T20:00:00.000Z,"-841","8",16,0,0
2026-07-20T20:05:00.000Z,"-840","8",16,0,0
2026-07-20T20:10:00.000Z,"-841","8",16,0,0
2026-07-20T20:15:00.000Z,"-840","8",16,0,0
2026-07-20T20:20:00.000Z,"-841","8",16,0,0
2026-07-20T20:25:00.000Z,"-844","8",16,0,0
2026-07-20T20:30:00.000Z,"-842","8",16,0,0
2026-07-20T20:35:00.000Z,"-844","8",16,0,0
2026-07-20T20:40:00.000Z,"-844","8",16,0,0
2026-07-20T20:45:00.000Z,"-846","8",16,0,0
2026-07-20T20:50:00.000Z,"-839","8",16,0,0
2026-07-20T20:55:00.000Z,"-846","8",16,0,0
2026-07-20T21:00:00.000Z,"-846","8",16,0,0
2026-07-20T21:05:00.000Z,"-849","8",16,0,0
2026-07-20T21:10:00.000Z,"-849","8",16,0,0
2026-07-20T21:15:00.000Z,"-849","8",16,0,0
2026-07-20T21:20:00.000Z,"-852","8",16,0,0
2026-07-20T21:25:00.000Z,"-850","8",16,0,0
2026-07-20T21:30:00.000Z,"-850","8",16,0,0
2026-07-20T21:35:00.000Z,"-855","8",16,0,0
2026-07-20T21:40:00.000Z,"-851","8",16,0,0
2026-07-20T21:45:00.000Z,"-850","8",16,0,0
2026-07-20T21:50:00.000Z,"-855","8",16,0,0
2026-07-20T21:55:00.000Z,"-850","8",16,0,0
2026-07-20T22:00:00.000Z,"-856","8",16,0,0
2026-07-20T22:05:00.000Z,"-849","8",16,0,0
2026-07-20T22:10:00.000Z,"-855","8",16,0,0
2026-07-20T22:15:00.000Z,"-856","8",16,0,0
2026-07-20T22:20:00.000Z,"-860","8",16,0,0
2026-07-20T22:25:00.000Z,"-857","8",16,0,0
2026-07-20T22:30:00.000Z,"-857","8",16,0,0
2026-07-20T22:35:00.000Z,"-856","8",16,0,0
2026-07-20T22:40:00.000Z,"-857","8",16,0,0
2026-07-20T22:45:00.000Z,"-860","8",16,0,0
2026-07-20T22:50:00.000Z,"-864","8",16,0,0
2026-07-20T22:55:00.000Z,"-864","8",16,0,0
2026-07-20T23:00:00.000Z,"-860","8",16,0,0
2026-07-20T23:05:00.000Z,"-865","8",16,0,0
2026-07-20T23:10:00.000Z,"-862","8",16,0,0
2026-07-20T23:15:00.000Z,"-862","8",16,0,0
2026-07-20T23:20:00.000Z,"-857","8",16,0,0
2026-07-20T23:25:00.000Z,"-852","8",16,0,0
2026-07-20T23:30:00.000Z,"-851","8",16,0,0
2026-07-20T23:35:00.000Z,"-855","8",16,0,0
2026-07-20T23:40:00.000Z,"-850","8",16,0,0
2026-07-20T23:45:00.000Z,"-846","8",16,0,0
2026-07-20T23:50:00.000Z,"-846","8",16,0,0
2026-07-20T23:55:00.000Z,"-850","8",16,0,0
2026-07-21T00:00:00.000Z,"-842","8",16,0,0
2026-07-21T00:05:00.000Z,"-841","8",16,0,0
2026-07-21T00:10:00.000Z,"-840","8",16,0,0
2026-07-21T00:15:00.000Z,"-842","8",16,0,0
2026-07-21T00:20:00.000Z,"-835","8",16,0,0
2026-07-21T00:25:00.000Z,"-839","8",16,0,0
2026-07-21T00:30:00.000Z,"-835","8",16,0,0
2026-07-21T00:35:00.000Z,"-829","8",16,0,0
2026-07-21T00:40:00.000Z,"-829","8",16,0,0
2026-07-21T00:45:00.000Z,"-827","8",16,0,0
2026-07-21T00:50:00.000Z,"-825","8",16,0,0
2026-07-21T00:55:00.000Z,"-825","8",16,0,0
2026-07-21T01:00:00.000Z,"-824","8",16,0,0
2026-07-21T01:05:00.000Z,"-825","8",16,0,0
2026-07-21T01:10:00.000Z,"-822","8",16,0,0
2026-07-21T01:15:00.000Z,"-824","8",16,0,0
2026-07-21T01:20:00.000Z,"-824","8",16,0,0
2026-07-21T01:25:00.000Z,"-820","8",16,0,0
2026-07-21T01:30:00.000Z,"-816","8",16,0,0
2026-07-21T01:35:00.000Z,"-819","8",16,0,0
2026-07-21T01:40:00.000Z,"-815","8",16,0,0
2026-07-21T01:45:00.000Z,"-811","8",16,0,0
2026-07-21T01:50:00.000Z,"-815","8",16,0,0
2026-07-21T01:55:00.000Z,"-814","8",16,0,0
2026-07-21T02:00:00.000Z,"-811","8",16,0,0
2026-07-21T02:05:00.000Z,"-811","8",16,0,0
2026-07-21T02:10:00.000Z,"-811","8",16,0,0
2026-07-21T02:15:00.000Z,"-811","8",16,0,0
2026-07-21T02:20:00.000Z,"-809","8",16,0,0
2026-07-21T02:25:00.000Z,"-810","8",16,0,0
2026-07-21T02:30:00.000Z,"-812","8",16,0,0
2026-07-21T02:35:00.000Z,"-810","8",16,0,0
2026-07-21T02:40:00.000Z,"-809","8",16,0,0
2026-07-21T02:45:00.000Z,"-807","8",16,0,0
2026-07-21T02:50:00.000Z,"-812","8",16,0,0
2026-07-21T02:55:00.000Z,"-815","8",16,0,0
2026-07-21T03:00:00.000Z,"-814","8",16,0,0
2026-07-21T03:05:00.000Z,"-816","8",16,0,0
2026-07-21T03:10:00.000Z,"-815","8",16,0,0
2026-07-21T03:15:00.000Z,"-812","8",16,0,0
2026-07-21T03:20:00.000Z,"-816","8",16,0,0
2026-07-21T03:25:00.000Z,"-814","8",16,0,0
2026-07-21T03:30:00.000Z,"-817","8",16,0,0
2026-07-21T03:35:00.000Z,"-815","8",16,0,0
2026-07-21T03:40:00.000Z,"-812","8",16,0,0
2026-07-21T03:45:00.000Z,"-811","8",16,0,0
2026-07-21T03:50:00.000Z,"-816","8",16,0,0
2026-07-21T03:55:00.000Z,"-817","8",16,0,0
2026-07-21T04:00:00.000Z,"-814","8",16,0,0
2026-07-21T04:05:00.000Z,"-811","8",16,0,0
2026-07-21T04:10:00.000Z,"-814","8",16,0,0
2026-07-21T04:15:00.000Z,"-816","8",16,0,0
2026-07-21T04:20:00.000Z,"-817","8",16,0,0
2026-07-21T04:25:00.000Z,"-817","8",16,0,0
2026-07-21T04:30:00.000Z,"-820","8",16,0,0
2026-07-21T04:35:00.000Z,"-815","8",16,0,0
2026-07-21T04:40:00.000Z,"-821","8",16,0,0
2026-07-21T04:45:00.000Z,"-819","8",16,0,0
2026-07-21T04:50:00.000Z,"-820","8",16,0,0
2026-07-21T04:55:00.000Z,"-822","8",16,0,0
2026-07-21T05:00:00.000Z,"-821","8",16,0,0
2026-07-21T05:05:00.000Z,"-824","8",16,0,0
2026-07-21T05:10:00.000Z,"-822","8",16,0,0
2026-07-21T05:15:00.000Z,"-829","8",16,0,0
2026-07-21T05:20:00.000Z,"-829","8",16,0,0
2026-07-21T05:25:00.000Z,"-829","8",16,0,0
2026-07-21T05:30:00.000Z,"-830","8",16,0,0
2026-07-21T05:35:00.000Z,"-827","8",16,0,0
2026-07-21T05:40:00.000Z,"-834","8",16,0,0
2026-07-21T05:45:00.000Z,"-835","8",16,0,0
2026-07-21T05:50:00.000Z,"-830","8",16,0,0
2026-07-21T05:55:00.000Z,"-841","8",16,0,0
2026-07-21T06:00:00.000Z,"-834","8",16,0,0
2026-07-21T06:05:00.000Z,"-835","8",16,0,0
2026-07-21T06:10:00.000Z,"-839","8",16,0,0
2026-07-21T06:15:00.000Z,"-837","8",16,0,0
2026-07-21T06:20:00.000Z,"-834","8",16,0,0
2026-07-21T06:25:00.000Z,"-837","8",16,0,0
2026-07-21T06:30:00.000Z,"-836","8",16,0,0
2026-07-21T06:35:00.000Z,"-837","8",16,0,0
2026-07-21T06:40:00.000Z,"-837","8",16,0,0
2026-07-21T06:45:00.000Z,"-839","8",16,0,0
2026-07-21T06:50:00.000Z,"-832","8",16,0,0
2026-07-21T06:55:00.000Z,"-841","8",16,0,0
2026-07-21T07:00:00.000Z,"-842","8",16,0,0
2026-07-21T07:05:00.000Z,"-839","8",16,0,0
2026-07-21T07:10:00.000Z,"-837","8",16,0,0
2026-07-21T07:15:00.000Z,"-836","8",16,0,0
2026-07-21T07:20:00.000Z,"-844","8",16,0,0
2026-07-21T07:25:00.000Z,"-841","8",16,0,0
2026-07-21T07:30:00.000Z,"-837","8",16,0,0
2026-07-21T07:35:00.000Z,"-839","8",16,0,0
2026-07-21T07:40:00.000Z,"-836","8",16,0,0
2026-07-21T07:45:00.000Z,"-836","8",16,0,0
2026-07-21T07:50:00.000Z,"-835","8",16,0,0
2026-07-21T07:55:00.000Z,"-837","8",16,0,0
2026-07-21T08:00:00.000Z,"-829","8",16,0,0
2026-07-21T08:05:00.000Z,"-830","8",16,0,0
2026-07-21T08:10:00.000Z,"-835","8",16,0,0
2026-07-21T08:15:00.000Z,"-835","8",16,0,0
2026-07-21T08:20:00.000Z,"-825","8",16,0,0
2026-07-21T08:25:00.000Z,"-835","8",16,0,0
2026-07-21T08:30:00.000Z,"-832","8",16,0,0
2026-07-21T08:35:00.000Z,"-826","8",16,0,0
2026-07-21T08:40:00.000Z,"-830","8",16,0,0
2026-07-21T08:45:00.000Z,"-832","8",16,0,0
2026-07-21T08:50:00.000Z,"-829","8",16,0,0
2026-07-21T08:55:00.000Z,"-827","8",16,0,0
2026-07-21T09:00:00.000Z,"-825","8",16,0,0
2026-07-21T09:05:00.000Z,"-827","8",16,0,0
2026-07-21T09:10:00.000Z,"-826","8",16,0,0
2026-07-21T09:15:00.000Z,"-824","8",16,0,0
2026-07-21T09:20:00.000Z,"-824","8",16,0,0
2026-07-21T09:25:00.000Z,"-821","8",16,0,0
2026-07-21T09:30:00.000Z,"-824","8",16,0,0
2026-07-21T09:35:00.000Z,"-825","8",16,0,0
2026-07-21T09:40:00.000Z,"-826","8",16,0,0
2026-07-21T09:45:00.000Z,"-826","8",16,0,0
2026-07-21T09:50:00.000Z,"-830","8",16,0,0
2026-07-21T09:55:00.000Z,"-830","8",16,0,0
2026-07-21T10:00:00.000Z,"-824","8",16,0,0
2026-07-21T10:05:00.000Z,"-824","8",16,0,0
2026-07-21T10:10:00.000Z,"-822","8",16,0,0
2026-07-21T10:15:00.000Z,"-826","8",16,0,0
2026-07-21T10:20:00.000Z,"-820","8",16,0,0
2026-07-21T10:25:00.000Z,"-824","8",16,0,0
2026-07-21T10:30:00.000Z,"-824","8",16,0,0
2026-07-21T10:35:00.000Z,"-824","8",16,0,0
2026-07-21T10:40:00.000Z,"-825","8",16,0,0
2026-07-21T10:45:00.000Z,"-825","8",16,0,0
2026-07-21T10:50:00.000Z,"-826","8",16,0,0
2026-07-21T10:55:00.000Z,"-827","8",16,0,0
2026-07-21T11:00:00.000Z,"-826","8",16,0,0
2026-07-21T11:05:00.000Z,"-826","8",16,0,0
2026-07-21T11:10:00.000Z,"-829","8",16,0,0
2026-07-21T11:15:00.000Z,"-825","8",16,0,0
2026-07-21T11:20:00.000Z,"-824","8",16,0,0
2026-07-21T11:25:00.000Z,"-821","8",16,0,0
2026-07-21T11:30:00.000Z,"-820","8",16,0,0
2026-07-21T11:35:00.000Z,"-822","8",16,0,0
2026-07-21T11:40:00.000Z,"-824","8",16,0,0
2026-07-21T11:45:00.000Z,"-821","8",16,0,0
2026-07-21T11:50:00.000Z,"-820","8",16,0,0
2026-07-21T11:55:00.000Z,"-820","8",16,0,0
2026-07-21T12:00:00.000Z,"-819","8",16,0,0
2026-07-21T12:05:00.000Z,"-814","8",16,0,0
2026-07-21T12:10:00.000Z,"-811","8",16,0,0
2026-07-21T12:15:00.000Z,"-812","8",16,0,0
2026-07-21T12:20:00.000Z,"-815","8",16,0,0
2026-07-21T12:25:00.000Z,"-807","8",16,0,0
2026-07-21T12:30:00.000Z,"-814","8",16,0,0
2026-07-21T12:35:00.000Z,"-805","8",16,0,0
2026-07-21T12:40:00.000Z,"-807","8",16,0,0
2026-07-21T12:45:00.000Z,"-806","8",16,0,0
2026-07-21T12:50:00.000Z,"-802","8",16,0,0
2026-07-21T12:55:00.000Z,"-800","8",16,0,0
2026-07-21T13:00:00.000Z,"-797","8",16,0,0
2026-07-21T13:05:00.000Z,"-802","8",16,0,0
2026-07-21T13:10:00.000Z,"-796","8",16,0,0
2026-07-21T13:15:00.000Z,"-801","8",16,0,0
2026-07-21T13:20:00.000Z,"-800","8",16,0,0
2026-07-21T13:25:00.000Z,"-806","8",16,0,0
2026-07-21T13:30:00.000Z,"-797","8",16,0,0
2026-07-21T13:35:00.000Z,"-800","8",16,0,0
2026-07-21T13:40:00.000Z,"-792","8",16,0,0
2026-07-21T13:45:00.000Z,"-800","8",16,0,0
2026-07-21T13:50:00.000Z,"-805","8",16,0,0
2026-07-21T13:55:00.000Z,"-801","8",16,0,0
2026-07-21T14:00:00.000Z,"-797","8",16,0,0
2026-07-21T14:05:00.000Z,"-799","8",16,0,0
2026-07-21T14:10:00.000Z,"-799","8",16,0,0
2026-07-21T14:15:00.000Z,"-806","8",16,0,0
2026-07-21T14:20:00.000Z,"-804","8",16,0,0
2026-07-21T14:25:00.000Z,"-807","8",16,0,0
2026-07-21T14:30:00.000Z,"-807","8",16,0,0
2026-07-21T14:35:00.000Z,"-810","8",16,0,0
2026-07-21T14:40:00.000Z,"-810","8",16,0,0
2026-07-21T14:45:00.000Z,"-810","8",16,0,0
2026-07-21T14:50:00.000Z,"-814","8",16,0,0
2026-07-21T14:55:00.000Z,"-816","8",16,0,0
2026-07-21T15:00:00.000Z,"-814","8",16,0,0
2026-07-21T15:05:00.000Z,"-817","8",16,0,0
2026-07-21T15:10:00.000Z,"-819","8",16,0,0
2026-07-21T15:15:00.000Z,"-814","8",16,0,0
2026-07-21T15:20:00.000Z,"-819","8",16,0,0
2026-07-21T15:25:00.000Z,"-821","8",16,0,0
2026-07-21T15:30:00.000Z,"-826","8",16,0,0
2026-07-21T15:35:00.000Z,"-827","8",16,0,0
2026-07-21T15:40:00.000Z,"-825","8",16,0,0
2026-07-21T15:45:00.000Z,"-827","8",16,0,0
2026-07-21T15:50:00.000Z,"-830","8",16,0,0
2026-07-21T15:55:00.000Z,"-822","8",16,0,0
2026-07-21T16:00:00.000Z,"-826","8",16,0,0
2026-07-21T16:05:00.000Z,"-827","8",16,0,0
2026-07-21T16:10:00.000Z,"-825","8",16,0,0
2026-07-21T16:15:00.000Z,"-821","8",16,0,0
2026-07-21T16:20:00.000Z,"-826","8",16,0,0
2026-07-21T16:25:00.000Z,"-824","8",16,0,0
2026-07-21T16:30:00.000Z,"-824","8",16,0,0
2026-07-21T16:35:00.000Z,"-830","8",16,0,0
2026-07-21T16:40:00.000Z,"-825","8",16,0,0
2026-07-21T16:45:00.000Z,"-824","8",16,0,0
2026-07-21T16:50:00.000Z,"-822","8",16,0,0
2026-07-21T16:55:00.000Z,"-829","8",16,0,0
2026-07-21T17:00:00.000Z,"-826","8",16,0,0
2026-07-21T17:05:00.000Z,"-830","8",16,0,0
2026-07-21T17:10:00.000Z,"-822","8",16,0,0
2026-07-21T17:15:00.000Z,"-825","8",16,0,0
2026-07-21T17:20:00.000Z,"-826","8",16,0,0
2026-07-21T17:25:00.000Z,"-821","8",16,0,0
2026-07-21T17:30:00.000Z,"-825","8",16,0,0
2026-07-21T17:35:00.000Z,"-830","8",16,0,0
2026-07-21T17:40:00.000Z,"-827","8",16,0,0
2026-07-21T17:45:00.000Z,"-827","8",16,0,0
2026-07-21T17:50:00.000Z,"-830","8",16,0,0
2026-07-21T17:55:00.000Z,"-830","8",16,0,0
2026-07-21T18:00:00.000Z,"-836","8",16,0,0
2026-07-21T18:05:00.000Z,"-836","8",16,0,0
2026-07-21T18:10:00.000Z,"-841","8",16,0,0
2026-07-21T18:15:00.000Z,"-837","8",16,0,0
2026-07-21T18:20:00.000Z,"-846","8",16,0,0
2026-07-21T18:25:00.000Z,"-847","8",16,0,0
2026-07-21T18:30:00.000Z,"-847","8",16,0,0
2026-07-21T18:35:00.000Z,"-852","8",16,0,0
2026-07-21T18:40:00.000Z,"-861","8",16,0,0
2026-07-21T18:45:00.000Z,"-861","8",16,0,0
2026-07-21T18:50:00.000Z,"-862","8",16,0,0
2026-07-21T18:55:00.000Z,"-864","8",16,0,0
2026-07-21T19:00:00.000Z,"-871","8",16,0,0
2026-07-21T19:05:00.000Z,"-869","8",16,0,0
2026-07-21T19:10:00.000Z,"-876","8",16,0,0
2026-07-21T19:15:00.000Z,"-877","8",16,0,0
2026-07-21T19:20:00.000Z,"-884","8",16,0,0
2026-07-21T19:25:00.000Z,"-882","8",16,0,0
2026-07-21T19:30:00.000Z,"-886","8",16,0,0
2026-07-21T19:35:00.000Z,"-891","8",16,0,0
2026-07-21T19:40:00.000Z,"-891","8",16,0,0
2026-07-21T19:45:00.000Z,"-896","8",16,0,0
2026-07-21T19:50:00.000Z,"-897","8",16,0,0
2026-07-21T19:55:00.000Z,"-902","8",16,0,0
2026-07-21T20:00:00.000Z,"-906","8",16,0,0
2026-07-21T20:05:00.000Z,"-907","8",16,0,0
2026-07-21T20:10:00.000Z,"-906","8",16,0,0
2026-07-21T20:15:00.000Z,"-911","8",16,0,0
2026-07-21T20:20:00.000Z,"-917","8",16,0,0
2026-07-21T20:25:00.000Z,"-919","8",16,0,0
2026-07-21T20:30:00.000Z,"-917","8",16,0,0
2026-07-21T20:35:00.000Z,"-922","8",16,0,0
2026-07-21T20:40:00.000Z,"-919","8",16,0,0
2026-07-21T20:45:00.000Z,"-922","8",16,0,0
2026-07-21T20:50:00.000Z,"-927","8",16,0,0
2026-07-21T20:55:00.000Z,"-931","8",16,0,0
2026-07-21T21:00:00.000Z,"-930","8",16,0,0
2026-07-21T21:05:00.000Z,"-931","8",16,0,0
2026-07-21T21:10:00.000Z,"-932","8",16,0,0
2026-07-21T21:15:00.000Z,"-930","8",16,0,0
2026-07-21T21:20:00.000Z,"-935","8",16,0,0
2026-07-21T21:25:00.000Z,"-931","8",16,0,0
2026-07-21T21:30:00.000Z,"-937","8",16,0,0
2026-07-21T21:35:00.000Z,"-937","8",16,0,0
2026-07-21T21:40:00.000Z,"-950","8",16,0,0
2026-07-21T21:45:00.000Z,"-942","8",16,0,0
2026-07-21T21:50:00.000Z,"-939","8",16,0,0
2026-07-21T21:55:00.000Z,"-942","8",16,0,0
2026-07-21T22:00:00.000Z,"-942","8",16,0,0
2026-07-21T22:05:00.000Z,"-939","8",16,0,0
2026-07-21T22:10:00.000Z,"-942","8",16,0,0
2026-07-21T22:15:00.000Z,"-946","8",16,0,0
2026-07-21T22:20:00.000Z,"-935","8",16,0,0
2026-07-21T22:25:00.000Z,"-937","8",16,0,0
2026-07-21T22:30:00.000Z,"-937","8",16,0,0
2026-07-21T22:35:00.000Z,"-934","8",16,0,0
2026-07-21T22:40:00.000Z,"-937","8",16,0,0
2026-07-21T22:45:00.000Z,"-937","8",16,0,0
2026-07-21T22:50:00.000Z,"-932","8",16,0,0
2026-07-21T22:55:00.000Z,"-937","8",16,0,0
2026-07-21T23:00:00.000Z,"-935","8",16,0,0
2026-07-21T23:05:00.000Z,"-937","8",16,0,0
2026-07-21T23:10:00.000Z,"-935","8",16,0,0
2026-07-21T23:15:00.000Z,"-935","8",16,0,0
2026-07-21T23:20:00.000Z,"-931","8",16,0,0
2026-07-21T23:25:00.000Z,"-932","8",16,0,0
2026-07-21T23:30:00.000Z,"-929","8",16,0,0
2026-07-21T23:35:00.000Z,"-931","8",16,0,0
2026-07-21T23:40:00.000Z,"-931","8",16,0,0
2026-07-21T23:45:00.000Z,"-926","8",16,0,0
2026-07-21T23:50:00.000Z,"-922","8",16,0,0
2026-07-21T23:55:00.000Z,"-922","8",16,0,0
2026-07-22T00:00:00.000Z,"-921","8",16,0,0
2026-07-22T00:05:00.000Z,"-917","8",16,0,0
2026-07-22T00:10:00.000Z,"-921","8",16,0,0
2026-07-22T00:15:00.000Z,"-917","8",16,0,0
2026-07-22T00:20:00.000Z,"-916","8",16,0,0
2026-07-22T00:25:00.000Z,"-922","8",16,0,0
2026-07-22T00:30:00.000Z,"-916","8",16,0,0
2026-07-22T00:35:00.000Z,"-917","8",16,0,0
2026-07-22T00:40:00.000Z,"-919","8",16,0,0
2026-07-22T00:45:00.000Z,"-916","8",16,0,0
2026-07-22T00:50:00.000Z,"-916","8",16,0,0
2026-07-22T00:55:00.000Z,"-909","8",16,0,0
2026-07-22T01:00:00.000Z,"-910","8",16,0,0
2026-07-22T01:05:00.000Z,"-911","8",16,0,0
2026-07-22T01:10:00.000Z,"-906","8",16,0,0
2026-07-22T01:15:00.000Z,"-909","8",16,0,0
2026-07-22T01:20:00.000Z,"-907","8",16,0,0
2026-07-22T01:25:00.000Z,"-907","8",16,0,0
2026-07-22T01:30:00.000Z,"-907","8",16,0,0
2026-07-22T01:35:00.000Z,"-907","8",16,0,0
2026-07-22T01:40:00.000Z,"-906","8",16,0,0
2026-07-22T01:45:00.000Z,"-910","8",16,0,0
2026-07-22T01:50:00.000Z,"-901","8",16,0,0
2026-07-22T01:55:00.000Z,"-907","8",16,0,0
2026-07-22T02:00:00.000Z,"-907","8",16,0,0
2026-07-22T02:05:00.000Z,"-904","8",16,0,0
2026-07-22T02:10:00.000Z,"-906","8",16,0,0
2026-07-22T02:15:00.000Z,"-900","8",16,0,0
2026-07-22T02:20:00.000Z,"-899","8",16,0,0
2026-07-22T02:25:00.000Z,"-904","8",16,0,0
2026-07-22T02:30:00.000Z,"-892","8",16,0,0
2026-07-22T02:35:00.000Z,"-899","8",16,0,0
2026-07-22T02:40:00.000Z,"-896","8",16,0,0
2026-07-22T02:45:00.000Z,"-899","8",16,0,0
2026-07-22T02:50:00.000Z,"-896","8",16,0,0
2026-07-22T02:55:00.000Z,"-896","8",16,0,0
2026-07-22T03:00:00.000Z,"-901","8",16,0,0
2026-07-22T03:05:00.000Z,"-899","8",16,0,0
2026-07-22T03:10:00.000Z,"-897","8",16,0,0
2026-07-22T03:15:00.000Z,"-900","8",16,0,0
2026-07-22T03:20:00.000Z,"-890","8",16,0,0
2026-07-22T03:25:00.000Z,"-896","8",16,0,0
2026-07-22T03:30:00.000Z,"-897","8",16,0,0
2026-07-22T03:35:00.000Z,"-892","8",16,0,0
2026-07-22T03:40:00.000Z,"-894","8",16,0,0
2026-07-22T03:45:00.000Z,"-892","8",16,0,0
2026-07-22T03:50:00.000Z,"-894","8",16,0,0
2026-07-22T03:55:00.000Z,"-896","8",16,0,0
2026-07-22T04:00:00.000Z,"-899","8",16,0,0
2026-07-22T04:05:00.000Z,"-892","8",16,0,0
2026-07-22T04:10:00.000Z,"-896","8",16,0,0
2026-07-22T04:15:00.000Z,"-896","8",16,0,0
2026-07-22T04:20:00.000Z,"-892","8",16,0,0
2026-07-22T04:25:00.000Z,"-894","8",16,0,0
2026-07-22T04:30:00.000Z,"-892","8",16,0,0
2026-07-22T04:35:00.000Z,"-891","8",16,0,0
2026-07-22T04:40:00.000Z,"-891","8",16,0,0
2026-07-22T04:45:00.000Z,"-892","8",16,0,0
2026-07-22T04:50:00.000Z,"-894","8",16,0,0
2026-07-22T04:55:00.000Z,"-897","8",16,0,0
2026-07-22T05:00:00.000Z,"-889","8",16,0,0
2026-07-22T05:05:00.000Z,"-894","8",16,0,0
2026-07-22T05:10:00.000Z,"-894","8",16,0,0
2026-07-22T05:15:00.000Z,"-884","8",16,0,0
2026-07-22T05:20:00.000Z,"-892","8",16,0,0
2026-07-22T05:25:00.000Z,"-890","8",16,0,0
2026-07-22T05:30:00.000Z,"-892","8",16,0,0
2026-07-22T05:35:00.000Z,"-892","8",16,0,0
2026-07-22T05:40:00.000Z,"-892","8",16,0,0
2026-07-22T05:45:00.000Z,"-891","8",16,0,0
2026-07-22T05:50:00.000Z,"-892","8",16,0,0
2026-07-22T05:55:00.000Z,"-897","8",16,0,0
2026-07-22T06:00:00.000Z,"-887","8",16,0,0
2026-07-22T06:05:00.000Z,"-895","8",16,0,0
2026-07-22T06:10:00.000Z,"-890","8",16,0,0
2026-07-22T06:15:00.000Z,"-894","8",16,0,0
2026-07-22T06:20:00.000Z,"-890","8",16,0,0
2026-07-22T06:25:00.000Z,"-886","8",16,0,0
2026-07-22T06:30:00.000Z,"-890","8",16,0,0
2026-07-22T06:35:00.000Z,"-887","8",16,0,0
2026-07-22T06:40:00.000Z,"-890","8",16,0,0
2026-07-22T06:45:00.000Z,"-885","8",16,0,0
2026-07-22T06:50:00.000Z,"-886","8",16,0,0
2026-07-22T06:55:00.000Z,"-880","8",16,0,0
2026-07-22T07:00:00.000Z,"-894","8",16,0,0
2026-07-22T07:05:00.000Z,"-886","8",16,0,0
2026-07-22T07:10:00.000Z,"-887","8",16,0,0
2026-07-22T07:15:00.000Z,"-881","8",16,0,0
2026-07-22T07:20:00.000Z,"-889","8",16,0,0
2026-07-22T07:25:00.000Z,"-881","8",16,0,0
2026-07-22T07:30:00.000Z,"-885","8",16,0,0
2026-07-22T07:35:00.000Z,"-885","8",16,0,0
2026-07-22T07:40:00.000Z,"-884","8",16,0,0
2026-07-22T07:45:00.000Z,"-879","8",16,0,0
2026-07-22T07:50:00.000Z,"-882","8",16,0,0
2026-07-22T07:55:00.000Z,"-882","8",16,0,0
2026-07-22T08:00:00.000Z,"-881","8",16,0,0
2026-07-22T08:05:00.000Z,"-881","8",16,0,0
2026-07-22T08:10:00.000Z,"-879","8",16,0,0
2026-07-22T08:15:00.000Z,"-876","8",16,0,0
2026-07-22T08:20:00.000Z,"-874","8",16,0,0
2026-07-22T08:25:00.000Z,"-874","8",16,0,0
2026-07-22T08:30:00.000Z,"-866","8",16,0,0
2026-07-22T08:35:00.000Z,"-869","8",16,0,0
2026-07-22T08:40:00.000Z,"-866","8",16,0,0
2026-07-22T08:45:00.000Z,"-865","8",16,0,0
2026-07-22T08:50:00.000Z,"-857","8",16,0,0
2026-07-22T08:55:00.000Z,"-860","8",16,0,0
2026-07-22T09:00:00.000Z,"-856","8",16,0,0
2026-07-22T09:05:00.000Z,"-847","8",16,0,0
2026-07-22T09:10:00.000Z,"-849","8",16,0,0
2026-07-22T09:15:00.000Z,"-850","8",16,0,0
2026-07-22T09:20:00.000Z,"-842","8",16,0,0
2026-07-22T09:25:00.000Z,"-844","8",16,0,0
2026-07-22T09:30:00.000Z,"-837","8",16,0,0
2026-07-22T09:35:00.000Z,"-832","8",16,0,0
2026-07-22T09:40:00.000Z,"-830","8",16,0,0
2026-07-22T09:45:00.000Z,"-830","8",16,0,0
2026-07-22T09:50:00.000Z,"-826","8",16,0,0
2026-07-22T09:55:00.000Z,"-819","8",16,0,0
2026-07-22T10:00:00.000Z,"-819","8",16,0,0
2026-07-22T10:05:00.000Z,"-819","8",16,0,0
2026-07-22T10:10:00.000Z,"-810","8",16,0,0
2026-07-22T10:15:00.000Z,"-807","8",16,0,0
2026-07-22T10:20:00.000Z,"-806","8",16,0,0
2026-07-22T10:25:00.000Z,"-804","8",16,0,0
2026-07-22T10:30:00.000Z,"-799","8",16,0,0
2026-07-22T10:35:00.000Z,"-799","8",16,0,0
2026-07-22T10:40:00.000Z,"-796","8",16,0,0
2026-07-22T10:45:00.000Z,"-795","8",16,0,0
2026-07-22T10:50:00.000Z,"-791","8",16,0,0
2026-07-22T10:55:00.000Z,"-786","8",16,0,0
2026-07-22T11:00:00.000Z,"-789","8",16,0,0
2026-07-22T11:05:00.000Z,"-786","8",16,0,0
2026-07-22T11:10:00.000Z,"-785","8",16,0,0
2026-07-22T11:15:00.000Z,"-780","8",16,0,0
2026-07-22T11:20:00.000Z,"-777","8",16,0,0
2026-07-22T11:25:00.000Z,"-779","8",16,0,0
2026-07-22T11:30:00.000Z,"-776","8",16,0,0
2026-07-22T11:35:00.000Z,"-775","8",16,0,0
2026-07-22T11:40:00.000Z,"-779","8",16,0,0
2026-07-22T11:45:00.000Z,"-772","8",16,0,0
2026-07-22T11:50:00.000Z,"-774","8",16,0,0
2026-07-22T11:55:00.000Z,"-771","8",16,0,0
2026-07-22T12:00:00.000Z,"-774","8",16,0,0
2026-07-22T12:05:00.000Z,"-771","8",16,0,0
2026-07-22T12:10:00.000Z,"-770","8",16,0,0
2026-07-22T12:15:00.000Z,"-770","8",16,0,0
2026-07-22T12:20:00.000Z,"-770","8",16,0,0
2026-07-22T12:25:00.000Z,"-771","8",16,0,0
2026-07-22T12:30:00.000Z,"-769","8",16,0,0
2026-07-22T12:35:00.000Z,"-765","8",16,0,0
2026-07-22T12:40:00.000Z,"-771","8",16,0,0
2026-07-22T12:45:00.000Z,"-769","8",16,0,0
2026-07-22T12:50:00.000Z,"-769","8",16,0,0
2026-07-22T12:55:00.000Z,"-766","8",16,0,0
2026-07-22T13:00:00.000Z,"-769","8",16,0,0
2026-07-22T13:05:00.000Z,"-762","8",16,0,0
2026-07-22T13:10:00.000Z,"-762","8",16,0,0
2026-07-22T13:15:00.000Z,"-765","8",16,0,0
2026-07-22T13:20:00.000Z,"-762","8",16,0,0
2026-07-22T13:25:00.000Z,"-765","8",16,0,0
2026-07-22T13:30:00.000Z,"-767","8",16,0,0
2026-07-22T13:35:00.000Z,"-762","8",16,0,0
2026-07-22T13:40:00.000Z,"-764","8",16,0,0
2026-07-22T13:45:00.000Z,"-764","8",16,0,0
2026-07-22T13:50:00.000Z,"-769","8",16,0,0
2026-07-22T13:55:00.000Z,"-767","8",16,0,0
2026-07-22T14:00:00.000Z,"-761","8",16,0,0
2026-07-22T14:05:00.000Z,"-766","8",16,0,0
2026-07-22T14:10:00.000Z,"-769","8",16,0,0
2026-07-22T14:15:00.000Z,"-769","8",16,0,0
2026-07-22T14:20:00.000Z,"-775","8",16,0,0
2026-07-22T14:25:00.000Z,"-772","8",16,0,0
2026-07-22T14:30:00.000Z,"-771","8",16,0,0
2026-07-22T14:35:00.000Z,"-770","8",16,0,0
2026-07-22T14:40:00.000Z,"-771","8",16,0,0
2026-07-22T14:45:00.000Z,"-772","8",16,0,0
2026-07-22T14:50:00.000Z,"-774","8",16,0,0
2026-07-22T14:55:00.000Z,"-774","8",16,0,0
2026-07-22T15:00:00.000Z,"-777","8",16,0,0
2026-07-22T15:05:00.000Z,"-776","8",16,0,0
2026-07-22T15:10:00.000Z,"-781","8",16,0,0
2026-07-22T15:15:00.000Z,"-777","8",16,0,0
2026-07-22T15:20:00.000Z,"-782","8",16,0,0
2026-07-22T15:25:00.000Z,"-786","8",16,0,0
2026-07-22T15:30:00.000Z,"-787","8",16,0,0
2026-07-22T15:35:00.000Z,"-787","8",16,0,0
2026-07-22T15:40:00.000Z,"-789","8",16,0,0
2026-07-22T15:45:00.000Z,"-795","8",16,0,0
2026-07-22T15:50:00.000Z,"-799","8",16,0,0
2026-07-22T15:55:00.000Z,"-794","8",16,0,0
2026-07-22T16:00:00.000Z,"-800","8",16,0,0
2026-07-22T16:05:00.000Z,"-800","8",16,0,0
2026-07-22T16:10:00.000Z,"-806","8",16,0,0
2026-07-22T16:15:00.000Z,"-814","8",16,0,0
2026-07-22T16:20:00.000Z,"-812","8",16,0,0
2026-07-22T16:25:00.000Z,"-814","8",16,0,0
2026-07-22T16:30:00.000Z,"-819","8",16,0,0
2026-07-22T16:35:00.000Z,"-820","8",16,0,0
2026-07-22T16:40:00.000Z,"-826","8",16,0,0
2026-07-22T16:45:00.000Z,"-826","8",16,0,0
2026-07-22T16:50:00.000Z,"-837","8",16,0,0
2026-07-22T16:55:00.000Z,"-837","8",16,0,0
2026-07-22T17:00:00.000Z,"-839","8",16,0,0
2026-07-22T17:05:00.000Z,"-846","8",16,0,0
2026-07-22T17:10:00.000Z,"-854","8",16,0,0
2026-07-22T17:15:00.000Z,"-856","8",16,0,0
2026-07-22T17:20:00.000Z,"-856","8",16,0,0
2026-07-22T17:25:00.000Z,"-865","8",16,0,0
2026-07-22T17:30:00.000Z,"-876","8",16,0,0
2026-07-22T17:35:00.000Z,"-876","8",16,0,0
2026-07-22T17:40:00.000Z,"-881","8",16,0,0
2026-07-22T17:45:00.000Z,"-884","8",16,0,0
2026-07-22T17:50:00.000Z,"-889","8",16,0,0
2026-07-22T17:55:00.000Z,"-891","8",16,0,0
2026-07-22T18:00:00.000Z,"-896","8",16,0,0
2026-07-22T18:05:00.000Z,"-901","8",16,0,0
2026-07-22T18:10:00.000Z,"-906","8",16,0,0
2026-07-22T18:15:00.000Z,"-906","8",16,0,0
2026-07-22T18:20:00.000Z,"-914","8",16,0,0
2026-07-22T18:25:00.000Z,"-915","8",16,0,0
2026-07-22T18:30:00.000Z,"-916","8",16,0,0
2026-07-22T18:35:00.000Z,"-919","8",16,0,0
2026-07-22T18:40:00.000Z,"-927","8",16,0,0
2026-07-22T18:45:00.000Z,"-930","8",16,0,0
2026-07-22T18:50:00.000Z,"-931","8",16,0,0
2026-07-22T18:55:00.000Z,"-937","8",16,0,0
2026-07-22T19:00:00.000Z,"-937","8",16,0,0
2026-07-22T19:05:00.000Z,"-944","8",16,0,0
2026-07-22T19:10:00.000Z,"-949","8",16,0,0
2026-07-22T19:15:00.000Z,"-951","8",16,0,0
2026-07-22T19:20:00.000Z,"-950","8",16,0,0
2026-07-22T19:25:00.000Z,"-954","8",16,0,0
2026-07-22T19:30:00.000Z,"-957","8",16,0,0
2026-07-22T19:35:00.000Z,"-960","8",16,0,0
2026-07-22T19:40:00.000Z,"-960","8",16,0,0
2026-07-22T19:45:00.000Z,"-966","8",16,0,0
2026-07-22T19:50:00.000Z,"-966","8",16,0,0
2026-07-22T19:55:00.000Z,"-971","8",16,0,0
2026-07-22T20:00:00.000Z,"-974","8",16,0,0
2026-07-22T20:05:00.000Z,"-971","8",16,0,0
2026-07-22T20:10:00.000Z,"-979","8",16,0,0
2026-07-22T20:15:00.000Z,"-979","8",16,0,0
2026-07-22T20:20:00.000Z,"-981","8",16,0,0
2026-07-22T20:25:00.000Z,"-981","8",16,0,0
2026-07-22T20:30:00.000Z,"-979","8",16,0,0
2026-07-22T20:35:00.000Z,"-982","8",16,0,0
2026-07-22T20:40:00.000Z,"-981","8",16,0,0
2026-07-22T20:45:00.000Z,"-981","8",16,0,0
2026-07-22T20:50:00.000Z,"-987","8",16,0,0
2026-07-22T20:55:00.000Z,"-984","8",16,0,0
2026-07-22T21:00:00.000Z,"-982","8",16,0,0
2026-07-22T21:05:00.000Z,"-985","8",16,0,0
2026-07-22T21:10:00.000Z,"-987","8",16,0,0
2026-07-22T21:15:00.000Z,"-986","8",16,0,0
2026-07-22T21:20:00.000Z,"-982","8",16,0,0
2026-07-22T21:25:00.000Z,"-981","8",16,0,0
2026-07-22T21:30:00.000Z,"-986","8",16,0,0
2026-07-22T21:35:00.000Z,"-982","8",16,0,0
2026-07-22T21:40:00.000Z,"-981","8",16,0,0
2026-07-22T21:45:00.000Z,"-979","8",16,0,0
2026-07-22T21:50:00.000Z,"-980","8",16,0,0
2026-07-22T21:55:00.000Z,"-977","8",16,0,0
2026-07-22T22:00:00.000Z,"-971","8",16,0,0
2026-07-22T22:05:00.000Z,"-974","8",16,0,0
2026-07-22T22:10:00.000Z,"-965","8",16,0,0
2026-07-22T22:15:00.000Z,"-971","8",16,0,0
2026-07-22T22:20:00.000Z,"-969","8",16,0,0
2026-07-22T22:25:00.000Z,"-959","8",16,0,0
2026-07-22T22:30:00.000Z,"-961","8",16,0,0
2026-07-22T22:35:00.000Z,"-962","8",16,0,0
2026-07-22T22:40:00.000Z,"-959","8",16,0,0
2026-07-22T22:45:00.000Z,"-960","8",16,0,0
2026-07-22T22:50:00.000Z,"-950","8",16,0,0
2026-07-22T22:55:00.000Z,"-951","8",16,0,0
2026-07-22T23:00:00.000Z,"-956","8",16,0,0
2026-07-22T23:05:00.000Z,"-950","8",16,0,0
2026-07-22T23:10:00.000Z,"-955","8",16,0,0
2026-07-22T23:15:00.000Z,"-944","8",16,0,0
2026-07-22T23:20:00.000Z,"-942","8",16,0,0
2026-07-22T23:25:00.000Z,"-942","8",16,0,0
2026-07-22T23:30:00.000Z,"-946","8",16,0,0
2026-07-22T23:35:00.000Z,"-952","8",16,0,0
2026-07-22T23:40:00.000Z,"-956","8",16,0,0
2026-07-22T23:45:00.000Z,"-947","8",16,0,0
2026-07-22T23:50:00.000Z,"-954","8",16,0,0
2026-07-22T23:55:00.000Z,"-950","8",16,0,0
2026-07-23T00:00:00.000Z,"-950","8",16,0,0
2026-07-23T00:05:00.000Z,"-946","8",16,0,0
2026-07-23T00:10:00.000Z,"-946","8",16,0,0
2026-07-23T00:15:00.000Z,"-951","8",16,0,0
2026-07-23T00:20:00.000Z,"-950","8",16,0,0
2026-07-23T00:25:00.000Z,"-950","8",16,0,0
2026-07-23T00:30:00.000Z,"-951","8",16,0,0
2026-07-23T00:35:00.000Z,"-950","8",16,0,0
2026-07-23T00:40:00.000Z,"-947","8",16,0,0
2026-07-23T00:45:00.000Z,"-950","8",16,0,0
2026-07-23T00:50:00.000Z,"-951","8",16,0,0
2026-07-23T00:55:00.000Z,"-949","8",16,0,0
2026-07-23T01:00:00.000Z,"-952","8",16,0,0
2026-07-23T01:05:00.000Z,"-950","8",16,0,0
2026-07-23T01:10:00.000Z,"-950","8",16,0,0
2026-07-23T01:15:00.000Z,"-949","8",16,0,0
2026-07-23T01:20:00.000Z,"-947","8",16,0,0
2026-07-23T01:25:00.000Z,"-957","8",16,0,0
2026-07-23T01:30:00.000Z,"-949","8",16,0,0
2026-07-23T01:35:00.000Z,"-950","8",16,0,0
2026-07-23T01:40:00.000Z,"-947","8",16,0,0
2026-07-23T01:45:00.000Z,"-946","8",16,0,0
2026-07-23T01:50:00.000Z,"-944","8",16,0,0
2026-07-23T01:55:00.000Z,"-945","8",16,0,0
2026-07-23T02:00:00.000Z,"-939","8",16,0,0
2026-07-23T02:05:00.000Z,"-939","8",16,0,0
2026-07-23T02:10:00.000Z,"-939","8",16,0,0
2026-07-23T02:15:00.000Z,"-932","8",16,0,0
2026-07-23T02:20:00.000Z,"-930","8",16,0,0
2026-07-23T02:25:00.000Z,"-929","8",16,0,0
2026-07-23T02:30:00.000Z,"-919","8",16,0,0
2026-07-23T02:35:00.000Z,"-919","8",16,0,0
2026-07-23T02:40:00.000Z,"-914","8",16,0,0
2026-07-23T02:45:00.000Z,"-906","8",16,0,0
2026-07-23T02:50:00.000Z,"-907","8",16,0,0
2026-07-23T02:55:00.000Z,"-900","8",16,0,0
2026-07-23T03:00:00.000Z,"-900","8",16,0,0
2026-07-23T03:05:00.000Z,"-885","8",16,0,0
2026-07-23T03:10:00.000Z,"-881","8",16,0,0
2026-07-23T03:15:00.000Z,"-870","8",16,0,0
2026-07-23T03:20:00.000Z,"-862","8",16,0,0
2026-07-23T03:25:00.000Z,"-854","8",16,0,0
2026-07-23T03:30:00.000Z,"-846","8",16,0,0
2026-07-23T03:35:00.000Z,"-832","8",16,0,0
2026-07-23T03:40:00.000Z,"-819","8",16,0,0
2026-07-23T03:45:00.000Z,"-810","8",16,0,0
2026-07-23T03:50:00.000Z,"-800","8",16,0,0
2026-07-23T03:55:00.000Z,"-790","8",16,0,0
2026-07-23T04:00:00.000Z,"-775","8",16,0,0
2026-07-23T04:05:00.000Z,"-761","8",16,0,0
2026-07-23T04:10:00.000Z,"-751","8",16,0,0
2026-07-23T04:15:00.000Z,"-735","8",16,0,0
2026-07-23T04:20:00.000Z,"-724","8",16,0,0
2026-07-23T04:25:00.000Z,"-711","8",16,0,0
2026-07-23T04:30:00.000Z,"-695","8",16,0,0
2026-07-23T04:35:00.000Z,"-680","8",16,0,0
2026-07-23T04:40:00.000Z,"-666","8",16,0,0
2026-07-23T04:45:00.000Z,"-651","8",16,0,0
2026-07-23T04:50:00.000Z,"-635","8",16,0,0
2026-07-23T04:55:00.000Z,"-622","8",16,0,0
2026-07-23T05:00:00.000Z,"-610","8",16,0,0
2026-07-23T05:05:00.000Z,"-600","8",16,0,0
2026-07-23T05:10:00.000Z,"-586","8",16,0,0
2026-07-23T05:15:00.000Z,"-579","8",16,0,0
2026-07-23T05:20:00.000Z,"-566","8",16,0,0
2026-07-23T05:25:00.000Z,"-554","8",16,0,0
2026-07-23T05:30:00.000Z,"-545","8",16,0,0
2026-07-23T05:35:00.000Z,"-537","8",16,0,0
2026-07-23T05:40:00.000Z,"-526","8",16,0,0
2026-07-23T05:45:00.000Z,"-521","8",16,0,0
2026-07-23T05:50:00.000Z,"-507","8",16,0,0
2026-07-23T05:55:00.000Z,"-502","8",16,0,0
2026-07-23T06:00:00.000Z,"-497","8",16,0,0
2026-07-23T06:05:00.000Z,"-494","8",16,0,0
2026-07-23T06:10:00.000Z,"-486","8",16,0,0
2026-07-23T06:15:00.000Z,"-480","8",16,0,0
2026-07-23T06:20:00.000Z,"-475","8",16,0,0
2026-07-23T06:25:00.000Z,"-471","8",16,0,0
2026-07-23T06:30:00.000Z,"-470","8",16,0,0
2026-07-23T06:35:00.000Z,"-465","8",16,0,0
2026-07-23T06:40:00.000Z,"-462","8",16,0,0
2026-07-23T06:45:00.000Z,"-462","8",16,0,0
2026-07-23T06:50:00.000Z,"-459","8",16,0,0
2026-07-23T06:55:00.000Z,"-456","8",16,0,0
2026-07-23T07:00:00.000Z,"-452","8",16,0,0
2026-07-23T07:05:00.000Z,"-456","8",16,0,0
2026-07-23T07:10:00.000Z,"-452","8",16,0,0
2026-07-23T07:15:00.000Z,"-449","8",16,0,0
2026-07-23T07:20:00.000Z,"-449","8",16,0,0
2026-07-23T07:25:00.000Z,"-449","8",16,0,0
2026-07-23T07:30:00.000Z,"-450","8",16,0,0
2026-07-23T07:35:00.000Z,"-450","8",16,0,0
2026-07-23T07:40:00.000Z,"-450","8",16,0,0
2026-07-23T07:45:00.000Z,"-451","8",16,0,0
2026-07-23T07:50:00.000Z,"-451","8",16,0,0
2026-07-23T07:55:00.000Z,"-451","8",16,0,0
2026-07-23T08:00:00.000Z,"-451","8",16,0,0
2026-07-23T08:05:00.000Z,"-454","8",16,0,0
2026-07-23T08:10:00.000Z,"-454","8",16,0,0
2026-07-23T08:15:00.000Z,"-452","8",16,0,0
2026-07-23T08:20:00.000Z,"-456","8",16,0,0
2026-07-23T08:25:00.000Z,"-456","8",16,0,0
2026-07-23T08:30:00.000Z,"-459","8",16,0,0
2026-07-23T08:35:00.000Z,"-459","8",16,0,0
2026-07-23T08:40:00.000Z,"-460","8",16,0,0
2026-07-23T08:45:00.000Z,"-460","8",16,0,0
2026-07-23T08:50:00.000Z,"-461","8",16,0,0
2026-07-23T08:55:00.000Z,"-462","8",16,0,0
2026-07-23T09:00:00.000Z,"-467","8",16,0,0
2026-07-23T09:05:00.000Z,"-471","8",16,0,0
2026-07-23T09:10:00.000Z,"-475","8",16,0,0
2026-07-23T09:15:00.000Z,"-469","8",16,0,0
2026-07-23T09:20:00.000Z,"-476","8",16,0,0
2026-07-23T09:25:00.000Z,"-480","8",16,0,0
2026-07-23T09:30:00.000Z,"-482","8",16,0,0
2026-07-23T09:35:00.000Z,"-484","8",16,0,0
2026-07-23T09:40:00.000Z,"-489","8",16,0,0
2026-07-23T09:45:00.000Z,"-491","8",16,0,0
2026-07-23T09:50:00.000Z,"-491","8",16,0,0
2026-07-23T09:55:00.000Z,"-489","8",16,0,0
2026-07-23T10:00:00.000Z,"-495","8",16,0,0
2026-07-23T10:05:00.000Z,"-499","8",16,0,0
2026-07-23T10:10:00.000Z,"-497","8",16,0,0
2026-07-23T10:15:00.000Z,"-505","8",16,0,0
2026-07-23T10:20:00.000Z,"-511","8",16,0,0
2026-07-23T10:25:00.000Z,"-507","8",16,0,0
2026-07-23T10:30:00.000Z,"-507","8",16,0,0
2026-07-23T10:35:00.000Z,"-507","8",16,0,0
2026-07-23T10:40:00.000Z,"-510","8",16,0,0
2026-07-23T10:45:00.000Z,"-515","8",16,0,0
2026-07-23T10:50:00.000Z,"-522","8",16,0,0
2026-07-23T10:55:00.000Z,"-519","8",16,0,0
2026-07-23T11:00:00.000Z,"-522","8",16,0,0
2026-07-23T11:05:00.000Z,"-524","8",16,0,0
2026-07-23T11:10:00.000Z,"-534","8",16,0,0
2026-07-23T11:15:00.000Z,"-531","8",16,0,0
2026-07-23T11:20:00.000Z,"-535","8",16,0,0
2026-07-23T11:25:00.000Z,"-539","8",16,0,0
2026-07-23T11:30:00.000Z,"-540","8",16,0,0
2026-07-23T11:35:00.000Z,"-544","8",16,0,0
2026-07-23T11:40:00.000Z,"-550","8",16,0,0
2026-07-23T11:45:00.000Z,"-556","8",16,0,0
2026-07-23T11:50:00.000Z,"-556","8",16,0,0
2026-07-23T11:55:00.000Z,"-559","8",16,0,0
2026-07-23T12:00:00.000Z,"-564","8",16,0,0
2026-07-23T12:05:00.000Z,"-575","8",16,0,0
2026-07-23T12:10:00.000Z,"-580","8",16,0,0
2026-07-23T12:15:00.000Z,"-572","8",16,0,0
2026-07-23T12:20:00.000Z,"-577","8",16,0,0
2026-07-23T12:25:00.000Z,"-582","8",16,0,0
2026-07-23T12:30:00.000Z,"-585","8",16,0,0
2026-07-23T12:35:00.000Z,"-601","8",16,0,0
2026-07-23T12:40:00.000Z,"-599","8",16,0,0
2026-07-23T12:45:00.000Z,"-601","8",16,0,0
2026-07-23T12:50:00.000Z,"-607","8",16,0,0
2026-07-23T12:55:00.000Z,"-615","8",16,0,0
2026-07-23T13:00:00.000Z,"-611","8",16,0,0
2026-07-23T13:05:00.000Z,"-624","8",16,0,0
2026-07-23T13:10:00.000Z,"-622","8",16,0,0
2026-07-23T13:15:00.000Z,"-632","8",16,0,0
2026-07-23T13:20:00.000Z,"-630","8",16,0,0
2026-07-23T13:25:00.000Z,"-635","8",16,0,0
2026-07-23T13:30:00.000Z,"-637","8",16,0,0
2026-07-23T13:35:00.000Z,"-636","8",16,0,0
2026-07-23T13:40:00.000Z,"-652","8",16,0,0
2026-07-23T13:45:00.000Z,"-647","8",16,0,0
2026-07-23T13:50:00.000Z,"-651","8",16,0,0
2026-07-23T13:55:00.000Z,"-664","8",16,0,0
2026-07-23T14:00:00.000Z,"-661","8",16,0,0
2026-07-23T14:05:00.000Z,"-665","8",16,0,0
2026-07-23T14:10:00.000Z,"-677","8",16,0,0
2026-07-23T14:15:00.000Z,"-676","8",16,0,0
2026-07-23T14:20:00.000Z,"-682","8",16,0,0
2026-07-23T14:25:00.000Z,"-692","8",16,0,0
2026-07-23T14:30:00.000Z,"-695","8",16,0,0
2026-07-23T14:35:00.000Z,"-704","8",16,0,0
2026-07-23T14:40:00.000Z,"-700","8",16,0,0
2026-07-23T14:45:00.000Z,"-707","8",16,0,0
2026-07-23T14:50:00.000Z,"-711","8",16,0,0
2026-07-23T14:55:00.000Z,"-716","8",16,0,0
2026-07-23T15:00:00.000Z,"-721","8",16,0,0
2026-07-23T15:05:00.000Z,"-724","8",16,0,0
2026-07-23T15:10:00.000Z,"-726","8",16,0,0
2026-07-23T15:15:00.000Z,"-735","8",16,0,0
2026-07-23T15:20:00.000Z,"-739","8",16,0,0
2026-07-23T15:25:00.000Z,"-744","8",16,0,0
2026-07-23T15:30:00.000Z,"-742","8",16,0,0
2026-07-23T15:35:00.000Z,"-751","8",16,0,0
2026-07-23T15:40:00.000Z,"-751","8",16,0,0
2026-07-23T15:45:00.000Z,"-755","8",16,0,0
2026-07-23T15:50:00.000Z,"-767","8",16,0,0
2026-07-23T15:55:00.000Z,"-764","8",16,0,0
2026-07-23T16:00:00.000Z,"-775","8",16,0,0
2026-07-23T16:05:00.000Z,"-777","8",16,0,0
2026-07-23T16:10:00.000Z,"-776","8",16,0,0
2026-07-23T16:15:00.000Z,"-785","8",16,0,0
2026-07-23T16:20:00.000Z,"-787","8",16,0,0
2026-07-23T16:25:00.000Z,"-792","8",16,0,0
2026-07-23T16:30:00.000Z,"-805","8",16,0,0
2026-07-23T16:35:00.000Z,"-807","8",16,0,0
2026-07-23T16:40:00.000Z,"-805","8",16,0,0
2026-07-23T16:45:00.000Z,"-815","8",16,0,0
2026-07-23T16:50:00.000Z,"-827","8",16,0,0
2026-07-23T16:55:00.000Z,"-830","8",16,0,0
2026-07-23T17:00:00.000Z,"-832","8",16,0,0
2026-07-23T17:05:00.000Z,"-844","8",16,0,0
2026-07-23T17:10:00.000Z,"-852","8",16,0,0
2026-07-23T17:15:00.000Z,"-852","8",16,0,0
2026-07-23T17:20:00.000Z,"-856","8",16,0,0
2026-07-23T17:25:00.000Z,"-862","8",16,0,0
2026-07-23T17:30:00.000Z,"-872","8",16,0,0
2026-07-23T17:35:00.000Z,"-872","8",16,0,0
2026-07-23T17:40:00.000Z,"-876","8",16,0,0
2026-07-23T17:45:00.000Z,"-889","8",16,0,0
2026-07-23T17:50:00.000Z,"-886","8",16,0,0
2026-07-23T17:55:00.000Z,"-900","8",16,0,0
2026-07-23T18:00:00.000Z,"-901","8",16,0,0
2026-07-23T18:05:00.000Z,"-901","8",16,0,0
2026-07-23T18:10:00.000Z,"-907","8",16,0,0
2026-07-23T18:15:00.000Z,"-912","8",16,0,0
2026-07-23T18:20:00.000Z,"-916","8",16,0,0
2026-07-23T18:25:00.000Z,"-916","8",16,0,0
2026-07-23T18:30:00.000Z,"-927","8",16,0,0
2026-07-23T18:35:00.000Z,"-930","8",16,0,0
2026-07-23T18:40:00.000Z,"-932","8",16,0,0
2026-07-23T18:45:00.000Z,"-934","8",16,0,0
2026-07-23T18:50:00.000Z,"-939","8",16,0,0
2026-07-23T18:55:00.000Z,"-939","8",16,0,0
2026-07-23T19:00:00.000Z,"-942","8",16,0,0
2026-07-23T19:05:00.000Z,"-939","8",16,0,0
2026-07-23T19:10:00.000Z,"-946","8",16,0,0
2026-07-23T19:15:00.000Z,"-937","8",16,0,0
2026-07-23T19:20:00.000Z,"-937","8",16,0,0
2026-07-23T19:25:00.000Z,"-942","8",16,0,0
2026-07-23T19:30:00.000Z,"-950","8",16,0,0
2026-07-23T19:35:00.000Z,"-945","8",16,0,0
2026-07-23T19:40:00.000Z,"-939","8",16,0,0
2026-07-23T19:45:00.000Z,"-939","8",16,0,0
2026-07-23T19:50:00.000Z,"-935","8",16,0,0
2026-07-23T19:55:00.000Z,"-935","8",16,0,0
2026-07-23T20:00:00.000Z,"-939","8",16,0,0
2026-07-23T20:05:00.000Z,"-936","8",16,0,0
2026-07-23T20:10:00.000Z,"-932","8",16,0,0
2026-07-23T20:15:00.000Z,"-927","8",16,0,0
2026-07-23T20:20:00.000Z,"-922","8",16,0,0
2026-07-23T20:25:00.000Z,"-919","8",16,0,0
2026-07-23T20:30:00.000Z,"-921","8",16,0,0
2026-07-23T20:35:00.000Z,"-922","8",16,0,0
2026-07-23T20:40:00.000Z,"-909","8",16,0,0
2026-07-23T20:45:00.000Z,"-914","8",16,0,0
2026-07-23T20:50:00.000Z,"-906","8",16,0,0
2026-07-23T20:55:00.000Z,"-905","8",16,0,0
2026-07-23T21:00:00.000Z,"-902","8",16,0,0
2026-07-23T21:05:00.000Z,"-905","8",16,0,0
2026-07-23T21:10:00.000Z,"-906","8",16,0,0
2026-07-23T21:15:00.000Z,"-902","8",16,0,0
2026-07-23T21:20:00.000Z,"-899","8",16,0,0
2026-07-23T21:25:00.000Z,"-900","8",16,0,0
2026-07-23T21:30:00.000Z,"-896","8",16,0,0
2026-07-23T21:35:00.000Z,"-899","8",16,0,0
2026-07-23T21:40:00.000Z,"-894","8",16,0,0
2026-07-23T21:45:00.000Z,"-896","8",16,0,0
2026-07-23T21:50:00.000Z,"-892","8",16,0,0
2026-07-23T21:55:00.000Z,"-887","8",16,0,0
2026-07-23T22:00:00.000Z,"-891","8",16,0,0
2026-07-23T22:05:00.000Z,"-890","8",16,0,0
2026-07-23T22:10:00.000Z,"-891","8",16,0,0
2026-07-23T22:15:00.000Z,"-889","8",16,0,0
2026-07-23T22:20:00.000Z,"-894","8",16,0,0
2026-07-23T22:25:00.000Z,"-892","8",16,0,0
2026-07-23T22:30:00.000Z,"-896","8",16,0,0
2026-07-23T22:35:00.000Z,"-897","8",16,0,0
2026-07-23T22:40:00.000Z,"-897","8",16,0,0
2026-07-23T22:45:00.000Z,"-901","8",16,0,0
2026-07-23T22:50:00.000Z,"-900","8",16,0,0
2026-07-23T22:55:00.000Z,"-902","8",16,0,0
2026-07-23T23:00:00.000Z,"-902","8",16,0,0
2026-07-23T23:05:00.000Z,"-905","8",16,0,0
2026-07-23T23:10:00.000Z,"-905","8",16,0,0
2026-07-23T23:15:00.000Z,"-905","8",16,0,0
2026-07-23T23:20:00.000Z,"-906","8",16,0,0
2026-07-23T23:25:00.000Z,"-914","8",16,0,0
2026-07-23T23:30:00.000Z,"-909","8",16,0,0
2026-07-23T23:35:00.000Z,"-917","8",16,0,0
2026-07-23T23:40:00.000Z,"-909","8",16,0,0
2026-07-23T23:45:00.000Z,"-919","8",16,0,0
2026-07-23T23:50:00.000Z,"-910","8",16,0,0
2026-07-23T23:55:00.000Z,"-910","8",16,0,0
2026-07-24T00:00:00.000Z,"-917","8",16,0,0
2026-07-24T00:05:00.000Z,"-910","8",16,0,0
2026-07-24T00:10:00.000Z,"-915","8",16,0,0
2026-07-24T00:15:00.000Z,"-904","8",16,0,0
2026-07-24T00:20:00.000Z,"-905","8",16,0,0
2026-07-24T00:25:00.000Z,"-901","8",16,0,0
2026-07-24T00:30:00.000Z,"-897","8",16,0,0
2026-07-24T00:35:00.000Z,"-892","8",16,0,0
2026-07-24T00:40:00.000Z,"-892","8",16,0,0
2026-07-24T00:45:00.000Z,"-890","8",16,0,0
2026-07-24T00:50:00.000Z,"-889","8",16,0,0
2026-07-24T00:55:00.000Z,"-880","8",16,0,0
2026-07-24T01:00:00.000Z,"-866","8",16,0,0
2026-07-24T01:05:00.000Z,"-862","8",16,0,0
2026-07-24T01:10:00.000Z,"-859","8",16,0,0
2026-07-24T01:15:00.000Z,"-855","8",16,0,0
2026-07-24T01:20:00.000Z,"-845","8",16,0,0
2026-07-24T01:25:00.000Z,"-836","8",16,0,0
2026-07-24T01:30:00.000Z,"-830","8",16,0,0
2026-07-24T01:35:00.000Z,"-816","8",16,0,0
2026-07-24T01:40:00.000Z,"-812","8",16,0,0
2026-07-24T01:45:00.000Z,"-795","8",16,0,0
2026-07-24T01:50:00.000Z,"-789","8",16,0,0
2026-07-24T01:55:00.000Z,"-781","8",16,0,0
2026-07-24T02:00:00.000Z,"-765","8",16,0,0
2026-07-24T02:05:00.000Z,"-756","8",16,0,0
2026-07-24T02:10:00.000Z,"-739","8",16,0,0
2026-07-24T02:15:00.000Z,"-729","8",16,0,0
2026-07-24T02:20:00.000Z,"-726","8",16,0,0
2026-07-24T02:25:00.000Z,"-710","8",16,0,0
2026-07-24T02:30:00.000Z,"-695","8",16,0,0
2026-07-24T02:35:00.000Z,"-684","8",16,0,0
2026-07-24T02:40:00.000Z,"-671","8",16,0,0
2026-07-24T02:45:00.000Z,"-659","8",16,0,0
2026-07-24T02:50:00.000Z,"-642","8",16,0,0
2026-07-24T02:55:00.000Z,"-636","8",16,0,0
2026-07-24T03:00:00.000Z,"-627","8",16,0,0
2026-07-24T03:05:00.000Z,"-619","8",16,0,0
2026-07-24T03:10:00.000Z,"-611","8",16,0,0
2026-07-24T03:15:00.000Z,"-601","8",16,0,0
2026-07-24T03:20:00.000Z,"-594","8",16,0,0
2026-07-24T03:25:00.000Z,"-585","8",16,0,0
2026-07-24T03:30:00.000Z,"-577","8",16,0,0
2026-07-24T03:35:00.000Z,"-572","8",16,0,0
2026-07-24T03:40:00.000Z,"-562","8",16,0,0
2026-07-24T03:45:00.000Z,"-564","8",16,0,0
2026-07-24T03:50:00.000Z,"-555","8",16,0,0
2026-07-24T03:55:00.000Z,"-551","8",16,0,0
2026-07-24T04:00:00.000Z,"-546","8",16,0,0
2026-07-24T04:05:00.000Z,"-545","8",16,0,0
2026-07-24T04:10:00.000Z,"-540","8",16,0,0
2026-07-24T04:15:00.000Z,"-540","8",16,0,0
2026-07-24T04:20:00.000Z,"-535","8",16,0,0
2026-07-24T04:25:00.000Z,"-532","8",16,0,0
2026-07-24T04:30:00.000Z,"-531","8",16,0,0
2026-07-24T04:35:00.000Z,"-532","8",16,0,0
2026-07-24T04:40:00.000Z,"-529","8",16,0,0
2026-07-24T04:45:00.000Z,"-527","8",16,0,0
2026-07-24T04:50:00.000Z,"-527","8",16,0,0
2026-07-24T04:55:00.000Z,"-530","8",16,0,0
2026-07-24T05:00:00.000Z,"-527","8",16,0,0
2026-07-24T05:05:00.000Z,"-530","8",16,0,0
2026-07-24T05:10:00.000Z,"-529","8",16,0,0
2026-07-24T05:15:00.000Z,"-530","8",16,0,0
2026-07-24T05:20:00.000Z,"-531","8",16,0,0
2026-07-24T05:25:00.000Z,"-530","8",16,0,0
2026-07-24T05:30:00.000Z,"-534","8",16,0,0
2026-07-24T05:35:00.000Z,"-534","8",16,0,0
2026-07-24T05:40:00.000Z,"-534","8",16,0,0
2026-07-24T05:45:00.000Z,"-537","8",16,0,0
2026-07-24T05:50:00.000Z,"-537","8",16,0,0
2026-07-24T05:55:00.000Z,"-537","8",16,0,0
2026-07-24T06:00:00.000Z,"-541","8",16,0,0
2026-07-24T06:05:00.000Z,"-540","8",16,0,0
2026-07-24T06:10:00.000Z,"-541","8",16,0,0
2026-07-24T06:15:00.000Z,"-542","8",16,0,0
2026-07-24T06:20:00.000Z,"-542","8",16,0,0
2026-07-24T06:25:00.000Z,"-544","8",16,0,0
2026-07-24T06:30:00.000Z,"-541","8",16,0,0
2026-07-24T06:35:00.000Z,"-545","8",16,0,0
2026-07-24T06:40:00.000Z,"-545","8",16,0,0
2026-07-24T06:45:00.000Z,"-545","8",16,0,0
2026-07-24T06:50:00.000Z,"-546","8",16,0,0
2026-07-24T06:55:00.000Z,"-549","8",16,0,0
2026-07-24T07:00:00.000Z,"-550","8",16,0,0
2026-07-24T07:05:00.000Z,"-549","8",16,0,0
2026-07-24T07:10:00.000Z,"-551","8",16,0,0
2026-07-24T07:15:00.000Z,"-552","8",16,0,0
2026-07-24T07:20:00.000Z,"-552","8",16,0,0
2026-07-24T07:25:00.000Z,"-552","8",16,0,0
2026-07-24T07:30:00.000Z,"-554","8",16,0,0
2026-07-24T07:35:00.000Z,"-554","8",16,0,0
2026-07-24T07:40:00.000Z,"-556","8",16,0,0
2026-07-24T07:45:00.000Z,"-554","8",16,0,0
2026-07-24T07:50:00.000Z,"-557","8",16,0,0
2026-07-24T07:55:00.000Z,"-559","8",16,0,0
2026-07-24T08:00:00.000Z,"-562","8",16,0,0
2026-07-24T08:05:00.000Z,"-562","8",16,0,0
2026-07-24T08:10:00.000Z,"-564","8",16,0,0
2026-07-24T08:15:00.000Z,"-564","8",16,0,0
2026-07-24T08:20:00.000Z,"-566","8",16,0,0
2026-07-24T08:25:00.000Z,"-566","8",16,0,0
2026-07-24T08:30:00.000Z,"-571","8",16,0,0
2026-07-24T08:35:00.000Z,"-574","8",16,0,0
2026-07-24T08:40:00.000Z,"-575","8",16,0,0
2026-07-24T08:45:00.000Z,"-577","8",16,0,0
2026-07-24T08:50:00.000Z,"-579","8",16,0,0
2026-07-24T08:55:00.000Z,"-581","8",16,0,0
2026-07-24T09:00:00.000Z,"-584","8",16,0,0
2026-07-24T09:05:00.000Z,"-587","8",16,0,0
2026-07-24T09:10:00.000Z,"-592","8",16,0,0
2026-07-24T09:15:00.000Z,"-595","8",16,0,0
2026-07-24T09:20:00.000Z,"-599","8",16,0,0
2026-07-24T09:25:00.000Z,"-604","8",16,0,0
2026-07-24T09:30:00.000Z,"-609","8",16,0,0
2026-07-24T09:35:00.000Z,"-611","8",16,0,0
2026-07-24T09:40:00.000Z,"-614","8",16,0,0
2026-07-24T09:45:00.000Z,"-619","8",16,0,0
2026-07-24T09:50:00.000Z,"-626","8",16,0,0
2026-07-24T09:55:00.000Z,"-629","8",16,0,0
2026-07-24T10:00:00.000Z,"-637","8",16,0,0
2026-07-24T10:05:00.000Z,"-640","8",16,0,0
2026-07-24T10:10:00.000Z,"-647","8",16,0,0
2026-07-24T10:15:00.000Z,"-654","8",16,0,0
2026-07-24T10:20:00.000Z,"-659","8",16,0,0
2026-07-24T10:25:00.000Z,"-662","8",16,0,0
2026-07-24T10:30:00.000Z,"-669","8",16,0,0
2026-07-24T10:35:00.000Z,"-674","8",16,0,0
2026-07-24T10:40:00.000Z,"-682","8",16,0,0
2026-07-24T10:45:00.000Z,"-686","8",16,0,0
2026-07-24T10:50:00.000Z,"-692","8",16,0,0
2026-07-24T10:55:00.000Z,"-702","8",16,0,0
2026-07-24T11:00:00.000Z,"-709","8",16,0,0
2026-07-24T11:05:00.000Z,"-711","8",16,0,0
2026-07-24T11:10:00.000Z,"-724","8",16,0,0
2026-07-24T11:15:00.000Z,"-727","8",16,0,0
2026-07-24T11:20:00.000Z,"-736","8",16,0,0
2026-07-24T11:25:00.000Z,"-742","8",16,0,0
2026-07-24T11:30:00.000Z,"-749","8",16,0,0
2026-07-24T11:35:00.000Z,"-756","8",16,0,0
2026-07-24T11:40:00.000Z,"-760","8",16,0,0
2026-07-24T11:45:00.000Z,"-771","8",16,0,0
2026-07-24T11:50:00.000Z,"-779","8",16,0,0
2026-07-24T11:55:00.000Z,"-781","8",16,0,0
2026-07-24T12:00:00.000Z,"-789","8",16,0,0
2026-07-24T12:05:00.000Z,"-792","8",16,0,0
2026-07-24T12:10:00.000Z,"-805","8",16,0,0
2026-07-24T12:15:00.000Z,"-810","8",16,0,0
2026-07-24T12:20:00.000Z,"-814","8",16,0,0
2026-07-24T12:25:00.000Z,"-821","8",16,0,0
2026-07-24T12:30:00.000Z,"-826","8",16,0,0
2026-07-24T12:35:00.000Z,"-834","8",16,0,0
2026-07-24T12:40:00.000Z,"-842","8",16,0,0
2026-07-24T12:45:00.000Z,"-847","8",16,0,0
2026-07-24T12:50:00.000Z,"-849","8",16,0,0
2026-07-24T12:55:00.000Z,"-852","8",16,0,0
2026-07-24T13:00:00.000Z,"-864","8",16,0,0
2026-07-24T13:05:00.000Z,"-864","8",16,0,0
2026-07-24T13:10:00.000Z,"-871","8",16,0,0
2026-07-24T13:15:00.000Z,"-870","8",16,0,0
2026-07-24T13:20:00.000Z,"-875","8",16,0,0
2026-07-24T13:25:00.000Z,"-881","8",16,0,0
2026-07-24T13:30:00.000Z,"-877","8",16,0,0
2026-07-24T13:35:00.000Z,"-882","8",16,0,0
2026-07-24T13:40:00.000Z,"-882","8",16,0,0
2026-07-24T13:45:00.000Z,"-885","8",16,0,0
2026-07-24T13:50:00.000Z,"-886","8",16,0,0
2026-07-24T13:55:00.000Z,"-884","8",16,0,0
2026-07-24T14:00:00.000Z,"-886","8",16,0,0
2026-07-24T14:05:00.000Z,"-881","8",16,0,0
2026-07-24T14:10:00.000Z,"-886","8",16,0,0
2026-07-24T14:15:00.000Z,"-884","8",16,0,0
2026-07-24T14:20:00.000Z,"-887","8",16,0,0
2026-07-24T14:25:00.000Z,"-881","8",16,0,0
2026-07-24T14:30:00.000Z,"-885","8",16,0,0
2026-07-24T14:35:00.000Z,"-884","8",16,0,0
2026-07-24T14:40:00.000Z,"-886","8",16,0,0
2026-07-24T14:45:00.000Z,"-884","8",16,0,0
2026-07-24T14:50:00.000Z,"-880","8",16,0,0
2026-07-24T14:55:00.000Z,"-886","8",16,0,0
2026-07-24T15:00:00.000Z,"-882","8",16,0,0
2026-07-24T15:05:00.000Z,"-880","8",16,0,0
2026-07-24T15:10:00.000Z,"-879","8",16,0,0
2026-07-24T15:15:00.000Z,"-882","8",16,0,0
2026-07-24T15:20:00.000Z,"-875","8",16,0,0
2026-07-24T15:25:00.000Z,"-872","8",16,0,0
2026-07-24T15:30:00.000Z,"-871","8",16,0,0
2026-07-24T15:35:00.000Z,"-870","8",16,0,0
2026-07-24T15:40:00.000Z,"-874","8",16,0,0
2026-07-24T15:45:00.000Z,"-872","8",16,0,0
2026-07-24T15:50:00.000Z,"-869","8",16,0,0
2026-07-24T15:55:00.000Z,"-867","8",16,0,0
2026-07-24T16:00:00.000Z,"-872","8",16,0,0
2026-07-24T16:05:00.000Z,"-867","8",16,0,0
2026-07-24T16:10:00.000Z,"-871","8",16,0,0
2026-07-24T16:15:00.000Z,"-866","8",16,0,0
2026-07-24T16:20:00.000Z,"-865","8",16,0,0
2026-07-24T16:25:00.000Z,"-864","8",16,0,0
2026-07-24T16:30:00.000Z,"-862","8",16,0,0
2026-07-24T16:35:00.000Z,"-865","8",16,0,0
2026-07-24T16:40:00.000Z,"-856","8",16,0,0
2026-07-24T16:45:00.000Z,"-864","8",16,0,0
2026-07-24T16:50:00.000Z,"-859","8",16,0,0
2026-07-24T16:55:00.000Z,"-862","8",16,0,0
2026-07-24T17:00:00.000Z,"-861","8",16,0,0
2026-07-24T17:05:00.000Z,"-860","8",16,0,0
2026-07-24T17:10:00.000Z,"-864","8",16,0,0
2026-07-24T17:15:00.000Z,"-866","8",16,0,0
2026-07-24T17:20:00.000Z,"-862","8",16,0,0
2026-07-24T17:25:00.000Z,"-871","8",16,0,0
2026-07-24T17:30:00.000Z,"-869","8",16,0,0
2026-07-24T17:35:00.000Z,"-871","8",16,0,0
2026-07-24T17:40:00.000Z,"-875","8",16,0,0
2026-07-24T17:45:00.000Z,"-881","8",16,0,0
2026-07-24T17:50:00.000Z,"-876","8",16,0,0
2026-07-24T17:55:00.000Z,"-884","8",16,0,0
2026-07-24T18:00:00.000Z,"-886","8",16,0,0
2026-07-24T18:05:00.000Z,"-889","8",16,0,0
2026-07-24T18:10:00.000Z,"-894","8",16,0,0
2026-07-24T18:15:00.000Z,"-901","8",16,0,0
2026-07-24T18:20:00.000Z,"-897","8",16,0,0
2026-07-24T18:25:00.000Z,"-901","8",16,0,0
2026-07-24T18:30:00.000Z,"-909","8",16,0,0
2026-07-24T18:35:00.000Z,"-915","8",16,0,0
2026-07-24T18:40:00.000Z,"-914","8",16,0,0
2026-07-24T18:45:00.000Z,"-915","8",16,0,0
2026-07-24T18:50:00.000Z,"-925","8",16,0,0
2026-07-24T18:55:00.000Z,"-925","8",16,0,0
2026-07-24T19:00:00.000Z,"-927","8",16,0,0
2026-07-24T19:05:00.000Z,"-932","8",16,0,0
2026-07-24T19:10:00.000Z,"-934","8",16,0,0
2026-07-24T19:15:00.000Z,"-935","8",16,0,0
2026-07-24T19:20:00.000Z,"-946","8",16,0,0
2026-07-24T19:25:00.000Z,"-939","8",16,0,0
2026-07-24T19:30:00.000Z,"-942","8",16,0,0
2026-07-24T19:35:00.000Z,"-947","8",16,0,0
2026-07-24T19:40:00.000Z,"-955","8",16,0,0
2026-07-24T19:45:00.000Z,"-952","8",16,0,0
2026-07-24T19:50:00.000Z,"-954","8",16,0,0
2026-07-24T19:55:00.000Z,"-965","8",16,0,0
2026-07-24T20:00:00.000Z,"-967","8",16,0,0
2026-07-24T20:05:00.000Z,"-965","8",16,0,0
2026-07-24T20:10:00.000Z,"-970","8",16,0,0
2026-07-24T20:15:00.000Z,"-970","8",16,0,0
2026-07-24T20:20:00.000Z,"-966","8",16,0,0
2026-07-24T20:25:00.000Z,"-980","8",16,0,0
2026-07-24T20:30:00.000Z,"-976","8",16,0,0
2026-07-24T20:35:00.000Z,"-979","8",16,0,0
2026-07-24T20:40:00.000Z,"-986","8",16,0,0
2026-07-24T20:45:00.000Z,"-985","8",16,0,0
2026-07-24T20:50:00.000Z,"-986","8",16,0,0
2026-07-24T20:55:00.000Z,"-987","8",16,0,0
2026-07-24T21:00:00.000Z,"-990","8",16,0,0
2026-07-24T21:05:00.000Z,"-991","8",16,0,0
2026-07-24T21:10:00.000Z,"-994","8",16,0,0
2026-07-24T21:15:00.000Z,"-999","8",16,0,0
2026-07-24T21:20:00.000Z,"-996","8",16,0,0
2026-07-24T21:25:00.000Z,"-992","8",16,0,0
2026-07-24T21:30:00.000Z,"-999","8",16,0,0
2026-07-24T21:35:00.000Z,"-1004","8",16,0,0
2026-07-24T21:40:00.000Z,"-1001","8",16,0,0
2026-07-24T21:45:00.000Z,"-1005","8",16,0,0
2026-07-24T21:50:00.000Z,"-1006","8",16,0,0
2026-07-24T21:55:00.000Z,"-1012","8",16,0,0
2026-07-24T22:00:00.000Z,"-1006","8",16,0,0
2026-07-24T22:05:00.000Z,"-1014","8",16,0,0
2026-07-24T22:10:00.000Z,"-1012","8",16,0,0
2026-07-24T22:15:00.000Z,"-1012","8",16,0,0
2026-07-24T22:20:00.000Z,"-1012","8",16,0,0
2026-07-24T22:25:00.000Z,"-1012","8",16,0,0
2026-07-24T22:30:00.000Z,"-1021","8",16,0,0
2026-07-24T22:35:00.000Z,"-1017","8",16,0,0
2026-07-24T22:40:00.000Z,"-1022","8",16,0,0
2026-07-24T22:45:00.000Z,"-1017","8",16,0,0
2026-07-24T22:50:00.000Z,"-1017","8",16,0,0
2026-07-24T22:55:00.000Z,"-1021","8",16,0,0
2026-07-24T23:00:00.000Z,"-1017","8",16,0,0
2026-07-24T23:05:00.000Z,"-1021","8",16,0,0
2026-07-24T23:10:00.000Z,"-1016","8",16,0,0
2026-07-24T23:15:00.000Z,"-1017","8",16,0,0
2026-07-24T23:20:00.000Z,"-1020","8",16,0,0
2026-07-24T23:25:00.000Z,"-1012","8",16,0,0
2026-07-24T23:30:00.000Z,"-1016","8",16,0,0
2026-07-24T23:35:00.000Z,"-1010","8",16,0,0
2026-07-24T23:40:00.000Z,"-1016","8",16,0,0
2026-07-24T23:45:00.000Z,"-1006","8",16,0,0
2026-07-24T23:50:00.000Z,"-1001","8",16,0,0
2026-07-24T23:55:00.000Z,"-1002","8",16,0,0
2026-07-25T00:00:00.000Z,"-1000","8",16,0,0
2026-07-25T00:05:00.000Z,"-996","8",16,0,0
2026-07-25T00:10:00.000Z,"-992","8",16,0,0
2026-07-25T00:15:00.000Z,"-989","8",16,0,0
2026-07-25T00:20:00.000Z,"-986","8",16,0,0
2026-07-25T00:25:00.000Z,"-986","8",16,0,0
2026-07-25T00:30:00.000Z,"-982","8",16,0,0
2026-07-25T00:35:00.000Z,"-980","8",16,0,0
2026-07-25T00:40:00.000Z,"-974","8",16,0,0
2026-07-25T00:45:00.000Z,"-981","8",16,0,0
2026-07-25T00:50:00.000Z,"-976","8",16,0,0
2026-07-25T00:55:00.000Z,"-971","8",16,0,0
2026-07-25T01:00:00.000Z,"-972","8",16,0,0
2026-07-25T01:05:00.000Z,"-967","8",16,0,0
2026-07-25T01:10:00.000Z,"-964","8",16,0,0
2026-07-25T01:15:00.000Z,"-967","8",16,0,0
2026-07-25T01:20:00.000Z,"-965","8",16,0,0
2026-07-25T01:25:00.000Z,"-960","8",16,0,0
2026-07-25T01:30:00.000Z,"-965","8",16,0,0
2026-07-25T01:35:00.000Z,"-959","8",16,0,0
2026-07-25T01:40:00.000Z,"-961","8",16,0,0
2026-07-25T01:45:00.000Z,"-956","8",16,0,0
2026-07-25T01:50:00.000Z,"-960","8",16,0,0
2026-07-25T01:55:00.000Z,"-956","8",16,0,0
2026-07-25T02:00:00.000Z,"-961","8",16,0,0
2026-07-25T02:05:00.000Z,"-957","8",16,0,0
2026-07-25T02:10:00.000Z,"-957","8",16,0,0
2026-07-25T02:15:00.000Z,"-961","8",16,0,0
2026-07-25T02:20:00.000Z,"-957","8",16,0,0
2026-07-25T02:25:00.000Z,"-950","8",16,0,0
2026-07-25T02:30:00.000Z,"-954","8",16,0,0
2026-07-25T02:35:00.000Z,"-959","8",16,0,0
2026-07-25T02:40:00.000Z,"-945","8",16,0,0
2026-07-25T02:45:00.000Z,"-957","8",16,0,0
2026-07-25T02:50:00.000Z,"-954","8",16,0,0
2026-07-25T02:55:00.000Z,"-954","8",16,0,0
2026-07-25T03:00:00.000Z,"-951","8",16,0,0
2026-07-25T03:05:00.000Z,"-956","8",16,0,0
2026-07-25T03:10:00.000Z,"-951","8",16,0,0
2026-07-25T03:15:00.000Z,"-950","8",16,0,0
2026-07-25T03:20:00.000Z,"-951","8",16,0,0
2026-07-25T03:25:00.000Z,"-950","8",16,0,0
2026-07-25T03:30:00.000Z,"-949","8",16,0,0
2026-07-25T03:35:00.000Z,"-946","8",16,0,0
2026-07-25T03:40:00.000Z,"-957","8",16,0,0
2026-07-25T03:45:00.000Z,"-952","8",16,0,0
2026-07-25T03:50:00.000Z,"-957","8",16,0,0
2026-07-25T03:55:00.000Z,"-952","8",16,0,0
2026-07-25T04:00:00.000Z,"-959","8",16,0,0
2026-07-25T04:05:00.000Z,"-951","8",16,0,0
2026-07-25T04:10:00.000Z,"-955","8",16,0,0
2026-07-25T04:15:00.000Z,"-954","8",16,0,0
2026-07-25T04:20:00.000Z,"-946","8",16,0,0
2026-07-25T04:25:00.000Z,"-956","8",16,0,0
2026-07-25T04:30:00.000Z,"-955","8",16,0,0
2026-07-25T04:35:00.000Z,"-946","8",16,0,0
2026-07-25T04:40:00.000Z,"-956","8",16,0,0
2026-07-25T04:45:00.000Z,"-960","8",16,0,0
2026-07-25T04:50:00.000Z,"-954","8",16,0,0
2026-07-25T04:55:00.000Z,"-955","8",16,0,0
2026-07-25T05:00:00.000Z,"-952","8",16,0,0
2026-07-25T05:05:00.000Z,"-957","8",16,0,0
2026-07-25T05:10:00.000Z,"-961","8",16,0,0
2026-07-25T05:15:00.000Z,"-961","8",16,0,0
2026-07-25T05:20:00.000Z,"-964","8",16,0,0
2026-07-25T05:25:00.000Z,"-965","8",16,0,0
2026-07-25T05:30:00.000Z,"-961","8",16,0,0
2026-07-25T05:35:00.000Z,"-962","8",16,0,0
2026-07-25T05:40:00.000Z,"-964","8",16,0,0
2026-07-25T05:45:00.000Z,"-965","8",16,0,0
2026-07-25T05:50:00.000Z,"-961","8",16,0,0
2026-07-25T05:55:00.000Z,"-966","8",16,0,0
2026-07-25T06:00:00.000Z,"-960","8",16,0,0
2026-07-25T06:05:00.000Z,"-961","8",16,0,0
2026-07-25T06:10:00.000Z,"-961","8",16,0,0
2026-07-25T06:15:00.000Z,"-964","8",16,0,0
2026-07-25T06:20:00.000Z,"-961","8",16,0,0
2026-07-25T06:25:00.000Z,"-966","8",16,0,0
2026-07-25T06:30:00.000Z,"-957","8",16,0,0
2026-07-25T06:35:00.000Z,"-960","8",16,0,0
2026-07-25T06:40:00.000Z,"-957","8",16,0,0
2026-07-25T06:45:00.000Z,"-950","8",16,0,0
2026-07-25T06:50:00.000Z,"-947","8",16,0,0
2026-07-25T06:55:00.000Z,"-950","8",16,0,0
2026-07-25T07:00:00.000Z,"-942","8",16,0,0
2026-07-25T07:05:00.000Z,"-937","8",16,0,0
2026-07-25T07:10:00.000Z,"-937","8",16,0,0
2026-07-25T07:15:00.000Z,"-936","8",16,0,0
2026-07-25T07:20:00.000Z,"-929","8",16,0,0
2026-07-25T07:25:00.000Z,"-920","8",16,0,0
2026-07-25T07:30:00.000Z,"-916","8",16,0,0
2026-07-25T07:35:00.000Z,"-914","8",16,0,0
2026-07-25T07:40:00.000Z,"-909","8",16,0,0
2026-07-25T07:45:00.000Z,"-905","8",16,0,0
2026-07-25T07:50:00.000Z,"-900","8",16,0,0
2026-07-25T07:55:00.000Z,"-891","8",16,0,0
2026-07-25T08:00:00.000Z,"-887","8",16,0,0
2026-07-25T08:05:00.000Z,"-882","8",16,0,0
2026-07-25T08:10:00.000Z,"-881","8",16,0,0
2026-07-25T08:15:00.000Z,"-872","8",16,0,0
2026-07-25T08:20:00.000Z,"-865","8",16,0,0
2026-07-25T08:25:00.000Z,"-861","8",16,0,0
2026-07-25T08:30:00.000Z,"-860","8",16,0,0
2026-07-25T08:35:00.000Z,"-847","8",16,0,0
2026-07-25T08:40:00.000Z,"-847","8",16,0,0
2026-07-25T08:45:00.000Z,"-845","8",16,0,0
2026-07-25T08:50:00.000Z,"-841","8",16,0,0
2026-07-25T08:55:00.000Z,"-842","8",16,0,0
2026-07-25T09:00:00.000Z,"-834","8",16,0,0
2026-07-25T09:05:00.000Z,"-824","8",16,0,0
2026-07-25T09:10:00.000Z,"-824","8",16,0,0
2026-07-25T09:15:00.000Z,"-819","8",16,0,0
2026-07-25T09:20:00.000Z,"-807","8",16,0,0
2026-07-25T09:25:00.000Z,"-807","8",16,0,0
2026-07-25T09:30:00.000Z,"-802","8",16,0,0
2026-07-25T09:35:00.000Z,"-804","8",16,0,0
2026-07-25T09:40:00.000Z,"-800","8",16,0,0
2026-07-25T09:45:00.000Z,"-800","8",16,0,0
2026-07-25T09:50:00.000Z,"-795","8",16,0,0
2026-07-25T09:55:00.000Z,"-790","8",16,0,0
2026-07-25T10:00:00.000Z,"-790","8",16,0,0
2026-07-25T10:05:00.000Z,"-785","8",16,0,0
2026-07-25T10:10:00.000Z,"-781","8",16,0,0
2026-07-25T10:15:00.000Z,"-779","8",16,0,0
2026-07-25T10:20:00.000Z,"-782","8",16,0,0
2026-07-25T10:25:00.000Z,"-780","8",16,0,0
2026-07-25T10:30:00.000Z,"-781","8",16,0,0
2026-07-25T10:35:00.000Z,"-782","8",16,0,0
2026-07-25T10:40:00.000Z,"-780","8",16,0,0
2026-07-25T10:45:00.000Z,"-776","8",16,0,0
2026-07-25T10:50:00.000Z,"-774","8",16,0,0
2026-07-25T10:55:00.000Z,"-777","8",16,0,0
2026-07-25T11:00:00.000Z,"-779","8",16,0,0
2026-07-25T11:05:00.000Z,"-780","8",16,0,0
2026-07-25T11:10:00.000Z,"-774","8",16,0,0
2026-07-25T11:15:00.000Z,"-770","8",16,0,0
2026-07-25T11:20:00.000Z,"-771","8",16,0,0
2026-07-25T11:25:00.000Z,"-776","8",16,0,0
2026-07-25T11:30:00.000Z,"-770","8",16,0,0
2026-07-25T11:35:00.000Z,"-771","8",16,0,0
2026-07-25T11:40:00.000Z,"-770","8",16,0,0
2026-07-25T11:45:00.000Z,"-774","8",16,0,0
2026-07-25T11:50:00.000Z,"-771","8",16,0,0
2026-07-25T11:55:00.000Z,"-774","8",16,0,0
2026-07-25T12:00:00.000Z,"-769","8",16,0,0
2026-07-25T12:05:00.000Z,"-770","8",16,0,0
2026-07-25T12:10:00.000Z,"-771","8",16,0,0
2026-07-25T12:15:00.000Z,"-767","8",16,0,0
2026-07-25T12:20:00.000Z,"-769","8",16,0,0
2026-07-25T12:25:00.000Z,"-766","8",16,0,0
2026-07-25T12:30:00.000Z,"-764","8",16,0,0
2026-07-25T12:35:00.000Z,"-761","8",16,0,0
2026-07-25T12:40:00.000Z,"-762","8",16,0,0
2026-07-25T12:45:00.000Z,"-762","8",16,0,0
2026-07-25T12:50:00.000Z,"-755","8",16,0,0
2026-07-25T12:55:00.000Z,"-762","8",16,0,0
2026-07-25T13:00:00.000Z,"-761","8",16,0,0
2026-07-25T13:05:00.000Z,"-767","8",16,0,0
2026-07-25T13:10:00.000Z,"-767","8",16,0,0
2026-07-25T13:15:00.000Z,"-770","8",16,0,0
2026-07-25T13:20:00.000Z,"-770","8",16,0,0
2026-07-25T13:25:00.000Z,"-775","8",16,0,0
2026-07-25T13:30:00.000Z,"-779","8",16,0,0
2026-07-25T13:35:00.000Z,"-781","8",16,0,0
2026-07-25T13:40:00.000Z,"-784","8",16,0,0
2026-07-25T13:45:00.000Z,"-785","8",16,0,0
2026-07-25T13:50:00.000Z,"-789","8",16,0,0
2026-07-25T13:55:00.000Z,"-786","8",16,0,0
2026-07-25T14:00:00.000Z,"-794","8",16,0,0
2026-07-25T14:05:00.000Z,"-795","8",16,0,0
2026-07-25T14:10:00.000Z,"-801","8",16,0,0
2026-07-25T14:15:00.000Z,"-805","8",16,0,0
2026-07-25T14:20:00.000Z,"-809","8",16,0,0
2026-07-25T14:25:00.000Z,"-812","8",16,0,0
2026-07-25T14:30:00.000Z,"-819","8",16,0,0
2026-07-25T14:35:00.000Z,"-817","8",16,0,0
2026-07-25T14:40:00.000Z,"-822","8",16,0,0
2026-07-25T14:45:00.000Z,"-826","8",16,0,0
2026-07-25T14:50:00.000Z,"-829","8",16,0,0
2026-07-25T14:55:00.000Z,"-830","8",16,0,0
2026-07-25T15:00:00.000Z,"-836","8",16,0,0
2026-07-25T15:05:00.000Z,"-836","8",16,0,0
2026-07-25T15:10:00.000Z,"-842","8",16,0,0
2026-07-25T15:15:00.000Z,"-850","8",16,0,0
2026-07-25T15:20:00.000Z,"-851","8",16,0,0
2026-07-25T15:25:00.000Z,"-851","8",16,0,0
2026-07-25T15:30:00.000Z,"-857","8",16,0,0
2026-07-25T15:35:00.000Z,"-862","8",16,0,0
2026-07-25T15:40:00.000Z,"-867","8",16,0,0
2026-07-25T15:45:00.000Z,"-867","8",16,0,0
2026-07-25T15:50:00.000Z,"-870","8",16,0,0
2026-07-25T15:55:00.000Z,"-871","8",16,0,0
2026-07-25T16:00:00.000Z,"-876","8",16,0,0
2026-07-25T16:05:00.000Z,"-880","8",16,0,0
2026-07-25T16:10:00.000Z,"-881","8",16,0,0
2026-07-25T16:15:00.000Z,"-882","8",16,0,0
2026-07-25T16:20:00.000Z,"-889","8",16,0,0
2026-07-25T16:25:00.000Z,"-886","8",16,0,0
2026-07-25T16:30:00.000Z,"-894","8",16,0,0
2026-07-25T16:35:00.000Z,"-889","8",16,0,0
2026-07-25T16:40:00.000Z,"-890","8",16,0,0
2026-07-25T16:45:00.000Z,"-896","8",16,0,0
2026-07-25T16:50:00.000Z,"-896","8",16,0,0
2026-07-25T16:55:00.000Z,"-900","8",16,0,0
2026-07-25T17:00:00.000Z,"-904","8",16,0,0
2026-07-25T17:05:00.000Z,"-899","8",16,0,0
2026-07-25T17:10:00.000Z,"-904","8",16,0,0
2026-07-25T17:15:00.000Z,"-905","8",16,0,0
2026-07-25T17:20:00.000Z,"-902","8",16,0,0
2026-07-25T17:25:00.000Z,"-902","8",16,0,0
2026-07-25T17:30:00.000Z,"-902","8",16,0,0
2026-07-25T17:35:00.000Z,"-901","8",16,0,0
2026-07-25T17:40:00.000Z,"-901","8",16,0,0
2026-07-25T17:45:00.000Z,"-897","8",16,0,0
2026-07-25T17:50:00.000Z,"-896","8",16,0,0
2026-07-25T17:55:00.000Z,"-897","8",16,0,0
2026-07-25T18:00:00.000Z,"-896","8",16,0,0
2026-07-25T18:05:00.000Z,"-897","8",16,0,0
2026-07-25T18:10:00.000Z,"-900","8",16,0,0
2026-07-25T18:15:00.000Z,"-900","8",16,0,0
2026-07-25T18:20:00.000Z,"-894","8",16,0,0
2026-07-25T18:25:00.000Z,"-890","8",16,0,0
2026-07-25T18:30:00.000Z,"-894","8",16,0,0
2026-07-25T18:35:00.000Z,"-889","8",16,0,0
2026-07-25T18:40:00.000Z,"-889","8",16,0,0
2026-07-25T18:45:00.000Z,"-887","8",16,0,0
2026-07-25T18:50:00.000Z,"-887","8",16,0,0
2026-07-25T18:55:00.000Z,"-885","8",16,0,0
2026-07-25T19:00:00.000Z,"-886","8",16,0,0
2026-07-25T19:05:00.000Z,"-887","8",16,0,0
2026-07-25T19:10:00.000Z,"-889","8",16,0,0
2026-07-25T19:15:00.000Z,"-891","8",16,0,0
2026-07-25T19:20:00.000Z,"-889","8",16,0,0
2026-07-25T19:25:00.000Z,"-891","8",16,0,0
2026-07-25T19:30:00.000Z,"-892","8",16,0,0
2026-07-25T19:35:00.000Z,"-892","8",16,0,0
2026-07-25T19:40:00.000Z,"-890","8",16,0,0
2026-07-25T19:45:00.000Z,"-899","8",16,0,0
2026-07-25T19:50:00.000Z,"-894","8",16,0,0
2026-07-25T19:55:00.000Z,"-899","8",16,0,0
2026-07-25T20:00:00.000Z,"-899","8",16,0,0
2026-07-25T20:05:00.000Z,"-902","8",16,0,0
2026-07-25T20:10:00.000Z,"-900","8",16,0,0
2026-07-25T20:15:00.000Z,"-909","8",16,0,0
2026-07-25T20:20:00.000Z,"-910","8",16,0,0
2026-07-25T20:25:00.000Z,"-907","8",16,0,0
2026-07-25T20:30:00.000Z,"-911","8",16,0,0
2026-07-25T20:35:00.000Z,"-909","8",16,0,0
2026-07-25T20:40:00.000Z,"-916","8",16,0,0
2026-07-25T20:45:00.000Z,"-915","8",16,0,0
2026-07-25T20:50:00.000Z,"-919","8",16,0,0
2026-07-25T20:55:00.000Z,"-925","8",16,0,0
2026-07-25T21:00:00.000Z,"-926","8",16,0,0
2026-07-25T21:05:00.000Z,"-924","8",16,0,0
2026-07-25T21:10:00.000Z,"-925","8",16,0,0
2026-07-25T21:15:00.000Z,"-932","8",16,0,0
2026-07-25T21:20:00.000Z,"-929","8",16,0,0
2026-07-25T21:25:00.000Z,"-932","8",16,0,0
2026-07-25T21:30:00.000Z,"-931","8",16,0,0
2026-07-25T21:35:00.000Z,"-936","8",16,0,0
2026-07-25T21:40:00.000Z,"-937","8",16,0,0
2026-07-25T21:45:00.000Z,"-935","8",16,0,0
2026-07-25T21:50:00.000Z,"-939","8",16,0,0
2026-07-25T21:55:00.000Z,"-942","8",16,0,0
2026-07-25T22:00:00.000Z,"-942","8",16,0,0
2026-07-25T22:05:00.000Z,"-946","8",16,0,0
2026-07-25T22:10:00.000Z,"-946","8",16,0,0
2026-07-25T22:15:00.000Z,"-954","8",16,0,0
2026-07-25T22:20:00.000Z,"-956","8",16,0,0
2026-07-25T22:25:00.000Z,"-951","8",16,0,0
2026-07-25T22:30:00.000Z,"-956","8",16,0,0
2026-07-25T22:35:00.000Z,"-954","8",16,0,0
2026-07-25T22:40:00.000Z,"-959","8",16,0,0
2026-07-25T22:45:00.000Z,"-962","8",16,0,0
2026-07-25T22:50:00.000Z,"-961","8",16,0,0
2026-07-25T22:55:00.000Z,"-961","8",16,0,0
2026-07-25T23:00:00.000Z,"-966","8",16,0,0
2026-07-25T23:05:00.000Z,"-962","8",16,0,0
2026-07-25T23:10:00.000Z,"-960","8",16,0,0
2026-07-25T23:15:00.000Z,"-961","8",16,0,0
2026-07-25T23:20:00.000Z,"-957","8",16,0,0
2026-07-25T23:25:00.000Z,"-956","8",16,0,0
2026-07-25T23:30:00.000Z,"-957","8",16,0,0
2026-07-25T23:35:00.000Z,"-964","8",16,0,0
2026-07-25T23:40:00.000Z,"-951","8",16,0,0
2026-07-25T23:45:00.000Z,"-956","8",16,0,0
2026-07-25T23:50:00.000Z,"-939","8",16,0,0
2026-07-25T23:55:00.000Z,"-934","8",16,0,0
2026-07-26T00:00:00.000Z,"-924","8",16,0,0
2026-07-26T00:05:00.000Z,"-921","8",16,0,0
2026-07-26T00:10:00.000Z,"-915","8",16,0,0
2026-07-26T00:15:00.000Z,"-917","8",16,0,0
2026-07-26T00:20:00.000Z,"-909","8",16,0,0
2026-07-26T00:25:00.000Z,"-910","8",16,0,0
2026-07-26T00:30:00.000Z,"-894","8",16,0,0
2026-07-26T00:35:00.000Z,"-892","8",16,0,0
2026-07-26T00:40:00.000Z,"-884","8",16,0,0
2026-07-26T00:45:00.000Z,"-882","8",16,0,0
2026-07-26T00:50:00.000Z,"-875","8",16,0,0
2026-07-26T00:55:00.000Z,"-869","8",16,0,0
2026-07-26T01:00:00.000Z,"-862","8",16,0,0
2026-07-26T01:05:00.000Z,"-860","8",16,0,0
2026-07-26T01:10:00.000Z,"-855","8",16,0,0
2026-07-26T01:15:00.000Z,"-850","8",16,0,0
2026-07-26T01:20:00.000Z,"-844","8",16,0,0
2026-07-26T01:25:00.000Z,"-842","8",16,0,0
2026-07-26T01:30:00.000Z,"-840","8",16,0,0
2026-07-26T01:35:00.000Z,"-832","8",16,0,0
2026-07-26T01:40:00.000Z,"-829","8",16,0,0
2026-07-26T01:45:00.000Z,"-825","8",16,0,0
2026-07-26T01:50:00.000Z,"-821","8",16,0,0
2026-07-26T01:55:00.000Z,"-820","8",16,0,0
2026-07-26T02:00:00.000Z,"-812","8",16,0,0
2026-07-26T02:05:00.000Z,"-812","8",16,0,0
2026-07-26T02:10:00.000Z,"-809","8",16,0,0
2026-07-26T02:15:00.000Z,"-801","8",16,0,0
2026-07-26T02:20:00.000Z,"-805","8",16,0,0
2026-07-26T02:25:00.000Z,"-801","8",16,0,0
2026-07-26T02:30:00.000Z,"-795","8",16,0,0
2026-07-26T02:35:00.000Z,"-797","8",16,0,0
2026-07-26T02:40:00.000Z,"-797","8",16,0,0
2026-07-26T02:45:00.000Z,"-791","8",16,0,0
2026-07-26T02:50:00.000Z,"-795","8",16,0,0
2026-07-26T02:55:00.000Z,"-792","8",16,0,0
2026-07-26T03:00:00.000Z,"-790","8",16,0,0
2026-07-26T03:05:00.000Z,"-792","8",16,0,0
2026-07-26T03:10:00.000Z,"-792","8",16,0,0
2026-07-26T03:15:00.000Z,"-787","8",16,0,0
2026-07-26T03:20:00.000Z,"-791","8",16,0,0
2026-07-26T03:25:00.000Z,"-789","8",16,0,0
2026-07-26T03:30:00.000Z,"-786","8",16,0,0
2026-07-26T03:35:00.000Z,"-796","8",16,0,0
2026-07-26T03:40:00.000Z,"-791","8",16,0,0
2026-07-26T03:45:00.000Z,"-792","8",16,0,0
2026-07-26T03:50:00.000Z,"-794","8",16,0,0
2026-07-26T03:55:00.000Z,"-792","8",16,0,0
2026-07-26T04:00:00.000Z,"-795","8",16,0,0
2026-07-26T04:05:00.000Z,"-792","8",16,0,0
2026-07-26T04:10:00.000Z,"-796","8",16,0,0
2026-07-26T04:15:00.000Z,"-795","8",16,0,0
2026-07-26T04:20:00.000Z,"-796","8",16,0,0
2026-07-26T04:25:00.000Z,"-805","8",16,0,0
2026-07-26T04:30:00.000Z,"-802","8",16,0,0
2026-07-26T04:35:00.000Z,"-802","8",16,0,0
2026-07-26T04:40:00.000Z,"-802","8",16,0,0
2026-07-26T04:45:00.000Z,"-809","8",16,0,0
2026-07-26T04:50:00.000Z,"-810","8",16,0,0
2026-07-26T04:55:00.000Z,"-814","8",16,0,0
2026-07-26T05:00:00.000Z,"-811","8",16,0,0
2026-07-26T05:05:00.000Z,"-814","8",16,0,0
2026-07-26T05:10:00.000Z,"-821","8",16,0,0
2026-07-26T05:15:00.000Z,"-822","8",16,0,0
2026-07-26T05:20:00.000Z,"-817","8",16,0,0
2026-07-26T05:25:00.000Z,"-821","8",16,0,0
2026-07-26T05:30:00.000Z,"-826","8",16,0,0
2026-07-26T05:35:00.000Z,"-827","8",16,0,0
2026-07-26T05:40:00.000Z,"-831","8",16,0,0
2026-07-26T05:45:00.000Z,"-830","8",16,0,0
2026-07-26T05:50:00.000Z,"-834","8",16,0,0
2026-07-26T05:55:00.000Z,"-832","8",16,0,0
2026-07-26T06:00:00.000Z,"-837","8",16,0,0
2026-07-26T06:05:00.000Z,"-841","8",16,0,0
2026-07-26T06:10:00.000Z,"-844","8",16,0,0
2026-07-26T06:15:00.000Z,"-846","8",16,0,0
2026-07-26T06:20:00.000Z,"-851","8",16,0,0
2026-07-26T06:25:00.000Z,"-847","8",16,0,0
2026-07-26T06:30:00.000Z,"-850","8",16,0,0
2026-07-26T06:35:00.000Z,"-854","8",16,0,0
2026-07-26T06:40:00.000Z,"-854","8",16,0,0
2026-07-26T06:45:00.000Z,"-859","8",16,0,0
2026-07-26T06:50:00.000Z,"-857","8",16,0,0
2026-07-26T06:55:00.000Z,"-856","8",16,0,0
2026-07-26T07:00:00.000Z,"-862","8",16,0,0
2026-07-26T07:05:00.000Z,"-861","8",16,0,0
2026-07-26T07:10:00.000Z,"-866","8",16,0,0
2026-07-26T07:15:00.000Z,"-869","8",16,0,0
2026-07-26T07:20:00.000Z,"-872","8",16,0,0
2026-07-26T07:25:00.000Z,"-870","8",16,0,0
2026-07-26T07:30:00.000Z,"-871","8",16,0,0
2026-07-26T07:35:00.000Z,"-866","8",16,0,0
2026-07-26T07:40:00.000Z,"-884","8",16,0,0
2026-07-26T07:45:00.000Z,"-875","8",16,0,0
2026-07-26T07:50:00.000Z,"-877","8",16,0,0
2026-07-26T07:55:00.000Z,"-879","8",16,0,0
2026-07-26T08:00:00.000Z,"-880","8",16,0,0
2026-07-26T08:05:00.000Z,"-882","8",16,0,0
2026-07-26T08:10:00.000Z,"-884","8",16,0,0
2026-07-26T08:15:00.000Z,"-887","8",16,0,0
2026-07-26T08:20:00.000Z,"-884","8",16,0,0
2026-07-26T08:25:00.000Z,"-889","8",16,0,0
2026-07-26T08:30:00.000Z,"-889","8",16,0,0
2026-07-26T08:35:00.000Z,"-887","8",16,0,0
2026-07-26T08:40:00.000Z,"-884","8",16,0,0
2026-07-26T08:45:00.000Z,"-889","8",16,0,0
2026-07-26T08:50:00.000Z,"-886","8",16,0,0
2026-07-26T08:55:00.000Z,"-886","8",16,0,0
2026-07-26T09:00:00.000Z,"-882","8",16,0,0
2026-07-26T09:05:00.000Z,"-880","8",16,0,0
2026-07-26T09:10:00.000Z,"-885","8",16,0,0
2026-07-26T09:15:00.000Z,"-876","8",16,0,0
2026-07-26T09:20:00.000Z,"-875","8",16,0,0
2026-07-26T09:25:00.000Z,"-870","8",16,0,0
2026-07-26T09:30:00.000Z,"-860","8",16,0,0
2026-07-26T09:35:00.000Z,"-859","8",16,0,0
2026-07-26T09:40:00.000Z,"-847","8",16,0,0
2026-07-26T09:45:00.000Z,"-846","8",16,0,0
2026-07-26T09:50:00.000Z,"-845","8",16,0,0
2026-07-26T09:55:00.000Z,"-840","8",16,0,0
2026-07-26T10:00:00.000Z,"-830","8",16,0,0
2026-07-26T10:05:00.000Z,"-819","8",16,0,0
2026-07-26T10:10:00.000Z,"-821","8",16,0,0
2026-07-26T10:15:00.000Z,"-805","8",16,0,0
2026-07-26T10:20:00.000Z,"-795","8",16,0,0
2026-07-26T10:25:00.000Z,"-791","8",16,0,0
2026-07-26T10:30:00.000Z,"-784","8",16,0,0
2026-07-26T10:35:00.000Z,"-779","8",16,0,0
2026-07-26T10:40:00.000Z,"-769","8",16,0,0
2026-07-26T10:45:00.000Z,"-762","8",16,0,0
2026-07-26T10:50:00.000Z,"-759","8",16,0,0
2026-07-26T10:55:00.000Z,"-751","8",16,0,0
2026-07-26T11:00:00.000Z,"-754","8",16,0,0
2026-07-26T11:05:00.000Z,"-749","8",16,0,0
2026-07-26T11:10:00.000Z,"-739","8",16,0,0
2026-07-26T11:15:00.000Z,"-734","8",16,0,0
2026-07-26T11:20:00.000Z,"-731","8",16,0,0
2026-07-26T11:25:00.000Z,"-726","8",16,0,0
2026-07-26T11:30:00.000Z,"-726","8",16,0,0
2026-07-26T11:35:00.000Z,"-715","8",16,0,0
2026-07-26T11:40:00.000Z,"-712","8",16,0,0
2026-07-26T11:45:00.000Z,"-709","8",16,0,0
2026-07-26T11:50:00.000Z,"-707","8",16,0,0
2026-07-26T11:55:00.000Z,"-707","8",16,0,0
2026-07-26T12:00:00.000Z,"-704","8",16,0,0
2026-07-26T12:05:00.000Z,"-709","8",16,0,0
2026-07-26T12:10:00.000Z,"-707","8",16,0,0
2026-07-26T12:15:00.000Z,"-709","8",16,0,0
2026-07-26T12:20:00.000Z,"-704","8",16,0,0
2026-07-26T12:25:00.000Z,"-707","8",16,0,0
2026-07-26T12:30:00.000Z,"-710","8",16,0,0
2026-07-26T12:35:00.000Z,"-710","8",16,0,0
2026-07-26T12:40:00.000Z,"-714","8",16,0,0
2026-07-26T12:45:00.000Z,"-715","8",16,0,0
2026-07-26T12:50:00.000Z,"-722","8",16,0,0
2026-07-26T12:55:00.000Z,"-726","8",16,0,0
2026-07-26T13:00:00.000Z,"-726","8",16,0,0
2026-07-26T13:05:00.000Z,"-726","8",16,0,0
2026-07-26T13:10:00.000Z,"-722","8",16,0,0
2026-07-26T13:15:00.000Z,"-726","8",16,0,0
2026-07-26T13:20:00.000Z,"-726","8",16,0,0
2026-07-26T13:25:00.000Z,"-727","8",16,0,0
2026-07-26T13:30:00.000Z,"-732","8",16,0,0
2026-07-26T13:35:00.000Z,"-744","8",16,0,0
2026-07-26T13:40:00.000Z,"-749","8",16,0,0
2026-07-26T13:45:00.000Z,"-747","8",16,0,0
2026-07-26T13:50:00.000Z,"-749","8",16,0,0
2026-07-26T13:55:00.000Z,"-756","8",16,0,0
2026-07-26T14:00:00.000Z,"-757","8",16,0,0
2026-07-26T14:05:00.000Z,"-760","8",16,0,0
2026-07-26T14:10:00.000Z,"-760","8",16,0,0
2026-07-26T14:15:00.000Z,"-761","8",16,0,0
2026-07-26T14:20:00.000Z,"-766","8",16,0,0
2026-07-26T14:25:00.000Z,"-766","8",16,0,0
2026-07-26T14:30:00.000Z,"-769","8",16,0,0
2026-07-26T14:35:00.000Z,"-775","8",16,0,0
2026-07-26T14:40:00.000Z,"-777","8",16,0,0
2026-07-26T14:45:00.000Z,"-774","8",16,0,0
2026-07-26T14:50:00.000Z,"-777","8",16,0,0
2026-07-26T14:55:00.000Z,"-780","8",16,0,0
2026-07-26T15:00:00.000Z,"-781","8",16,0,0
2026-07-26T15:05:00.000Z,"-784","8",16,0,0
2026-07-26T15:10:00.000Z,"-780","8",16,0,0
2026-07-26T15:15:00.000Z,"-781","8",16,0,0
2026-07-26T15:20:00.000Z,"-780","8",16,0,0
2026-07-26T15:25:00.000Z,"-784","8",16,0,0
2026-07-26T15:30:00.000Z,"-782","8",16,0,0
2026-07-26T15:35:00.000Z,"-780","8",16,0,0
2026-07-26T15:40:00.000Z,"-784","8",16,0,0
2026-07-26T15:45:00.000Z,"-780","8",16,0,0
2026-07-26T15:50:00.000Z,"-777","8",16,0,0
2026-07-26T15:55:00.000Z,"-781","8",16,0,0
2026-07-26T16:00:00.000Z,"-776","8",16,0,0
2026-07-26T16:05:00.000Z,"-774","8",16,0,0
2026-07-26T16:10:00.000Z,"-776","8",16,0,0
2026-07-26T16:15:00.000Z,"-780","8",16,0,0
2026-07-26T16:20:00.000Z,"-771","8",16,0,0
2026-07-26T16:25:00.000Z,"-771","8",16,0,0
2026-07-26T16:30:00.000Z,"-774","8",16,0,0
2026-07-26T16:35:00.000Z,"-776","8",16,0,0
2026-07-26T16:40:00.000Z,"-775","8",16,0,0
2026-07-26T16:45:00.000Z,"-779","8",16,0,0
2026-07-26T16:50:00.000Z,"-774","8",16,0,0
2026-07-26T16:55:00.000Z,"-774","8",16,0,0
2026-07-26T17:00:00.000Z,"-775","8",16,0,0
2026-07-26T17:05:00.000Z,"-779","8",16,0,0
2026-07-26T17:10:00.000Z,"-777","8",16,0,0
2026-07-26T17:15:00.000Z,"-779","8",16,0,0
2026-07-26T17:20:00.000Z,"-776","8",16,0,0
2026-07-26T17:25:00.000Z,"-776","8",16,0,0
2026-07-26T17:30:00.000Z,"-781","8",16,0,0
2026-07-26T17:35:00.000Z,"-781","8",16,0,0
2026-07-26T17:40:00.000Z,"-787","8",16,0,0
2026-07-26T17:45:00.000Z,"-781","8",16,0,0
2026-07-26T17:50:00.000Z,"-779","8",16,0,0
2026-07-26T17:55:00.000Z,"-787","8",16,0,0
2026-07-26T18:00:00.000Z,"-780","8",16,0,0
2026-07-26T18:05:00.000Z,"-787","8",16,0,0
2026-07-26T18:10:00.000Z,"-786","8",16,0,0
2026-07-26T18:15:00.000Z,"-786","8",16,0,0
2026-07-26T18:20:00.000Z,"-795","8",16,0,0
2026-07-26T18:25:00.000Z,"-794","8",16,0,0
2026-07-26T18:30:00.000Z,"-792","8",16,0,0
2026-07-26T18:35:00.000Z,"-794","8",16,0,0
2026-07-26T18:40:00.000Z,"-794","8",16,0,0
2026-07-26T18:45:00.000Z,"-792","8",16,0,0
2026-07-26T18:50:00.000Z,"-797","8",16,0,0
2026-07-26T18:55:00.000Z,"-795","8",16,0,0
2026-07-26T19:00:00.000Z,"-797","8",16,0,0
2026-07-26T19:05:00.000Z,"-795","8",16,0,0
2026-07-26T19:10:00.000Z,"-792","8",16,0,0
2026-07-26T19:15:00.000Z,"-796","8",16,0,0
2026-07-26T19:20:00.000Z,"-800","8",16,0,0
2026-07-26T19:25:00.000Z,"-792","8",16,0,0
2026-07-26T19:30:00.000Z,"-795","8",16,0,0
2026-07-26T19:35:00.000Z,"-794","8",16,0,0
2026-07-26T19:40:00.000Z,"-805","8",16,0,0
2026-07-26T19:45:00.000Z,"-797","8",16,0,0
2026-07-26T19:50:00.000Z,"-800","8",16,0,0
2026-07-26T19:55:00.000Z,"-802","8",16,0,0
2026-07-26T20:00:00.000Z,"-807","8",16,0,0
2026-07-26T20:05:00.000Z,"-800","8",16,0,0
2026-07-26T20:10:00.000Z,"-804","8",16,0,0
2026-07-26T20:15:00.000Z,"-810","8",16,0,0
2026-07-26T20:20:00.000Z,"-810","8",16,0,0
2026-07-26T20:25:00.000Z,"-806","8",16,0,0
2026-07-26T20:30:00.000Z,"-807","8",16,0,0
2026-07-26T20:35:00.000Z,"-805","8",16,0,0
2026-07-26T20:40:00.000Z,"-802","8",16,0,0
2026-07-26T20:45:00.000Z,"-811","8",16,0,0
2026-07-26T20:50:00.000Z,"-810","8",16,0,0
2026-07-26T20:55:00.000Z,"-806","8",16,0,0
2026-07-26T21:00:00.000Z,"-807","8",16,0,0
2026-07-26T21:05:00.000Z,"-802","8",16,0,0
2026-07-26T21:10:00.000Z,"-804","8",16,0,0
2026-07-26T21:15:00.000Z,"-802","8",16,0,0
2026-07-26T21:20:00.000Z,"-801","8",16,0,0
2026-07-26T21:25:00.000Z,"-804","8",16,0,0
2026-07-26T21:30:00.000Z,"-811","8",16,0,0
2026-07-26T21:35:00.000Z,"-807","8",16,0,0
2026-07-26T21:40:00.000Z,"-807","8",16,0,0
2026-07-26T21:45:00.000Z,"-804","8",16,0,0
2026-07-26T21:50:00.000Z,"-804","8",16,0,0
2026-07-26T21:55:00.000Z,"-802","8",16,0,0
2026-07-26T22:00:00.000Z,"-806","8",16,0,0
2026-07-26T22:05:00.000Z,"-799","8",16,0,0
2026-07-26T22:10:00.000Z,"-801","8",16,0,0
2026-07-26T22:15:00.000Z,"-804","8",16,0,0
2026-07-26T22:20:00.000Z,"-801","8",16,0,0
2026-07-26T22:25:00.000Z,"-801","8",16,0,0
2026-07-26T22:30:00.000Z,"-799","8",16,0,0
2026-07-26T22:35:00.000Z,"-800","8",16,0,0
2026-07-26T22:40:00.000Z,"-800","8",16,0,0
2026-07-26T22:45:00.000Z,"-796","8",16,0,0
2026-07-26T22:50:00.000Z,"-797","8",16,0,0
2026-07-26T22:55:00.000Z,"-795","8",16,0,0
2026-07-26T23:00:00.000Z,"-792","8",16,0,0
2026-07-26T23:05:00.000Z,"-795","8",16,0,0
2026-07-26T23:10:00.000Z,"-794","8",16,0,0
2026-07-26T23:15:00.000Z,"-790","8",16,0,0
2026-07-26T23:20:00.000Z,"-789","8",16,0,0
2026-07-26T23:25:00.000Z,"-792","8",16,0,0
2026-07-26T23:30:00.000Z,"-787","8",16,0,0
2026-07-26T23:35:00.000Z,"-786","8",16,0,0
2026-07-26T23:40:00.000Z,"-781","8",16,0,0
2026-07-26T23:45:00.000Z,"-781","8",16,0,0
2026-07-26T23:50:00.000Z,"-784","8",16,0,0
2026-07-26T23:55:00.000Z,"-782","8",16,0,0
2026-07-27T00:00:00.000Z,"-781","8",16,0,0
2026-07-27T00:05:00.000Z,"-781","8",16,0,0
2026-07-27T00:10:00.000Z,"-779","8",16,0,0
2026-07-27T00:15:00.000Z,"-780","8",16,0,0
2026-07-27T00:20:00.000Z,"-779","8",16,0,0
2026-07-27T00:25:00.000Z,"-781","8",16,0,0
2026-07-27T00:30:00.000Z,"-779","8",16,0,0
2026-07-27T00:35:00.000Z,"-777","8",16,0,0
2026-07-27T00:40:00.000Z,"-772","8",16,0,0
2026-07-27T00:45:00.000Z,"-777","8",16,0,0
2026-07-27T00:50:00.000Z,"-772","8",16,0,0
2026-07-27T00:55:00.000Z,"-774","8",16,0,0
2026-07-27T01:00:00.000Z,"-771","8",16,0,0
2026-07-27T01:05:00.000Z,"-775","8",16,0,0
2026-07-27T01:10:00.000Z,"-770","8",16,0,0
2026-07-27T01:15:00.000Z,"-776","8",16,0,0
2026-07-27T01:20:00.000Z,"-772","8",16,0,0
2026-07-27T01:25:00.000Z,"-776","8",16,0,0
2026-07-27T01:30:00.000Z,"-774","8",16,0,0
2026-07-27T01:35:00.000Z,"-774","8",16,0,0
2026-07-27T01:40:00.000Z,"-772","8",16,0,0
2026-07-27T01:45:00.000Z,"-769","8",16,0,0
2026-07-27T01:50:00.000Z,"-769","8",16,0,0
2026-07-27T01:55:00.000Z,"-769","8",16,0,0
2026-07-27T02:00:00.000Z,"-769","8",16,0,0
2026-07-27T02:05:00.000Z,"-770","8",16,0,0
2026-07-27T02:10:00.000Z,"-767","8",16,0,0
2026-07-27T02:15:00.000Z,"-769","8",16,0,0
2026-07-27T02:20:00.000Z,"-769","8",16,0,0
2026-07-27T02:25:00.000Z,"-766","8",16,0,0
2026-07-27T02:30:00.000Z,"-764","8",16,0,0
2026-07-27T02:35:00.000Z,"-765","8",16,0,0
2026-07-27T02:40:00.000Z,"-766","8",16,0,0
2026-07-27T02:45:00.000Z,"-762","8",16,0,0
2026-07-27T02:50:00.000Z,"-765","8",16,0,0
2026-07-27T02:55:00.000Z,"-757","8",16,0,0
2026-07-27T03:00:00.000Z,"-756","8",16,0,0
2026-07-27T03:05:00.000Z,"-754","8",16,0,0
2026-07-27T03:10:00.000Z,"-754","8",16,0,0
2026-07-27T03:15:00.000Z,"-750","8",16,0,0
2026-07-27T03:20:00.000Z,"-742","8",16,0,0
2026-07-27T03:25:00.000Z,"-741","8",16,0,0
2026-07-27T03:30:00.000Z,"-732","8",16,0,0
2026-07-27T03:35:00.000Z,"-731","8",16,0,0
2026-07-27T03:40:00.000Z,"-725","8",16,0,0
2026-07-27T03:45:00.000Z,"-716","8",16,0,0
2026-07-27T03:50:00.000Z,"-711","8",16,0,0
2026-07-27T03:55:00.000Z,"-709","8",16,0,0
2026-07-27T04:00:00.000Z,"-702","8",16,0,0
2026-07-27T04:05:00.000Z,"-700","8",16,0,0
2026-07-27T04:10:00.000Z,"-692","8",16,0,0
2026-07-27T04:15:00.000Z,"-684","8",16,0,0
2026-07-27T04:20:00.000Z,"-679","8",16,0,0
2026-07-27T04:25:00.000Z,"-669","8",16,0,0
2026-07-27T04:30:00.000Z,"-670","8",16,0,0
2026-07-27T04:35:00.000Z,"-666","8",16,0,0
2026-07-27T04:40:00.000Z,"-659","8",16,0,0
2026-07-27T04:45:00.000Z,"-656","8",16,0,0
2026-07-27T04:50:00.000Z,"-654","8",16,0,0
2026-07-27T04:55:00.000Z,"-647","8",16,0,0
2026-07-27T05:00:00.000Z,"-646","8",16,0,0
2026-07-27T05:05:00.000Z,"-645","8",16,0,0
2026-07-27T05:10:00.000Z,"-642","8",16,0,0
2026-07-27T05:15:00.000Z,"-642","8",16,0,0
2026-07-27T05:20:00.000Z,"-642","8",16,0,0
2026-07-27T05:25:00.000Z,"-642","8",16,0,0
2026-07-27T05:30:00.000Z,"-645","8",16,0,0
2026-07-27T05:35:00.000Z,"-640","8",16,0,0
2026-07-27T05:40:00.000Z,"-641","8",16,0,0
2026-07-27T05:45:00.000Z,"-642","8",16,0,0
2026-07-27T05:50:00.000Z,"-641","8",16,0,0
2026-07-27T05:55:00.000Z,"-644","8",16,0,0
2026-07-27T06:00:00.000Z,"-647","8",16,0,0
2026-07-27T06:05:00.000Z,"-650","8",16,0,0
2026-07-27T06:10:00.000Z,"-655","8",16,0,0
2026-07-27T06:15:00.000Z,"-652","8",16,0,0
2026-07-27T06:20:00.000Z,"-656","8",16,0,0
2026-07-27T06:25:00.000Z,"-664","8",16,0,0
2026-07-27T06:30:00.000Z,"-667","8",16,0,0
2026-07-27T06:35:00.000Z,"-666","8",16,0,0
2026-07-27T06:40:00.000Z,"-670","8",16,0,0
2026-07-27T06:45:00.000Z,"-674","8",16,0,0
2026-07-27T06:50:00.000Z,"-679","8",16,0,0
2026-07-27T06:55:00.000Z,"-681","8",16,0,0
2026-07-27T07:00:00.000Z,"-682","8",16,0,0
2026-07-27T07:05:00.000Z,"-687","8",16,0,0
2026-07-27T07:10:00.000Z,"-690","8",16,0,0
2026-07-27T07:15:00.000Z,"-695","8",16,0,0
2026-07-27T07:20:00.000Z,"-699","8",16,0,0
2026-07-27T07:25:00.000Z,"-705","8",16,0,0
2026-07-27T07:30:00.000Z,"-707","8",16,0,0
2026-07-27T07:35:00.000Z,"-710","8",16,0,0
2026-07-27T07:40:00.000Z,"-711","8",16,0,0
2026-07-27T07:45:00.000Z,"-724","8",16,0,0
2026-07-27T07:50:00.000Z,"-726","8",16,0,0
2026-07-27T07:55:00.000Z,"-727","8",16,0,0
2026-07-27T08:00:00.000Z,"-730","8",16,0,0
2026-07-27T08:05:00.000Z,"-740","8",16,0,0
2026-07-27T08:10:00.000Z,"-741","8",16,0,0
2026-07-27T08:15:00.000Z,"-745","8",16,0,0
2026-07-27T08:20:00.000Z,"-754","8",16,0,0
2026-07-27T08:25:00.000Z,"-751","8",16,0,0
2026-07-27T08:30:00.000Z,"-755","8",16,0,0
2026-07-27T08:35:00.000Z,"-760","8",16,0,0
2026-07-27T08:40:00.000Z,"-759","8",16,0,0
2026-07-27T08:45:00.000Z,"-769","8",16,0,0
2026-07-27T08:50:00.000Z,"-775","8",16,0,0
2026-07-27T08:55:00.000Z,"-777","8",16,0,0
2026-07-27T09:00:00.000Z,"-774","8",16,0,0
2026-07-27T09:05:00.000Z,"-772","8",16,0,0
2026-07-27T09:10:00.000Z,"-777","8",16,0,0
2026-07-27T09:15:00.000Z,"-775","8",16,0,0
2026-07-27T09:20:00.000Z,"-781","8",16,0,0
2026-07-27T09:25:00.000Z,"-784","8",16,0,0
2026-07-27T09:30:00.000Z,"-779","8",16,0,0
2026-07-27T09:35:00.000Z,"-784","8",16,0,0
2026-07-27T09:40:00.000Z,"-787","8",16,0,0
2026-07-27T09:45:00.000Z,"-786","8",16,0,0
2026-07-27T09:50:00.000Z,"-786","8",16,0,0
2026-07-27T09:55:00.000Z,"-786","8",16,0,0
2026-07-27T10:00:00.000Z,"-790","8",16,0,0
2026-07-27T10:05:00.000Z,"-787","8",16,0,0
2026-07-27T10:10:00.000Z,"-795","8",16,0,0
2026-07-27T10:15:00.000Z,"-792","8",16,0,0
2026-07-27T10:20:00.000Z,"-790","8",16,0,0
2026-07-27T10:25:00.000Z,"-789","8",16,0,0
2026-07-27T10:30:00.000Z,"-791","8",16,0,0
2026-07-27T10:35:00.000Z,"-795","8",16,0,0
2026-07-27T10:40:00.000Z,"-802","8",16,0,0
2026-07-27T10:45:00.000Z,"-802","8",16,0,0
2026-07-27T10:50:00.000Z,"-806","8",16,0,0
2026-07-27T10:55:00.000Z,"-797","8",16,0,0
2026-07-27T11:00:00.000Z,"-802","8",16,0,0
2026-07-27T11:05:00.000Z,"-806","8",16,0,0
2026-07-27T11:10:00.000Z,"-810","8",16,0,0
2026-07-27T11:15:00.000Z,"-817","8",16,0,0
2026-07-27T11:20:00.000Z,"-815","8",16,0,0
2026-07-27T11:25:00.000Z,"-822","8",16,0,0
2026-07-27T11:30:00.000Z,"-821","8",16,0,0
2026-07-27T11:35:00.000Z,"-824","8",16,0,0
2026-07-27T11:40:00.000Z,"-826","8",16,0,0
2026-07-27T11:45:00.000Z,"-832","8",16,0,0
2026-07-27T11:50:00.000Z,"-830","8",16,0,0
2026-07-27T11:55:00.000Z,"-837","8",16,0,0
2026-07-27T12:00:00.000Z,"-836","8",16,0,0
2026-07-27T12:05:00.000Z,"-836","8",16,0,0
2026-07-27T12:10:00.000Z,"-840","8",16,0,0
2026-07-27T12:15:00.000Z,"-842","8",16,0,0
2026-07-27T12:20:00.000Z,"-850","8",16,0,0
2026-07-27T12:25:00.000Z,"-846","8",16,0,0
2026-07-27T12:30:00.000Z,"-854","8",16,0,0
2026-07-27T12:35:00.000Z,"-857","8",16,0,0
2026-07-27T12:40:00.000Z,"-854","8",16,0,0
2026-07-27T12:45:00.000Z,"-857","8",16,0,0
2026-07-27T12:50:00.000Z,"-854","8",16,0,0
2026-07-27T12:55:00.000Z,"-864","8",16,0,0
2026-07-27T13:00:00.000Z,"-859","8",16,0,0
2026-07-27T13:05:00.000Z,"-864","8",16,0,0
2026-07-27T13:10:00.000Z,"-865","8",16,0,0
2026-07-27T13:15:00.000Z,"-871","8",16,0,0
2026-07-27T13:20:00.000Z,"-869","8",16,0,0
2026-07-27T13:25:00.000Z,"-874","8",16,0,0
2026-07-27T13:30:00.000Z,"-880","8",16,0,0
2026-07-27T13:35:00.000Z,"-880","8",16,0,0
2026-07-27T13:40:00.000Z,"-876","8",16,0,0
2026-07-27T13:45:00.000Z,"-876","8",16,0,0
2026-07-27T13:50:00.000Z,"-880","8",16,0,0
2026-07-27T13:55:00.000Z,"-880","8",16,0,0
2026-07-27T14:00:00.000Z,"-881","8",16,0,0
2026-07-27T14:05:00.000Z,"-877","8",16,0,0
2026-07-27T14:10:00.000Z,"-874","8",16,0,0
2026-07-27T14:15:00.000Z,"-882","8",16,0,0
2026-07-27T14:20:00.000Z,"-872","8",16,0,0
2026-07-27T14:25:00.000Z,"-876","8",16,0,0
2026-07-27T14:30:00.000Z,"-872","8",16,0,0
2026-07-27T14:35:00.000Z,"-871","8",16,0,0
2026-07-27T14:40:00.000Z,"-869","8",16,0,0
2026-07-27T14:45:00.000Z,"-871","8",16,0,0
2026-07-27T14:50:00.000Z,"-864","8",16,0,0
2026-07-27T14:55:00.000Z,"-855","8",16,0,0
2026-07-27T15:00:00.000Z,"-857","8",16,0,0
2026-07-27T15:05:00.000Z,"-857","8",16,0,0
2026-07-27T15:10:00.000Z,"-851","8",16,0,0
2026-07-27T15:15:00.000Z,"-849","8",16,0,0
2026-07-27T15:20:00.000Z,"-850","8",16,0,0
2026-07-27T15:25:00.000Z,"-840","8",16,0,0
2026-07-27T15:30:00.000Z,"-841","8",16,0,0
2026-07-27T15:35:00.000Z,"-830","8",16,0,0
2026-07-27T15:40:00.000Z,"-832","8",16,0,0
2026-07-27T15:45:00.000Z,"-831","8",16,0,0
2026-07-27T15:50:00.000Z,"-829","8",16,0,0
2026-07-27T15:55:00.000Z,"-829","8",16,0,0
2026-07-27T16:00:00.000Z,"-825","8",16,0,0
2026-07-27T16:05:00.000Z,"-816","8",16,0,0
2026-07-27T16:10:00.000Z,"-816","8",16,0,0
2026-07-27T16:15:00.000Z,"-817","8",16,0,0
2026-07-27T16:20:00.000Z,"-815","8",16,0,0
2026-07-27T16:25:00.000Z,"-819","8",16,0,0
2026-07-27T16:30:00.000Z,"-807","8",16,0,0
2026-07-27T16:35:00.000Z,"-809","8",16,0,0
2026-07-27T16:40:00.000Z,"-807","8",16,0,0
2026-07-27T16:45:00.000Z,"-807","8",16,0,0
2026-07-27T16:50:00.000Z,"-807","8",16,0,0
2026-07-27T16:55:00.000Z,"-807","8",16,0,0
2026-07-27T17:00:00.000Z,"-806","8",16,0,0
2026-07-27T17:05:00.000Z,"-804","8",16,0,0
2026-07-27T17:10:00.000Z,"-801","8",16,0,0
2026-07-27T17:15:00.000Z,"-796","8",16,0,0
2026-07-27T17:20:00.000Z,"-801","8",16,0,0
2026-07-27T17:25:00.000Z,"-801","8",16,0,0
2026-07-27T17:30:00.000Z,"-795","8",16,0,0
2026-07-27T17:35:00.000Z,"-800","8",16,0,0
2026-07-27T17:40:00.000Z,"-795","8",16,0,0
2026-07-27T17:45:00.000Z,"-791","8",16,0,0
2026-07-27T17:50:00.000Z,"-794","8",16,0,0
2026-07-27T17:55:00.000Z,"-794","8",16,0,0
2026-07-27T18:00:00.000Z,"-795","8",16,0,0
2026-07-27T18:05:00.000Z,"-795","8",16,0,0
2026-07-27T18:10:00.000Z,"-800","8",16,0,0
2026-07-27T18:15:00.000Z,"-801","8",16,0,0
2026-07-27T18:20:00.000Z,"-801","8",16,0,0
2026-07-27T18:25:00.000Z,"-802","8",16,0,0
2026-07-27T18:30:00.000Z,"-799","8",16,0,0
2026-07-27T18:35:00.000Z,"-804","8",16,0,0
2026-07-27T18:40:00.000Z,"-805","8",16,0,0
2026-07-27T18:45:00.000Z,"-810","8",16,0,0
2026-07-27T18:50:00.000Z,"-810","8",16,0,0
2026-07-27T18:55:00.000Z,"-807","8",16,0,0
2026-07-27T19:00:00.000Z,"-819","8",16,0,0
2026-07-27T19:05:00.000Z,"-815","8",16,0,0
2026-07-27T19:10:00.000Z,"-821","8",16,0,0
2026-07-27T19:15:00.000Z,"-819","8",16,0,0
2026-07-27T19:20:00.000Z,"-821","8",16,0,0
2026-07-27T19:25:00.000Z,"-825","8",16,0,0
2026-07-27T19:30:00.000Z,"-827","8",16,0,0
2026-07-27T19:35:00.000Z,"-835","8",16,0,0
2026-07-27T19:40:00.000Z,"-837","8",16,0,0
2026-07-27T19:45:00.000Z,"-835","8",16,0,0
2026-07-27T19:50:00.000Z,"-844","8",16,0,0
2026-07-27T19:55:00.000Z,"-841","8",16,0,0
2026-07-27T20:00:00.000Z,"-852","8",16,0,0
2026-07-27T20:05:00.000Z,"-854","8",16,0,0
2026-07-27T20:10:00.000Z,"-856","8",16,0,0
2026-07-27T20:15:00.000Z,"-852","8",16,0,0
2026-07-27T20:20:00.000Z,"-862","8",16,0,0
2026-07-27T20:25:00.000Z,"-865","8",16,0,0
2026-07-27T20:30:00.000Z,"-865","8",16,0,0
2026-07-27T20:35:00.000Z,"-865","8",16,0,0
2026-07-27T20:40:00.000Z,"-867","8",16,0,0
2026-07-27T20:45:00.000Z,"-874","8",16,0,0
2026-07-27T20:50:00.000Z,"-876","8",16,0,0
2026-07-27T20:55:00.000Z,"-881","8",16,0,0
2026-07-27T21:00:00.000Z,"-884","8",16,0,0
2026-07-27T21:05:00.000Z,"-885","8",16,0,0
2026-07-27T21:10:00.000Z,"-887","8",16,0,0
2026-07-27T21:15:00.000Z,"-892","8",16,0,0
2026-07-27T21:20:00.000Z,"-892","8",16,0,0
2026-07-27T21:25:00.000Z,"-891","8",16,0,0
2026-07-27T21:30:00.000Z,"-896","8",16,0,0
2026-07-27T21:35:00.000Z,"-890","8",16,0,0
2026-07-27T21:40:00.000Z,"-896","8",16,0,0
2026-07-27T21:45:00.000Z,"-904","8",16,0,0
2026-07-27T21:50:00.000Z,"-897","8",16,0,0
2026-07-27T21:55:00.000Z,"-900","8",16,0,0
2026-07-27T22:00:00.000Z,"-902","8",16,0,0
2026-07-27T22:05:00.000Z,"-904","8",16,0,0
2026-07-27T22:10:00.000Z,"-902","8",16,0,0
2026-07-27T22:15:00.000Z,"-900","8",16,0,0
2026-07-27T22:20:00.000Z,"-907","8",16,0,0
2026-07-27T22:25:00.000Z,"-901","8",16,0,0
2026-07-27T22:30:00.000Z,"-902","8",16,0,0
2026-07-27T22:35:00.000Z,"-907","8",16,0,0
2026-07-27T22:40:00.000Z,"-897","8",16,0,0
2026-07-27T22:45:00.000Z,"-896","8",16,0,0
2026-07-27T22:50:00.000Z,"-900","8",16,0,0
2026-07-27T22:55:00.000Z,"-900","8",16,0,0
2026-07-27T23:00:00.000Z,"-901","8",16,0,0
2026-07-27T23:05:00.000Z,"-899","8",16,0,0
2026-07-27T23:10:00.000Z,"-894","8",16,0,0
2026-07-27T23:15:00.000Z,"-894","8",16,0,0
2026-07-27T23:20:00.000Z,"-896","8",16,0,0
2026-07-27T23:25:00.000Z,"-897","8",16,0,0
2026-07-27T23:30:00.000Z,"-892","8",16,0,0
2026-07-27T23:35:00.000Z,"-892","8",16,0,0
2026-07-27T23:40:00.000Z,"-890","8",16,0,0
2026-07-27T23:45:00.000Z,"-896","8",16,0,0
2026-07-27T23:50:00.000Z,"-887","8",16,0,0
2026-07-27T23:55:00.000Z,"-889","8",16,0,0
2026-07-28T00:00:00.000Z,"-886","8",16,0,0
2026-07-28T00:05:00.000Z,"-890","8",16,0,0
2026-07-28T00:10:00.000Z,"-891","8",16,0,0
2026-07-28T00:15:00.000Z,"-886","8",16,0,0
2026-07-28T00:20:00.000Z,"-889","8",16,0,0
2026-07-28T00:25:00.000Z,"-884","8",16,0,0
2026-07-28T00:30:00.000Z,"-884","8",16,0,0
2026-07-28T00:35:00.000Z,"-884","8",16,0,0
2026-07-28T00:40:00.000Z,"-889","8",16,0,0
2026-07-28T00:45:00.000Z,"-882","8",16,0,0
2026-07-28T00:50:00.000Z,"-881","8",16,0,0
2026-07-28T00:55:00.000Z,"-876","8",16,0,0
2026-07-28T01:00:00.000Z,"-880","8",16,0,0
2026-07-28T01:05:00.000Z,"-884","8",16,0,0
2026-07-28T01:10:00.000Z,"-884","8",16,0,0
2026-07-28T01:15:00.000Z,"-881","8",16,0,0
2026-07-28T01:20:00.000Z,"-880","8",16,0,0
2026-07-28T01:25:00.000Z,"-884","8",16,0,0
2026-07-28T01:30:00.000Z,"-881","8",16,0,0
2026-07-28T01:35:00.000Z,"-875","8",16,0,0
2026-07-28T01:40:00.000Z,"-877","8",16,0,0
2026-07-28T01:45:00.000Z,"-881","8",16,0,0
2026-07-28T01:50:00.000Z,"-877","8",16,0,0
2026-07-28T01:55:00.000Z,"-877","8",16,0,0
2026-07-28T02:00:00.000Z,"-876","8",16,0,0
2026-07-28T02:05:00.000Z,"-875","8",16,0,0
2026-07-28T02:10:00.000Z,"-875","8",16,0,0
2026-07-28T02:15:00.000Z,"-875","8",16,0,0
2026-07-28T02:20:00.000Z,"-880","8",16,0,0
2026-07-28T02:25:00.000Z,"-872","8",16,0,0
2026-07-28T02:30:00.000Z,"-874","8",16,0,0
2026-07-28T02:35:00.000Z,"-876","8",16,0,0
2026-07-28T02:40:00.000Z,"-876","8",16,0,0
2026-07-28T02:45:00.000Z,"-880","8",16,0,0
2026-07-28T02:50:00.000Z,"-875","8",16,0,0
2026-07-28T02:55:00.000Z,"-871","8",16,0,0
2026-07-28T03:00:00.000Z,"-871","8",16,0,0
2026-07-28T03:05:00.000Z,"-874","8",16,0,0
2026-07-28T03:10:00.000Z,"-874","8",16,0,0
2026-07-28T03:15:00.000Z,"-870","8",16,0,0
2026-07-28T03:20:00.000Z,"-879","8",16,0,0
2026-07-28T03:25:00.000Z,"-877","8",16,0,0
2026-07-28T03:30:00.000Z,"-871","8",16,0,0
2026-07-28T03:35:00.000Z,"-876","8",16,0,0
2026-07-28T03:40:00.000Z,"-875","8",16,0,0
2026-07-28T03:45:00.000Z,"-872","8",16,0,0
2026-07-28T03:50:00.000Z,"-869","8",16,0,0
2026-07-28T03:55:00.000Z,"-874","8",16,0,0
2026-07-28T04:00:00.000Z,"-871","8",16,0,0
2026-07-28T04:05:00.000Z,"-866","8",16,0,0
2026-07-28T04:10:00.000Z,"-876","8",16,0,0
2026-07-28T04:15:00.000Z,"-870","8",16,0,0
2026-07-28T04:20:00.000Z,"-865","8",16,0,0
2026-07-28T04:25:00.000Z,"-870","8",16,0,0
2026-07-28T04:30:00.000Z,"-865","8",16,0,0
2026-07-28T04:35:00.000Z,"-861","8",16,0,0
2026-07-28T04:40:00.000Z,"-861","8",16,0,0
2026-07-28T04:45:00.000Z,"-855","8",16,0,0
2026-07-28T04:50:00.000Z,"-849","8",16,0,0
2026-07-28T04:55:00.000Z,"-854","8",16,0,0
2026-07-28T05:00:00.000Z,"-846","8",16,0,0
2026-07-28T05:05:00.000Z,"-847","8",16,0,0
2026-07-28T05:10:00.000Z,"-846","8",16,0,0
2026-07-28T05:15:00.000Z,"-839","8",16,0,0
2026-07-28T05:20:00.000Z,"-836","8",16,0,0
2026-07-28T05:25:00.000Z,"-842","8",16,0,0
2026-07-28T05:30:00.000Z,"-835","8",16,0,0
2026-07-28T05:35:00.000Z,"-831","8",16,0,0
2026-07-28T05:40:00.000Z,"-832","8",16,0,0
2026-07-28T05:45:00.000Z,"-827","8",16,0,0
2026-07-28T05:50:00.000Z,"-825","8",16,0,0
2026-07-28T05:55:00.000Z,"-822","8",16,0,0
2026-07-28T06:00:00.000Z,"-824","8",16,0,0
2026-07-28T06:05:00.000Z,"-822","8",16,0,0
2026-07-28T06:10:00.000Z,"-815","8",16,0,0
2026-07-28T06:15:00.000Z,"-820","8",16,0,0
2026-07-28T06:20:00.000Z,"-817","8",16,0,0
2026-07-28T06:25:00.000Z,"-817","8",16,0,0
2026-07-28T06:30:00.000Z,"-812","8",16,0,0
2026-07-28T06:35:00.000Z,"-810","8",16,0,0
2026-07-28T06:40:00.000Z,"-809","8",16,0,0
2026-07-28T06:45:00.000Z,"-809","8",16,0,0
2026-07-28T06:50:00.000Z,"-807","8",16,0,0
2026-07-28T06:55:00.000Z,"-807","8",16,0,0
2026-07-28T07:00:00.000Z,"-805","8",16,0,0
2026-07-28T07:05:00.000Z,"-804","8",16,0,0
2026-07-28T07:10:00.000Z,"-802","8",16,0,0
2026-07-28T07:15:00.000Z,"-805","8",16,0,0
2026-07-28T07:20:00.000Z,"-806","8",16,0,0
2026-07-28T07:25:00.000Z,"-805","8",16,0,0
2026-07-28T07:30:00.000Z,"-804","8",16,0,0
2026-07-28T07:35:00.000Z,"-805","8",16,0,0
2026-07-28T07:40:00.000Z,"-805","8",16,0,0
2026-07-28T07:45:00.000Z,"-802","8",16,0,0
2026-07-28T07:50:00.000Z,"-807","8",16,0,0
2026-07-28T07:55:00.000Z,"-810","8",16,0,0
2026-07-28T08:00:00.000Z,"-806","8",16,0,0
2026-07-28T08:05:00.000Z,"-806","8",16,0,0
2026-07-28T08:10:00.000Z,"-809","8",16,0,0
2026-07-28T08:15:00.000Z,"-807","8",16,0,0
2026-07-28T08:20:00.000Z,"-811","8",16,0,0
2026-07-28T08:25:00.000Z,"-812","8",16,0,0
2026-07-28T08:30:00.000Z,"-815","8",16,0,0
2026-07-28T08:35:00.000Z,"-815","8",16,0,0
2026-07-28T08:40:00.000Z,"-814","8",16,0,0
2026-07-28T08:45:00.000Z,"-819","8",16,0,0
2026-07-28T08:50:00.000Z,"-817","8",16,0,0
2026-07-28T08:55:00.000Z,"-819","8",16,0,0
2026-07-28T09:00:00.000Z,"-822","8",16,0,0
2026-07-28T09:05:00.000Z,"-826","8",16,0,0
2026-07-28T09:10:00.000Z,"-825","8",16,0,0
2026-07-28T09:15:00.000Z,"-829","8",16,0,0
2026-07-28T09:20:00.000Z,"-830","8",16,0,0
2026-07-28T09:25:00.000Z,"-832","8",16,0,0
2026-07-28T09:30:00.000Z,"-835","8",16,0,0
2026-07-28T09:35:00.000Z,"-839","8",16,0,0
2026-07-28T09:40:00.000Z,"-840","8",16,0,0
2026-07-28T09:45:00.000Z,"-840","8",16,0,0
2026-07-28T09:50:00.000Z,"-845","8",16,0,0
2026-07-28T09:55:00.000Z,"-842","8",16,0,0
2026-07-28T10:00:00.000Z,"-851","8",16,0,0
2026-07-28T10:05:00.000Z,"-850","8",16,0,0
2026-07-28T10:10:00.000Z,"-854","8",16,0,0
2026-07-28T10:15:00.000Z,"-859","8",16,0,0
2026-07-28T10:20:00.000Z,"-854","8",16,0,0
2026-07-28T10:25:00.000Z,"-859","8",16,0,0
2026-07-28T10:30:00.000Z,"-862","8",16,0,0
2026-07-28T10:35:00.000Z,"-866","8",16,0,0
2026-07-28T10:40:00.000Z,"-864","8",16,0,0
2026-07-28T10:45:00.000Z,"-867","8",16,0,0
2026-07-28T10:50:00.000Z,"-869","8",16,0,0
2026-07-28T10:55:00.000Z,"-866","8",16,0,0
2026-07-28T11:00:00.000Z,"-865","8",16,0,0
2026-07-28T11:05:00.000Z,"-870","8",16,0,0
2026-07-28T11:10:00.000Z,"-871","8",16,0,0
2026-07-28T11:15:00.000Z,"-871","8",16,0,0
2026-07-28T11:20:00.000Z,"-871","8",16,0,0
2026-07-28T11:25:00.000Z,"-871","8",16,0,0
2026-07-28T11:30:00.000Z,"-872","8",16,0,0
2026-07-28T11:35:00.000Z,"-872","8",16,0,0
2026-07-28T11:40:00.000Z,"-865","8",16,0,0
2026-07-28T11:45:00.000Z,"-869","8",16,0,0
2026-07-28T11:50:00.000Z,"-867","8",16,0,0
2026-07-28T11:55:00.000Z,"-871","8",16,0,0
2026-07-28T12:00:00.000Z,"-864","8",16,0,0
2026-07-28T12:05:00.000Z,"-867","8",16,0,0
2026-07-28T12:10:00.000Z,"-865","8",16,0,0
2026-07-28T12:15:00.000Z,"-862","8",16,0,0
2026-07-28T12:20:00.000Z,"-865","8",16,0,0
2026-07-28T12:25:00.000Z,"-862","8",16,0,0
2026-07-28T12:30:00.000Z,"-859","8",16,0,0
2026-07-28T12:35:00.000Z,"-862","8",16,0,0
2026-07-28T12:40:00.000Z,"-861","8",16,0,0
2026-07-28T12:45:00.000Z,"-862","8",16,0,0
2026-07-28T12:50:00.000Z,"-856","8",16,0,0
2026-07-28T12:55:00.000Z,"-865","8",16,0,0
2026-07-28T13:00:00.000Z,"-861","8",16,0,0
2026-07-28T13:05:00.000Z,"-859","8",16,0,0
2026-07-28T13:10:00.000Z,"-860","8",16,0,0
2026-07-28T13:15:00.000Z,"-859","8",16,0,0
2026-07-28T13:20:00.000Z,"-855","8",16,0,0
2026-07-28T13:25:00.000Z,"-856","8",16,0,0
2026-07-28T13:30:00.000Z,"-856","8",16,0,0
2026-07-28T13:35:00.000Z,"-857","8",16,0,0
2026-07-28T13:40:00.000Z,"-856","8",16,0,0
2026-07-28T13:45:00.000Z,"-855","8",16,0,0
2026-07-28T13:50:00.000Z,"-850","8",16,0,0
2026-07-28T13:55:00.000Z,"-850","8",16,0,0
2026-07-28T14:00:00.000Z,"-854","8",16,0,0
2026-07-28T14:05:00.000Z,"-847","8",16,0,0
2026-07-28T14:10:00.000Z,"-855","8",16,0,0
2026-07-28T14:15:00.000Z,"-854","8",16,0,0
2026-07-28T14:20:00.000Z,"-855","8",16,0,0
2026-07-28T14:25:00.000Z,"-856","8",16,0,0
2026-07-28T14:30:00.000Z,"-856","8",16,0,0
2026-07-28T14:35:00.000Z,"-852","8",16,0,0
2026-07-28T14:40:00.000Z,"-855","8",16,0,0
2026-07-28T14:45:00.000Z,"-855","8",16,0,0
2026-07-28T14:50:00.000Z,"-860","8",16,0,0
2026-07-28T14:55:00.000Z,"-859","8",16,0,0
2026-07-28T15:00:00.000Z,"-864","8",16,0,0
2026-07-28T15:05:00.000Z,"-856","8",16,0,0
2026-07-28T15:10:00.000Z,"-860","8",16,0,0
2026-07-28T15:15:00.000Z,"-862","8",16,0,0
2026-07-28T15:20:00.000Z,"-867","8",16,0,0
2026-07-28T15:25:00.000Z,"-864","8",16,0,0
2026-07-28T15:30:00.000Z,"-865","8",16,0,0
2026-07-28T15:35:00.000Z,"-866","8",16,0,0
2026-07-28T15:40:00.000Z,"-866","8",16,0,0
2026-07-28T15:45:00.000Z,"-871","8",16,0,0
2026-07-28T15:50:00.000Z,"-867","8",16,0,0
2026-07-28T15:55:00.000Z,"-869","8",16,0,0
2026-07-28T16:00:00.000Z,"-871","8",16,0,0
2026-07-28T16:05:00.000Z,"-866","8",16,0,0
2026-07-28T16:10:00.000Z,"-864","8",16,0,0
2026-07-28T16:15:00.000Z,"-859","8",16,0,0
2026-07-28T16:20:00.000Z,"-861","8",16,0,0
2026-07-28T16:25:00.000Z,"-864","8",16,0,0
2026-07-28T16:30:00.000Z,"-859","8",16,0,0
2026-07-28T16:35:00.000Z,"-854","8",16,0,0
2026-07-28T16:40:00.000Z,"-856","8",16,0,0
2026-07-28T16:45:00.000Z,"-850","8",16,0,0
2026-07-28T16:50:00.000Z,"-844","8",16,0,0
2026-07-28T16:55:00.000Z,"-842","8",16,0,0
2026-07-28T17:00:00.000Z,"-840","8",16,0,0
2026-07-28T17:05:00.000Z,"-836","8",16,0,0
2026-07-28T17:10:00.000Z,"-832","8",16,0,0
2026-07-28T17:15:00.000Z,"-830","8",16,0,0
2026-07-28T17:20:00.000Z,"-824","8",16,0,0
2026-07-28T17:25:00.000Z,"-820","8",16,0,0
2026-07-28T17:30:00.000Z,"-819","8",16,0,0
2026-07-28T17:35:00.000Z,"-815","8",16,0,0
2026-07-28T17:40:00.000Z,"-812","8",16,0,0
2026-07-28T17:45:00.000Z,"-810","8",16,0,0
2026-07-28T17:50:00.000Z,"-805","8",16,0,0
2026-07-28T17:55:00.000Z,"-804","8",16,0,0
2026-07-28T18:00:00.000Z,"-797","8",16,0,0
2026-07-28T18:05:00.000Z,"-795","8",16,0,0
2026-07-28T18:10:00.000Z,"-794","8",16,0,0
2026-07-28T18:15:00.000Z,"-794","8",16,0,0
2026-07-28T18:20:00.000Z,"-789","8",16,0,0
2026-07-28T18:25:00.000Z,"-784","8",16,0,0
2026-07-28T18:30:00.000Z,"-787","8",16,0,0
2026-07-28T18:35:00.000Z,"-781","8",16,0,0
2026-07-28T18:40:00.000Z,"-776","8",16,0,0
2026-07-28T18:45:00.000Z,"-780","8",16,0,0
2026-07-28T18:50:00.000Z,"-779","8",16,0,0
2026-07-28T18:55:00.000Z,"-777","8",16,0,0
2026-07-28T19:00:00.000Z,"-779","8",16,0,0
2026-07-28T19:05:00.000Z,"-779","8",16,0,0
2026-07-28T19:10:00.000Z,"-772","8",16,0,0
2026-07-28T19:15:00.000Z,"-777","8",16,0,0
2026-07-28T19:20:00.000Z,"-771","8",16,0,0
2026-07-28T19:25:00.000Z,"-776","8",16,0,0
2026-07-28T19:30:00.000Z,"-774","8",16,0,0
2026-07-28T19:35:00.000Z,"-774","8",16,0,0
2026-07-28T19:40:00.000Z,"-776","8",16,0,0
2026-07-28T19:45:00.000Z,"-776","8",16,0,0
2026-07-28T19:50:00.000Z,"-776","8",16,0,0
2026-07-28T19:55:00.000Z,"-784","8",16,0,0
2026-07-28T20:00:00.000Z,"-780","8",16,0,0
2026-07-28T20:05:00.000Z,"-781","8",16,0,0
2026-07-28T20:10:00.000Z,"-781","8",16,0,0
2026-07-28T20:15:00.000Z,"-786","8",16,0,0
2026-07-28T20:20:00.000Z,"-789","8",16,0,0
2026-07-28T20:25:00.000Z,"-789","8",16,0,0
2026-07-28T20:30:00.000Z,"-789","8",16,0,0
2026-07-28T20:35:00.000Z,"-791","8",16,0,0
2026-07-28T20:40:00.000Z,"-789","8",16,0,0
2026-07-28T20:45:00.000Z,"-791","8",16,0,0
2026-07-28T20:50:00.000Z,"-795","8",16,0,0
2026-07-28T20:55:00.000Z,"-792","8",16,0,0
2026-07-28T21:00:00.000Z,"-795","8",16,0,0
2026-07-28T21:05:00.000Z,"-801","8",16,0,0
2026-07-28T21:10:00.000Z,"-800","8",16,0,0
2026-07-28T21:15:00.000Z,"-796","8",16,0,0
2026-07-28T21:20:00.000Z,"-805","8",16,0,0
2026-07-28T21:25:00.000Z,"-801","8",16,0,0
2026-07-28T21:30:00.000Z,"-809","8",16,0,0
2026-07-28T21:35:00.000Z,"-807","8",16,0,0
2026-07-28T21:40:00.000Z,"-806","8",16,0,0
2026-07-28T21:45:00.000Z,"-812","8",16,0,0
2026-07-28T21:50:00.000Z,"-810","8",16,0,0
2026-07-28T21:55:00.000Z,"-812","8",16,0,0
2026-07-28T22:00:00.000Z,"-811","8",16,0,0
2026-07-28T22:05:00.000Z,"-820","8",16,0,0
2026-07-28T22:10:00.000Z,"-816","8",16,0,0
2026-07-28T22:15:00.000Z,"-815","8",16,0,0
2026-07-28T22:20:00.000Z,"-820","8",16,0,0
2026-07-28T22:25:00.000Z,"-821","8",16,0,0
2026-07-28T22:30:00.000Z,"-824","8",16,0,0
2026-07-28T22:35:00.000Z,"-826","8",16,0,0
2026-07-28T22:40:00.000Z,"-822","8",16,0,0
2026-07-28T22:45:00.000Z,"-826","8",16,0,0
2026-07-28T22:50:00.000Z,"-830","8",16,0,0
2026-07-28T22:55:00.000Z,"-827","8",16,0,0
2026-07-28T23:00:00.000Z,"-830","8",16,0,0
2026-07-28T23:05:00.000Z,"-834","8",16,0,0
2026-07-28T23:10:00.000Z,"-826","8",16,0,0
2026-07-28T23:15:00.000Z,"-837","8",16,0,0
2026-07-28T23:20:00.000Z,"-837","8",16,0,0
2026-07-28T23:25:00.000Z,"-835","8",16,0,0
2026-07-28T23:30:00.000Z,"-839","8",16,0,0
2026-07-28T23:35:00.000Z,"-839","8",16,0,0
2026-07-28T23:40:00.000Z,"-840","8",16,0,0
2026-07-28T23:45:00.000Z,"-839","8",16,0,0
2026-07-28T23:50:00.000Z,"-840","8",16,0,0
2026-07-28T23:55:00.000Z,"-844","8",16,0,0
2026-07-29T00:00:00.000Z,"-839","8",16,0,0
2026-07-29T00:05:00.000Z,"-842","8",16,0,0
2026-07-29T00:10:00.000Z,"-844","8",16,0,0
2026-07-29T00:15:00.000Z,"-842","8",16,0,0
2026-07-29T00:20:00.000Z,"-850","8",16,0,0
2026-07-29T00:25:00.000Z,"-850","8",16,0,0
2026-07-29T00:30:00.000Z,"-846","8",16,0,0
2026-07-29T00:35:00.000Z,"-849","8",16,0,0
2026-07-29T00:40:00.000Z,"-852","8",16,0,0
2026-07-29T00:45:00.000Z,"-852","8",16,0,0
2026-07-29T00:50:00.000Z,"-851","8",16,0,0
2026-07-29T00:55:00.000Z,"-856","8",16,0,0
2026-07-29T01:00:00.000Z,"-857","8",16,0,0
2026-07-29T01:05:00.000Z,"-852","8",16,0,0
2026-07-29T01:10:00.000Z,"-856","8",16,0,0
2026-07-29T01:15:00.000Z,"-857","8",16,0,0
2026-07-29T01:20:00.000Z,"-859","8",16,0,0
2026-07-29T01:25:00.000Z,"-857","8",16,0,0
2026-07-29T01:30:00.000Z,"-862","8",16,0,0
2026-07-29T01:35:00.000Z,"-856","8",16,0,0
2026-07-29T01:40:00.000Z,"-864","8",16,0,0
2026-07-29T01:45:00.000Z,"-861","8",16,0,0
2026-07-29T01:50:00.000Z,"-862","8",16,0,0
2026-07-29T01:55:00.000Z,"-866","8",16,0,0
2026-07-29T02:00:00.000Z,"-862","8",16,0,0
2026-07-29T02:05:00.000Z,"-862","8",16,0,0
2026-07-29T02:10:00.000Z,"-866","8",16,0,0
2026-07-29T02:15:00.000Z,"-869","8",16,0,0
2026-07-29T02:20:00.000Z,"-867","8",16,0,0
2026-07-29T02:25:00.000Z,"-867","8",16,0,0
2026-07-29T02:30:00.000Z,"-869","8",16,0,0
2026-07-29T02:35:00.000Z,"-869","8",16,0,0
2026-07-29T02:40:00.000Z,"-869","8",16,0,0
2026-07-29T02:45:00.000Z,"-871","8",16,0,0
2026-07-29T02:50:00.000Z,"-869","8",16,0,0
2026-07-29T02:55:00.000Z,"-869","8",16,0,0
2026-07-29T03:00:00.000Z,"-871","8",16,0,0
2026-07-29T03:05:00.000Z,"-876","8",16,0,0
2026-07-29T03:10:00.000Z,"-876","8",16,0,0
2026-07-29T03:15:00.000Z,"-874","8",16,0,0
2026-07-29T03:20:00.000Z,"-877","8",16,0,0
2026-07-29T03:25:00.000Z,"-875","8",16,0,0
2026-07-29T03:30:00.000Z,"-876","8",16,0,0
2026-07-29T03:35:00.000Z,"-877","8",16,0,0
2026-07-29T03:40:00.000Z,"-877","8",16,0,0
2026-07-29T03:45:00.000Z,"-879","8",16,0,0
2026-07-29T03:50:00.000Z,"-884","8",16,0,0
2026-07-29T03:55:00.000Z,"-881","8",16,0,0
2026-07-29T04:00:00.000Z,"-884","8",16,0,0
2026-07-29T04:05:00.000Z,"-882","8",16,0,0
2026-07-29T04:10:00.000Z,"-886","8",16,0,0
2026-07-29T04:15:00.000Z,"-881","8",16,0,0
2026-07-29T04:20:00.000Z,"-885","8",16,0,0
2026-07-29T04:25:00.000Z,"-886","8",16,0,0
2026-07-29T04:30:00.000Z,"-884","8",16,0,0
2026-07-29T04:35:00.000Z,"-884","8",16,0,0
2026-07-29T04:40:00.000Z,"-882","8",16,0,0
2026-07-29T04:45:00.000Z,"-886","8",16,0,0
2026-07-29T04:50:00.000Z,"-886","8",16,0,0
2026-07-29T04:55:00.000Z,"-889","8",16,0,0
2026-07-29T05:00:00.000Z,"-891","8",16,0,0
2026-07-29T05:05:00.000Z,"-889","8",16,0,0
2026-07-29T05:10:00.000Z,"-890","8",16,0,0
2026-07-29T05:15:00.000Z,"-891","8",16,0,0
2026-07-29T05:20:00.000Z,"-890","8",16,0,0
2026-07-29T05:25:00.000Z,"-891","8",16,0,0
2026-07-29T05:30:00.000Z,"-892","8",16,0,0
2026-07-29T05:35:00.000Z,"-901","8",16,0,0
2026-07-29T05:40:00.000Z,"-896","8",16,0,0
2026-07-29T05:45:00.000Z,"-897","8",16,0,0
2026-07-29T05:50:00.000Z,"-900","8",16,0,0
2026-07-29T05:55:00.000Z,"-895","8",16,0,0
2026-07-29T06:00:00.000Z,"-900","8",16,0,0
2026-07-29T06:05:00.000Z,"-902","8",16,0,0
2026-07-29T06:10:00.000Z,"-899","8",16,0,0
2026-07-29T06:15:00.000Z,"-897","8",16,0,0
2026-07-29T06:20:00.000Z,"-899","8",16,0,0
2026-07-29T06:25:00.000Z,"-901","8",16,0,0
2026-07-29T06:30:00.000Z,"-904","8",16,0,0
2026-07-29T06:35:00.000Z,"-897","8",16,0,0
2026-07-29T06:40:00.000Z,"-905","8",16,0,0
2026-07-29T06:45:00.000Z,"-896","8",16,0,0
2026-07-29T06:50:00.000Z,"-897","8",16,0,0
2026-07-29T06:55:00.000Z,"-896","8",16,0,0
2026-07-29T07:00:00.000Z,"-897","8",16,0,0
2026-07-29T07:05:00.000Z,"-891","8",16,0,0
2026-07-29T07:10:00.000Z,"-890","8",16,0,0
2026-07-29T07:15:00.000Z,"-887","8",16,0,0
2026-07-29T07:20:00.000Z,"-887","8",16,0,0
2026-07-29T07:25:00.000Z,"-882","8",16,0,0
2026-07-29T07:30:00.000Z,"-884","8",16,0,0
2026-07-29T07:35:00.000Z,"-882","8",16,0,0
2026-07-29T07:40:00.000Z,"-877","8",16,0,0
2026-07-29T07:45:00.000Z,"-880","8",16,0,0
2026-07-29T07:50:00.000Z,"-882","8",16,0,0
2026-07-29T07:55:00.000Z,"-882","8",16,0,0
2026-07-29T08:00:00.000Z,"-875","8",16,0,0
2026-07-29T08:05:00.000Z,"-869","8",16,0,0
2026-07-29T08:10:00.000Z,"-872","8",16,0,0
2026-07-29T08:15:00.000Z,"-867","8",16,0,0
2026-07-29T08:20:00.000Z,"-862","8",16,0,0
2026-07-29T08:25:00.000Z,"-862","8",16,0,0
2026-07-29T08:30:00.000Z,"-852","8",16,0,0
2026-07-29T08:35:00.000Z,"-859","8",16,0,0
2026-07-29T08:40:00.000Z,"-852","8",16,0,0
2026-07-29T08:45:00.000Z,"-845","8",16,0,0
2026-07-29T08:50:00.000Z,"-840","8",16,0,0
2026-07-29T08:55:00.000Z,"-840","8",16,0,0
2026-07-29T09:00:00.000Z,"-834","8",16,0,0
2026-07-29T09:05:00.000Z,"-830","8",16,0,0
2026-07-29T09:10:00.000Z,"-824","8",16,0,0
2026-07-29T09:15:00.000Z,"-822","8",16,0,0
2026-07-29T09:20:00.000Z,"-817","8",16,0,0
2026-07-29T09:25:00.000Z,"-810","8",16,0,0
2026-07-29T09:30:00.000Z,"-804","8",16,0,0
2026-07-29T09:35:00.000Z,"-800","8",16,0,0
2026-07-29T09:40:00.000Z,"-801","8",16,0,0
2026-07-29T09:45:00.000Z,"-792","8",16,0,0
2026-07-29T09:50:00.000Z,"-789","8",16,0,0
2026-07-29T09:55:00.000Z,"-786","8",16,0,0
2026-07-29T10:00:00.000Z,"-779","8",16,0,0
2026-07-29T10:05:00.000Z,"-780","8",16,0,0
2026-07-29T10:10:00.000Z,"-780","8",16,0,0
2026-07-29T10:15:00.000Z,"-772","8",16,0,0
2026-07-29T10:20:00.000Z,"-767","8",16,0,0
2026-07-29T10:25:00.000Z,"-765","8",16,0,0
2026-07-29T10:30:00.000Z,"-761","8",16,0,0
2026-07-29T10:35:00.000Z,"-760","8",16,0,0
2026-07-29T10:40:00.000Z,"-754","8",16,0,0
2026-07-29T10:45:00.000Z,"-752","8",16,0,0
2026-07-29T10:50:00.000Z,"-750","8",16,0,0
2026-07-29T10:55:00.000Z,"-754","8",16,0,0
2026-07-29T11:00:00.000Z,"-747","8",16,0,0
2026-07-29T11:05:00.000Z,"-750","8",16,0,0
2026-07-29T11:10:00.000Z,"-745","8",16,0,0
2026-07-29T11:15:00.000Z,"-745","8",16,0,0
2026-07-29T11:20:00.000Z,"-740","8",16,0,0
2026-07-29T11:25:00.000Z,"-739","8",16,0,0
2026-07-29T11:30:00.000Z,"-739","8",16,0,0
2026-07-29T11:35:00.000Z,"-742","8",16,0,0
2026-07-29T11:40:00.000Z,"-737","8",16,0,0
2026-07-29T11:45:00.000Z,"-745","8",16,0,0
2026-07-29T11:50:00.000Z,"-742","8",16,0,0
2026-07-29T11:55:00.000Z,"-746","8",16,0,0
2026-07-29T12:00:00.000Z,"-744","8",16,0,0
2026-07-29T12:05:00.000Z,"-750","8",16,0,0
2026-07-29T12:10:00.000Z,"-749","8",16,0,0
2026-07-29T12:15:00.000Z,"-751","8",16,0,0
2026-07-29T12:20:00.000Z,"-755","8",16,0,0
2026-07-29T12:25:00.000Z,"-760","8",16,0,0
2026-07-29T12:30:00.000Z,"-765","8",16,0,0
2026-07-29T12:35:00.000Z,"-779","8",16,0,0
2026-07-29T12:40:00.000Z,"-772","8",16,0,0
2026-07-29T12:45:00.000Z,"-774","8",16,0,0
2026-07-29T12:50:00.000Z,"-781","8",16,0,0
2026-07-29T12:55:00.000Z,"-784","8",16,0,0
2026-07-29T13:00:00.000Z,"-786","8",16,0,0
2026-07-29T13:05:00.000Z,"-789","8",16,0,0
2026-07-29T13:10:00.000Z,"-789","8",16,0,0
2026-07-29T13:15:00.000Z,"-787","8",16,0,0
2026-07-29T13:20:00.000Z,"-791","8",16,0,0
2026-07-29T13:25:00.000Z,"-797","8",16,0,0
2026-07-29T13:30:00.000Z,"-799","8",16,0,0
2026-07-29T13:35:00.000Z,"-806","8",16,0,0
2026-07-29T13:40:00.000Z,"-810","8",16,0,0
2026-07-29T13:45:00.000Z,"-812","8",16,0,0
2026-07-29T13:50:00.000Z,"-815","8",16,0,0
2026-07-29T13:55:00.000Z,"-820","8",16,0,0
2026-07-29T14:00:00.000Z,"-824","8",16,0,0
2026-07-29T14:05:00.000Z,"-824","8",16,0,0
2026-07-29T14:10:00.000Z,"-825","8",16,0,0
2026-07-29T14:15:00.000Z,"-830","8",16,0,0
2026-07-29T14:20:00.000Z,"-834","8",16,0,0
2026-07-29T14:25:00.000Z,"-839","8",16,0,0
2026-07-29T14:30:00.000Z,"-841","8",16,0,0
2026-07-29T14:35:00.000Z,"-844","8",16,0,0
2026-07-29T14:40:00.000Z,"-849","8",16,0,0
2026-07-29T14:45:00.000Z,"-852","8",16,0,0
2026-07-29T14:50:00.000Z,"-856","8",16,0,0
2026-07-29T14:55:00.000Z,"-855","8",16,0,0
2026-07-29T15:00:00.000Z,"-864","8",16,0,0
2026-07-29T15:05:00.000Z,"-866","8",16,0,0
2026-07-29T15:10:00.000Z,"-867","8",16,0,0
2026-07-29T15:15:00.000Z,"-871","8",16,0,0
2026-07-29T15:20:00.000Z,"-874","8",16,0,0
2026-07-29T15:25:00.000Z,"-874","8",16,0,0
2026-07-29T15:30:00.000Z,"-881","8",16,0,0
2026-07-29T15:35:00.000Z,"-876","8",16,0,0
2026-07-29T15:40:00.000Z,"-879","8",16,0,0
2026-07-29T15:45:00.000Z,"-884","8",16,0,0
2026-07-29T15:50:00.000Z,"-886","8",16,0,0
2026-07-29T15:55:00.000Z,"-887","8",16,0,0
2026-07-29T16:00:00.000Z,"-885","8",16,0,0
2026-07-29T16:05:00.000Z,"-887","8",16,0,0
2026-07-29T16:10:00.000Z,"-892","8",16,0,0
2026-07-29T16:15:00.000Z,"-890","8",16,0,0
2026-07-29T16:20:00.000Z,"-892","8",16,0,0
2026-07-29T16:25:00.000Z,"-892","8",16,0,0
2026-07-29T16:30:00.000Z,"-890","8",16,0,0
2026-07-29T16:35:00.000Z,"-892","8",16,0,0
2026-07-29T16:40:00.000Z,"-889","8",16,0,0
2026-07-29T16:45:00.000Z,"-896","8",16,0,0
2026-07-29T16:50:00.000Z,"-901","8",16,0,0
2026-07-29T16:55:00.000Z,"-897","8",16,0,0
2026-07-29T17:00:00.000Z,"-896","8",16,0,0
2026-07-29T17:05:00.000Z,"-897","8",16,0,0
2026-07-29T17:10:00.000Z,"-902","8",16,0,0
2026-07-29T17:15:00.000Z,"-906","8",16,0,0
2026-07-29T17:20:00.000Z,"-899","8",16,0,0
2026-07-29T17:25:00.000Z,"-900","8",16,0,0
2026-07-29T17:30:00.000Z,"-904","8",16,0,0
2026-07-29T17:35:00.000Z,"-905","8",16,0,0
2026-07-29T17:40:00.000Z,"-906","8",16,0,0
2026-07-29T17:45:00.000Z,"-904","8",16,0,0
2026-07-29T17:50:00.000Z,"-906","8",16,0,0
2026-07-29T17:55:00.000Z,"-906","8",16,0,0
2026-07-29T18:00:00.000Z,"-905","8",16,0,0
2026-07-29T18:05:00.000Z,"-910","8",16,0,0
2026-07-29T18:10:00.000Z,"-909","8",16,0,0
2026-07-29T18:15:00.000Z,"-914","8",16,0,0
2026-07-29T18:20:00.000Z,"-915","8",16,0,0
2026-07-29T18:25:00.000Z,"-914","8",16,0,0
2026-07-29T18:30:00.000Z,"-911","8",16,0,0
2026-07-29T18:35:00.000Z,"-915","8",16,0,0
2026-07-29T18:40:00.000Z,"-919","8",16,0,0
2026-07-29T18:45:00.000Z,"-919","8",16,0,0
2026-07-29T18:50:00.000Z,"-922","8",16,0,0
2026-07-29T18:55:00.000Z,"-917","8",16,0,0
2026-07-29T19:00:00.000Z,"-921","8",16,0,0
2026-07-29T19:05:00.000Z,"-924","8",16,0,0
2026-07-29T19:10:00.000Z,"-920","8",16,0,0
2026-07-29T19:15:00.000Z,"-922","8",16,0,0
2026-07-29T19:20:00.000Z,"-926","8",16,0,0
2026-07-29T19:25:00.000Z,"-929","8",16,0,0
2026-07-29T19:30:00.000Z,"-927","8",16,0,0
2026-07-29T19:35:00.000Z,"-925","8",16,0,0
2026-07-29T19:40:00.000Z,"-924","8",16,0,0
2026-07-29T19:45:00.000Z,"-931","8",16,0,0
2026-07-29T19:50:00.000Z,"-930","8",16,0,0
2026-07-29T19:55:00.000Z,"-935","8",16,0,0
2026-07-29T20:00:00.000Z,"-935","8",16,0,0
2026-07-29T20:05:00.000Z,"-935","8",16,0,0
2026-07-29T20:10:00.000Z,"-937","8",16,0,0
2026-07-29T20:15:00.000Z,"-935","8",16,0,0
2026-07-29T20:20:00.000Z,"-939","8",16,0,0
2026-07-29T20:25:00.000Z,"-940","8",16,0,0
2026-07-29T20:30:00.000Z,"-942","8",16,0,0
2026-07-29T20:35:00.000Z,"-944","8",16,0,0
2026-07-29T20:40:00.000Z,"-944","8",16,0,0
2026-07-29T20:45:00.000Z,"-949","8",16,0,0
2026-07-29T20:50:00.000Z,"-944","8",16,0,0
2026-07-29T20:55:00.000Z,"-947","8",16,0,0
2026-07-29T21:00:00.000Z,"-946","8",16,0,0
2026-07-29T21:05:00.000Z,"-942","8",16,0,0
2026-07-29T21:10:00.000Z,"-947","8",16,0,0
2026-07-29T21:15:00.000Z,"-951","8",16,0,0
2026-07-29T21:20:00.000Z,"-947","8",16,0,0
2026-07-29T21:25:00.000Z,"-952","8",16,0,0
2026-07-29T21:30:00.000Z,"-951","8",16,0,0
2026-07-29T21:35:00.000Z,"-947","8",16,0,0
2026-07-29T21:40:00.000Z,"-946","8",16,0,0
2026-07-29T21:45:00.000Z,"-951","8",16,0,0
2026-07-29T21:50:00.000Z,"-942","8",16,0,0
2026-07-29T21:55:00.000Z,"-937","8",16,0,0
2026-07-29T22:00:00.000Z,"-934","8",16,0,0
2026-07-29T22:05:00.000Z,"-934","8",16,0,0
2026-07-29T22:10:00.000Z,"-931","8",16,0,0
2026-07-29T22:15:00.000Z,"-925","8",16,0,0
2026-07-29T22:20:00.000Z,"-920","8",16,0,0
2026-07-29T22:25:00.000Z,"-916","8",16,0,0
2026-07-29T22:30:00.000Z,"-917","8",16,0,0
2026-07-29T22:35:00.000Z,"-912","8",16,0,0
2026-07-29T22:40:00.000Z,"-905","8",16,0,0
2026-07-29T22:45:00.000Z,"-900","8",16,0,0
2026-07-29T22:50:00.000Z,"-896","8",16,0,0
2026-07-29T22:55:00.000Z,"-891","8",16,0,0
2026-07-29T23:00:00.000Z,"-889","8",16,0,0
2026-07-29T23:05:00.000Z,"-884","8",16,0,0
2026-07-29T23:10:00.000Z,"-875","8",16,0,0
2026-07-29T23:15:00.000Z,"-874","8",16,0,0
2026-07-29T23:20:00.000Z,"-869","8",16,0,0
2026-07-29T23:25:00.000Z,"-864","8",16,0,0
2026-07-29T23:30:00.000Z,"-865","8",16,0,0
2026-07-29T23:35:00.000Z,"-862","8",16,0,0
2026-07-29T23:40:00.000Z,"-859","8",16,0,0
2026-07-29T23:45:00.000Z,"-851","8",16,0,0
2026-07-29T23:50:00.000Z,"-852","8",16,0,0
2026-07-29T23:55:00.000Z,"-850","8",16,0,0
2026-07-30T00:00:00.000Z,"-847","8",16,0,0
2026-07-30T00:05:00.000Z,"-850","8",16,0,0
2026-07-30T00:10:00.000Z,"-846","8",16,0,0
2026-07-30T00:15:00.000Z,"-846","8",16,0,0
2026-07-30T00:20:00.000Z,"-841","8",16,0,0
2026-07-30T00:25:00.000Z,"-844","8",16,0,0
2026-07-30T00:30:00.000Z,"-844","8",16,0,0
2026-07-30T00:35:00.000Z,"-840","8",16,0,0
2026-07-30T00:40:00.000Z,"-847","8",16,0,0
2026-07-30T00:45:00.000Z,"-844","8",16,0,0
2026-07-30T00:50:00.000Z,"-844","8",16,0,0
2026-07-30T00:55:00.000Z,"-844","8",16,0,0
2026-07-30T01:00:00.000Z,"-847","8",16,0,0
2026-07-30T01:05:00.000Z,"-849","8",16,0,0
2026-07-30T01:10:00.000Z,"-849","8",16,0,0
2026-07-30T01:15:00.000Z,"-849","8",16,0,0
2026-07-30T01:20:00.000Z,"-851","8",16,0,0
2026-07-30T01:25:00.000Z,"-855","8",16,0,0
2026-07-30T01:30:00.000Z,"-850","8",16,0,0
2026-07-30T01:35:00.000Z,"-854","8",16,0,0
2026-07-30T01:40:00.000Z,"-860","8",16,0,0
2026-07-30T01:45:00.000Z,"-859","8",16,0,0
2026-07-30T01:50:00.000Z,"-860","8",16,0,0
2026-07-30T01:55:00.000Z,"-864","8",16,0,0
2026-07-30T02:00:00.000Z,"-862","8",16,0,0
2026-07-30T02:05:00.000Z,"-870","8",16,0,0
2026-07-30T02:10:00.000Z,"-869","8",16,0,0
2026-07-30T02:15:00.000Z,"-869","8",16,0,0
2026-07-30T02:20:00.000Z,"-867","8",16,0,0
2026-07-30T02:25:00.000Z,"-869","8",16,0,0
2026-07-30T02:30:00.000Z,"-872","8",16,0,0
2026-07-30T02:35:00.000Z,"-874","8",16,0,0
2026-07-30T02:40:00.000Z,"-874","8",16,0,0
2026-07-30T02:45:00.000Z,"-875","8",16,0,0
2026-07-30T02:50:00.000Z,"-884","8",16,0,0
2026-07-30T02:55:00.000Z,"-884","8",16,0,0
2026-07-30T03:00:00.000Z,"-885","8",16,0,0
2026-07-30T03:05:00.000Z,"-886","8",16,0,0
2026-07-30T03:10:00.000Z,"-885","8",16,0,0
2026-07-30T03:15:00.000Z,"-891","8",16,0,0
2026-07-30T03:20:00.000Z,"-896","8",16,0,0
2026-07-30T03:25:00.000Z,"-896","8",16,0,0
2026-07-30T03:30:00.000Z,"-891","8",16,0,0
2026-07-30T03:35:00.000Z,"-897","8",16,0,0
2026-07-30T03:40:00.000Z,"-901","8",16,0,0
2026-07-30T03:45:00.000Z,"-901","8",16,0,0
2026-07-30T03:50:00.000Z,"-907","8",16,0,0
2026-07-30T03:55:00.000Z,"-907","8",16,0,0
2026-07-30T04:00:00.000Z,"-907","8",16,0,0
2026-07-30T04:05:00.000Z,"-907","8",16,0,0
2026-07-30T04:10:00.000Z,"-914","8",16,0,0
2026-07-30T04:15:00.000Z,"-915","8",16,0,0
2026-07-30T04:20:00.000Z,"-915","8",16,0,0
2026-07-30T04:25:00.000Z,"-915","8",16,0,0
2026-07-30T04:30:00.000Z,"-915","8",16,0,0
2026-07-30T04:35:00.000Z,"-921","8",16,0,0
2026-07-30T04:40:00.000Z,"-915","8",16,0,0
2026-07-30T04:45:00.000Z,"-916","8",16,0,0
2026-07-30T04:50:00.000Z,"-920","8",16,0,0
2026-07-30T04:55:00.000Z,"-921","8",16,0,0
2026-07-30T05:00:00.000Z,"-922","8",16,0,0
2026-07-30T05:05:00.000Z,"-919","8",16,0,0
2026-07-30T05:10:00.000Z,"-924","8",16,0,0
2026-07-30T05:15:00.000Z,"-926","8",16,0,0
2026-07-30T05:20:00.000Z,"-929","8",16,0,0
2026-07-30T05:25:00.000Z,"-920","8",16,0,0
2026-07-30T05:30:00.000Z,"-929","8",16,0,0
2026-07-30T05:35:00.000Z,"-927","8",16,0,0
2026-07-30T05:40:00.000Z,"-922","8",16,0,0
2026-07-30T05:45:00.000Z,"-935","8",16,0,0
2026-07-30T05:50:00.000Z,"-927","8",16,0,0
2026-07-30T05:55:00.000Z,"-925","8",16,0,0
2026-07-30T06:00:00.000Z,"-927","8",16,0,0
2026-07-30T06:05:00.000Z,"-930","8",16,0,0
2026-07-30T06:10:00.000Z,"-934","8",16,0,0
2026-07-30T06:15:00.000Z,"-929","8",16,0,0
2026-07-30T06:20:00.000Z,"-927","8",16,0,0
2026-07-30T06:25:00.000Z,"-929","8",16,0,0
2026-07-30T06:30:00.000Z,"-927","8",16,0,0
2026-07-30T06:35:00.000Z,"-931","8",16,0,0
2026-07-30T06:40:00.000Z,"-931","8",16,0,0
2026-07-30T06:45:00.000Z,"-931","8",16,0,0
2026-07-30T06:50:00.000Z,"-936","8",16,0,0
2026-07-30T06:55:00.000Z,"-932","8",16,0,0
2026-07-30T07:00:00.000Z,"-935","8",16,0,0
2026-07-30T07:05:00.000Z,"-931","8",16,0,0
2026-07-30T07:10:00.000Z,"-934","8",16,0,0
2026-07-30T07:15:00.000Z,"-937","8",16,0,0
2026-07-30T07:20:00.000Z,"-939","8",16,0,0
2026-07-30T07:25:00.000Z,"-934","8",16,0,0
2026-07-30T07:30:00.000Z,"-932","8",16,0,0
2026-07-30T07:35:00.000Z,"-935","8",16,0,0
2026-07-30T07:40:00.000Z,"-939","8",16,0,0
2026-07-30T07:45:00.000Z,"-936","8",16,0,0
2026-07-30T07:50:00.000Z,"-942","8",16,0,0
2026-07-30T07:55:00.000Z,"-946","8",16,0,0
2026-07-30T08:00:00.000Z,"-940","8",16,0,0
2026-07-30T08:05:00.000Z,"-942","8",16,0,0
2026-07-30T08:10:00.000Z,"-942","8",16,0,0
2026-07-30T08:15:00.000Z,"-945","8",16,0,0
2026-07-30T08:20:00.000Z,"-950","8",16,0,0
2026-07-30T08:25:00.000Z,"-940","8",16,0,0
2026-07-30T08:30:00.000Z,"-947","8",16,0,0
2026-07-30T08:35:00.000Z,"-944","8",16,0,0
2026-07-30T08:40:00.000Z,"-947","8",16,0,0
2026-07-30T08:45:00.000Z,"-942","8",16,0,0
2026-07-30T08:50:00.000Z,"-950","8",16,0,0
2026-07-30T08:55:00.000Z,"-949","8",16,0,0
2026-07-30T09:00:00.000Z,"-944","8",16,0,0
2026-07-30T09:05:00.000Z,"-949","8",16,0,0
2026-07-30T09:10:00.000Z,"-946","8",16,0,0
2026-07-30T09:15:00.000Z,"-946","8",16,0,0
2026-07-30T09:20:00.000Z,"-947","8",16,0,0
2026-07-30T09:25:00.000Z,"-942","8",16,0,0
2026-07-30T09:30:00.000Z,"-949","8",16,0,0
2026-07-30T09:35:00.000Z,"-946","8",16,0,0
2026-07-30T09:40:00.000Z,"-947","8",16,0,0
2026-07-30T09:45:00.000Z,"-944","8",16,0,0
2026-07-30T09:50:00.000Z,"-945","8",16,0,0
2026-07-30T09:55:00.000Z,"-939","8",16,0,0
2026-07-30T10:00:00.000Z,"-944","8",16,0,0
2026-07-30T10:05:00.000Z,"-939","8",16,0,0
2026-07-30T10:10:00.000Z,"-942","8",16,0,0
2026-07-30T10:15:00.000Z,"-937","8",16,0,0
2026-07-30T10:20:00.000Z,"-929","8",16,0,0
2026-07-30T10:25:00.000Z,"-932","8",16,0,0
2026-07-30T10:30:00.000Z,"-929","8",16,0,0
2026-07-30T10:35:00.000Z,"-929","8",16,0,0
2026-07-30T10:40:00.000Z,"-925","8",16,0,0
2026-07-30T10:45:00.000Z,"-926","8",16,0,0
2026-07-30T10:50:00.000Z,"-929","8",16,0,0
2026-07-30T10:55:00.000Z,"-921","8",16,0,0
2026-07-30T11:00:00.000Z,"-919","8",16,0,0
2026-07-30T11:05:00.000Z,"-921","8",16,0,0
2026-07-30T11:10:00.000Z,"-915","8",16,0,0
2026-07-30T11:15:00.000Z,"-917","8",16,0,0
2026-07-30T11:20:00.000Z,"-915","8",16,0,0
2026-07-30T11:25:00.000Z,"-910","8",16,0,0
2026-07-30T11:30:00.000Z,"-909","8",16,0,0
2026-07-30T11:35:00.000Z,"-907","8",16,0,0
2026-07-30T11:40:00.000Z,"-909","8",16,0,0
2026-07-30T11:45:00.000Z,"-906","8",16,0,0
2026-07-30T11:50:00.000Z,"-905","8",16,0,0
2026-07-30T11:55:00.000Z,"-901","8",16,0,0
2026-07-30T12:00:00.000Z,"-900","8",16,0,0
2026-07-30T12:05:00.000Z,"-901","8",16,0,0
2026-07-30T12:10:00.000Z,"-900","8",16,0,0
2026-07-30T12:15:00.000Z,"-899","8",16,0,0
2026-07-30T12:20:00.000Z,"-899","8",16,0,0
2026-07-30T12:25:00.000Z,"-899","8",16,0,0
2026-07-30T12:30:00.000Z,"-896","8",16,0,0
2026-07-30T12:35:00.000Z,"-896","8",16,0,0
2026-07-30T12:40:00.000Z,"-899","8",16,0,0
2026-07-30T12:45:00.000Z,"-894","8",16,0,0
2026-07-30T12:50:00.000Z,"-897","8",16,0,0
2026-07-30T12:55:00.000Z,"-896","8",16,0,0
2026-07-30T13:00:00.000Z,"-900","8",16,0,0
2026-07-30T13:05:00.000Z,"-904","8",16,0,0
2026-07-30T13:10:00.000Z,"-905","8",16,0,0
2026-07-30T13:15:00.000Z,"-897","8",16,0,0
2026-07-30T13:20:00.000Z,"-904","8",16,0,0
2026-07-30T13:25:00.000Z,"-907","8",16,0,0
2026-07-30T13:30:00.000Z,"-907","8",16,0,0
2026-07-30T13:35:00.000Z,"-910","8",16,0,0
2026-07-30T13:40:00.000Z,"-914","8",16,0,0
2026-07-30T13:45:00.000Z,"-915","8",16,0,0
2026-07-30T13:50:00.000Z,"-916","8",16,0,0
2026-07-30T13:55:00.000Z,"-917","8",16,0,0
2026-07-30T14:00:00.000Z,"-919","8",16,0,0
2026-07-30T14:05:00.000Z,"-921","8",16,0,0
2026-07-30T14:10:00.000Z,"-920","8",16,0,0
2026-07-30T14:15:00.000Z,"-929","8",16,0,0
2026-07-30T14:20:00.000Z,"-927","8",16,0,0
2026-07-30T14:25:00.000Z,"-931","8",16,0,0
2026-07-30T14:30:00.000Z,"-927","8",16,0,0
2026-07-30T14:35:00.000Z,"-935","8",16,0,0
2026-07-30T14:40:00.000Z,"-934","8",16,0,0
2026-07-30T14:45:00.000Z,"-930","8",16,0,0
2026-07-30T14:50:00.000Z,"-929","8",16,0,0
2026-07-30T14:55:00.000Z,"-935","8",16,0,0
2026-07-30T15:00:00.000Z,"-932","8",16,0,0
2026-07-30T15:05:00.000Z,"-935","8",16,0,0
2026-07-30T15:10:00.000Z,"-930","8",16,0,0
2026-07-30T15:15:00.000Z,"-926","8",16,0,0
2026-07-30T15:20:00.000Z,"-931","8",16,0,0
2026-07-30T15:25:00.000Z,"-931","8",16,0,0
2026-07-30T15:30:00.000Z,"-927","8",16,0,0
2026-07-30T15:35:00.000Z,"-921","8",16,0,0
2026-07-30T15:40:00.000Z,"-924","8",16,0,0
2026-07-30T15:45:00.000Z,"-920","8",16,0,0
2026-07-30T15:50:00.000Z,"-916","8",16,0,0
2026-07-30T15:55:00.000Z,"-911","8",16,0,0
2026-07-30T16:00:00.000Z,"-911","8",16,0,0
2026-07-30T16:05:00.000Z,"-911","8",16,0,0
2026-07-30T16:10:00.000Z,"-911","8",16,0,0
2026-07-30T16:15:00.000Z,"-904","8",16,0,0
2026-07-30T16:20:00.000Z,"-905","8",16,0,0
2026-07-30T16:25:00.000Z,"-904","8",16,0,0
2026-07-30T16:30:00.000Z,"-897","8",16,0,0
2026-07-30T16:35:00.000Z,"-897","8",16,0,0
2026-07-30T16:40:00.000Z,"-891","8",16,0,0
2026-07-30T16:45:00.000Z,"-889","8",16,0,0
2026-07-30T16:50:00.000Z,"-884","8",16,0,0
2026-07-30T16:55:00.000Z,"-882","8",16,0,0
2026-07-30T17:00:00.000Z,"-875","8",16,0,0
2026-07-30T17:05:00.000Z,"-876","8",16,0,0
2026-07-30T17:10:00.000Z,"-872","8",16,0,0
2026-07-30T17:15:00.000Z,"-867","8",16,0,0
2026-07-30T17:20:00.000Z,"-867","8",16,0,0
2026-07-30T17:25:00.000Z,"-865","8",16,0,0
2026-07-30T17:30:00.000Z,"-857","8",16,0,0
2026-07-30T17:35:00.000Z,"-857","8",16,0,0
2026-07-30T17:40:00.000Z,"-854","8",16,0,0
2026-07-30T17:45:00.000Z,"-854","8",16,0,0
2026-07-30T17:50:00.000Z,"-849","8",16,0,0
2026-07-30T17:55:00.000Z,"-845","8",16,0,0
2026-07-30T18:00:00.000Z,"-842","8",16,0,0
2026-07-30T18:05:00.000Z,"-842","8",16,0,0
2026-07-30T18:10:00.000Z,"-841","8",16,0,0
2026-07-30T18:15:00.000Z,"-844","8",16,0,0
2026-07-30T18:20:00.000Z,"-837","8",16,0,0
2026-07-30T18:25:00.000Z,"-835","8",16,0,0
2026-07-30T18:30:00.000Z,"-831","8",16,0,0
2026-07-30T18:35:00.000Z,"-834","8",16,0,0
2026-07-30T18:40:00.000Z,"-834","8",16,0,0
2026-07-30T18:45:00.000Z,"-832","8",16,0,0
2026-07-30T18:50:00.000Z,"-829","8",16,0,0
2026-07-30T18:55:00.000Z,"-830","8",16,0,0
2026-07-30T19:00:00.000Z,"-830","8",16,0,0
2026-07-30T19:05:00.000Z,"-832","8",16,0,0
2026-07-30T19:10:00.000Z,"-830","8",16,0,0
2026-07-30T19:15:00.000Z,"-830","8",16,0,0
2026-07-30T19:20:00.000Z,"-834","8",16,0,0
2026-07-30T19:25:00.000Z,"-832","8",16,0,0
2026-07-30T19:30:00.000Z,"-835","8",16,0,0
2026-07-30T19:35:00.000Z,"-832","8",16,0,0
2026-07-30T19:40:00.000Z,"-834","8",16,0,0
2026-07-30T19:45:00.000Z,"-835","8",16,0,0
2026-07-30T19:50:00.000Z,"-835","8",16,0,0
2026-07-30T19:55:00.000Z,"-839","8",16,0,0
2026-07-30T20:00:00.000Z,"-835","8",16,0,0
2026-07-30T20:05:00.000Z,"-842","8",16,0,0
2026-07-30T20:10:00.000Z,"-841","8",16,0,0
2026-07-30T20:15:00.000Z,"-844","8",16,0,0
2026-07-30T20:20:00.000Z,"-846","8",16,0,0
2026-07-30T20:25:00.000Z,"-850","8",16,0,0
2026-07-30T20:30:00.000Z,"-854","8",16,0,0
2026-07-30T20:35:00.000Z,"-856","8",16,0,0
2026-07-30T20:40:00.000Z,"-849","8",16,0,0
2026-07-30T20:45:00.000Z,"-859","8",16,0,0
2026-07-30T20:50:00.000Z,"-856","8",16,0,0
2026-07-30T20:55:00.000Z,"-865","8",16,0,0
2026-07-30T21:00:00.000Z,"-866","8",16,0,0
2026-07-30T21:05:00.000Z,"-862","8",16,0,0
2026-07-30T21:10:00.000Z,"-867","8",16,0,0
2026-07-30T21:15:00.000Z,"-869","8",16,0,0
2026-07-30T21:20:00.000Z,"-871","8",16,0,0
2026-07-30T21:25:00.000Z,"-876","8",16,0,0
2026-07-30T21:30:00.000Z,"-874","8",16,0,0
2026-07-30T21:35:00.000Z,"-874","8",16,0,0
2026-07-30T21:40:00.000Z,"-874","8",16,0,0
2026-07-30T21:45:00.000Z,"-880","8",16,0,0
2026-07-30T21:50:00.000Z,"-877","8",16,0,0
2026-07-30T21:55:00.000Z,"-882","8",16,0,0
2026-07-30T22:00:00.000Z,"-882","8",16,0,0
2026-07-30T22:05:00.000Z,"-885","8",16,0,0
2026-07-30T22:10:00.000Z,"-887","8",16,0,0
2026-07-30T22:15:00.000Z,"-889","8",16,0,0
2026-07-30T22:20:00.000Z,"-891","8",16,0,0
2026-07-30T22:25:00.000Z,"-889","8",16,0,0
2026-07-30T22:30:00.000Z,"-890","8",16,0,0
2026-07-30T22:35:00.000Z,"-894","8",16,0,0
2026-07-30T22:40:00.000Z,"-901","8",16,0,0
2026-07-30T22:45:00.000Z,"-894","8",16,0,0
2026-07-30T22:50:00.000Z,"-896","8",16,0,0
2026-07-30T22:55:00.000Z,"-899","8",16,0,0
2026-07-30T23:00:00.000Z,"-896","8",16,0,0
2026-07-30T23:05:00.000Z,"-897","8",16,0,0
2026-07-30T23:10:00.000Z,"-899","8",16,0,0
2026-07-30T23:15:00.000Z,"-905","8",16,0,0
2026-07-30T23:20:00.000Z,"-902","8",16,0,0
2026-07-30T23:25:00.000Z,"-901","8",16,0,0
2026-07-30T23:30:00.000Z,"-904","8",16,0,0
2026-07-30T23:35:00.000Z,"-906","8",16,0,0
2026-07-30T23:40:00.000Z,"-909","8",16,0,0
2026-07-30T23:45:00.000Z,"-910","8",16,0,0
2026-07-30T23:50:00.000Z,"-900","8",16,0,0
2026-07-30T23:55:00.000Z,"-909","8",16,0,0
2026-07-31T00:00:00.000Z,"-909","8",16,0,0
2026-07-31T00:05:00.000Z,"-906","8",16,0,0
2026-07-31T00:10:00.000Z,"-907","8",16,0,0
2026-07-31T00:15:00.000Z,"-911","8",16,0,0
2026-07-31T00:20:00.000Z,"-910","8",16,0,0
2026-07-31T00:25:00.000Z,"-914","8",16,0,0
2026-07-31T00:30:00.000Z,"-909","8",16,0,0
2026-07-31T00:35:00.000Z,"-914","8",16,0,0
2026-07-31T00:40:00.000Z,"-915","8",16,0,0
2026-07-31T00:45:00.000Z,"-914","8",16,0,0
2026-07-31T00:50:00.000Z,"-915","8",16,0,0
2026-07-31T00:55:00.000Z,"-915","8",16,0,0
2026-07-31T01:00:00.000Z,"-921","8",16,0,0
2026-07-31T01:05:00.000Z,"-919","8",16,0,0
2026-07-31T01:10:00.000Z,"-916","8",16,0,0
2026-07-31T01:15:00.000Z,"-910","8",16,0,0
2026-07-31T01:20:00.000Z,"-916","8",16,0,0
2026-07-31T01:25:00.000Z,"-915","8",16,0,0
2026-07-31T01:30:00.000Z,"-915","8",16,0,0
2026-07-31T01:35:00.000Z,"-917","8",16,0,0
2026-07-31T01:40:00.000Z,"-921","8",16,0,0
2026-07-31T01:45:00.000Z,"-919","8",16,0,0
2026-07-31T01:50:00.000Z,"-921","8",16,0,0
2026-07-31T01:55:00.000Z,"-912","8",16,0,0
2026-07-31T02:00:00.000Z,"-919","8",16,0,0
2026-07-31T02:05:00.000Z,"-922","8",16,0,0
2026-07-31T02:10:00.000Z,"-917","8",16,0,0
2026-07-31T02:15:00.000Z,"-916","8",16,0,0
2026-07-31T02:20:00.000Z,"-920","8",16,0,0
2026-07-31T02:25:00.000Z,"-921","8",16,0,0
2026-07-31T02:30:00.000Z,"-917","8",16,0,0
2026-07-31T02:35:00.000Z,"-917","8",16,0,0
2026-07-31T02:40:00.000Z,"-917","8",16,0,0
2026-07-31T02:45:00.000Z,"-916","8",16,0,0
2026-07-31T02:50:00.000Z,"-920","8",16,0,0
2026-07-31T02:55:00.000Z,"-921","8",16,0,0
2026-07-31T03:00:00.000Z,"-922","8",16,0,0
2026-07-31T03:05:00.000Z,"-924","8",16,0,0
2026-07-31T03:10:00.000Z,"-920","8",16,0,0
2026-07-31T03:15:00.000Z,"-924","8",16,0,0
2026-07-31T03:20:00.000Z,"-917","8",16,0,0
2026-07-31T03:25:00.000Z,"-927","8",16,0,0
2026-07-31T03:30:00.000Z,"-930","8",16,0,0
2026-07-31T03:35:00.000Z,"-922","8",16,0,0
2026-07-31T03:40:00.000Z,"-920","8",16,0,0
2026-07-31T03:45:00.000Z,"-926","8",16,0,0
2026-07-31T03:50:00.000Z,"-927","8",16,0,0
2026-07-31T03:55:00.000Z,"-926","8",16,0,0
2026-07-31T04:00:00.000Z,"-927","8",16,0,0
2026-07-31T04:05:00.000Z,"-927","8",16,0,0
2026-07-31T04:10:00.000Z,"-931","8",16,0,0
2026-07-31T04:15:00.000Z,"-929","8",16,0,0
2026-07-31T04:20:00.000Z,"-929","8",16,0,0
2026-07-31T04:25:00.000Z,"-930","8",16,0,0
2026-07-31T04:30:00.000Z,"-931","8",16,0,0
2026-07-31T04:35:00.000Z,"-929","8",16,0,0
2026-07-31T04:40:00.000Z,"-935","8",16,0,0
2026-07-31T04:45:00.000Z,"-937","8",16,0,0
2026-07-31T04:50:00.000Z,"-939","8",16,0,0
2026-07-31T04:55:00.000Z,"-944","8",16,0,0
2026-07-31T05:00:00.000Z,"-939","8",16,0,0
2026-07-31T05:05:00.000Z,"-944","8",16,0,0
2026-07-31T05:10:00.000Z,"-939","8",16,0,0
2026-07-31T05:15:00.000Z,"-944","8",16,0,0
2026-07-31T05:20:00.000Z,"-939","8",16,0,0
2026-07-31T05:25:00.000Z,"-949","8",16,0,0
2026-07-31T05:30:00.000Z,"-946","8",16,0,0
2026-07-31T05:35:00.000Z,"-951","8",16,0,0
2026-07-31T05:40:00.000Z,"-944","8",16,0,0
2026-07-31T05:45:00.000Z,"-942","8",16,0,0
2026-07-31T05:50:00.000Z,"-942","8",16,0,0
2026-07-31T05:55:00.000Z,"-946","8",16,0,0
2026-07-31T06:00:00.000Z,"-942","8",16,0,0
2026-07-31T06:05:00.000Z,"-935","8",16,0,0
2026-07-31T06:10:00.000Z,"-935","8",16,0,0
2026-07-31T06:15:00.000Z,"-921","8",16,0,0
2026-07-31T06:20:00.000Z,"-919","8",16,0,0
2026-07-31T06:25:00.000Z,"-915","8",16,0,0
2026-07-31T06:30:00.000Z,"-914","8",16,0,0
2026-07-31T06:35:00.000Z,"-910","8",16,0,0
2026-07-31T06:40:00.000Z,"-896","8",16,0,0
2026-07-31T06:45:00.000Z,"-891","8",16,0,0
2026-07-31T06:50:00.000Z,"-881","8",16,0,0
2026-07-31T06:55:00.000Z,"-875","8",16,0,0
2026-07-31T07:00:00.000Z,"-869","8",16,0,0
2026-07-31T07:05:00.000Z,"-861","8",16,0,0
2026-07-31T07:10:00.000Z,"-854","8",16,0,0
2026-07-31T07:15:00.000Z,"-839","8",16,0,0
2026-07-31T07:20:00.000Z,"-834","8",16,0,0
2026-07-31T07:25:00.000Z,"-830","8",16,0,0
2026-07-31T07:30:00.000Z,"-827","8",16,0,0
2026-07-31T07:35:00.000Z,"-820","8",16,0,0
2026-07-31T07:40:00.000Z,"-812","8",16,0,0
2026-07-31T07:45:00.000Z,"-807","8",16,0,0
2026-07-31T07:50:00.000Z,"-796","8",16,0,0
2026-07-31T07:55:00.000Z,"-801","8",16,0,0
2026-07-31T08:00:00.000Z,"-792","8",16,0,0
2026-07-31T08:05:00.000Z,"-790","8",16,0,0
2026-07-31T08:10:00.000Z,"-786","8",16,0,0
2026-07-31T08:15:00.000Z,"-780","8",16,0,0
2026-07-31T08:20:00.000Z,"-779","8",16,0,0
2026-07-31T08:25:00.000Z,"-775","8",16,0,0
2026-07-31T08:30:00.000Z,"-772","8",16,0,0
2026-07-31T08:35:00.000Z,"-772","8",16,0,0
2026-07-31T08:40:00.000Z,"-772","8",16,0,0
2026-07-31T08:45:00.000Z,"-767","8",16,0,0
2026-07-31T08:50:00.000Z,"-771","8",16,0,0
2026-07-31T08:55:00.000Z,"-772","8",16,0,0
2026-07-31T09:00:00.000Z,"-767","8",16,0,0
2026-07-31T09:05:00.000Z,"-769","8",16,0,0
2026-07-31T09:10:00.000Z,"-765","8",16,0,0
2026-07-31T09:15:00.000Z,"-771","8",16,0,0
2026-07-31T09:20:00.000Z,"-770","8",16,0,0
2026-07-31T09:25:00.000Z,"-770","8",16,0,0
2026-07-31T09:30:00.000Z,"-771","8",16,0,0
2026-07-31T09:35:00.000Z,"-767","8",16,0,0
2026-07-31T09:40:00.000Z,"-774","8",16,0,0
2026-07-31T09:45:00.000Z,"-769","8",16,0,0
2026-07-31T09:50:00.000Z,"-772","8",16,0,0
2026-07-31T09:55:00.000Z,"-772","8",16,0,0
2026-07-31T10:00:00.000Z,"-776","8",16,0,0
2026-07-31T10:05:00.000Z,"-782","8",16,0,0
2026-07-31T10:10:00.000Z,"-779","8",16,0,0
2026-07-31T10:15:00.000Z,"-781","8",16,0,0
2026-07-31T10:20:00.000Z,"-775","8",16,0,0
2026-07-31T10:25:00.000Z,"-782","8",16,0,0
2026-07-31T10:30:00.000Z,"-779","8",16,0,0
2026-07-31T10:35:00.000Z,"-785","8",16,0,0
2026-07-31T10:40:00.000Z,"-781","8",16,0,0
2026-07-31T10:45:00.000Z,"-781","8",16,0,0
2026-07-31T10:50:00.000Z,"-785","8",16,0,0
2026-07-31T10:55:00.000Z,"-785","8",16,0,0
2026-07-31T11:00:00.000Z,"-782","8",16,0,0
2026-07-31T11:05:00.000Z,"-786","8",16,0,0
2026-07-31T11:10:00.000Z,"-789","8",16,0,0
2026-07-31T11:15:00.000Z,"-790","8",16,0,0
2026-07-31T11:20:00.000Z,"-789","8",16,0,0
2026-07-31T11:25:00.000Z,"-794","8",16,0,0
2026-07-31T11:30:00.000Z,"-792","8",16,0,0
2026-07-31T11:35:00.000Z,"-799","8",16,0,0
2026-07-31T11:40:00.000Z,"-802","8",16,0,0
2026-07-31T11:45:00.000Z,"-799","8",16,0,0
2026-07-31T11:50:00.000Z,"-801","8",16,0,0
2026-07-31T11:55:00.000Z,"-809","8",16,0,0
2026-07-31T12:00:00.000Z,"-807","8",16,0,0
2026-07-31T12:05:00.000Z,"-815","8",16,0,0
2026-07-31T12:10:00.000Z,"-807","8",16,0,0
2026-07-31T12:15:00.000Z,"-815","8",16,0,0
2026-07-31T12:20:00.000Z,"-824","8",16,0,0
2026-07-31T12:25:00.000Z,"-827","8",16,0,0
2026-07-31T12:30:00.000Z,"-825","8",16,0,0
2026-07-31T12:35:00.000Z,"-826","8",16,0,0
2026-07-31T12:40:00.000Z,"-832","8",16,0,0
2026-07-31T12:45:00.000Z,"-839","8",16,0,0
2026-07-31T12:50:00.000Z,"-840","8",16,0,0
2026-07-31T12:55:00.000Z,"-839","8",16,0,0
2026-07-31T13:00:00.000Z,"-844","8",16,0,0
2026-07-31T13:05:00.000Z,"-839","8",16,0,0
2026-07-31T13:10:00.000Z,"-847","8",16,0,0
2026-07-31T13:15:00.000Z,"-850","8",16,0,0
2026-07-31T13:20:00.000Z,"-855","8",16,0,0
2026-07-31T13:25:00.000Z,"-860","8",16,0,0
2026-07-31T13:30:00.000Z,"-859","8",16,0,0
2026-07-31T13:35:00.000Z,"-862","8",16,0,0
2026-07-31T13:40:00.000Z,"-866","8",16,0,0
2026-07-31T13:45:00.000Z,"-869","8",16,0,0
2026-07-31T13:50:00.000Z,"-872","8",16,0,0
2026-07-31T13:55:00.000Z,"-871","8",16,0,0
2026-07-31T14:00:00.000Z,"-880","8",16,0,0
2026-07-31T14:05:00.000Z,"-874","8",16,0,0
2026-07-31T14:10:00.000Z,"-882","8",16,0,0
2026-07-31T14:15:00.000Z,"-885","8",16,0,0
2026-07-31T14:20:00.000Z,"-884","8",16,0,0
2026-07-31T14:25:00.000Z,"-887","8",16,0,0
2026-07-31T14:30:00.000Z,"-889","8",16,0,0
2026-07-31T14:35:00.000Z,"-899","8",16,0,0
2026-07-31T14:40:00.000Z,"-896","8",16,0,0
2026-07-31T14:45:00.000Z,"-897","8",16,0,0
2026-07-31T14:50:00.000Z,"-904","8",16,0,0
2026-07-31T14:55:00.000Z,"-907","8",16,0,0
2026-07-31T15:00:00.000Z,"-906","8",16,0,0
2026-07-31T15:05:00.000Z,"-907","8",16,0,0
2026-07-31T15:10:00.000Z,"-909","8",16,0,0
2026-07-31T15:15:00.000Z,"-907","8",16,0,0
2026-07-31T15:20:00.000Z,"-914","8",16,0,0
2026-07-31T15:25:00.000Z,"-911","8",16,0,0
2026-07-31T15:30:00.000Z,"-915","8",16,0,0
2026-07-31T15:35:00.000Z,"-915","8",16,0,0
2026-07-31T15:40:00.000Z,"-911","8",16,0,0
2026-07-31T15:45:00.000Z,"-914","8",16,0,0
2026-07-31T15:50:00.000Z,"-915","8",16,0,0
2026-07-31T15:55:00.000Z,"-919","8",16,0,0
2026-07-31T16:00:00.000Z,"-916","8",16,0,0
2026-07-31T16:05:00.000Z,"-921","8",16,0,0
2026-07-31T16:10:00.000Z,"-919","8",16,0,0
2026-07-31T16:15:00.000Z,"-921","8",16,0,0
2026-07-31T16:20:00.000Z,"-919","8",16,0,0
2026-07-31T16:25:00.000Z,"-919","8",16,0,0
2026-07-31T16:30:00.000Z,"-925","8",16,0,0
2026-07-31T16:35:00.000Z,"-925","8",16,0,0
2026-07-31T16:40:00.000Z,"-921","8",16,0,0
2026-07-31T16:45:00.000Z,"-927","8",16,0,0
2026-07-31T16:50:00.000Z,"-931","8",16,0,0
2026-07-31T16:55:00.000Z,"-921","8",16,0,0
2026-07-31T17:00:00.000Z,"-924","8",16,0,0
2026-07-31T17:05:00.000Z,"-929","8",16,0,0
2026-07-31T17:10:00.000Z,"-924","8",16,0,0
2026-07-31T17:15:00.000Z,"-929","8",16,0,0
2026-07-31T17:20:00.000Z,"-931","8",16,0,0
2026-07-31T17:25:00.000Z,"-929","8",16,0,0
2026-07-31T17:30:00.000Z,"-932","8",16,0,0
2026-07-31T17:35:00.000Z,"-930","8",16,0,0
2026-07-31T17:40:00.000Z,"-931","8",16,0,0
2026-07-31T17:45:00.000Z,"-934","8",16,0,0
2026-07-31T17:50:00.000Z,"-931","8",16,0,0
2026-07-31T17:55:00.000Z,"-929","8",16,0,0
2026-07-31T18:00:00.000Z,"-935","8",16,0,0
2026-07-31T18:05:00.000Z,"-935","8",16,0,0
2026-07-31T18:10:00.000Z,"-939","8",16,0,0
2026-07-31T18:15:00.000Z,"-935","8",16,0,0
2026-07-31T18:20:00.000Z,"-936","8",16,0,0
2026-07-31T18:25:00.000Z,"-937","8",16,0,0
2026-07-31T18:30:00.000Z,"-939","8",16,0,0
2026-07-31T18:35:00.000Z,"-937","8",16,0,0
2026-07-31T18:40:00.000Z,"-939","8",16,0,0
2026-07-31T18:45:00.000Z,"-939","8",16,0,0
2026-07-31T18:50:00.000Z,"-935","8",16,0,0
2026-07-31T18:55:00.000Z,"-939","8",16,0,0
2026-07-31T19:00:00.000Z,"-942","8",16,0,0
2026-07-31T19:05:00.000Z,"-947","8",16,0,0
2026-07-31T19:10:00.000Z,"-946","8",16,0,0
2026-07-31T19:15:00.000Z,"-951","8",16,0,0
2026-07-31T19:20:00.000Z,"-946","8",16,0,0
2026-07-31T19:25:00.000Z,"-950","8",16,0,0
2026-07-31T19:30:00.000Z,"-950","8",16,0,0
2026-07-31T19:35:00.000Z,"-954","8",16,0,0
2026-07-31T19:40:00.000Z,"-959","8",16,0,0
2026-07-31T19:45:00.000Z,"-956","8",16,0,0
2026-07-31T19:50:00.000Z,"-959","8",16,0,0
2026-07-31T19:55:00.000Z,"-964","8",16,0,0
2026-07-31T20:00:00.000Z,"-956","8",16,0,0
2026-07-31T20:05:00.000Z,"-962","8",16,0,0
2026-07-31T20:10:00.000Z,"-965","8",16,0,0
2026-07-31T20:15:00.000Z,"-964","8",16,0,0
2026-07-31T20:20:00.000Z,"-971","8",16,0,0
2026-07-31T20:25:00.000Z,"-962","8",16,0,0
2026-07-31T20:30:00.000Z,"-971","8",16,0,0
2026-07-31T20:35:00.000Z,"-975","8",16,0,0
2026-07-31T20:40:00.000Z,"-966","8",16,0,0
2026-07-31T20:45:00.000Z,"-976","8",16,0,0
2026-07-31T20:50:00.000Z,"-979","8",16,0,0
2026-07-31T20:55:00.000Z,"-980","8",16,0,0
2026-07-31T21:00:00.000Z,"-982","8",16,0,0
2026-07-31T21:05:00.000Z,"-985","8",16,0,0
2026-07-31T21:10:00.000Z,"-982","8",16,0,0
2026-07-31T21:15:00.000Z,"-987","8",16,0,0
2026-07-31T21:20:00.000Z,"-992","8",16,0,0
2026-07-31T21:25:00.000Z,"-984","8",16,0,0
2026-07-31T21:30:00.000Z,"-996","8",16,0,0
2026-07-31T21:35:00.000Z,"-994","8",16,0,0
2026-07-31T21:40:00.000Z,"-996","8",16,0,0
2026-07-31T21:45:00.000Z,"-996","8",16,0,0
2026-07-31T21:50:00.000Z,"-997","8",16,0,0
2026-07-31T21:55:00.000Z,"-995","8",16,0,0
2026-07-31T22:00:00.000Z,"-994","8",16,0,0
2026-07-31T22:05:00.000Z,"-996","8",16,0,0
2026-07-31T22:10:00.000Z,"-990","8",16,0,0
2026-07-31T22:15:00.000Z,"-997","8",16,0,0
2026-07-31T22:20:00.000Z,"-999","8",16,0,0
2026-07-31T22:25:00.000Z,"-999","8",16,0,0
2026-07-31T22:30:00.000Z,"-1001","8",16,0,0
2026-07-31T22:35:00.000Z,"-999","8",16,0,0
2026-07-31T22:40:00.000Z,"-991","8",16,0,0
2026-07-31T22:45:00.000Z,"-992","8",16,0,0
2026-07-31T22:50:00.000Z,"-990","8",16,0,0
2026-07-31T22:55:00.000Z,"-991","8",16,0,0
2026-07-31T23:00:00.000Z,"-987","8",16,0,0
2026-07-31T23:05:00.000Z,"-987","8",16,0,0
2026-07-31T23:10:00.000Z,"-977","8",16,0,0
2026-07-31T23:15:00.000Z,"-987","8",16,0,0
2026-07-31T23:20:00.000Z,"-982","8",16,0,0
2026-07-31T23:25:00.000Z,"-989","8",16,0,0
2026-07-31T23:30:00.000Z,"-987","8",16,0,0
2026-07-31T23:35:00.000Z,"-981","8",16,0,0
2026-07-31T23:40:00.000Z,"-976","8",16,0,0
2026-07-31T23:45:00.000Z,"-982","8",16,0,0
2026-07-31T23:50:00.000Z,"-982","8",16,0,0
2026-07-31T23:55:00.000Z,"-975","8",16,0,0
2026-08-01T00:00:00.000Z,"-977","8",16,0,0
2026-08-01T00:05:00.000Z,"-979","8",16,0,0
2026-08-01T00:10:00.000Z,"-974","8",16,0,0
2026-08-01T00:15:00.000Z,"-980","8",16,0,0
2026-08-01T00:20:00.000Z,"-971","8",16,0,0
2026-08-01T00:25:00.000Z,"-974","8",16,0,0
2026-08-01T00:30:00.000Z,"-969","8",16,0,0
2026-08-01T00:35:00.000Z,"-967","8",16,0,0
2026-08-01T00:40:00.000Z,"-972","8",16,0,0
2026-08-01T00:45:00.000Z,"-967","8",16,0,0
2026-08-01T00:50:00.000Z,"-967","8",16,0,0
2026-08-01T00:55:00.000Z,"-965","8",16,0,0
2026-08-01T01:00:00.000Z,"-964","8",16,0,0
2026-08-01T01:05:00.000Z,"-960","8",16,0,0
2026-08-01T01:10:00.000Z,"-956","8",16,0,0
2026-08-01T01:15:00.000Z,"-957","8",16,0,0
2026-08-01T01:20:00.000Z,"-956","8",16,0,0
2026-08-01T01:25:00.000Z,"-951","8",16,0,0
2026-08-01T01:30:00.000Z,"-942","8",16,0,0
2026-08-01T01:35:00.000Z,"-946","8",16,0,0
2026-08-01T01:40:00.000Z,"-942","8",16,0,0
2026-08-01T01:45:00.000Z,"-939","8",16,0,0
2026-08-01T01:50:00.000Z,"-935","8",16,0,0
2026-08-01T01:55:00.000Z,"-937","8",16,0,0
2026-08-01T02:00:00.000Z,"-927","8",16,0,0
2026-08-01T02:05:00.000Z,"-930","8",16,0,0
2026-08-01T02:10:00.000Z,"-930","8",16,0,0
2026-08-01T02:15:00.000Z,"-924","8",16,0,0
2026-08-01T02:20:00.000Z,"-916","8",16,0,0
2026-08-01T02:25:00.000Z,"-919","8",16,0,0
2026-08-01T02:30:00.000Z,"-920","8",16,0,0
2026-08-01T02:35:00.000Z,"-912","8",16,0,0
2026-08-01T02:40:00.000Z,"-919","8",16,0,0
2026-08-01T02:45:00.000Z,"-916","8",16,0,0
2026-08-01T02:50:00.000Z,"-912","8",16,0,0
2026-08-01T02:55:00.000Z,"-912","8",16,0,0
2026-08-01T03:00:00.000Z,"-914","8",16,0,0
2026-08-01T03:05:00.000Z,"-916","8",16,0,0
2026-08-01T03:10:00.000Z,"-916","8",16,0,0
2026-08-01T03:15:00.000Z,"-912","8",16,0,0
2026-08-01T03:20:00.000Z,"-915","8",16,0,0
2026-08-01T03:25:00.000Z,"-915","8",16,0,0
2026-08-01T03:30:00.000Z,"-910","8",16,0,0
2026-08-01T03:35:00.000Z,"-914","8",16,0,0
2026-08-01T03:40:00.000Z,"-919","8",16,0,0
2026-08-01T03:45:00.000Z,"-917","8",16,0,0
2026-08-01T03:50:00.000Z,"-912","8",16,0,0
2026-08-01T03:55:00.000Z,"-914","8",16,0,0
2026-08-01T04:00:00.000Z,"-921","8",16,0,0
2026-08-01T04:05:00.000Z,"-916","8",16,0,0
2026-08-01T04:10:00.000Z,"-917","8",16,0,0
2026-08-01T04:15:00.000Z,"-916","8",16,0,0
2026-08-01T04:20:00.000Z,"-912","8",16,0,0
2026-08-01T04:25:00.000Z,"-921","8",16,0,0
2026-08-01T04:30:00.000Z,"-921","8",16,0,0
2026-08-01T04:35:00.000Z,"-919","8",16,0,0
2026-08-01T04:40:00.000Z,"-921","8",16,0,0
2026-08-01T04:45:00.000Z,"-922","8",16,0,0
2026-08-01T04:50:00.000Z,"-920","8",16,0,0
2026-08-01T04:55:00.000Z,"-927","8",16,0,0
2026-08-01T05:00:00.000Z,"-927","8",16,0,0
2026-08-01T05:05:00.000Z,"-929","8",16,0,0
2026-08-01T05:10:00.000Z,"-927","8",16,0,0
2026-08-01T05:15:00.000Z,"-927","8",16,0,0
2026-08-01T05:20:00.000Z,"-931","8",16,0,0
2026-08-01T05:25:00.000Z,"-935","8",16,0,0
2026-08-01T05:30:00.000Z,"-931","8",16,0,0
2026-08-01T05:35:00.000Z,"-930","8",16,0,0
2026-08-01T05:40:00.000Z,"-937","8",16,0,0
2026-08-01T05:45:00.000Z,"-935","8",16,0,0
2026-08-01T05:50:00.000Z,"-936","8",16,0,0
2026-08-01T05:55:00.000Z,"-937","8",16,0,0
2026-08-01T06:00:00.000Z,"-937","8",16,0,0
2026-08-01T06:05:00.000Z,"-937","8",16,0,0
2026-08-01T06:10:00.000Z,"-939","8",16,0,0
2026-08-01T06:15:00.000Z,"-945","8",16,0,0
2026-08-01T06:20:00.000Z,"-939","8",16,0,0
2026-08-01T06:25:00.000Z,"-942","8",16,0,0
2026-08-01T06:30:00.000Z,"-940","8",16,0,0
2026-08-01T06:35:00.000Z,"-939","8",16,0,0
2026-08-01T06:40:00.000Z,"-946","8",16,0,0
2026-08-01T06:45:00.000Z,"-950","8",16,0,0
2026-08-01T06:50:00.000Z,"-942","8",16,0,0
2026-08-01T06:55:00.000Z,"-946","8",16,0,0
2026-08-01T07:00:00.000Z,"-942","8",16,0,0
2026-08-01T07:05:00.000Z,"-946","8",16,0,0
2026-08-01T07:10:00.000Z,"-950","8",16,0,0
2026-08-01T07:15:00.000Z,"-950","8",16,0,0
2026-08-01T07:20:00.000Z,"-942","8",16,0,0
2026-08-01T07:25:00.000Z,"-955","8",16,0,0
2026-08-01T07:30:00.000Z,"-957","8",16,0,0
2026-08-01T07:35:00.000Z,"-950","8",16,0,0
2026-08-01T07:40:00.000Z,"-946","8",16,0,0
2026-08-01T07:45:00.000Z,"-951","8",16,0,0
2026-08-01T07:50:00.000Z,"-954","8",16,0,0
2026-08-01T07:55:00.000Z,"-956","8",16,0,0
2026-08-01T08:00:00.000Z,"-957","8",16,0,0
2026-08-01T08:05:00.000Z,"-955","8",16,0,0
2026-08-01T08:10:00.000Z,"-957","8",16,0,0
2026-08-01T08:15:00.000Z,"-957","8",16,0,0
2026-08-01T08:20:00.000Z,"-961","8",16,0,0
2026-08-01T08:25:00.000Z,"-961","8",16,0,0
2026-08-01T08:30:00.000Z,"-961","8",16,0,0
2026-08-01T08:35:00.000Z,"-957","8",16,0,0
2026-08-01T08:40:00.000Z,"-965","8",16,0,0
2026-08-01T08:45:00.000Z,"-964","8",16,0,0
2026-08-01T08:50:00.000Z,"-962","8",16,0,0
2026-08-01T08:55:00.000Z,"-964","8",16,0,0
2026-08-01T09:00:00.000Z,"-964","8",16,0,0
2026-08-01T09:05:00.000Z,"-970","8",16,0,0
2026-08-01T09:10:00.000Z,"-961","8",16,0,0
2026-08-01T09:15:00.000Z,"-966","8",16,0,0
2026-08-01T09:20:00.000Z,"-970","8",16,0,0
2026-08-01T09:25:00.000Z,"-970","8",16,0,0
2026-08-01T09:30:00.000Z,"-970","8",16,0,0
2026-08-01T09:35:00.000Z,"-971","8",16,0,0
2026-08-01T09:40:00.000Z,"-971","8",16,0,0
2026-08-01T09:45:00.000Z,"-974","8",16,0,0
2026-08-01T09:50:00.000Z,"-966","8",16,0,0
2026-08-01T09:55:00.000Z,"-975","8",16,0,0
2026-08-01T10:00:00.000Z,"-969","8",16,0,0
2026-08-01T10:05:00.000Z,"-966","8",16,0,0
2026-08-01T10:10:00.000Z,"-967","8",16,0,0
2026-08-01T10:15:00.000Z,"-969","8",16,0,0
2026-08-01T10:20:00.000Z,"-967","8",16,0,0
2026-08-01T10:25:00.000Z,"-969","8",16,0,0
2026-08-01T10:30:00.000Z,"-966","8",16,0,0
2026-08-01T10:35:00.000Z,"-969","8",16,0,0
2026-08-01T10:40:00.000Z,"-964","8",16,0,0
2026-08-01T10:45:00.000Z,"-967","8",16,0,0
2026-08-01T10:50:00.000Z,"-965","8",16,0,0
2026-08-01T10:55:00.000Z,"-959","8",16,0,0
2026-08-01T11:00:00.000Z,"-962","8",16,0,0
2026-08-01T11:05:00.000Z,"-960","8",16,0,0
2026-08-01T11:10:00.000Z,"-961","8",16,0,0
2026-08-01T11:15:00.000Z,"-960","8",16,0,0
2026-08-01T11:20:00.000Z,"-955","8",16,0,0
2026-08-01T11:25:00.000Z,"-956","8",16,0,0
2026-08-01T11:30:00.000Z,"-952","8",16,0,0
2026-08-01T11:35:00.000Z,"-955","8",16,0,0
2026-08-01T11:40:00.000Z,"-956","8",16,0,0
2026-08-01T11:45:00.000Z,"-947","8",16,0,0
2026-08-01T11:50:00.000Z,"-951","8",16,0,0
2026-08-01T11:55:00.000Z,"-947","8",16,0,0
2026-08-01T12:00:00.000Z,"-947","8",16,0,0
2026-08-01T12:05:00.000Z,"-951","8",16,0,0
2026-08-01T12:10:00.000Z,"-947","8",16,0,0
2026-08-01T12:15:00.000Z,"-942","8",16,0,0
2026-08-01T12:20:00.000Z,"-944","8",16,0,0
2026-08-01T12:25:00.000Z,"-937","8",16,0,0
2026-08-01T12:30:00.000Z,"-940","8",16,0,0
2026-08-01T12:35:00.000Z,"-939","8",16,0,0
2026-08-01T12:40:00.000Z,"-937","8",16,0,0
2026-08-01T12:45:00.000Z,"-930","8",16,0,0
2026-08-01T12:50:00.000Z,"-935","8",16,0,0
2026-08-01T12:55:00.000Z,"-931","8",16,0,0
2026-08-01T13:00:00.000Z,"-932","8",16,0,0
2026-08-01T13:05:00.000Z,"-932","8",16,0,0
2026-08-01T13:10:00.000Z,"-934","8",16,0,0
2026-08-01T13:15:00.000Z,"-931","8",16,0,0
2026-08-01T13:20:00.000Z,"-931","8",16,0,0
2026-08-01T13:25:00.000Z,"-931","8",16,0,0
2026-08-01T13:30:00.000Z,"-927","8",16,0,0
2026-08-01T13:35:00.000Z,"-929","8",16,0,0
2026-08-01T13:40:00.000Z,"-927","8",16,0,0
2026-08-01T13:45:00.000Z,"-925","8",16,0,0
2026-08-01T13:50:00.000Z,"-929","8",16,0,0
2026-08-01T13:55:00.000Z,"-924","8",16,0,0
2026-08-01T14:00:00.000Z,"-925","8",16,0,0
2026-08-01T14:05:00.000Z,"-924","8",16,0,0
2026-08-01T14:10:00.000Z,"-921","8",16,0,0
2026-08-01T14:15:00.000Z,"-925","8",16,0,0
2026-08-01T14:20:00.000Z,"-924","8",16,0,0
2026-08-01T14:25:00.000Z,"-922","8",16,0,0
2026-08-01T14:30:00.000Z,"-924","8",16,0,0
2026-08-01T14:35:00.000Z,"-921","8",16,0,0
2026-08-01T14:40:00.000Z,"-921","8",16,0,0
2026-08-01T14:45:00.000Z,"-921","8",16,0,0
2026-08-01T14:50:00.000Z,"-925","8",16,0,0
2026-08-01T14:55:00.000Z,"-924","8",16,0,0
2026-08-01T15:00:00.000Z,"-925","8",16,0,0
2026-08-01T15:05:00.000Z,"-925","8",16,0,0
2026-08-01T15:10:00.000Z,"-925","8",16,0,0
2026-08-01T15:15:00.000Z,"-925","8",16,0,0
2026-08-01T15:20:00.000Z,"-927","8",16,0,0
2026-08-01T15:25:00.000Z,"-926","8",16,0,0
2026-08-01T15:30:00.000Z,"-930","8",16,0,0
2026-08-01T15:35:00.000Z,"-925","8",16,0,0
2026-08-01T15:40:00.000Z,"-926","8",16,0,0
2026-08-01T15:45:00.000Z,"-932","8",16,0,0
2026-08-01T15:50:00.000Z,"-929","8",16,0,0
2026-08-01T15:55:00.000Z,"-931","8",16,0,0
2026-08-01T16:00:00.000Z,"-935","8",16,0,0
2026-08-01T16:05:00.000Z,"-930","8",16,0,0
2026-08-01T16:10:00.000Z,"-927","8",16,0,0
2026-08-01T16:15:00.000Z,"-927","8",16,0,0
2026-08-01T16:20:00.000Z,"-931","8",16,0,0
2026-08-01T16:25:00.000Z,"-930","8",16,0,0
2026-08-01T16:30:00.000Z,"-934","8",16,0,0
2026-08-01T16:35:00.000Z,"-934","8",16,0,0
2026-08-01T16:40:00.000Z,"-931","8",16,0,0
2026-08-01T16:45:00.000Z,"-931","8",16,0,0
2026-08-01T16:50:00.000Z,"-944","8",16,0,0
2026-08-01T16:55:00.000Z,"-937","8",16,0,0
2026-08-01T17:00:00.000Z,"-939","8",16,0,0
2026-08-01T17:05:00.000Z,"-939","8",16,0,0
2026-08-01T17:10:00.000Z,"-944","8",16,0,0
2026-08-01T17:15:00.000Z,"-947","8",16,0,0
2026-08-01T17:20:00.000Z,"-947","8",16,0,0
2026-08-01T17:25:00.000Z,"-954","8",16,0,0
2026-08-01T17:30:00.000Z,"-950","8",16,0,0
2026-08-01T17:35:00.000Z,"-950","8",16,0,0
2026-08-01T17:40:00.000Z,"-955","8",16,0,0
2026-08-01T17:45:00.000Z,"-952","8",16,0,0
2026-08-01T17:50:00.000Z,"-950","8",16,0,0
2026-08-01T17:55:00.000Z,"-957","8",16,0,0
2026-08-01T18:00:00.000Z,"-954","8",16,0,0
2026-08-01T18:05:00.000Z,"-954","8",16,0,0
2026-08-01T18:10:00.000Z,"-952","8",16,0,0
2026-08-01T18:15:00.000Z,"-955","8",16,0,0
2026-08-01T18:20:00.000Z,"-952","8",16,0,0
2026-08-01T18:25:00.000Z,"-957","8",16,0,0
2026-08-01T18:30:00.000Z,"-956","8",16,0,0
2026-08-01T18:35:00.000Z,"-954","8",16,0,0
2026-08-01T18:40:00.000Z,"-952","8",16,0,0
2026-08-01T18:45:00.000Z,"-949","8",16,0,0
2026-08-01T18:50:00.000Z,"-954","8",16,0,0
2026-08-01T18:55:00.000Z,"-956","8",16,0,0
2026-08-01T19:00:00.000Z,"-951","8",16,0,0
2026-08-01T19:05:00.000Z,"-950","8",16,0,0
2026-08-01T19:10:00.000Z,"-952","8",16,0,0
2026-08-01T19:15:00.000Z,"-952","8",16,0,0
2026-08-01T19:20:00.000Z,"-949","8",16,0,0
2026-08-01T19:25:00.000Z,"-944","8",16,0,0
2026-08-01T19:30:00.000Z,"-939","8",16,0,0
2026-08-01T19:35:00.000Z,"-939","8",16,0,0
2026-08-01T19:40:00.000Z,"-942","8",16,0,0
2026-08-01T19:45:00.000Z,"-937","8",16,0,0
2026-08-01T19:50:00.000Z,"-936","8",16,0,0
2026-08-01T19:55:00.000Z,"-931","8",16,0,0
2026-08-01T20:00:00.000Z,"-932","8",16,0,0
2026-08-01T20:05:00.000Z,"-935","8",16,0,0
2026-08-01T20:10:00.000Z,"-929","8",16,0,0
2026-08-01T20:15:00.000Z,"-925","8",16,0,0
2026-08-01T20:20:00.000Z,"-924","8",16,0,0
2026-08-01T20:25:00.000Z,"-927","8",16,0,0
2026-08-01T20:30:00.000Z,"-922","8",16,0,0
2026-08-01T20:35:00.000Z,"-922","8",16,0,0
2026-08-01T20:40:00.000Z,"-915","8",16,0,0
2026-08-01T20:45:00.000Z,"-920","8",16,0,0
2026-08-01T20:50:00.000Z,"-911","8",16,0,0
2026-08-01T20:55:00.000Z,"-915","8",16,0,0
2026-08-01T21:00:00.000Z,"-909","8",16,0,0
2026-08-01T21:05:00.000Z,"-912","8",16,0,0
2026-08-01T21:10:00.000Z,"-910","8",16,0,0
2026-08-01T21:15:00.000Z,"-904","8",16,0,0
2026-08-01T21:20:00.000Z,"-906","8",16,0,0
2026-08-01T21:25:00.000Z,"-909","8",16,0,0
2026-08-01T21:30:00.000Z,"-904","8",16,0,0
2026-08-01T21:35:00.000Z,"-906","8",16,0,0
2026-08-01T21:40:00.000Z,"-902","8",16,0,0
2026-08-01T21:45:00.000Z,"-899","8",16,0,0
2026-08-01T21:50:00.000Z,"-902","8",16,0,0
2026-08-01T21:55:00.000Z,"-902","8",16,0,0
2026-08-01T22:00:00.000Z,"-909","8",16,0,0
2026-08-01T22:05:00.000Z,"-905","8",16,0,0
2026-08-01T22:10:00.000Z,"-906","8",16,0,0
2026-08-01T22:15:00.000Z,"-910","8",16,0,0
2026-08-01T22:20:00.000Z,"-904","8",16,0,0
2026-08-01T22:25:00.000Z,"-906","8",16,0,0
2026-08-01T22:30:00.000Z,"-907","8",16,0,0
2026-08-01T22:35:00.000Z,"-906","8",16,0,0
2026-08-01T22:40:00.000Z,"-912","8",16,0,0
2026-08-01T22:45:00.000Z,"-907","8",16,0,0
2026-08-01T22:50:00.000Z,"-909","8",16,0,0
2026-08-01T22:55:00.000Z,"-912","8",16,0,0
2026-08-01T23:00:00.000Z,"-917","8",16,0,0
2026-08-01T23:05:00.000Z,"-917","8",16,0,0
2026-08-01T23:10:00.000Z,"-912","8",16,0,0
2026-08-01T23:15:00.000Z,"-914","8",16,0,0
2026-08-01T23:20:00.000Z,"-914","8",16,0,0
2026-08-01T23:25:00.000Z,"-917","8",16,0,0
2026-08-01T23:30:00.000Z,"-919","8",16,0,0
2026-08-01T23:35:00.000Z,"-916","8",16,0,0
2026-08-01T23:40:00.000Z,"-924","8",16,0,0
2026-08-01T23:45:00.000Z,"-922","8",16,0,0
2026-08-01T23:50:00.000Z,"-924","8",16,0,0
2026-08-01T23:55:00.000Z,"-922","8",16,0,0
2026-08-02T00:00:00.000Z,"-925","8",16,0,0
2026-08-02T00:05:00.000Z,"-927","8",16,0,0
2026-08-02T00:10:00.000Z,"-924","8",16,0,0
2026-08-02T00:15:00.000Z,"-927","8",16,0,0
2026-08-02T00:20:00.000Z,"-931","8",16,0,0
2026-08-02T00:25:00.000Z,"-925","8",16,0,0
2026-08-02T00:30:00.000Z,"-929","8",16,0,0
2026-08-02T00:35:00.000Z,"-926","8",16,0,0
2026-08-02T00:40:00.000Z,"-934","8",16,0,0
2026-08-02T00:45:00.000Z,"-935","8",16,0,0
2026-08-02T00:50:00.000Z,"-930","8",16,0,0
2026-08-02T00:55:00.000Z,"-937","8",16,0,0
2026-08-02T01:00:00.000Z,"-931","8",16,0,0
2026-08-02T01:05:00.000Z,"-935","8",16,0,0
2026-08-02T01:10:00.000Z,"-930","8",16,0,0
2026-08-02T01:15:00.000Z,"-934","8",16,0,0
2026-08-02T01:20:00.000Z,"-930","8",16,0,0
2026-08-02T01:25:00.000Z,"-935","8",16,0,0
2026-08-02T01:30:00.000Z,"-932","8",16,0,0
2026-08-02T01:35:00.000Z,"-931","8",16,0,0
2026-08-02T01:40:00.000Z,"-934","8",16,0,0
2026-08-02T01:45:00.000Z,"-936","8",16,0,0
2026-08-02T01:50:00.000Z,"-936","8",16,0,0
2026-08-02T01:55:00.000Z,"-937","8",16,0,0
2026-08-02T02:00:00.000Z,"-935","8",16,0,0
2026-08-02T02:05:00.000Z,"-932","8",16,0,0
2026-08-02T02:10:00.000Z,"-936","8",16,0,0
2026-08-02T02:15:00.000Z,"-935","8",16,0,0
2026-08-02T02:20:00.000Z,"-934","8",16,0,0
2026-08-02T02:25:00.000Z,"-935","8",16,0,0
2026-08-02T02:30:00.000Z,"-934","8",16,0,0
2026-08-02T02:35:00.000Z,"-935","8",16,0,0
2026-08-02T02:40:00.000Z,"-936","8",16,0,0
2026-08-02T02:45:00.000Z,"-931","8",16,0,0
2026-08-02T02:50:00.000Z,"-926","8",16,0,0
2026-08-02T02:55:00.000Z,"-935","8",16,0,0
2026-08-02T03:00:00.000Z,"-935","8",16,0,0
2026-08-02T03:05:00.000Z,"-927","8",16,0,0
2026-08-02T03:10:00.000Z,"-930","8",16,0,0
2026-08-02T03:15:00.000Z,"-932","8",16,0,0
2026-08-02T03:20:00.000Z,"-934","8",16,0,0
2026-08-02T03:25:00.000Z,"-929","8",16,0,0
2026-08-02T03:30:00.000Z,"-927","8",16,0,0
2026-08-02T03:35:00.000Z,"-925","8",16,0,0
2026-08-02T03:40:00.000Z,"-929","8",16,0,0
2026-08-02T03:45:00.000Z,"-926","8",16,0,0
2026-08-02T03:50:00.000Z,"-924","8",16,0,0
2026-08-02T03:55:00.000Z,"-915","8",16,0,0
2026-08-02T04:00:00.000Z,"-919","8",16,0,0
2026-08-02T04:05:00.000Z,"-911","8",16,0,0
2026-08-02T04:10:00.000Z,"-912","8",16,0,0
2026-08-02T04:15:00.000Z,"-909","8",16,0,0
2026-08-02T04:20:00.000Z,"-904","8",16,0,0
2026-08-02T04:25:00.000Z,"-901","8",16,0,0
2026-08-02T04:30:00.000Z,"-900","8",16,0,0
2026-08-02T04:35:00.000Z,"-896","8",16,0,0
2026-08-02T04:40:00.000Z,"-884","8",16,0,0
2026-08-02T04:45:00.000Z,"-880","8",16,0,0
2026-08-02T04:50:00.000Z,"-869","8",16,0,0
2026-08-02T04:55:00.000Z,"-869","8",16,0,0
2026-08-02T05:00:00.000Z,"-855","8",16,0,0
2026-08-02T05:05:00.000Z,"-847","8",16,0,0
2026-08-02T05:10:00.000Z,"-836","8",16,0,0
2026-08-02T05:15:00.000Z,"-826","8",16,0,0
2026-08-02T05:20:00.000Z,"-824","8",16,0,0
2026-08-02T05:25:00.000Z,"-811","8",16,0,0
2026-08-02T05:30:00.000Z,"-801","8",16,0,0
2026-08-02T05:35:00.000Z,"-787","8",16,0,0
2026-08-02T05:40:00.000Z,"-782","8",16,0,0
2026-08-02T05:45:00.000Z,"-775","8",16,0,0
2026-08-02T05:50:00.000Z,"-760","8",16,0,0
2026-08-02T05:55:00.000Z,"-751","8",16,0,0
2026-08-02T06:00:00.000Z,"-741","8",16,0,0
2026-08-02T06:05:00.000Z,"-732","8",16,0,0
2026-08-02T06:10:00.000Z,"-726","8",16,0,0
2026-08-02T06:15:00.000Z,"-710","8",16,0,0
2026-08-02T06:20:00.000Z,"-702","8",16,0,0
2026-08-02T06:25:00.000Z,"-691","8",16,0,0
2026-08-02T06:30:00.000Z,"-681","8",16,0,0
2026-08-02T06:35:00.000Z,"-677","8",16,0,0
2026-08-02T06:40:00.000Z,"-670","8",16,0,0
2026-08-02T06:45:00.000Z,"-661","8",16,0,0
2026-08-02T06:50:00.000Z,"-656","8",16,0,0
2026-08-02T06:55:00.000Z,"-654","8",16,0,0
2026-08-02T07:00:00.000Z,"-651","8",16,0,0
2026-08-02T07:05:00.000Z,"-646","8",16,0,0
2026-08-02T07:10:00.000Z,"-639","8",16,0,0
2026-08-02T07:15:00.000Z,"-636","8",16,0,0
2026-08-02T07:20:00.000Z,"-635","8",16,0,0
2026-08-02T07:25:00.000Z,"-632","8",16,0,0
2026-08-02T07:30:00.000Z,"-631","8",16,0,0
2026-08-02T07:35:00.000Z,"-632","8",16,0,0
2026-08-02T07:40:00.000Z,"-632","8",16,0,0
2026-08-02T07:45:00.000Z,"-635","8",16,0,0
2026-08-02T07:50:00.000Z,"-632","8",16,0,0
2026-08-02T07:55:00.000Z,"-637","8",16,0,0
2026-08-02T08:00:00.000Z,"-640","8",16,0,0
2026-08-02T08:05:00.000Z,"-641","8",16,0,0
2026-08-02T08:10:00.000Z,"-644","8",16,0,0
2026-08-02T08:15:00.000Z,"-644","8",16,0,0
2026-08-02T08:20:00.000Z,"-649","8",16,0,0
2026-08-02T08:25:00.000Z,"-652","8",16,0,0
2026-08-02T08:30:00.000Z,"-660","8",16,0,0
2026-08-02T08:35:00.000Z,"-660","8",16,0,0
2026-08-02T08:40:00.000Z,"-666","8",16,0,0
2026-08-02T08:45:00.000Z,"-664","8",16,0,0
2026-08-02T08:50:00.000Z,"-671","8",16,0,0
2026-08-02T08:55:00.000Z,"-676","8",16,0,0
2026-08-02T09:00:00.000Z,"-680","8",16,0,0
2026-08-02T09:05:00.000Z,"-684","8",16,0,0
2026-08-02T09:10:00.000Z,"-689","8",16,0,0
2026-08-02T09:15:00.000Z,"-694","8",16,0,0
2026-08-02T09:20:00.000Z,"-696","8",16,0,0
2026-08-02T09:25:00.000Z,"-702","8",16,0,0
2026-08-02T09:30:00.000Z,"-705","8",16,0,0
2026-08-02T09:35:00.000Z,"-710","8",16,0,0
2026-08-02T09:40:00.000Z,"-714","8",16,0,0
2026-08-02T09:45:00.000Z,"-722","8",16,0,0
2026-08-02T09:50:00.000Z,"-725","8",16,0,0
2026-08-02T09:55:00.000Z,"-727","8",16,0,0
2026-08-02T10:00:00.000Z,"-734","8",16,0,0
2026-08-02T10:05:00.000Z,"-735","8",16,0,0
2026-08-02T10:10:00.000Z,"-744","8",16,0,0
2026-08-02T10:15:00.000Z,"-746","8",16,0,0
2026-08-02T10:20:00.000Z,"-750","8",16,0,0
2026-08-02T10:25:00.000Z,"-754","8",16,0,0
2026-08-02T10:30:00.000Z,"-757","8",16,0,0
2026-08-02T10:35:00.000Z,"-760","8",16,0,0
2026-08-02T10:40:00.000Z,"-765","8",16,0,0
2026-08-02T10:45:00.000Z,"-767","8",16,0,0
2026-08-02T10:50:00.000Z,"-772","8",16,0,0
2026-08-02T10:55:00.000Z,"-776","8",16,0,0
2026-08-02T11:00:00.000Z,"-782","8",16,0,0
2026-08-02T11:05:00.000Z,"-787","8",16,0,0
2026-08-02T11:10:00.000Z,"-789","8",16,0,0
2026-08-02T11:15:00.000Z,"-790","8",16,0,0
2026-08-02T11:20:00.000Z,"-792","8",16,0,0
2026-08-02T11:25:00.000Z,"-802","8",16,0,0
2026-08-02T11:30:00.000Z,"-804","8",16,0,0
2026-08-02T11:35:00.000Z,"-804","8",16,0,0
2026-08-02T11:40:00.000Z,"-811","8",16,0,0
2026-08-02T11:45:00.000Z,"-814","8",16,0,0
2026-08-02T11:50:00.000Z,"-816","8",16,0,0
2026-08-02T11:55:00.000Z,"-819","8",16,0,0
2026-08-02T12:00:00.000Z,"-820","8",16,0,0
2026-08-02T12:05:00.000Z,"-824","8",16,0,0
2026-08-02T12:10:00.000Z,"-830","8",16,0,0
2026-08-02T12:15:00.000Z,"-830","8",16,0,0
2026-08-02T12:20:00.000Z,"-837","8",16,0,0
2026-08-02T12:25:00.000Z,"-830","8",16,0,0
2026-08-02T12:30:00.000Z,"-832","8",16,0,0
2026-08-02T12:35:00.000Z,"-839","8",16,0,0
2026-08-02T12:40:00.000Z,"-840","8",16,0,0
2026-08-02T12:45:00.000Z,"-841","8",16,0,0
2026-08-02T12:50:00.000Z,"-844","8",16,0,0
2026-08-02T12:55:00.000Z,"-850","8",16,0,0
2026-08-02T13:00:00.000Z,"-844","8",16,0,0
2026-08-02T13:05:00.000Z,"-851","8",16,0,0
2026-08-02T13:10:00.000Z,"-854","8",16,0,0
2026-08-02T13:15:00.000Z,"-859","8",16,0,0
2026-08-02T13:20:00.000Z,"-854","8",16,0,0
2026-08-02T13:25:00.000Z,"-864","8",16,0,0
2026-08-02T13:30:00.000Z,"-857","8",16,0,0
2026-08-02T13:35:00.000Z,"-857","8",16,0,0
2026-08-02T13:40:00.000Z,"-857","8",16,0,0
2026-08-02T13:45:00.000Z,"-862","8",16,0,0
2026-08-02T13:50:00.000Z,"-862","8",16,0,0
2026-08-02T13:55:00.000Z,"-862","8",16,0,0
2026-08-02T14:00:00.000Z,"-857","8",16,0,0
2026-08-02T14:05:00.000Z,"-867","8",16,0,0
2026-08-02T14:10:00.000Z,"-862","8",16,0,0
2026-08-02T14:15:00.000Z,"-866","8",16,0,0
2026-08-02T14:20:00.000Z,"-864","8",16,0,0
2026-08-02T14:25:00.000Z,"-864","8",16,0,0
2026-08-02T14:30:00.000Z,"-864","8",16,0,0
2026-08-02T14:35:00.000Z,"-867","8",16,0,0
2026-08-02T14:40:00.000Z,"-862","8",16,0,0
2026-08-02T14:45:00.000Z,"-864","8",16,0,0
2026-08-02T14:50:00.000Z,"-864","8",16,0,0
2026-08-02T14:55:00.000Z,"-865","8",16,0,0
2026-08-02T15:00:00.000Z,"-861","8",16,0,0
2026-08-02T15:05:00.000Z,"-869","8",16,0,0
2026-08-02T15:10:00.000Z,"-862","8",16,0,0
2026-08-02T15:15:00.000Z,"-861","8",16,0,0
2026-08-02T15:20:00.000Z,"-862","8",16,0,0
2026-08-02T15:25:00.000Z,"-861","8",16,0,0
2026-08-02T15:30:00.000Z,"-860","8",16,0,0
2026-08-02T15:35:00.000Z,"-860","8",16,0,0
2026-08-02T15:40:00.000Z,"-857","8",16,0,0
2026-08-02T15:45:00.000Z,"-859","8",16,0,0
2026-08-02T15:50:00.000Z,"-859","8",16,0,0
2026-08-02T15:55:00.000Z,"-856","8",16,0,0
2026-08-02T16:00:00.000Z,"-854","8",16,0,0
2026-08-02T16:05:00.000Z,"-855","8",16,0,0
2026-08-02T16:10:00.000Z,"-854","8",16,0,0
2026-08-02T16:15:00.000Z,"-852","8",16,0,0
2026-08-02T16:20:00.000Z,"-854","8",16,0,0
2026-08-02T16:25:00.000Z,"-851","8",16,0,0
2026-08-02T16:30:00.000Z,"-855","8",16,0,0
2026-08-02T16:35:00.000Z,"-855","8",16,0,0
2026-08-02T16:40:00.000Z,"-850","8",16,0,0
2026-08-02T16:45:00.000Z,"-854","8",16,0,0
2026-08-02T16:50:00.000Z,"-855","8",16,0,0
2026-08-02T16:55:00.000Z,"-856","8",16,0,0
2026-08-02T17:00:00.000Z,"-857","8",16,0,0
2026-08-02T17:05:00.000Z,"-865","8",16,0,0
2026-08-02T17:10:00.000Z,"-862","8",16,0,0
2026-08-02T17:15:00.000Z,"-865","8",16,0,0
2026-08-02T17:20:00.000Z,"-866","8",16,0,0
2026-08-02T17:25:00.000Z,"-860","8",16,0,0
2026-08-02T17:30:00.000Z,"-865","8",16,0,0
2026-08-02T17:35:00.000Z,"-865","8",16,0,0
2026-08-02T17:40:00.000Z,"-865","8",16,0,0
2026-08-02T17:45:00.000Z,"-871","8",16,0,0
2026-08-02T17:50:00.000Z,"-869","8",16,0,0
2026-08-02T17:55:00.000Z,"-867","8",16,0,0
2026-08-02T18:00:00.000Z,"-870","8",16,0,0
2026-08-02T18:05:00.000Z,"-875","8",16,0,0
2026-08-02T18:10:00.000Z,"-876","8",16,0,0
2026-08-02T18:15:00.000Z,"-879","8",16,0,0
2026-08-02T18:20:00.000Z,"-880","8",16,0,0
2026-08-02T18:25:00.000Z,"-877","8",16,0,0
2026-08-02T18:30:00.000Z,"-879","8",16,0,0
2026-08-02T18:35:00.000Z,"-880","8",16,0,0
2026-08-02T18:40:00.000Z,"-885","8",16,0,0
2026-08-02T18:45:00.000Z,"-884","8",16,0,0
2026-08-02T18:50:00.000Z,"-887","8",16,0,0
2026-08-02T18:55:00.000Z,"-886","8",16,0,0
2026-08-02T19:00:00.000Z,"-890","8",16,0,0
2026-08-02T19:05:00.000Z,"-892","8",16,0,0
2026-08-02T19:10:00.000Z,"-892","8",16,0,0
2026-08-02T19:15:00.000Z,"-899","8",16,0,0
2026-08-02T19:20:00.000Z,"-897","8",16,0,0
2026-08-02T19:25:00.000Z,"-900","8",16,0,0
2026-08-02T19:30:00.000Z,"-899","8",16,0,0
2026-08-02T19:35:00.000Z,"-907","8",16,0,0
2026-08-02T19:40:00.000Z,"-904","8",16,0,0
2026-08-02T19:45:00.000Z,"-910","8",16,0,0
2026-08-02T19:50:00.000Z,"-907","8",16,0,0
2026-08-02T19:55:00.000Z,"-917","8",16,0,0
2026-08-02T20:00:00.000Z,"-914","8",16,0,0
2026-08-02T20:05:00.000Z,"-922","8",16,0,0
2026-08-02T20:10:00.000Z,"-924","8",16,0,0
2026-08-02T20:15:00.000Z,"-920","8",16,0,0
2026-08-02T20:20:00.000Z,"-927","8",16,0,0
2026-08-02T20:25:00.000Z,"-935","8",16,0,0
2026-08-02T20:30:00.000Z,"-932","8",16,0,0
2026-08-02T20:35:00.000Z,"-931","8",16,0,0
2026-08-02T20:40:00.000Z,"-935","8",16,0,0
2026-08-02T20:45:00.000Z,"-939","8",16,0,0
2026-08-02T20:50:00.000Z,"-935","8",16,0,0
2026-08-02T20:55:00.000Z,"-937","8",16,0,0
2026-08-02T21:00:00.000Z,"-936","8",16,0,0
2026-08-02T21:05:00.000Z,"-936","8",16,0,0
2026-08-02T21:10:00.000Z,"-942","8",16,0,0
2026-08-02T21:15:00.000Z,"-940","8",16,0,0
2026-08-02T21:20:00.000Z,"-951","8",16,0,0
2026-08-02T21:25:00.000Z,"-950","8",16,0,0
2026-08-02T21:30:00.000Z,"-949","8",16,0,0
2026-08-02T21:35:00.000Z,"-947","8",16,0,0
2026-08-02T21:40:00.000Z,"-955","8",16,0,0
2026-08-02T21:45:00.000Z,"-952","8",16,0,0
2026-08-02T21:50:00.000Z,"-950","8",16,0,0
2026-08-02T21:55:00.000Z,"-951","8",16,0,0
2026-08-02T22:00:00.000Z,"-955","8",16,0,0
2026-08-02T22:05:00.000Z,"-952","8",16,0,0
2026-08-02T22:10:00.000Z,"-956","8",16,0,0
2026-08-02T22:15:00.000Z,"-957","8",16,0,0
2026-08-02T22:20:00.000Z,"-954","8",16,0,0
2026-08-02T22:25:00.000Z,"-954","8",16,0,0
2026-08-02T22:30:00.000Z,"-952","8",16,0,0
2026-08-02T22:35:00.000Z,"-955","8",16,0,0
2026-08-02T22:40:00.000Z,"-951","8",16,0,0
2026-08-02T22:45:00.000Z,"-954","8",16,0,0
2026-08-02T22:50:00.000Z,"-947","8",16,0,0
2026-08-02T22:55:00.000Z,"-949","8",16,0,0
2026-08-02T23:00:00.000Z,"-955","8",16,0,0
2026-08-02T23:05:00.000Z,"-951","8",16,0,0
2026-08-02T23:10:00.000Z,"-951","8",16,0,0
2026-08-02T23:15:00.000Z,"-946","8",16,0,0
2026-08-02T23:20:00.000Z,"-949","8",16,0,0
2026-08-02T23:25:00.000Z,"-942","8",16,0,0
2026-08-02T23:30:00.000Z,"-942","8",16,0,0
2026-08-02T23:35:00.000Z,"-939","8",16,0,0
2026-08-02T23:40:00.000Z,"-946","8",16,0,0
2026-08-02T23:45:00.000Z,"-939","8",16,0,0
2026-08-02T23:50:00.000Z,"-937","8",16,0,0
2026-08-02T23:55:00.000Z,"-936","8",16,0,0
2026-08-03T00:00:00.000Z,"-939","8",16,0,0
2026-08-03T00:05:00.000Z,"-936","8",16,0,0
2026-08-03T00:10:00.000Z,"-937","8",16,0,0
2026-08-03T00:15:00.000Z,"-930","8",16,0,0
2026-08-03T00:20:00.000Z,"-931","8",16,0,0
2026-08-03T00:25:00.000Z,"-927","8",16,0,0
2026-08-03T00:30:00.000Z,"-930","8",16,0,0
2026-08-03T00:35:00.000Z,"-921","8",16,0,0
2026-08-03T00:40:00.000Z,"-921","8",16,0,0
2026-08-03T00:45:00.000Z,"-917","8",16,0,0
2026-08-03T00:50:00.000Z,"-916","8",16,0,0
2026-08-03T00:55:00.000Z,"-919","8",16,0,0
2026-08-03T01:00:00.000Z,"-912","8",16,0,0
2026-08-03T01:05:00.000Z,"-911","8",16,0,0
2026-08-03T01:10:00.000Z,"-905","8",16,0,0
2026-08-03T01:15:00.000Z,"-907","8",16,0,0
2026-08-03T01:20:00.000Z,"-905","8",16,0,0
2026-08-03T01:25:00.000Z,"-904","8",16,0,0
2026-08-03T01:30:00.000Z,"-900","8",16,0,0
2026-08-03T01:35:00.000Z,"-899","8",16,0,0
2026-08-03T01:40:00.000Z,"-894","8",16,0,0
2026-08-03T01:45:00.000Z,"-891","8",16,0,0
2026-08-03T01:50:00.000Z,"-887","8",16,0,0
2026-08-03T01:55:00.000Z,"-885","8",16,0,0
2026-08-03T02:00:00.000Z,"-881","8",16,0,0
2026-08-03T02:05:00.000Z,"-876","8",16,0,0
2026-08-03T02:10:00.000Z,"-875","8",16,0,0
2026-08-03T02:15:00.000Z,"-875","8",16,0,0
2026-08-03T02:20:00.000Z,"-871","8",16,0,0
2026-08-03T02:25:00.000Z,"-866","8",16,0,0
2026-08-03T02:30:00.000Z,"-864","8",16,0,0
2026-08-03T02:35:00.000Z,"-859","8",16,0,0
2026-08-03T02:40:00.000Z,"-860","8",16,0,0
2026-08-03T02:45:00.000Z,"-854","8",16,0,0
2026-08-03T02:50:00.000Z,"-852","8",16,0,0
2026-08-03T02:55:00.000Z,"-844","8",16,0,0
2026-08-03T03:00:00.000Z,"-842","8",16,0,0
2026-08-03T03:05:00.000Z,"-844","8",16,0,0
2026-08-03T03:10:00.000Z,"-842","8",16,0,0
2026-08-03T03:15:00.000Z,"-837","8",16,0,0
2026-08-03T03:20:00.000Z,"-840","8",16,0,0
2026-08-03T03:25:00.000Z,"-835","8",16,0,0
2026-08-03T03:30:00.000Z,"-834","8",16,0,0
2026-08-03T03:35:00.000Z,"-830","8",16,0,0
2026-08-03T03:40:00.000Z,"-830","8",16,0,0
2026-08-03T03:45:00.000Z,"-830","8",16,0,0
2026-08-03T03:50:00.000Z,"-825","8",16,0,0
2026-08-03T03:55:00.000Z,"-827","8",16,0,0
2026-08-03T04:00:00.000Z,"-821","8",16,0,0
2026-08-03T04:05:00.000Z,"-824","8",16,0,0
2026-08-03T04:10:00.000Z,"-822","8",16,0,0
2026-08-03T04:15:00.000Z,"-821","8",16,0,0
2026-08-03T04:20:00.000Z,"-820","8",16,0,0
2026-08-03T04:25:00.000Z,"-821","8",16,0,0
2026-08-03T04:30:00.000Z,"-816","8",16,0,0
2026-08-03T04:35:00.000Z,"-817","8",16,0,0
2026-08-03T04:40:00.000Z,"-817","8",16,0,0
2026-08-03T04:45:00.000Z,"-819","8",16,0,0
2026-08-03T04:50:00.000Z,"-820","8",16,0,0
2026-08-03T04:55:00.000Z,"-814","8",16,0,0
2026-08-03T05:00:00.000Z,"-812","8",16,0,0
2026-08-03T05:05:00.000Z,"-819","8",16,0,0
2026-08-03T05:10:00.000Z,"-817","8",16,0,0
2026-08-03T05:15:00.000Z,"-816","8",16,0,0
2026-08-03T05:20:00.000Z,"-820","8",16,0,0
2026-08-03T05:25:00.000Z,"-821","8",16,0,0
2026-08-03T05:30:00.000Z,"-819","8",16,0,0
2026-08-03T05:35:00.000Z,"-819","8",16,0,0
2026-08-03T05:40:00.000Z,"-822","8",16,0,0
2026-08-03T05:45:00.000Z,"-821","8",16,0,0
2026-08-03T05:50:00.000Z,"-819","8",16,0,0
2026-08-03T05:55:00.000Z,"-824","8",16,0,0
2026-08-03T06:00:00.000Z,"-821","8",16,0,0
2026-08-03T06:05:00.000Z,"-825","8",16,0,0
2026-08-03T06:10:00.000Z,"-826","8",16,0,0
2026-08-03T06:15:00.000Z,"-825","8",16,0,0
2026-08-03T06:20:00.000Z,"-826","8",16,0,0
2026-08-03T06:25:00.000Z,"-825","8",16,0,0
2026-08-03T06:30:00.000Z,"-827","8",16,0,0
2026-08-03T06:35:00.000Z,"-829","8",16,0,0
2026-08-03T06:40:00.000Z,"-826","8",16,0,0
2026-08-03T06:45:00.000Z,"-831","8",16,0,0
2026-08-03T06:50:00.000Z,"-827","8",16,0,0
2026-08-03T06:55:00.000Z,"-827","8",16,0,0
2026-08-03T07:00:00.000Z,"-827","8",16,0,0
2026-08-03T07:05:00.000Z,"-825","8",16,0,0
2026-08-03T07:10:00.000Z,"-825","8",16,0,0
2026-08-03T07:15:00.000Z,"-829","8",16,0,0
2026-08-03T07:20:00.000Z,"-824","8",16,0,0
2026-08-03T07:25:00.000Z,"-826","8",16,0,0
2026-08-03T07:30:00.000Z,"-827","8",16,0,0
2026-08-03T07:35:00.000Z,"-832","8",16,0,0
2026-08-03T07:40:00.000Z,"-826","8",16,0,0
2026-08-03T07:45:00.000Z,"-830","8",16,0,0
2026-08-03T07:50:00.000Z,"-832","8",16,0,0
2026-08-03T07:55:00.000Z,"-832","8",16,0,0
2026-08-03T08:00:00.000Z,"-830","8",16,0,0
2026-08-03T08:05:00.000Z,"-837","8",16,0,0
2026-08-03T08:10:00.000Z,"-832","8",16,0,0
2026-08-03T08:15:00.000Z,"-830","8",16,0,0
2026-08-03T08:20:00.000Z,"-834","8",16,0,0
2026-08-03T08:25:00.000Z,"-832","8",16,0,0
2026-08-03T08:30:00.000Z,"-832","8",16,0,0
2026-08-03T08:35:00.000Z,"-830","8",16,0,0
2026-08-03T08:40:00.000Z,"-835","8",16,0,0
2026-08-03T08:45:00.000Z,"-832","8",16,0,0
2026-08-03T08:50:00.000Z,"-835","8",16,0,0
2026-08-03T08:55:00.000Z,"-836","8",16,0,0
2026-08-03T09:00:00.000Z,"-836","8",16,0,0
2026-08-03T09:05:00.000Z,"-837","8",16,0,0
2026-08-03T09:10:00.000Z,"-834","8",16,0,0
2026-08-03T09:15:00.000Z,"-840","8",16,0,0
2026-08-03T09:20:00.000Z,"-844","8",16,0,0
2026-08-03T09:25:00.000Z,"-841","8",16,0,0
2026-08-03T09:30:00.000Z,"-842","8",16,0,0
2026-08-03T09:35:00.000Z,"-841","8",16,0,0
2026-08-03T09:40:00.000Z,"-840","8",16,0,0
2026-08-03T09:45:00.000Z,"-840","8",16,0,0
2026-08-03T09:50:00.000Z,"-837","8",16,0,0
2026-08-03T09:55:00.000Z,"-832","8",16,0,0
2026-08-03T10:00:00.000Z,"-835","8",16,0,0
2026-08-03T10:05:00.000Z,"-839","8",16,0,0
2026-08-03T10:10:00.000Z,"-835","8",16,0,0
2026-08-03T10:15:00.000Z,"-836","8",16,0,0
2026-08-03T10:20:00.000Z,"-834","8",16,0,0
2026-08-03T10:25:00.000Z,"-835","8",16,0,0
2026-08-03T10:30:00.000Z,"-835","8",16,0,0
2026-08-03T10:35:00.000Z,"-839","8",16,0,0
2026-08-03T10:40:00.000Z,"-840","8",16,0,0
2026-08-03T10:45:00.000Z,"-839","8",16,0,0
2026-08-03T10:50:00.000Z,"-837","8",16,0,0
2026-08-03T10:55:00.000Z,"-836","8",16,0,0
2026-08-03T11:00:00.000Z,"-839","8",16,0,0
2026-08-03T11:05:00.000Z,"-842","8",16,0,0
2026-08-03T11:10:00.000Z,"-840","8",16,0,0
2026-08-03T11:15:00.000Z,"-837","8",16,0,0
2026-08-03T11:20:00.000Z,"-837","8",16,0,0
2026-08-03T11:25:00.000Z,"-836","8",16,0,0
2026-08-03T11:30:00.000Z,"-836","8",16,0,0
2026-08-03T11:35:00.000Z,"-836","8",16,0,0
2026-08-03T11:40:00.000Z,"-836","8",16,0,0
2026-08-03T11:45:00.000Z,"-836","8",16,0,0
2026-08-03T11:50:00.000Z,"-837","8",16,0,0
2026-08-03T11:55:00.000Z,"-844","8",16,0,0
2026-08-03T12:00:00.000Z,"-842","8",16,0,0
2026-08-03T12:05:00.000Z,"-841","8",16,0,0
2026-08-03T12:10:00.000Z,"-841","8",16,0,0
2026-08-03T12:15:00.000Z,"-846","8",16,0,0
2026-08-03T12:20:00.000Z,"-840","8",16,0,0
2026-08-03T12:25:00.000Z,"-844","8",16,0,0
2026-08-03T12:30:00.000Z,"-844","8",16,0,0
2026-08-03T12:35:00.000Z,"-839","8",16,0,0
2026-08-03T12:40:00.000Z,"-842","8",16,0,0
2026-08-03T12:45:00.000Z,"-839","8",16,0,0
2026-08-03T12:50:00.000Z,"-841","8",16,0,0
2026-08-03T12:55:00.000Z,"-845","8",16,0,0
2026-08-03T13:00:00.000Z,"-847","8",16,0,0
2026-08-03T13:05:00.000Z,"-844","8",16,0,0
2026-08-03T13:10:00.000Z,"-849","8",16,0,0
2026-08-03T13:15:00.000Z,"-850","8",16,0,0
2026-08-03T13:20:00.000Z,"-851","8",16,0,0
2026-08-03T13:25:00.000Z,"-855","8",16,0,0
2026-08-03T13:30:00.000Z,"-854","8",16,0,0
2026-08-03T13:35:00.000Z,"-859","8",16,0,0
2026-08-03T13:40:00.000Z,"-857","8",16,0,0
2026-08-03T13:45:00.000Z,"-860","8",16,0,0
2026-08-03T13:50:00.000Z,"-861","8",16,0,0
2026-08-03T13:55:00.000Z,"-862","8",16,0,0
2026-08-03T14:00:00.000Z,"-866","8",16,0,0
2026-08-03T14:05:00.000Z,"-869","8",16,0,0
2026-08-03T14:10:00.000Z,"-867","8",16,0,0
2026-08-03T14:15:00.000Z,"-875","8",16,0,0
2026-08-03T14:20:00.000Z,"-876","8",16,0,0
2026-08-03T14:25:00.000Z,"-870","8",16,0,0
2026-08-03T14:30:00.000Z,"-871","8",16,0,0
2026-08-03T14:35:00.000Z,"-875","8",16,0,0
2026-08-03T14:40:00.000Z,"-880","8",16,0,0
2026-08-03T14:45:00.000Z,"-885","8",16,0,0
2026-08-03T14:50:00.000Z,"-884","8",16,0,0
2026-08-03T14:55:00.000Z,"-885","8",16,0,0
2026-08-03T15:00:00.000Z,"-887","8",16,0,0
2026-08-03T15:05:00.000Z,"-886","8",16,0,0
2026-08-03T15:10:00.000Z,"-889","8",16,0,0
2026-08-03T15:15:00.000Z,"-890","8",16,0,0
2026-08-03T15:20:00.000Z,"-894","8",16,0,0
2026-08-03T15:25:00.000Z,"-890","8",16,0,0
2026-08-03T15:30:00.000Z,"-897","8",16,0,0
2026-08-03T15:35:00.000Z,"-901","8",16,0,0
2026-08-03T15:40:00.000Z,"-902","8",16,0,0
2026-08-03T15:45:00.000Z,"-901","8",16,0,0
2026-08-03T15:50:00.000Z,"-907","8",16,0,0
2026-08-03T15:55:00.000Z,"-907","8",16,0,0
2026-08-03T16:00:00.000Z,"-906","8",16,0,0
2026-08-03T16:05:00.000Z,"-910","8",16,0,0
2026-08-03T16:10:00.000Z,"-911","8",16,0,0
2026-08-03T16:15:00.000Z,"-915","8",16,0,0
2026-08-03T16:20:00.000Z,"-914","8",16,0,0
2026-08-03T16:25:00.000Z,"-915","8",16,0,0
2026-08-03T16:30:00.000Z,"-916","8",16,0,0
2026-08-03T16:35:00.000Z,"-919","8",16,0,0
2026-08-03T16:40:00.000Z,"-919","8",16,0,0
2026-08-03T16:45:00.000Z,"-919","8",16,0,0
2026-08-03T16:50:00.000Z,"-919","8",16,0,0
2026-08-03T16:55:00.000Z,"-924","8",16,0,0
2026-08-03T17:00:00.000Z,"-922","8",16,0,0
2026-08-03T17:05:00.000Z,"-922","8",16,0,0
2026-08-03T17:10:00.000Z,"-927","8",16,0,0
2026-08-03T17:15:00.000Z,"-925","8",16,0,0
2026-08-03T17:20:00.000Z,"-926","8",16,0,0
2026-08-03T17:25:00.000Z,"-927","8",16,0,0
2026-08-03T17:30:00.000Z,"-931","8",16,0,0
2026-08-03T17:35:00.000Z,"-931","8",16,0,0
2026-08-03T17:40:00.000Z,"-931","8",16,0,0
2026-08-03T17:45:00.000Z,"-931","8",16,0,0
2026-08-03T17:50:00.000Z,"-935","8",16,0,0
2026-08-03T17:55:00.000Z,"-934","8",16,0,0
2026-08-03T18:00:00.000Z,"-930","8",16,0,0
2026-08-03T18:05:00.000Z,"-929","8",16,0,0
2026-08-03T18:10:00.000Z,"-935","8",16,0,0
2026-08-03T18:15:00.000Z,"-935","8",16,0,0
2026-08-03T18:20:00.000Z,"-934","8",16,0,0
2026-08-03T18:25:00.000Z,"-935","8",16,0,0
2026-08-03T18:30:00.000Z,"-934","8",16,0,0
2026-08-03T18:35:00.000Z,"-935","8",16,0,0
2026-08-03T18:40:00.000Z,"-930","8",16,0,0
2026-08-03T18:45:00.000Z,"-934","8",16,0,0
2026-08-03T18:50:00.000Z,"-932","8",16,0,0
2026-08-03T18:55:00.000Z,"-932","8",16,0,0
2026-08-03T19:00:00.000Z,"-932","8",16,0,0
2026-08-03T19:05:00.000Z,"-935","8",16,0,0
2026-08-03T19:10:00.000Z,"-935","8",16,0,0
2026-08-03T19:15:00.000Z,"-925","8",16,0,0
2026-08-03T19:20:00.000Z,"-931","8",16,0,0
2026-08-03T19:25:00.000Z,"-924","8",16,0,0
2026-08-03T19:30:00.000Z,"-921","8",16,0,0
2026-08-03T19:35:00.000Z,"-926","8",16,0,0
2026-08-03T19:40:00.000Z,"-921","8",16,0,0
2026-08-03T19:45:00.000Z,"-925","8",16,0,0
2026-08-03T19:50:00.000Z,"-927","8",16,0,0
2026-08-03T19:55:00.000Z,"-921","8",16,0,0
2026-08-03T20:00:00.000Z,"-924","8",16,0,0
2026-08-03T20:05:00.000Z,"-919","8",16,0,0
2026-08-03T20:10:00.000Z,"-916","8",16,0,0
2026-08-03T20:15:00.000Z,"-914","8",16,0,0
2026-08-03T20:20:00.000Z,"-911","8",16,0,0
2026-08-03T20:25:00.000Z,"-907","8",16,0,0
2026-08-03T20:30:00.000Z,"-906","8",16,0,0
2026-08-03T20:35:00.000Z,"-905","8",16,0,0
2026-08-03T20:40:00.000Z,"-902","8",16,0,0
2026-08-03T20:45:00.000Z,"-900","8",16,0,0
2026-08-03T20:50:00.000Z,"-896","8",16,0,0
2026-08-03T20:55:00.000Z,"-889","8",16,0,0
2026-08-03T21:00:00.000Z,"-890","8",16,0,0
2026-08-03T21:05:00.000Z,"-885","8",16,0,0
2026-08-03T21:10:00.000Z,"-881","8",16,0,0
2026-08-03T21:15:00.000Z,"-879","8",16,0,0
2026-08-03T21:20:00.000Z,"-876","8",16,0,0
2026-08-03T21:25:00.000Z,"-871","8",16,0,0
2026-08-03T21:30:00.000Z,"-870","8",16,0,0
2026-08-03T21:35:00.000Z,"-864","8",16,0,0
2026-08-03T21:40:00.000Z,"-861","8",16,0,0
2026-08-03T21:45:00.000Z,"-856","8",16,0,0
2026-08-03T21:50:00.000Z,"-856","8",16,0,0
2026-08-03T21:55:00.000Z,"-850","8",16,0,0
2026-08-03T22:00:00.000Z,"-847","8",16,0,0
2026-08-03T22:05:00.000Z,"-841","8",16,0,0
2026-08-03T22:10:00.000Z,"-837","8",16,0,0
2026-08-03T22:15:00.000Z,"-834","8",16,0,0
2026-08-03T22:20:00.000Z,"-830","8",16,0,0
2026-08-03T22:25:00.000Z,"-827","8",16,0,0
2026-08-03T22:30:00.000Z,"-817","8",16,0,0
2026-08-03T22:35:00.000Z,"-811","8",16,0,0
2026-08-03T22:40:00.000Z,"-811","8",16,0,0
2026-08-03T22:45:00.000Z,"-804","8",16,0,0
2026-08-03T22:50:00.000Z,"-801","8",16,0,0
2026-08-03T22:55:00.000Z,"-795","8",16,0,0
2026-08-03T23:00:00.000Z,"-791","8",16,0,0
2026-08-03T23:05:00.000Z,"-787","8",16,0,0
2026-08-03T23:10:00.000Z,"-785","8",16,0,0
2026-08-03T23:15:00.000Z,"-776","8",16,0,0
2026-08-03T23:20:00.000Z,"-770","8",16,0,0
2026-08-03T23:25:00.000Z,"-766","8",16,0,0
2026-08-03T23:30:00.000Z,"-761","8",16,0,0
2026-08-03T23:35:00.000Z,"-760","8",16,0,0
2026-08-03T23:40:00.000Z,"-751","8",16,0,0
2026-08-03T23:45:00.000Z,"-744","8",16,0,0
2026-08-03T23:50:00.000Z,"-744","8",16,0,0
2026-08-03T23:55:00.000Z,"-737","8",16,0,0
2026-08-04T00:00:00.000Z,"-730","8",16,0,0
2026-08-04T00:05:00.000Z,"-726","8",16,0,0
2026-08-04T00:10:00.000Z,"-724","8",16,0,0
2026-08-04T00:15:00.000Z,"-716","8",16,0,0
2026-08-04T00:20:00.000Z,"-712","8",16,0,0
2026-08-04T00:25:00.000Z,"-707","8",16,0,0
2026-08-04T00:30:00.000Z,"-705","8",16,0,0
2026-08-04T00:35:00.000Z,"-702","8",16,0,0
2026-08-04T00:40:00.000Z,"-697","8",16,0,0
2026-08-04T00:45:00.000Z,"-697","8",16,0,0
2026-08-04T00:50:00.000Z,"-695","8",16,0,0
2026-08-04T00:55:00.000Z,"-689","8",16,0,0
2026-08-04T01:00:00.000Z,"-687","8",16,0,0
2026-08-04T01:05:00.000Z,"-689","8",16,0,0
2026-08-04T01:10:00.000Z,"-684","8",16,0,0
2026-08-04T01:15:00.000Z,"-684","8",16,0,0
2026-08-04T01:20:00.000Z,"-684","8",16,0,0
2026-08-04T01:25:00.000Z,"-680","8",16,0,0
2026-08-04T01:30:00.000Z,"-677","8",16,0,0
2026-08-04T01:35:00.000Z,"-677","8",16,0,0
2026-08-04T01:40:00.000Z,"-680","8",16,0,0
2026-08-04T01:45:00.000Z,"-681","8",16,0,0
2026-08-04T01:50:00.000Z,"-680","8",16,0,0
2026-08-04T01:55:00.000Z,"-677","8",16,0,0
2026-08-04T02:00:00.000Z,"-675","8",16,0,0
2026-08-04T02:05:00.000Z,"-679","8",16,0,0
2026-08-04T02:10:00.000Z,"-681","8",16,0,0
2026-08-04T02:15:00.000Z,"-681","8",16,0,0
2026-08-04T02:20:00.000Z,"-679","8",16,0,0
2026-08-04T02:25:00.000Z,"-684","8",16,0,0
2026-08-04T02:30:00.000Z,"-687","8",16,0,0
2026-08-04T02:35:00.000Z,"-687","8",16,0,0
2026-08-04T02:40:00.000Z,"-684","8",16,0,0
2026-08-04T02:45:00.000Z,"-691","8",16,0,0
2026-08-04T02:50:00.000Z,"-690","8",16,0,0
2026-08-04T02:55:00.000Z,"-690","8",16,0,0
2026-08-04T03:00:00.000Z,"-691","8",16,0,0
2026-08-04T03:05:00.000Z,"-694","8",16,0,0
2026-08-04T03:10:00.000Z,"-699","8",16,0,0
2026-08-04T03:15:00.000Z,"-695","8",16,0,0
2026-08-04T03:20:00.000Z,"-702","8",16,0,0
2026-08-04T03:25:00.000Z,"-701","8",16,0,0
2026-08-04T03:30:00.000Z,"-702","8",16,0,0
2026-08-04T03:35:00.000Z,"-707","8",16,0,0
2026-08-04T03:40:00.000Z,"-706","8",16,0,0
2026-08-04T03:45:00.000Z,"-709","8",16,0,0
2026-08-04T03:50:00.000Z,"-709","8",16,0,0
2026-08-04T03:55:00.000Z,"-710","8",16,0,0
2026-08-04T04:00:00.000Z,"-712","8",16,0,0
2026-08-04T04:05:00.000Z,"-712","8",16,0,0
2026-08-04T04:10:00.000Z,"-722","8",16,0,0
2026-08-04T04:15:00.000Z,"-716","8",16,0,0
2026-08-04T04:20:00.000Z,"-722","8",16,0,0
2026-08-04T04:25:00.000Z,"-725","8",16,0,0
2026-08-04T04:30:00.000Z,"-725","8",16,0,0
2026-08-04T04:35:00.000Z,"-726","8",16,0,0
2026-08-04T04:40:00.000Z,"-726","8",16,0,0
2026-08-04T04:45:00.000Z,"-732","8",16,0,0
2026-08-04T04:50:00.000Z,"-734","8",16,0,0
2026-08-04T04:55:00.000Z,"-730","8",16,0,0
2026-08-04T05:00:00.000Z,"-735","8",16,0,0
2026-08-04T05:05:00.000Z,"-732","8",16,0,0
2026-08-04T05:10:00.000Z,"-735","8",16,0,0
2026-08-04T05:15:00.000Z,"-740","8",16,0,0
2026-08-04T05:20:00.000Z,"-741","8",16,0,0
2026-08-04T05:25:00.000Z,"-739","8",16,0,0
2026-08-04T05:30:00.000Z,"-741","8",16,0,0
2026-08-04T05:35:00.000Z,"-745","8",16,0,0
2026-08-04T05:40:00.000Z,"-747","8",16,0,0
2026-08-04T05:45:00.000Z,"-746","8",16,0,0
2026-08-04T05:50:00.000Z,"-749","8",16,0,0
2026-08-04T05:55:00.000Z,"-747","8",16,0,0
2026-08-04T06:00:00.000Z,"-749","8",16,0,0
2026-08-04T06:05:00.000Z,"-750","8",16,0,0
2026-08-04T06:10:00.000Z,"-752","8",16,0,0
2026-08-04T06:15:00.000Z,"-750","8",16,0,0
2026-08-04T06:20:00.000Z,"-755","8",16,0,0
2026-08-04T06:25:00.000Z,"-755","8",16,0,0
2026-08-04T06:30:00.000Z,"-756","8",16,0,0
2026-08-04T06:35:00.000Z,"-757","8",16,0,0
2026-08-04T06:40:00.000Z,"-761","8",16,0,0
2026-08-04T06:45:00.000Z,"-760","8",16,0,0
2026-08-04T06:50:00.000Z,"-761","8",16,0,0
2026-08-04T06:55:00.000Z,"-759","8",16,0,0
2026-08-04T07:00:00.000Z,"-762","8",16,0,0
2026-08-04T07:05:00.000Z,"-761","8",16,0,0
2026-08-04T07:10:00.000Z,"-765","8",16,0,0
2026-08-04T07:15:00.000Z,"-761","8",16,0,0
2026-08-04T07:20:00.000Z,"-761","8",16,0,0
2026-08-04T07:25:00.000Z,"-760","8",16,0,0
2026-08-04T07:30:00.000Z,"-762","8",16,0,0
2026-08-04T07:35:00.000Z,"-764","8",16,0,0
2026-08-04T07:40:00.000Z,"-764","8",16,0,0
2026-08-04T07:45:00.000Z,"-765","8",16,0,0
2026-08-04T07:50:00.000Z,"-762","8",16,0,0
2026-08-04T07:55:00.000Z,"-759","8",16,0,0
2026-08-04T08:00:00.000Z,"-762","8",16,0,0
2026-08-04T08:05:00.000Z,"-764","8",16,0,0
2026-08-04T08:10:00.000Z,"-766","8",16,0,0
2026-08-04T08:15:00.000Z,"-760","8",16,0,0
2026-08-04T08:20:00.000Z,"-764","8",16,0,0
2026-08-04T08:25:00.000Z,"-766","8",16,0,0
2026-08-04T08:30:00.000Z,"-764","8",16,0,0
2026-08-04T08:35:00.000Z,"-766","8",16,0,0
2026-08-04T08:40:00.000Z,"-761","8",16,0,0
2026-08-04T08:45:00.000Z,"-762","8",16,0,0
2026-08-04T08:50:00.000Z,"-762","8",16,0,0
2026-08-04T08:55:00.000Z,"-759","8",16,0,0
2026-08-04T09:00:00.000Z,"-755","8",16,0,0
2026-08-04T09:05:00.000Z,"-764","8",16,0,0
2026-08-04T09:10:00.000Z,"-755","8",16,0,0
2026-08-04T09:15:00.000Z,"-762","8",16,0,0
2026-08-04T09:20:00.000Z,"-756","8",16,0,0
2026-08-04T09:25:00.000Z,"-756","8",16,0,0
2026-08-04T09:30:00.000Z,"-756","8",16,0,0
2026-08-04T09:35:00.000Z,"-754","8",16,0,0
2026-08-04T09:40:00.000Z,"-754","8",16,0,0
2026-08-04T09:45:00.000Z,"-755","8",16,0,0
2026-08-04T09:50:00.000Z,"-754","8",16,0,0
2026-08-04T09:55:00.000Z,"-752","8",16,0,0
2026-08-04T10:00:00.000Z,"-756","8",16,0,0
2026-08-04T10:05:00.000Z,"-756","8",16,0,0
2026-08-04T10:10:00.000Z,"-752","8",16,0,0
2026-08-04T10:15:00.000Z,"-752","8",16,0,0
2026-08-04T10:20:00.000Z,"-754","8",16,0,0
2026-08-04T10:25:00.000Z,"-751","8",16,0,0
2026-08-04T10:30:00.000Z,"-749","8",16,0,0
2026-08-04T10:35:00.000Z,"-750","8",16,0,0
2026-08-04T10:40:00.000Z,"-754","8",16,0,0
2026-08-04T10:45:00.000Z,"-754","8",16,0,0
2026-08-04T10:50:00.000Z,"-747","8",16,0,0
2026-08-04T10:55:00.000Z,"-745","8",16,0,0
2026-08-04T11:00:00.000Z,"-750","8",16,0,0
2026-08-04T11:05:00.000Z,"-749","8",16,0,0
2026-08-04T11:10:00.000Z,"-747","8",16,0,0
2026-08-04T11:15:00.000Z,"-746","8",16,0,0
2026-08-04T11:20:00.000Z,"-746","8",16,0,0
2026-08-04T11:25:00.000Z,"-746","8",16,0,0
2026-08-04T11:30:00.000Z,"-746","8",16,0,0
2026-08-04T11:35:00.000Z,"-741","8",16,0,0
2026-08-04T11:40:00.000Z,"-744","8",16,0,0
2026-08-04T11:45:00.000Z,"-742","8",16,0,0
2026-08-04T11:50:00.000Z,"-741","8",16,0,0
2026-08-04T11:55:00.000Z,"-741","8",16,0,0
2026-08-04T12:00:00.000Z,"-745","8",16,0,0
2026-08-04T12:05:00.000Z,"-740","8",16,0,0
2026-08-04T12:10:00.000Z,"-740","8",16,0,0
2026-08-04T12:15:00.000Z,"-739","8",16,0,0
2026-08-04T12:20:00.000Z,"-737","8",16,0,0
2026-08-04T12:25:00.000Z,"-739","8",16,0,0
2026-08-04T12:30:00.000Z,"-735","8",16,0,0
2026-08-04T12:35:00.000Z,"-736","8",16,0,0
2026-08-04T12:40:00.000Z,"-736","8",16,0,0
2026-08-04T12:45:00.000Z,"-730","8",16,0,0
2026-08-04T12:50:00.000Z,"-729","8",16,0,0
2026-08-04T12:55:00.000Z,"-730","8",16,0,0
2026-08-04T13:00:00.000Z,"-727","8",16,0,0
2026-08-04T13:05:00.000Z,"-726","8",16,0,0
2026-08-04T13:10:00.000Z,"-725","8",16,0,0
2026-08-04T13:15:00.000Z,"-725","8",16,0,0
2026-08-04T13:20:00.000Z,"-722","8",16,0,0
2026-08-04T13:25:00.000Z,"-716","8",16,0,0
2026-08-04T13:30:00.000Z,"-716","8",16,0,0
2026-08-04T13:35:00.000Z,"-712","8",16,0,0
2026-08-04T13:40:00.000Z,"-710","8",16,0,0
2026-08-04T13:45:00.000Z,"-705","8",16,0,0
2026-08-04T13:50:00.000Z,"-709","8",16,0,0
2026-08-04T13:55:00.000Z,"-701","8",16,0,0
2026-08-04T14:00:00.000Z,"-697","8",16,0,0
2026-08-04T14:05:00.000Z,"-689","8",16,0,0
2026-08-04T14:10:00.000Z,"-694","8",16,0,0
2026-08-04T14:15:00.000Z,"-691","8",16,0,0
2026-08-04T14:20:00.000Z,"-687","8",16,0,0
2026-08-04T14:25:00.000Z,"-682","8",16,0,0
2026-08-04T14:30:00.000Z,"-681","8",16,0,0
2026-08-04T14:35:00.000Z,"-672","8",16,0,0
2026-08-04T14:40:00.000Z,"-679","8",16,0,0
2026-08-04T14:45:00.000Z,"-677","8",16,0,0
2026-08-04T14:50:00.000Z,"-669","8",16,0,0
2026-08-04T14:55:00.000Z,"-667","8",16,0,0
2026-08-04T15:00:00.000Z,"-659","8",16,0,0
2026-08-04T15:05:00.000Z,"-666","8",16,0,0
2026-08-04T15:10:00.000Z,"-661","8",16,0,0
2026-08-04T15:15:00.000Z,"-652","8",16,0,0
2026-08-04T15:20:00.000Z,"-654","8",16,0,0
2026-08-04T15:25:00.000Z,"-649","8",16,0,0
2026-08-04T15:30:00.000Z,"-654","8",16,0,0
2026-08-04T15:35:00.000Z,"-647","8",16,0,0
2026-08-04T15:40:00.000Z,"-644","8",16,0,0
2026-08-04T15:45:00.000Z,"-644","8",16,0,0
2026-08-04T15:50:00.000Z,"-636","8",16,0,0
2026-08-04T15:55:00.000Z,"-632","8",16,0,0
2026-08-04T16:00:00.000Z,"-631","8",16,0,0
2026-08-04T16:05:00.000Z,"-631","8",16,0,0
2026-08-04T16:10:00.000Z,"-627","8",16,0,0
2026-08-04T16:15:00.000Z,"-622","8",16,0,0
2026-08-04T16:20:00.000Z,"-621","8",16,0,0
2026-08-04T16:25:00.000Z,"-621","8",16,0,0
2026-08-04T16:30:00.000Z,"-616","8",16,0,0
2026-08-04T16:35:00.000Z,"-614","8",16,0,0
2026-08-04T16:40:00.000Z,"-610","8",16,0,0
2026-08-04T16:45:00.000Z,"-604","8",16,0,0
2026-08-04T16:50:00.000Z,"-604","8",16,0,0
2026-08-04T16:55:00.000Z,"-601","8",16,0,0
2026-08-04T17:00:00.000Z,"-596","8",16,0,0
2026-08-04T17:05:00.000Z,"-596","8",16,0,0
2026-08-04T17:10:00.000Z,"-594","8",16,0,0
2026-08-04T17:15:00.000Z,"-594","8",16,0,0
2026-08-04T17:20:00.000Z,"-590","8",16,0,0
2026-08-04T17:25:00.000Z,"-585","8",16,0,0
2026-08-04T17:30:00.000Z,"-584","8",16,0,0
2026-08-04T17:35:00.000Z,"-581","8",16,0,0
2026-08-04T17:40:00.000Z,"-579","8",16,0,0
2026-08-04T17:45:00.000Z,"-576","8",16,0,0
2026-08-04T17:50:00.000Z,"-575","8",16,0,0
2026-08-04T17:55:00.000Z,"-572","8",16,0,0
2026-08-04T18:00:00.000Z,"-571","8",16,0,0
2026-08-04T18:05:00.000Z,"-567","8",16,0,0
2026-08-04T18:10:00.000Z,"-567","8",16,0,0
2026-08-04T18:15:00.000Z,"-566","8",16,0,0
2026-08-04T18:20:00.000Z,"-564","8",16,0,0
2026-08-04T18:25:00.000Z,"-561","8",16,0,0
2026-08-04T18:30:00.000Z,"-561","8",16,0,0
2026-08-04T18:35:00.000Z,"-557","8",16,0,0
2026-08-04T18:40:00.000Z,"-556","8",16,0,0
2026-08-04T18:45:00.000Z,"-555","8",16,0,0
2026-08-04T18:50:00.000Z,"-554","8",16,0,0
2026-08-04T18:55:00.000Z,"-551","8",16,0,0
2026-08-04T19:00:00.000Z,"-549","8",16,0,0
2026-08-04T19:05:00.000Z,"-547","8",16,0,0
2026-08-04T19:10:00.000Z,"-545","8",16,0,0
2026-08-04T19:15:00.000Z,"-544","8",16,0,0
2026-08-04T19:20:00.000Z,"-537","8",16,0,0
2026-08-04T19:25:00.000Z,"-534","8",16,0,0
2026-08-04T19:30:00.000Z,"-531","8",16,0,0
2026-08-04T19:35:00.000Z,"-527","8",16,0,0
2026-08-04T19:40:00.000Z,"-525","8",16,0,0
2026-08-04T19:45:00.000Z,"-519","8",16,0,0
2026-08-04T19:50:00.000Z,"-517","8",16,0,0
2026-08-04T19:55:00.000Z,"-515","8",16,0,0
2026-08-04T20:00:00.000Z,"-510","8",16,0,0
2026-08-04T20:05:00.000Z,"-506","8",16,0,0
2026-08-04T20:10:00.000Z,"-506","8",16,0,0
2026-08-04T20:15:00.000Z,"-501","8",16,0,0
2026-08-04T20:20:00.000Z,"-497","8",16,0,0
2026-08-04T20:25:00.000Z,"-491","8",16,0,0
2026-08-04T20:30:00.000Z,"-489","8",16,0,0
2026-08-04T20:35:00.000Z,"-487","8",16,0,0
2026-08-04T20:40:00.000Z,"-481","8",16,0,0
2026-08-04T20:45:00.000Z,"-475","8",16,0,0
2026-08-04T20:50:00.000Z,"-470","8",16,0,0
2026-08-04T20:55:00.000Z,"-465","8",16,0,0
2026-08-04T21:00:00.000Z,"-462","8",16,0,0
2026-08-04T21:05:00.000Z,"-455","8",16,0,0
2026-08-04T21:10:00.000Z,"-456","8",16,0,0
2026-08-04T21:15:00.000Z,"-456","8",16,0,0
2026-08-04T21:20:00.000Z,"-451","8",16,0,0
2026-08-04T21:25:00.000Z,"-450","8",16,0,0
2026-08-04T21:30:00.000Z,"-451","8",16,0,0
2026-08-04T21:35:00.000Z,"-450","8",16,0,0
2026-08-04T21:40:00.000Z,"-451","8",16,0,0
2026-08-04T21:45:00.000Z,"-451","8",16,0,0
2026-08-04T21:50:00.000Z,"-452","8",16,0,0
2026-08-04T21:55:00.000Z,"-454","8",16,0,0
2026-08-04T22:00:00.000Z,"-460","8",16,0,0
2026-08-04T22:05:00.000Z,"-457","8",16,0,0
2026-08-04T22:10:00.000Z,"-466","8",16,0,0
2026-08-04T22:15:00.000Z,"-462","8",16,0,0
2026-08-04T22:20:00.000Z,"-469","8",16,0,0
2026-08-04T22:25:00.000Z,"-469","8",16,0,0
2026-08-04T22:30:00.000Z,"-474","8",16,0,0
2026-08-04T22:35:00.000Z,"-474","8",16,0,0
2026-08-04T22:40:00.000Z,"-477","8",16,0,0
2026-08-04T22:45:00.000Z,"-475","8",16,0,0
2026-08-04T22:50:00.000Z,"-479","8",16,0,0
2026-08-04T22:55:00.000Z,"-481","8",16,0,0
2026-08-04T23:00:00.000Z,"-480","8",16,0,0
2026-08-04T23:05:00.000Z,"-482","8",16,0,0
2026-08-04T23:10:00.000Z,"-487","8",16,0,0
2026-08-04T23:15:00.000Z,"-489","8",16,0,0
2026-08-04T23:20:00.000Z,"-495","8",16,0,0
2026-08-04T23:25:00.000Z,"-495","8",16,0,0
2026-08-04T23:30:00.000Z,"-497","8",16,0,0
2026-08-04T23:35:00.000Z,"-501","8",16,0,0
2026-08-04T23:40:00.000Z,"-502","8",16,0,0
2026-08-04T23:45:00.000Z,"-507","8",16,0,0
2026-08-04T23:50:00.000Z,"-510","8",16,0,0
2026-08-04T23:55:00.000Z,"-514","8",16,0,0
2026-08-05T00:00:00.000Z,"-516","8",16,0,0
2026-08-05T00:05:00.000Z,"-521","8",16,0,0
2026-08-05T00:10:00.000Z,"-524","8",16,0,0
2026-08-05T00:15:00.000Z,"-527","8",16,0,0
2026-08-05T00:20:00.000Z,"-527","8",16,0,0
2026-08-05T00:25:00.000Z,"-532","8",16,0,0
2026-08-05T00:30:00.000Z,"-537","8",16,0,0
2026-08-05T00:35:00.000Z,"-537","8",16,0,0
2026-08-05T00:40:00.000Z,"-539","8",16,0,0
2026-08-05T00:45:00.000Z,"-544","8",16,0,0
2026-08-05T00:50:00.000Z,"-549","8",16,0,0
2026-08-05T00:55:00.000Z,"-550","8",16,0,0
2026-08-05T01:00:00.000Z,"-554","8",16,0,0
2026-08-05T01:05:00.000Z,"-554","8",16,0,0
2026-08-05T01:10:00.000Z,"-555","8",16,0,0
2026-08-05T01:15:00.000Z,"-556","8",16,0,0
2026-08-05T01:20:00.000Z,"-560","8",16,0,0
2026-08-05T01:25:00.000Z,"-562","8",16,0,0
2026-08-05T01:30:00.000Z,"-566","8",16,0,0
2026-08-05T01:35:00.000Z,"-565","8",16,0,0
2026-08-05T01:40:00.000Z,"-569","8",16,0,0
2026-08-05T01:45:00.000Z,"-570","8",16,0,0
2026-08-05T01:50:00.000Z,"-571","8",16,0,0
2026-08-05T01:55:00.000Z,"-574","8",16,0,0
2026-08-05T02:00:00.000Z,"-575","8",16,0,0
2026-08-05T02:05:00.000Z,"-575","8",16,0,0
2026-08-05T02:10:00.000Z,"-577","8",16,0,0
2026-08-05T02:15:00.000Z,"-576","8",16,0,0
2026-08-05T02:20:00.000Z,"-579","8",16,0,0
2026-08-05T02:25:00.000Z,"-577","8",16,0,0
2026-08-05T02:30:00.000Z,"-579","8",16,0,0
2026-08-05T02:35:00.000Z,"-579","8",16,0,0
2026-08-05T02:40:00.000Z,"-580","8",16,0,0
2026-08-05T02:45:00.000Z,"-579","8",16,0,0
2026-08-05T02:50:00.000Z,"-580","8",16,0,0
2026-08-05T02:55:00.000Z,"-580","8",16,0,0
2026-08-05T03:00:00.000Z,"-580","8",16,0,0
2026-08-05T03:05:00.000Z,"-580","8",16,0,0
2026-08-05T03:10:00.000Z,"-581","8",16,0,0
2026-08-05T03:15:00.000Z,"-580","8",16,0,0
2026-08-05T03:20:00.000Z,"-580","8",16,0,0
2026-08-05T03:25:00.000Z,"-579","8",16,0,0
2026-08-05T03:30:00.000Z,"-577","8",16,0,0
2026-08-05T03:35:00.000Z,"-579","8",16,0,0
2026-08-05T03:40:00.000Z,"-576","8",16,0,0
2026-08-05T03:45:00.000Z,"-575","8",16,0,0
2026-08-05T03:50:00.000Z,"-575","8",16,0,0
2026-08-05T03:55:00.000Z,"-574","8",16,0,0
2026-08-05T04:00:00.000Z,"-572","8",16,0,0
2026-08-05T04:05:00.000Z,"-571","8",16,0,0
2026-08-05T04:10:00.000Z,"-569","8",16,0,0
2026-08-05T04:15:00.000Z,"-566","8",16,0,0
2026-08-05T04:20:00.000Z,"-566","8",16,0,0
2026-08-05T04:25:00.000Z,"-565","8",16,0,0
2026-08-05T04:30:00.000Z,"-562","8",16,0,0
2026-08-05T04:35:00.000Z,"-560","8",16,0,0
2026-08-05T04:40:00.000Z,"-560","8",16,0,0
2026-08-05T04:45:00.000Z,"-555","8",16,0,0
2026-08-05T04:50:00.000Z,"-556","8",16,0,0
2026-08-05T04:55:00.000Z,"-551","8",16,0,0
2026-08-05T05:00:00.000Z,"-550","8",16,0,0
2026-08-05T05:05:00.000Z,"-546","8",16,0,0
2026-08-05T05:10:00.000Z,"-542","8",16,0,0
2026-08-05T05:15:00.000Z,"-539","8",16,0,0
2026-08-05T05:20:00.000Z,"-537","8",16,0,0
2026-08-05T05:25:00.000Z,"-536","8",16,0,0
2026-08-05T05:30:00.000Z,"-530","8",16,0,0
2026-08-05T05:35:00.000Z,"-529","8",16,0,0
2026-08-05T05:40:00.000Z,"-526","8",16,0,0
2026-08-05T05:45:00.000Z,"-521","8",16,0,0
2026-08-05T05:50:00.000Z,"-520","8",16,0,0
2026-08-05T05:55:00.000Z,"-516","8",16,0,0
2026-08-05T06:00:00.000Z,"-514","8",16,0,0
2026-08-05T06:05:00.000Z,"-509","8",16,0,0
2026-08-05T06:10:00.000Z,"-506","8",16,0,0
2026-08-05T06:15:00.000Z,"-502","8",16,0,0
2026-08-05T06:20:00.000Z,"-501","8",16,0,0
2026-08-05T06:25:00.000Z,"-496","8",16,0,0
2026-08-05T06:30:00.000Z,"-494","8",16,0,0
2026-08-05T06:35:00.000Z,"-491","8",16,0,0
2026-08-05T06:40:00.000Z,"-487","8",16,0,0
2026-08-05T06:45:00.000Z,"-485","8",16,0,0
2026-08-05T06:50:00.000Z,"-481","8",16,0,0
2026-08-05T06:55:00.000Z,"-480","8",16,0,0
2026-08-05T07:00:00.000Z,"-476","8",16,0,0
2026-08-05T07:05:00.000Z,"-474","8",16,0,0
2026-08-05T07:10:00.000Z,"-472","8",16,0,0
2026-08-05T07:15:00.000Z,"-472","8",16,0,0
2026-08-05T07:20:00.000Z,"-470","8",16,0,0
2026-08-05T07:25:00.000Z,"-467","8",16,0,0
2026-08-05T07:30:00.000Z,"-466","8",16,0,0
2026-08-05T07:35:00.000Z,"-462","8",16,0,0
2026-08-05T07:40:00.000Z,"-462","8",16,0,0
2026-08-05T07:45:00.000Z,"-461","8",16,0,0
2026-08-05T07:50:00.000Z,"-464","8",16,0,0
2026-08-05T07:55:00.000Z,"-462","8",16,0,0
2026-08-05T08:00:00.000Z,"-464","8",16,0,0
2026-08-05T08:05:00.000Z,"-456","8",16,0,0
2026-08-05T08:10:00.000Z,"-455","8",16,0,0
2026-08-05T08:15:00.000Z,"-456","8",16,0,0
2026-08-05T08:20:00.000Z,"-455","8",16,0,0
2026-08-05T08:25:00.000Z,"-456","8",16,0,0
2026-08-05T08:30:00.000Z,"-456","8",16,0,0
2026-08-05T08:35:00.000Z,"-457","8",16,0,0
2026-08-05T08:40:00.000Z,"-457","8",16,0,0
2026-08-05T08:45:00.000Z,"-459","8",16,0,0
2026-08-05T08:50:00.000Z,"-459","8",16,0,0
2026-08-05T08:55:00.000Z,"-462","8",16,0,0
2026-08-05T09:00:00.000Z,"-464","8",16,0,0
2026-08-05T09:05:00.000Z,"-469","8",16,0,0
2026-08-05T09:10:00.000Z,"-472","8",16,0,0
2026-08-05T09:15:00.000Z,"-467","8",16,0,0
2026-08-05T09:20:00.000Z,"-471","8",16,0,0
2026-08-05T09:25:00.000Z,"-481","8",16,0,0
2026-08-05T09:30:00.000Z,"-482","8",16,0,0
2026-08-05T09:35:00.000Z,"-487","8",16,0,0
2026-08-05T09:40:00.000Z,"-489","8",16,0,0
2026-08-05T09:45:00.000Z,"-489","8",16,0,0
2026-08-05T09:50:00.000Z,"-492","8",16,0,0
2026-08-05T09:55:00.000Z,"-494","8",16,0,0
2026-08-05T10:00:00.000Z,"-492","8",16,0,0
2026-08-05T10:05:00.000Z,"-499","8",16,0,0
2026-08-05T10:10:00.000Z,"-501","8",16,0,0
2026-08-05T10:15:00.000Z,"-500","8",16,0,0
2026-08-05T10:20:00.000Z,"-504","8",16,0,0
2026-08-05T10:25:00.000Z,"-506","8",16,0,0
2026-08-05T10:30:00.000Z,"-514","8",16,0,0
2026-08-05T10:35:00.000Z,"-516","8",16,0,0
2026-08-05T10:40:00.000Z,"-516","8",16,0,0
2026-08-05T10:45:00.000Z,"-524","8",16,0,0
2026-08-05T10:50:00.000Z,"-522","8",16,0,0
2026-08-05T10:55:00.000Z,"-524","8",16,0,0
2026-08-05T11:00:00.000Z,"-530","8",16,0,0
2026-08-05T11:05:00.000Z,"-535","8",16,0,0
2026-08-05T11:10:00.000Z,"-536","8",16,0,0
2026-08-05T11:15:00.000Z,"-540","8",16,0,0
2026-08-05T11:20:00.000Z,"-551","8",16,0,0
2026-08-05T11:25:00.000Z,"-545","8",16,0,0
2026-08-05T11:30:00.000Z,"-556","8",16,0,0
2026-08-05T11:35:00.000Z,"-549","8",16,0,0
2026-08-05T11:40:00.000Z,"-560","8",16,0,0
2026-08-05T11:45:00.000Z,"-565","8",16,0,0
2026-08-05T11:50:00.000Z,"-571","8",16,0,0
2026-08-05T11:55:00.000Z,"-574","8",16,0,0
2026-08-05T12:00:00.000Z,"-572","8",16,0,0
2026-08-05T12:05:00.000Z,"-581","8",16,0,0
2026-08-05T12:10:00.000Z,"-582","8",16,0,0
2026-08-05T12:15:00.000Z,"-589","8",16,0,0
2026-08-05T12:20:00.000Z,"-587","8",16,0,0
2026-08-05T12:25:00.000Z,"-585","8",16,0,0
2026-08-05T12:30:00.000Z,"-590","8",16,0,0
2026-08-05T12:35:00.000Z,"-599","8",16,0,0
2026-08-05T12:40:00.000Z,"-601","8",16,0,0
2026-08-05T12:45:00.000Z,"-602","8",16,0,0
2026-08-05T12:50:00.000Z,"-609","8",16,0,0
2026-08-05T12:55:00.000Z,"-620","8",16,0,0
2026-08-05T13:00:00.000Z,"-622","8",16,0,0
2026-08-05T13:05:00.000Z,"-627","8",16,0,0
2026-08-05T13:10:00.000Z,"-629","8",16,0,0
2026-08-05T13:15:00.000Z,"-635","8",16,0,0
2026-08-05T13:20:00.000Z,"-639","8",16,0,0
2026-08-05T13:25:00.000Z,"-642","8",16,0,0
2026-08-05T13:30:00.000Z,"-650","8",16,0,0
2026-08-05T13:35:00.000Z,"-654","8",16,0,0
2026-08-05T13:40:00.000Z,"-664","8",16,0,0
2026-08-05T13:45:00.000Z,"-669","8",16,0,0
2026-08-05T13:50:00.000Z,"-669","8",16,0,0
2026-08-05T13:55:00.000Z,"-674","8",16,0,0
2026-08-05T14:00:00.000Z,"-680","8",16,0,0
2026-08-05T14:05:00.000Z,"-686","8",16,0,0
2026-08-05T14:10:00.000Z,"-690","8",16,0,0
2026-08-05T14:15:00.000Z,"-687","8",16,0,0
2026-08-05T14:20:00.000Z,"-695","8",16,0,0
2026-08-05T14:25:00.000Z,"-702","8",16,0,0
2026-08-05T14:30:00.000Z,"-704","8",16,0,0
2026-08-05T14:35:00.000Z,"-715","8",16,0,0
2026-08-05T14:40:00.000Z,"-716","8",16,0,0
2026-08-05T14:45:00.000Z,"-715","8",16,0,0
2026-08-05T14:50:00.000Z,"-724","8",16,0,0
2026-08-05T14:55:00.000Z,"-726","8",16,0,0
2026-08-05T15:00:00.000Z,"-726","8",16,0,0
2026-08-05T15:05:00.000Z,"-734","8",16,0,0
2026-08-05T15:10:00.000Z,"-732","8",16,0,0
2026-08-05T15:15:00.000Z,"-745","8",16,0,0
2026-08-05T15:20:00.000Z,"-742","8",16,0,0
2026-08-05T15:25:00.000Z,"-741","8",16,0,0
2026-08-05T15:30:00.000Z,"-751","8",16,0,0
2026-08-05T15:35:00.000Z,"-754","8",16,0,0
2026-08-05T15:40:00.000Z,"-756","8",16,0,0
2026-08-05T15:45:00.000Z,"-760","8",16,0,0
2026-08-05T15:50:00.000Z,"-761","8",16,0,0
2026-08-05T15:55:00.000Z,"-767","8",16,0,0
2026-08-05T16:00:00.000Z,"-771","8",16,0,0
2026-08-05T16:05:00.000Z,"-772","8",16,0,0
2026-08-05T16:10:00.000Z,"-774","8",16,0,0
2026-08-05T16:15:00.000Z,"-784","8",16,0,0
2026-08-05T16:20:00.000Z,"-780","8",16,0,0
2026-08-05T16:25:00.000Z,"-786","8",16,0,0
2026-08-05T16:30:00.000Z,"-787","8",16,0,0
2026-08-05T16:35:00.000Z,"-787","8",16,0,0
2026-08-05T16:40:00.000Z,"-789","8",16,0,0
2026-08-05T16:45:00.000Z,"-791","8",16,0,0
2026-08-05T16:50:00.000Z,"-787","8",16,0,0
2026-08-05T16:55:00.000Z,"-787","8",16,0,0
2026-08-05T17:00:00.000Z,"-791","8",16,0,0
2026-08-05T17:05:00.000Z,"-791","8",16,0,0
2026-08-05T17:10:00.000Z,"-791","8",16,0,0
2026-08-05T17:15:00.000Z,"-785","8",16,0,0
2026-08-05T17:20:00.000Z,"-786","8",16,0,0
2026-08-05T17:25:00.000Z,"-787","8",16,0,0
2026-08-05T17:30:00.000Z,"-786","8",16,0,0
2026-08-05T17:35:00.000Z,"-789","8",16,0,0
2026-08-05T17:40:00.000Z,"-787","8",16,0,0
2026-08-05T17:45:00.000Z,"-789","8",16,0,0
2026-08-05T17:50:00.000Z,"-786","8",16,0,0
2026-08-05T17:55:00.000Z,"-787","8",16,0,0
2026-08-05T18:00:00.000Z,"-784","8",16,0,0
2026-08-05T18:05:00.000Z,"-785","8",16,0,0
2026-08-05T18:10:00.000Z,"-786","8",16,0,0
2026-08-05T18:15:00.000Z,"-782","8",16,0,0
2026-08-05T18:20:00.000Z,"-781","8",16,0,0
2026-08-05T18:25:00.000Z,"-779","8",16,0,0
2026-08-05T18:30:00.000Z,"-779","8",16,0,0
2026-08-05T18:35:00.000Z,"-776","8",16,0,0
2026-08-05T18:40:00.000Z,"-781","8",16,0,0
2026-08-05T18:45:00.000Z,"-776","8",16,0,0
2026-08-05T18:50:00.000Z,"-774","8",16,0,0
2026-08-05T18:55:00.000Z,"-777","8",16,0,0
2026-08-05T19:00:00.000Z,"-776","8",16,0,0
2026-08-05T19:05:00.000Z,"-776","8",16,0,0
2026-08-05T19:10:00.000Z,"-775","8",16,0,0
2026-08-05T19:15:00.000Z,"-774","8",16,0,0
2026-08-05T19:20:00.000Z,"-775","8",16,0,0
2026-08-05T19:25:00.000Z,"-774","8",16,0,0
2026-08-05T19:30:00.000Z,"-767","8",16,0,0
2026-08-05T19:35:00.000Z,"-771","8",16,0,0
2026-08-05T19:40:00.000Z,"-772","8",16,0,0
2026-08-05T19:45:00.000Z,"-766","8",16,0,0
2026-08-05T19:50:00.000Z,"-770","8",16,0,0
2026-08-05T19:55:00.000Z,"-769","8",16,0,0
2026-08-05T20:00:00.000Z,"-770","8",16,0,0
2026-08-05T20:05:00.000Z,"-769","8",16,0,0
2026-08-05T20:10:00.000Z,"-766","8",16,0,0
2026-08-05T20:15:00.000Z,"-765","8",16,0,0
2026-08-05T20:20:00.000Z,"-767","8",16,0,0
2026-08-05T20:25:00.000Z,"-766","8",16,0,0
2026-08-05T20:30:00.000Z,"-765","8",16,0,0
2026-08-05T20:35:00.000Z,"-764","8",16,0,0
2026-08-05T20:40:00.000Z,"-769","8",16,0,0
2026-08-05T20:45:00.000Z,"-765","8",16,0,0
2026-08-05T20:50:00.000Z,"-765","8",16,0,0
2026-08-05T20:55:00.000Z,"-765","8",16,0,0
2026-08-05T21:00:00.000Z,"-764","8",16,0,0
2026-08-05T21:05:00.000Z,"-761","8",16,0,0
2026-08-05T21:10:00.000Z,"-764","8",16,0,0
2026-08-05T21:15:00.000Z,"-762","8",16,0,0
2026-08-05T21:20:00.000Z,"-764","8",16,0,0
2026-08-05T21:25:00.000Z,"-767","8",16,0,0
2026-08-05T21:30:00.000Z,"-764","8",16,0,0
2026-08-05T21:35:00.000Z,"-761","8",16,0,0
2026-08-05T21:40:00.000Z,"-762","8",16,0,0
2026-08-05T21:45:00.000Z,"-764","8",16,0,0
2026-08-05T21:50:00.000Z,"-764","8",16,0,0
2026-08-05T21:55:00.000Z,"-764","8",16,0,0
2026-08-05T22:00:00.000Z,"-765","8",16,0,0
2026-08-05T22:05:00.000Z,"-765","8",16,0,0
2026-08-05T22:10:00.000Z,"-765","8",16,0,0
2026-08-05T22:15:00.000Z,"-771","8",16,0,0
2026-08-05T22:20:00.000Z,"-769","8",16,0,0
2026-08-05T22:25:00.000Z,"-769","8",16,0,0
2026-08-05T22:30:00.000Z,"-765","8",16,0,0
2026-08-05T22:35:00.000Z,"-769","8",16,0,0
2026-08-05T22:40:00.000Z,"-769","8",16,0,0
2026-08-05T22:45:00.000Z,"-771","8",16,0,0
2026-08-05T22:50:00.000Z,"-767","8",16,0,0
2026-08-05T22:55:00.000Z,"-769","8",16,0,0
2026-08-05T23:00:00.000Z,"-766","8",16,0,0
2026-08-05T23:05:00.000Z,"-774","8",16,0,0
2026-08-05T23:10:00.000Z,"-775","8",16,0,0
2026-08-05T23:15:00.000Z,"-772","8",16,0,0
2026-08-05T23:20:00.000Z,"-775","8",16,0,0
2026-08-05T23:25:00.000Z,"-779","8",16,0,0
2026-08-05T23:30:00.000Z,"-774","8",16,0,0
2026-08-05T23:35:00.000Z,"-781","8",16,0,0
2026-08-05T23:40:00.000Z,"-777","8",16,0,0
2026-08-05T23:45:00.000Z,"-776","8",16,0,0
2026-08-05T23:50:00.000Z,"-774","8",16,0,0
2026-08-05T23:55:00.000Z,"-779","8",16,0,0
2026-08-06T00:00:00.000Z,"-776","8",16,0,0
2026-08-06T00:05:00.000Z,"-781","8",16,0,0
2026-08-06T00:10:00.000Z,"-779","8",16,0,0
2026-08-06T00:15:00.000Z,"-776","8",16,0,0
2026-08-06T00:20:00.000Z,"-777","8",16,0,0
2026-08-06T00:25:00.000Z,"-781","8",16,0,0
2026-08-06T00:30:00.000Z,"-779","8",16,0,0
2026-08-06T00:35:00.000Z,"-780","8",16,0,0
2026-08-06T00:40:00.000Z,"-780","8",16,0,0
2026-08-06T00:45:00.000Z,"-775","8",16,0,0
2026-08-06T00:50:00.000Z,"-781","8",16,0,0
2026-08-06T00:55:00.000Z,"-777","8",16,0,0
2026-08-06T01:00:00.000Z,"-779","8",16,0,0
2026-08-06T01:05:00.000Z,"-781","8",16,0,0
2026-08-06T01:10:00.000Z,"-777","8",16,0,0
2026-08-06T01:15:00.000Z,"-774","8",16,0,0
2026-08-06T01:20:00.000Z,"-779","8",16,0,0
2026-08-06T01:25:00.000Z,"-779","8",16,0,0
2026-08-06T01:30:00.000Z,"-776","8",16,0,0
2026-08-06T01:35:00.000Z,"-775","8",16,0,0
2026-08-06T01:40:00.000Z,"-779","8",16,0,0
2026-08-06T01:45:00.000Z,"-775","8",16,0,0
2026-08-06T01:50:00.000Z,"-777","8",16,0,0
2026-08-06T01:55:00.000Z,"-777","8",16,0,0
2026-08-06T02:00:00.000Z,"-776","8",16,0,0
2026-08-06T02:05:00.000Z,"-774","8",16,0,0
2026-08-06T02:10:00.000Z,"-775","8",16,0,0
2026-08-06T02:15:00.000Z,"-777","8",16,0,0
2026-08-06T02:20:00.000Z,"-775","8",16,0,0
2026-08-06T02:25:00.000Z,"-774","8",16,0,0
2026-08-06T02:30:00.000Z,"-775","8",16,0,0
2026-08-06T02:35:00.000Z,"-775","8",16,0,0
2026-08-06T02:40:00.000Z,"-781","8",16,0,0
2026-08-06T02:45:00.000Z,"-779","8",16,0,0
2026-08-06T02:50:00.000Z,"-779","8",16,0,0
2026-08-06T02:55:00.000Z,"-777","8",16,0,0
2026-08-06T03:00:00.000Z,"-776","8",16,0,0
2026-08-06T03:05:00.000Z,"-777","8",16,0,0
2026-08-06T03:10:00.000Z,"-779","8",16,0,0
2026-08-06T03:15:00.000Z,"-776","8",16,0,0
2026-08-06T03:20:00.000Z,"-780","8",16,0,0
2026-08-06T03:25:00.000Z,"-779","8",16,0,0
2026-08-06T03:30:00.000Z,"-781","8",16,0,0
2026-08-06T03:35:00.000Z,"-779","8",16,0,0
2026-08-06T03:40:00.000Z,"-781","8",16,0,0
2026-08-06T03:45:00.000Z,"-777","8",16,0,0
2026-08-06T03:50:00.000Z,"-781","8",16,0,0
2026-08-06T03:55:00.000Z,"-776","8",16,0,0
2026-08-06T04:00:00.000Z,"-780","8",16,0,0
2026-08-06T04:05:00.000Z,"-784","8",16,0,0
2026-08-06T04:10:00.000Z,"-784","8",16,0,0
2026-08-06T04:15:00.000Z,"-787","8",16,0,0
2026-08-06T04:20:00.000Z,"-779","8",16,0,0
2026-08-06T04:25:00.000Z,"-780","8",16,0,0
2026-08-06T04:30:00.000Z,"-786","8",16,0,0
2026-08-06T04:35:00.000Z,"-782","8",16,0,0
2026-08-06T04:40:00.000Z,"-786","8",16,0,0
2026-08-06T04:45:00.000Z,"-782","8",16,0,0
2026-08-06T04:50:00.000Z,"-784","8",16,0,0
2026-08-06T04:55:00.000Z,"-780","8",16,0,0
2026-08-06T05:00:00.000Z,"-785","8",16,0,0
2026-08-06T05:05:00.000Z,"-781","8",16,0,0
2026-08-06T05:10:00.000Z,"-779","8",16,0,0
2026-08-06T05:15:00.000Z,"-776","8",16,0,0
2026-08-06T05:20:00.000Z,"-776","8",16,0,0
2026-08-06T05:25:00.000Z,"-770","8",16,0,0
2026-08-06T05:30:00.000Z,"-771","8",16,0,0
2026-08-06T05:35:00.000Z,"-761","8",16,0,0
2026-08-06T05:40:00.000Z,"-760","8",16,0,0
2026-08-06T05:45:00.000Z,"-759","8",16,0,0
2026-08-06T05:50:00.000Z,"-749","8",16,0,0
2026-08-06T05:55:00.000Z,"-746","8",16,0,0
2026-08-06T06:00:00.000Z,"-744","8",16,0,0
2026-08-06T06:05:00.000Z,"-741","8",16,0,0
2026-08-06T06:10:00.000Z,"-735","8",16,0,0
2026-08-06T06:15:00.000Z,"-727","8",16,0,0
2026-08-06T06:20:00.000Z,"-725","8",16,0,0
2026-08-06T06:25:00.000Z,"-722","8",16,0,0
2026-08-06T06:30:00.000Z,"-715","8",16,0,0
2026-08-06T06:35:00.000Z,"-711","8",16,0,0
2026-08-06T06:40:00.000Z,"-707","8",16,0,0
2026-08-06T06:45:00.000Z,"-705","8",16,0,0
2026-08-06T06:50:00.000Z,"-704","8",16,0,0
2026-08-06T06:55:00.000Z,"-694","8",16,0,0
2026-08-06T07:00:00.000Z,"-694","8",16,0,0
2026-08-06T07:05:00.000Z,"-689","8",16,0,0
2026-08-06T07:10:00.000Z,"-686","8",16,0,0
2026-08-06T07:15:00.000Z,"-681","8",16,0,0
2026-08-06T07:20:00.000Z,"-684","8",16,0,0
2026-08-06T07:25:00.000Z,"-681","8",16,0,0
2026-08-06T07:30:00.000Z,"-677","8",16,0,0
2026-08-06T07:35:00.000Z,"-669","8",16,0,0
2026-08-06T07:40:00.000Z,"-674","8",16,0,0
2026-08-06T07:45:00.000Z,"-669","8",16,0,0
2026-08-06T07:50:00.000Z,"-665","8",16,0,0
2026-08-06T07:55:00.000Z,"-661","8",16,0,0
2026-08-06T08:00:00.000Z,"-667","8",16,0,0
2026-08-06T08:05:00.000Z,"-661","8",16,0,0
2026-08-06T08:10:00.000Z,"-660","8",16,0,0
2026-08-06T08:15:00.000Z,"-665","8",16,0,0
2026-08-06T08:20:00.000Z,"-660","8",16,0,0
2026-08-06T08:25:00.000Z,"-655","8",16,0,0
2026-08-06T08:30:00.000Z,"-655","8",16,0,0
2026-08-06T08:35:00.000Z,"-662","8",16,0,0
2026-08-06T08:40:00.000Z,"-655","8",16,0,0
2026-08-06T08:45:00.000Z,"-657","8",16,0,0
2026-08-06T08:50:00.000Z,"-652","8",16,0,0
2026-08-06T08:55:00.000Z,"-654","8",16,0,0
2026-08-06T09:00:00.000Z,"-651","8",16,0,0
2026-08-06T09:05:00.000Z,"-660","8",16,0,0
2026-08-06T09:10:00.000Z,"-661","8",16,0,0
2026-08-06T09:15:00.000Z,"-667","8",16,0,0
2026-08-06T09:20:00.000Z,"-662","8",16,0,0
2026-08-06T09:25:00.000Z,"-667","8",16,0,0
2026-08-06T09:30:00.000Z,"-667","8",16,0,0
2026-08-06T09:35:00.000Z,"-662","8",16,0,0
2026-08-06T09:40:00.000Z,"-677","8",16,0,0
2026-08-06T09:45:00.000Z,"-676","8",16,0,0
2026-08-06T09:50:00.000Z,"-684","8",16,0,0
2026-08-06T09:55:00.000Z,"-686","8",16,0,0
2026-08-06T10:00:00.000Z,"-689","8",16,0,0
2026-08-06T10:05:00.000Z,"-692","8",16,0,0
2026-08-06T10:10:00.000Z,"-697","8",16,0,0
2026-08-06T10:15:00.000Z,"-697","8",16,0,0
2026-08-06T10:20:00.000Z,"-699","8",16,0,0
2026-08-06T10:25:00.000Z,"-706","8",16,0,0
2026-08-06T10:30:00.000Z,"-712","8",16,0,0
2026-08-06T10:35:00.000Z,"-712","8",16,0,0
2026-08-06T10:40:00.000Z,"-722","8",16,0,0
2026-08-06T10:45:00.000Z,"-726","8",16,0,0
2026-08-06T10:50:00.000Z,"-732","8",16,0,0
2026-08-06T10:55:00.000Z,"-731","8",16,0,0
2026-08-06T11:00:00.000Z,"-737","8",16,0,0
2026-08-06T11:05:00.000Z,"-745","8",16,0,0
2026-08-06T11:10:00.000Z,"-741","8",16,0,0
2026-08-06T11:15:00.000Z,"-751","8",16,0,0
2026-08-06T11:20:00.000Z,"-751","8",16,0,0
2026-08-06T11:25:00.000Z,"-756","8",16,0,0
2026-08-06T11:30:00.000Z,"-761","8",16,0,0
2026-08-06T11:35:00.000Z,"-770","8",16,0,0
2026-08-06T11:40:00.000Z,"-774","8",16,0,0
2026-08-06T11:45:00.000Z,"-774","8",16,0,0
2026-08-06T11:50:00.000Z,"-780","8",16,0,0
2026-08-06T11:55:00.000Z,"-785","8",16,0,0
2026-08-06T12:00:00.000Z,"-790","8",16,0,0
2026-08-06T12:05:00.000Z,"-791","8",16,0,0
2026-08-06T12:10:00.000Z,"-794","8",16,0,0
2026-08-06T12:15:00.000Z,"-799","8",16,0,0
2026-08-06T12:20:00.000Z,"-802","8",16,0,0
2026-08-06T12:25:00.000Z,"-807","8",16,0,0
2026-08-06T12:30:00.000Z,"-807","8",16,0,0
2026-08-06T12:35:00.000Z,"-807","8",16,0,0
2026-08-06T12:40:00.000Z,"-814","8",16,0,0
2026-08-06T12:45:00.000Z,"-810","8",16,0,0
2026-08-06T12:50:00.000Z,"-819","8",16,0,0
2026-08-06T12:55:00.000Z,"-822","8",16,0,0
2026-08-06T13:00:00.000Z,"-816","8",16,0,0
2026-08-06T13:05:00.000Z,"-821","8",16,0,0
2026-08-06T13:10:00.000Z,"-824","8",16,0,0
2026-08-06T13:15:00.000Z,"-820","8",16,0,0
2026-08-06T13:20:00.000Z,"-820","8",16,0,0
2026-08-06T13:25:00.000Z,"-825","8",16,0,0
2026-08-06T13:30:00.000Z,"-822","8",16,0,0
2026-08-06T13:35:00.000Z,"-822","8",16,0,0
2026-08-06T13:40:00.000Z,"-824","8",16,0,0
2026-08-06T13:45:00.000Z,"-821","8",16,0,0
2026-08-06T13:50:00.000Z,"-824","8",16,0,0
2026-08-06T13:55:00.000Z,"-822","8",16,0,0
2026-08-06T14:00:00.000Z,"-826","8",16,0,0
2026-08-06T14:05:00.000Z,"-822","8",16,0,0
2026-08-06T14:10:00.000Z,"-820","8",16,0,0
2026-08-06T14:15:00.000Z,"-824","8",16,0,0
2026-08-06T14:20:00.000Z,"-824","8",16,0,0
2026-08-06T14:25:00.000Z,"-825","8",16,0,0
2026-08-06T14:30:00.000Z,"-825","8",16,0,0
2026-08-06T14:35:00.000Z,"-825","8",16,0,0
2026-08-06T14:40:00.000Z,"-827","8",16,0,0
2026-08-06T14:45:00.000Z,"-821","8",16,0,0
2026-08-06T14:50:00.000Z,"-824","8",16,0,0
2026-08-06T14:55:00.000Z,"-824","8",16,0,0
2026-08-06T15:00:00.000Z,"-821","8",16,0,0
2026-08-06T15:05:00.000Z,"-820","8",16,0,0
2026-08-06T15:10:00.000Z,"-816","8",16,0,0
2026-08-06T15:15:00.000Z,"-824","8",16,0,0
2026-08-06T15:20:00.000Z,"-826","8",16,0,0
2026-08-06T15:25:00.000Z,"-820","8",16,0,0
2026-08-06T15:30:00.000Z,"-821","8",16,0,0
2026-08-06T15:35:00.000Z,"-827","8",16,0,0
2026-08-06T15:40:00.000Z,"-821","8",16,0,0
2026-08-06T15:45:00.000Z,"-822","8",16,0,0
2026-08-06T15:50:00.000Z,"-829","8",16,0,0
2026-08-06T15:55:00.000Z,"-822","8",16,0,0
2026-08-06T16:00:00.000Z,"-827","8",16,0,0
2026-08-06T16:05:00.000Z,"-824","8",16,0,0
2026-08-06T16:10:00.000Z,"-827","8",16,0,0
2026-08-06T16:15:00.000Z,"-825","8",16,0,0
2026-08-06T16:20:00.000Z,"-827","8",16,0,0
2026-08-06T16:25:00.000Z,"-829","8",16,0,0
2026-08-06T16:30:00.000Z,"-830","8",16,0,0
2026-08-06T16:35:00.000Z,"-830","8",16,0,0
2026-08-06T16:40:00.000Z,"-830","8",16,0,0
2026-08-06T16:45:00.000Z,"-834","8",16,0,0
2026-08-06T16:50:00.000Z,"-844","8",16,0,0
2026-08-06T16:55:00.000Z,"-840","8",16,0,0
2026-08-06T17:00:00.000Z,"-844","8",16,0,0
2026-08-06T17:05:00.000Z,"-849","8",16,0,0
2026-08-06T17:10:00.000Z,"-851","8",16,0,0
2026-08-06T17:15:00.000Z,"-852","8",16,0,0
2026-08-06T17:20:00.000Z,"-854","8",16,0,0
2026-08-06T17:25:00.000Z,"-860","8",16,0,0
2026-08-06T17:30:00.000Z,"-861","8",16,0,0
2026-08-06T17:35:00.000Z,"-865","8",16,0,0
2026-08-06T17:40:00.000Z,"-864","8",16,0,0
2026-08-06T17:45:00.000Z,"-872","8",16,0,0
2026-08-06T17:50:00.000Z,"-876","8",16,0,0
2026-08-06T17:55:00.000Z,"-876","8",16,0,0
2026-08-06T18:00:00.000Z,"-882","8",16,0,0
2026-08-06T18:05:00.000Z,"-882","8",16,0,0
2026-08-06T18:10:00.000Z,"-884","8",16,0,0
2026-08-06T18:15:00.000Z,"-892","8",16,0,0
2026-08-06T18:20:00.000Z,"-890","8",16,0,0
2026-08-06T18:25:00.000Z,"-896","8",16,0,0
2026-08-06T18:30:00.000Z,"-896","8",16,0,0
2026-08-06T18:35:00.000Z,"-900","8",16,0,0
2026-08-06T18:40:00.000Z,"-901","8",16,0,0
2026-08-06T18:45:00.000Z,"-902","8",16,0,0
2026-08-06T18:50:00.000Z,"-909","8",16,0,0
2026-08-06T18:55:00.000Z,"-912","8",16,0,0
2026-08-06T19:00:00.000Z,"-911","8",16,0,0
2026-08-06T19:05:00.000Z,"-914","8",16,0,0
2026-08-06T19:10:00.000Z,"-916","8",16,0,0
2026-08-06T19:15:00.000Z,"-920","8",16,0,0
2026-08-06T19:20:00.000Z,"-924","8",16,0,0
2026-08-06T19:25:00.000Z,"-922","8",16,0,0
2026-08-06T19:30:00.000Z,"-932","8",16,0,0
2026-08-06T19:35:00.000Z,"-929","8",16,0,0
2026-08-06T19:40:00.000Z,"-931","8",16,0,0
2026-08-06T19:45:00.000Z,"-927","8",16,0,0
2026-08-06T19:50:00.000Z,"-931","8",16,0,0
2026-08-06T19:55:00.000Z,"-936","8",16,0,0
2026-08-06T20:00:00.000Z,"-937","8",16,0,0
2026-08-06T20:05:00.000Z,"-932","8",16,0,0
2026-08-06T20:10:00.000Z,"-932","8",16,0,0
2026-08-06T20:15:00.000Z,"-937","8",16,0,0
2026-08-06T20:20:00.000Z,"-939","8",16,0,0
2026-08-06T20:25:00.000Z,"-939","8",16,0,0
2026-08-06T20:30:00.000Z,"-932","8",16,0,0
2026-08-06T20:35:00.000Z,"-937","8",16,0,0
2026-08-06T20:40:00.000Z,"-931","8",16,0,0
2026-08-06T20:45:00.000Z,"-930","8",16,0,0
2026-08-06T20:50:00.000Z,"-931","8",16,0,0
2026-08-06T20:55:00.000Z,"-929","8",16,0,0
2026-08-06T21:00:00.000Z,"-927","8",16,0,0
2026-08-06T21:05:00.000Z,"-917","8",16,0,0
2026-08-06T21:10:00.000Z,"-921","8",16,0,0
2026-08-06T21:15:00.000Z,"-915","8",16,0,0
2026-08-06T21:20:00.000Z,"-905","8",16,0,0
2026-08-06T21:25:00.000Z,"-907","8",16,0,0
2026-08-06T21:30:00.000Z,"-899","8",16,0,0
2026-08-06T21:35:00.000Z,"-896","8",16,0,0
2026-08-06T21:40:00.000Z,"-890","8",16,0,0
2026-08-06T21:45:00.000Z,"-889","8",16,0,0
2026-08-06T21:50:00.000Z,"-884","8",16,0,0
2026-08-06T21:55:00.000Z,"-877","8",16,0,0
2026-08-06T22:00:00.000Z,"-875","8",16,0,0
2026-08-06T22:05:00.000Z,"-870","8",16,0,0
2026-08-06T22:10:00.000Z,"-871","8",16,0,0
2026-08-06T22:15:00.000Z,"-866","8",16,0,0
2026-08-06T22:20:00.000Z,"-867","8",16,0,0
2026-08-06T22:25:00.000Z,"-854","8",16,0,0
2026-08-06T22:30:00.000Z,"-852","8",16,0,0
2026-08-06T22:35:00.000Z,"-851","8",16,0,0
2026-08-06T22:40:00.000Z,"-849","8",16,0,0
2026-08-06T22:45:00.000Z,"-842","8",16,0,0
2026-08-06T22:50:00.000Z,"-842","8",16,0,0
2026-08-06T22:55:00.000Z,"-834","8",16,0,0
2026-08-06T23:00:00.000Z,"-837","8",16,0,0
2026-08-06T23:05:00.000Z,"-839","8",16,0,0
2026-08-06T23:10:00.000Z,"-830","8",16,0,0
2026-08-06T23:15:00.000Z,"-830","8",16,0,0
2026-08-06T23:20:00.000Z,"-832","8",16,0,0
2026-08-06T23:25:00.000Z,"-830","8",16,0,0
2026-08-06T23:30:00.000Z,"-829","8",16,0,0
2026-08-06T23:35:00.000Z,"-824","8",16,0,0
2026-08-06T23:40:00.000Z,"-827","8",16,0,0
2026-08-06T23:45:00.000Z,"-825","8",16,0,0
2026-08-06T23:50:00.000Z,"-822","8",16,0,0
2026-08-06T23:55:00.000Z,"-822","8",16,0,0
2026-08-07T00:00:00.000Z,"-822","8",16,0,0
2026-08-07T00:05:00.000Z,"-819","8",16,0,0
2026-08-07T00:10:00.000Z,"-817","8",16,0,0
2026-08-07T00:15:00.000Z,"-822","8",16,0,0
2026-08-07T00:20:00.000Z,"-822","8",16,0,0
2026-08-07T00:25:00.000Z,"-825","8",16,0,0
2026-08-07T00:30:00.000Z,"-824","8",16,0,0
2026-08-07T00:35:00.000Z,"-827","8",16,0,0
2026-08-07T00:40:00.000Z,"-830","8",16,0,0
2026-08-07T00:45:00.000Z,"-836","8",16,0,0
2026-08-07T00:50:00.000Z,"-830","8",16,0,0
2026-08-07T00:55:00.000Z,"-839","8",16,0,0
2026-08-07T01:00:00.000Z,"-841","8",16,0,0
2026-08-07T01:05:00.000Z,"-837","8",16,0,0
2026-08-07T01:10:00.000Z,"-842","8",16,0,0
2026-08-07T01:15:00.000Z,"-851","8",16,0,0
2026-08-07T01:20:00.000Z,"-847","8",16,0,0
2026-08-07T01:25:00.000Z,"-852","8",16,0,0
2026-08-07T01:30:00.000Z,"-854","8",16,0,0
2026-08-07T01:35:00.000Z,"-860","8",16,0,0
2026-08-07T01:40:00.000Z,"-864","8",16,0,0
2026-08-07T01:45:00.000Z,"-867","8",16,0,0
2026-08-07T01:50:00.000Z,"-867","8",16,0,0
2026-08-07T01:55:00.000Z,"-875","8",16,0,0
2026-08-07T02:00:00.000Z,"-877","8",16,0,0
2026-08-07T02:05:00.000Z,"-880","8",16,0,0
2026-08-07T02:10:00.000Z,"-887","8",16,0,0
2026-08-07T02:15:00.000Z,"-892","8",16,0,0
2026-08-07T02:20:00.000Z,"-891","8",16,0,0
2026-08-07T02:25:00.000Z,"-894","8",16,0,0
2026-08-07T02:30:00.000Z,"-899","8",16,0,0
2026-08-07T02:35:00.000Z,"-906","8",16,0,0
2026-08-07T02:40:00.000Z,"-905","8",16,0,0
2026-08-07T02:45:00.000Z,"-906","8",16,0,0
2026-08-07T02:50:00.000Z,"-909","8",16,0,0
2026-08-07T02:55:00.000Z,"-915","8",16,0,0
2026-08-07T03:00:00.000Z,"-919","8",16,0,0
2026-08-07T03:05:00.000Z,"-919","8",16,0,0
2026-08-07T03:10:00.000Z,"-925","8",16,0,0
2026-08-07T03:15:00.000Z,"-924","8",16,0,0
2026-08-07T03:20:00.000Z,"-927","8",16,0,0
2026-08-07T03:25:00.000Z,"-927","8",16,0,0
2026-08-07T03:30:00.000Z,"-930","8",16,0,0
2026-08-07T03:35:00.000Z,"-929","8",16,0,0
2026-08-07T03:40:00.000Z,"-936","8",16,0,0
2026-08-07T03:45:00.000Z,"-932","8",16,0,0
2026-08-07T03:50:00.000Z,"-932","8",16,0,0
2026-08-07T03:55:00.000Z,"-937","8",16,0,0
2026-08-07T04:00:00.000Z,"-942","8",16,0,0
2026-08-07T04:05:00.000Z,"-937","8",16,0,0
2026-08-07T04:10:00.000Z,"-937","8",16,0,0
2026-08-07T04:15:00.000Z,"-932","8",16,0,0
2026-08-07T04:20:00.000Z,"-937","8",16,0,0
2026-08-07T04:25:00.000Z,"-942","8",16,0,0
2026-08-07T04:30:00.000Z,"-939","8",16,0,0
2026-08-07T04:35:00.000Z,"-937","8",16,0,0
2026-08-07T04:40:00.000Z,"-936","8",16,0,0
2026-08-07T04:45:00.000Z,"-946","8",16,0,0
2026-08-07T04:50:00.000Z,"-939","8",16,0,0
2026-08-07T04:55:00.000Z,"-937","8",16,0,0
2026-08-07T05:00:00.000Z,"-937","8",16,0,0
2026-08-07T05:05:00.000Z,"-944","8",16,0,0
2026-08-07T05:10:00.000Z,"-940","8",16,0,0
2026-08-07T05:15:00.000Z,"-937","8",16,0,0
2026-08-07T05:20:00.000Z,"-935","8",16,0,0
2026-08-07T05:25:00.000Z,"-934","8",16,0,0
2026-08-07T05:30:00.000Z,"-932","8",16,0,0
2026-08-07T05:35:00.000Z,"-929","8",16,0,0
2026-08-07T05:40:00.000Z,"-926","8",16,0,0
2026-08-07T05:45:00.000Z,"-932","8",16,0,0
2026-08-07T05:50:00.000Z,"-927","8",16,0,0
2026-08-07T05:55:00.000Z,"-937","8",16,0,0
2026-08-07T06:00:00.000Z,"-919","8",16,0,0
2026-08-07T06:05:00.000Z,"-917","8",16,0,0
2026-08-07T06:10:00.000Z,"-921","8",16,0,0
2026-08-07T06:15:00.000Z,"-917","8",16,0,0
2026-08-07T06:20:00.000Z,"-910","8",16,0,0
2026-08-07T06:25:00.000Z,"-901","8",16,0,0
2026-08-07T06:30:00.000Z,"-900","8",16,0,0
2026-08-07T06:35:00.000Z,"-896","8",16,0,0
2026-08-07T06:40:00.000Z,"-897","8",16,0,0
2026-08-07T06:45:00.000Z,"-887","8",16,0,0
2026-08-07T06:50:00.000Z,"-887","8",16,0,0
2026-08-07T06:55:00.000Z,"-886","8",16,0,0
2026-08-07T07:00:00.000Z,"-882","8",16,0,0
2026-08-07T07:05:00.000Z,"-881","8",16,0,0
2026-08-07T07:10:00.000Z,"-874","8",16,0,0
2026-08-07T07:15:00.000Z,"-872","8",16,0,0
2026-08-07T07:20:00.000Z,"-866","8",16,0,0
2026-08-07T07:25:00.000Z,"-861","8",16,0,0
2026-08-07T07:30:00.000Z,"-869","8",16,0,0
2026-08-07T07:35:00.000Z,"-864","8",16,0,0
2026-08-07T07:40:00.000Z,"-865","8",16,0,0
2026-08-07T07:45:00.000Z,"-857","8",16,0,0
2026-08-07T07:50:00.000Z,"-856","8",16,0,0
2026-08-07T07:55:00.000Z,"-855","8",16,0,0
2026-08-07T08:00:00.000Z,"-859","8",16,0,0
2026-08-07T08:05:00.000Z,"-850","8",16,0,0
2026-08-07T08:10:00.000Z,"-851","8",16,0,0
2026-08-07T08:15:00.000Z,"-849","8",16,0,0
2026-08-07T08:20:00.000Z,"-844","8",16,0,0
2026-08-07T08:25:00.000Z,"-844","8",16,0,0
2026-08-07T08:30:00.000Z,"-844","8",16,0,0
2026-08-07T08:35:00.000Z,"-840","8",16,0,0
2026-08-07T08:40:00.000Z,"-840","8",16,0,0
2026-08-07T08:45:00.000Z,"-835","8",16,0,0
2026-08-07T08:50:00.000Z,"-836","8",16,0,0
2026-08-07T08:55:00.000Z,"-834","8",16,0,0
2026-08-07T09:00:00.000Z,"-830","8",16,0,0
2026-08-07T09:05:00.000Z,"-827","8",16,0,0
2026-08-07T09:10:00.000Z,"-829","8",16,0,0
2026-08-07T09:15:00.000Z,"-825","8",16,0,0
2026-08-07T09:20:00.000Z,"-822","8",16,0,0
2026-08-07T09:25:00.000Z,"-822","8",16,0,0
2026-08-07T09:30:00.000Z,"-817","8",16,0,0
2026-08-07T09:35:00.000Z,"-814","8",16,0,0
2026-08-07T09:40:00.000Z,"-814","8",16,0,0
2026-08-07T09:45:00.000Z,"-815","8",16,0,0
2026-08-07T09:50:00.000Z,"-806","8",16,0,0
2026-08-07T09:55:00.000Z,"-805","8",16,0,0
2026-08-07T10:00:00.000Z,"-806","8",16,0,0
2026-08-07T10:05:00.000Z,"-806","8",16,0,0
2026-08-07T10:10:00.000Z,"-801","8",16,0,0
2026-08-07T10:15:00.000Z,"-802","8",16,0,0
2026-08-07T10:20:00.000Z,"-796","8",16,0,0
2026-08-07T10:25:00.000Z,"-794","8",16,0,0
2026-08-07T10:30:00.000Z,"-795","8",16,0,0
2026-08-07T10:35:00.000Z,"-791","8",16,0,0
2026-08-07T10:40:00.000Z,"-796","8",16,0,0
2026-08-07T10:45:00.000Z,"-797","8",16,0,0
2026-08-07T10:50:00.000Z,"-796","8",16,0,0
2026-08-07T10:55:00.000Z,"-795","8",16,0,0
2026-08-07T11:00:00.000Z,"-794","8",16,0,0
2026-08-07T11:05:00.000Z,"-795","8",16,0,0
2026-08-07T11:10:00.000Z,"-804","8",16,0,0
2026-08-07T11:15:00.000Z,"-797","8",16,0,0
2026-08-07T11:20:00.000Z,"-801","8",16,0,0
2026-08-07T11:25:00.000Z,"-802","8",16,0,0
2026-08-07T11:30:00.000Z,"-797","8",16,0,0
2026-08-07T11:35:00.000Z,"-805","8",16,0,0
2026-08-07T11:40:00.000Z,"-810","8",16,0,0
2026-08-07T11:45:00.000Z,"-807","8",16,0,0
2026-08-07T11:50:00.000Z,"-807","8",16,0,0
2026-08-07T11:55:00.000Z,"-811","8",16,0,0
2026-08-07T12:00:00.000Z,"-820","8",16,0,0
2026-08-07T12:05:00.000Z,"-817","8",16,0,0
2026-08-07T12:10:00.000Z,"-816","8",16,0,0
2026-08-07T12:15:00.000Z,"-817","8",16,0,0
2026-08-07T12:20:00.000Z,"-821","8",16,0,0
2026-08-07T12:25:00.000Z,"-819","8",16,0,0
2026-08-07T12:30:00.000Z,"-822","8",16,0,0
2026-08-07T12:35:00.000Z,"-825","8",16,0,0
2026-08-07T12:40:00.000Z,"-821","8",16,0,0
2026-08-07T12:45:00.000Z,"-820","8",16,0,0
2026-08-07T12:50:00.000Z,"-820","8",16,0,0
2026-08-07T12:55:00.000Z,"-816","8",16,0,0
2026-08-07T13:00:00.000Z,"-820","8",16,0,0
2026-08-07T13:05:00.000Z,"-815","8",16,0,0
2026-08-07T13:10:00.000Z,"-822","8",16,0,0
2026-08-07T13:15:00.000Z,"-817","8",16,0,0
2026-08-07T13:20:00.000Z,"-815","8",16,0,0
2026-08-07T13:25:00.000Z,"-807","8",16,0,0
2026-08-07T13:30:00.000Z,"-810","8",16,0,0
2026-08-07T13:35:00.000Z,"-807","8",16,0,0
2026-08-07T13:40:00.000Z,"-811","8",16,0,0
2026-08-07T13:45:00.000Z,"-807","8",16,0,0
2026-08-07T13:50:00.000Z,"-805","8",16,0,0
2026-08-07T13:55:00.000Z,"-802","8",16,0,0
2026-08-07T14:00:00.000Z,"-801","8",16,0,0
2026-08-07T14:05:00.000Z,"-802","8",16,0,0
2026-08-07T14:10:00.000Z,"-795","8",16,0,0
2026-08-07T14:15:00.000Z,"-802","8",16,0,0
2026-08-07T14:20:00.000Z,"-804","8",16,0,0
2026-08-07T14:25:00.000Z,"-799","8",16,0,0
2026-08-07T14:30:00.000Z,"-794","8",16,0,0
2026-08-07T14:35:00.000Z,"-796","8",16,0,0
2026-08-07T14:40:00.000Z,"-797","8",16,0,0
2026-08-07T14:45:00.000Z,"-800","8",16,0,0
2026-08-07T14:50:00.000Z,"-801","8",16,0,0
2026-08-07T14:55:00.000Z,"-797","8",16,0,0
2026-08-07T15:00:00.000Z,"-801","8",16,0,0
2026-08-07T15:05:00.000Z,"-802","8",16,0,0
2026-08-07T15:10:00.000Z,"-802","8",16,0,0
2026-08-07T15:15:00.000Z,"-807","8",16,0,0
2026-08-07T15:20:00.000Z,"-806","8",16,0,0
2026-08-07T15:25:00.000Z,"-807","8",16,0,0
2026-08-07T15:30:00.000Z,"-814","8",16,0,0
2026-08-07T15:35:00.000Z,"-817","8",16,0,0
2026-08-07T15:40:00.000Z,"-821","8",16,0,0
2026-08-07T15:45:00.000Z,"-820","8",16,0,0
2026-08-07T15:50:00.000Z,"-821","8",16,0,0
2026-08-07T15:55:00.000Z,"-830","8",16,0,0
2026-08-07T16:00:00.000Z,"-832","8",16,0,0
2026-08-07T16:05:00.000Z,"-831","8",16,0,0
2026-08-07T16:10:00.000Z,"-839","8",16,0,0
2026-08-07T16:15:00.000Z,"-842","8",16,0,0
2026-08-07T16:20:00.000Z,"-846","8",16,0,0
2026-08-07T16:25:00.000Z,"-850","8",16,0,0
2026-08-07T16:30:00.000Z,"-854","8",16,0,0
2026-08-07T16:35:00.000Z,"-854","8",16,0,0
2026-08-07T16:40:00.000Z,"-861","8",16,0,0
2026-08-07T16:45:00.000Z,"-866","8",16,0,0
2026-08-07T16:50:00.000Z,"-875","8",16,0,0
2026-08-07T16:55:00.000Z,"-874","8",16,0,0
2026-08-07T17:00:00.000Z,"-877","8",16,0,0
2026-08-07T17:05:00.000Z,"-886","8",16,0,0
2026-08-07T17:10:00.000Z,"-887","8",16,0,0
2026-08-07T17:15:00.000Z,"-896","8",16,0,0
2026-08-07T17:20:00.000Z,"-902","8",16,0,0
2026-08-07T17:25:00.000Z,"-896","8",16,0,0
2026-08-07T17:30:00.000Z,"-902","8",16,0,0
2026-08-07T17:35:00.000Z,"-907","8",16,0,0
2026-08-07T17:40:00.000Z,"-915","8",16,0,0
2026-08-07T17:45:00.000Z,"-915","8",16,0,0
2026-08-07T17:50:00.000Z,"-914","8",16,0,0
2026-08-07T17:55:00.000Z,"-924","8",16,0,0
2026-08-07T18:00:00.000Z,"-925","8",16,0,0
2026-08-07T18:05:00.000Z,"-926","8",16,0,0
2026-08-07T18:10:00.000Z,"-927","8",16,0,0
2026-08-07T18:15:00.000Z,"-937","8",16,0,0
2026-08-07T18:20:00.000Z,"-939","8",16,0,0
2026-08-07T18:25:00.000Z,"-942","8",16,0,0
2026-08-07T18:30:00.000Z,"-946","8",16,0,0
2026-08-07T18:35:00.000Z,"-946","8",16,0,0
2026-08-07T18:40:00.000Z,"-951","8",16,0,0
2026-08-07T18:45:00.000Z,"-961","8",16,0,0
2026-08-07T18:50:00.000Z,"-957","8",16,0,0
2026-08-07T18:55:00.000Z,"-957","8",16,0,0
2026-08-07T19:00:00.000Z,"-959","8",16,0,0
2026-08-07T19:05:00.000Z,"-964","8",16,0,0
2026-08-07T19:10:00.000Z,"-965","8",16,0,0
2026-08-07T19:15:00.000Z,"-969","8",16,0,0
2026-08-07T19:20:00.000Z,"-970","8",16,0,0
2026-08-07T19:25:00.000Z,"-971","8",16,0,0
2026-08-07T19:30:00.000Z,"-975","8",16,0,0
2026-08-07T19:35:00.000Z,"-974","8",16,0,0
2026-08-07T19:40:00.000Z,"-976","8",16,0,0
2026-08-07T19:45:00.000Z,"-982","8",16,0,0
2026-08-07T19:50:00.000Z,"-984","8",16,0,0
2026-08-07T19:55:00.000Z,"-982","8",16,0,0
2026-08-07T20:00:00.000Z,"-987","8",16,0,0
2026-08-07T20:05:00.000Z,"-990","8",16,0,0
2026-08-07T20:10:00.000Z,"-982","8",16,0,0
2026-08-07T20:15:00.000Z,"-992","8",16,0,0
2026-08-07T20:20:00.000Z,"-994","8",16,0,0
2026-08-07T20:25:00.000Z,"-994","8",16,0,0
2026-08-07T20:30:00.000Z,"-994","8",16,0,0
2026-08-07T20:35:00.000Z,"-997","8",16,0,0
2026-08-07T20:40:00.000Z,"-997","8",16,0,0
2026-08-07T20:45:00.000Z,"-999","8",16,0,0
2026-08-07T20:50:00.000Z,"-1000","8",16,0,0
2026-08-07T20:55:00.000Z,"-999","8",16,0,0
2026-08-07T21:00:00.000Z,"-999","8",16,0,0
2026-08-07T21:05:00.000Z,"-1002","8",16,0,0
2026-08-07T21:10:00.000Z,"-995","8",16,0,0
2026-08-07T21:15:00.000Z,"-1000","8",16,0,0
2026-08-07T21:20:00.000Z,"-1000","8",16,0,0
2026-08-07T21:25:00.000Z,"-999","8",16,0,0
2026-08-07T21:30:00.000Z,"-995","8",16,0,0
2026-08-07T21:35:00.000Z,"-1004","8",16,0,0
2026-08-07T21:40:00.000Z,"-996","8",16,0,0
2026-08-07T21:45:00.000Z,"-995","8",16,0,0
2026-08-07T21:50:00.000Z,"-995","8",16,0,0
2026-08-07T21:55:00.000Z,"-991","8",16,0,0
2026-08-07T22:00:00.000Z,"-996","8",16,0,0
2026-08-07T22:05:00.000Z,"-997","8",16,0,0
2026-08-07T22:10:00.000Z,"-989","8",16,0,0
2026-08-07T22:15:00.000Z,"-992","8",16,0,0
2026-08-07T22:20:00.000Z,"-996","8",16,0,0
2026-08-07T22:25:00.000Z,"-996","8",16,0,0
2026-08-07T22:30:00.000Z,"-992","8",16,0,0
2026-08-07T22:35:00.000Z,"-986","8",16,0,0
2026-08-07T22:40:00.000Z,"-989","8",16,0,0
2026-08-07T22:45:00.000Z,"-986","8",16,0,0
2026-08-07T22:50:00.000Z,"-987","8",16,0,0
2026-08-07T22:55:00.000Z,"-991","8",16,0,0
2026-08-07T23:00:00.000Z,"-989","8",16,0,0
2026-08-07T23:05:00.000Z,"-987","8",16,0,0
2026-08-07T23:10:00.000Z,"-981","8",16,0,0
2026-08-07T23:15:00.000Z,"-982","8",16,0,0
2026-08-07T23:20:00.000Z,"-985","8",16,0,0
2026-08-07T23:25:00.000Z,"-981","8",16,0,0
2026-08-07T23:30:00.000Z,"-984","8",16,0,0
2026-08-07T23:35:00.000Z,"-981","8",16,0,0
2026-08-07T23:40:00.000Z,"-982","8",16,0,0
2026-08-07T23:45:00.000Z,"-985","8",16,0,0
2026-08-07T23:50:00.000Z,"-979","8",16,0,0
2026-08-07T23:55:00.000Z,"-982","8",16,0,0
2026-08-08T00:00:00.000Z,"-977","8",16,0,0
2026-08-08T00:05:00.000Z,"-981","8",16,0,0
2026-08-08T00:10:00.000Z,"-979","8",16,0,0
2026-08-08T00:15:00.000Z,"-979","8",16,0,0
2026-08-08T00:20:00.000Z,"-979","8",16,0,0
2026-08-08T00:25:00.000Z,"-971","8",16,0,0
2026-08-08T00:30:00.000Z,"-967","8",16,0,0
2026-08-08T00:35:00.000Z,"-974","8",16,0,0
2026-08-08T00:40:00.000Z,"-977","8",16,0,0
2026-08-08T00:45:00.000Z,"-971","8",16,0,0
2026-08-08T00:50:00.000Z,"-977","8",16,0,0
2026-08-08T00:55:00.000Z,"-977","8",16,0,0
2026-08-08T01:00:00.000Z,"-971","8",16,0,0
2026-08-08T01:05:00.000Z,"-972","8",16,0,0
2026-08-08T01:10:00.000Z,"-974","8",16,0,0
2026-08-08T01:15:00.000Z,"-972","8",16,0,0
2026-08-08T01:20:00.000Z,"-974","8",16,0,0
2026-08-08T01:25:00.000Z,"-976","8",16,0,0
2026-08-08T01:30:00.000Z,"-967","8",16,0,0
2026-08-08T01:35:00.000Z,"-979","8",16,0,0
2026-08-08T01:40:00.000Z,"-967","8",16,0,0
2026-08-08T01:45:00.000Z,"-972","8",16,0,0
2026-08-08T01:50:00.000Z,"-972","8",16,0,0
2026-08-08T01:55:00.000Z,"-977","8",16,0,0
2026-08-08T02:00:00.000Z,"-971","8",16,0,0
2026-08-08T02:05:00.000Z,"-975","8",16,0,0
2026-08-08T02:10:00.000Z,"-971","8",16,0,0
2026-08-08T02:15:00.000Z,"-974","8",16,0,0
2026-08-08T02:20:00.000Z,"-970","8",16,0,0
2026-08-08T02:25:00.000Z,"-970","8",16,0,0
2026-08-08T02:30:00.000Z,"-970","8",16,0,0
2026-08-08T02:35:00.000Z,"-975","8",16,0,0
2026-08-08T02:40:00.000Z,"-972","8",16,0,0
2026-08-08T02:45:00.000Z,"-965","8",16,0,0
2026-08-08T02:50:00.000Z,"-979","8",16,0,0
2026-08-08T02:55:00.000Z,"-971","8",16,0,0
2026-08-08T03:00:00.000Z,"-965","8",16,0,0
2026-08-08T03:05:00.000Z,"-971","8",16,0,0
2026-08-08T03:10:00.000Z,"-974","8",16,0,0
2026-08-08T03:15:00.000Z,"-972","8",16,0,0
2026-08-08T03:20:00.000Z,"-969","8",16,0,0
2026-08-08T03:25:00.000Z,"-967","8",16,0,0
2026-08-08T03:30:00.000Z,"-976","8",16,0,0
2026-08-08T03:35:00.000Z,"-970","8",16,0,0
2026-08-08T03:40:00.000Z,"-967","8",16,0,0
2026-08-08T03:45:00.000Z,"-966","8",16,0,0
2026-08-08T03:50:00.000Z,"-970","8",16,0,0
2026-08-08T03:55:00.000Z,"-971","8",16,0,0
2026-08-08T04:00:00.000Z,"-965","8",16,0,0
2026-08-08T04:05:00.000Z,"-971","8",16,0,0
2026-08-08T04:10:00.000Z,"-971","8",16,0,0
2026-08-08T04:15:00.000Z,"-971","8",16,0,0
2026-08-08T04:20:00.000Z,"-971","8",16,0,0
2026-08-08T04:25:00.000Z,"-969","8",16,0,0
2026-08-08T04:30:00.000Z,"-964","8",16,0,0
2026-08-08T04:35:00.000Z,"-974","8",16,0,0
2026-08-08T04:40:00.000Z,"-974","8",16,0,0
2026-08-08T04:45:00.000Z,"-971","8",16,0,0
2026-08-08T04:50:00.000Z,"-974","8",16,0,0
2026-08-08T04:55:00.000Z,"-967","8",16,0,0
2026-08-08T05:00:00.000Z,"-975","8",16,0,0
2026-08-08T05:05:00.000Z,"-977","8",16,0,0
2026-08-08T05:10:00.000Z,"-967","8",16,0,0
2026-08-08T05:15:00.000Z,"-971","8",16,0,0
2026-08-08T05:20:00.000Z,"-969","8",16,0,0
2026-08-08T05:25:00.000Z,"-972","8",16,0,0
2026-08-08T05:30:00.000Z,"-966","8",16,0,0
2026-08-08T05:35:00.000Z,"-969","8",16,0,0
2026-08-08T05:40:00.000Z,"-966","8",16,0,0
2026-08-08T05:45:00.000Z,"-960","8",16,0,0
2026-08-08T05:50:00.000Z,"-955","8",16,0,0
2026-08-08T05:55:00.000Z,"-952","8",16,0,0
2026-08-08T06:00:00.000Z,"-946","8",16,0,0
2026-08-08T06:05:00.000Z,"-940","8",16,0,0
2026-08-08T06:10:00.000Z,"-932","8",16,0,0
2026-08-08T06:15:00.000Z,"-935","8",16,0,0
2026-08-08T06:20:00.000Z,"-922","8",16,0,0
2026-08-08T06:25:00.000Z,"-920","8",16,0,0
2026-08-08T06:30:00.000Z,"-912","8",16,0,0
2026-08-08T06:35:00.000Z,"-910","8",16,0,0
2026-08-08T06:40:00.000Z,"-905","8",16,0,0
2026-08-08T06:45:00.000Z,"-896","8",16,0,0
2026-08-08T06:50:00.000Z,"-890","8",16,0,0
2026-08-08T06:55:00.000Z,"-889","8",16,0,0
2026-08-08T07:00:00.000Z,"-880","8",16,0,0
2026-08-08T07:05:00.000Z,"-874","8",16,0,0
2026-08-08T07:10:00.000Z,"-869","8",16,0,0
2026-08-08T07:15:00.000Z,"-864","8",16,0,0
2026-08-08T07:20:00.000Z,"-862","8",16,0,0
2026-08-08T07:25:00.000Z,"-860","8",16,0,0
2026-08-08T07:30:00.000Z,"-850","8",16,0,0
2026-08-08T07:35:00.000Z,"-846","8",16,0,0
2026-08-08T07:40:00.000Z,"-840","8",16,0,0
2026-08-08T07:45:00.000Z,"-836","8",16,0,0
2026-08-08T07:50:00.000Z,"-832","8",16,0,0
2026-08-08T07:55:00.000Z,"-827","8",16,0,0
2026-08-08T08:00:00.000Z,"-826","8",16,0,0
2026-08-08T08:05:00.000Z,"-817","8",16,0,0
2026-08-08T08:10:00.000Z,"-821","8",16,0,0
2026-08-08T08:15:00.000Z,"-807","8",16,0,0
2026-08-08T08:20:00.000Z,"-814","8",16,0,0
2026-08-08T08:25:00.000Z,"-806","8",16,0,0
2026-08-08T08:30:00.000Z,"-806","8",16,0,0
2026-08-08T08:35:00.000Z,"-806","8",16,0,0
2026-08-08T08:40:00.000Z,"-810","8",16,0,0
2026-08-08T08:45:00.000Z,"-802","8",16,0,0
2026-08-08T08:50:00.000Z,"-801","8",16,0,0
2026-08-08T08:55:00.000Z,"-797","8",16,0,0
2026-08-08T09:00:00.000Z,"-800","8",16,0,0
2026-08-08T09:05:00.000Z,"-794","8",16,0,0
2026-08-08T09:10:00.000Z,"-790","8",16,0,0
2026-08-08T09:15:00.000Z,"-794","8",16,0,0
2026-08-08T09:20:00.000Z,"-794","8",16,0,0
2026-08-08T09:25:00.000Z,"-791","8",16,0,0
2026-08-08T09:30:00.000Z,"-790","8",16,0,0
2026-08-08T09:35:00.000Z,"-792","8",16,0,0
2026-08-08T09:40:00.000Z,"-790","8",16,0,0
2026-08-08T09:45:00.000Z,"-789","8",16,0,0
2026-08-08T09:50:00.000Z,"-789","8",16,0,0
2026-08-08T09:55:00.000Z,"-792","8",16,0,0
2026-08-08T10:00:00.000Z,"-794","8",16,0,0
2026-08-08T10:05:00.000Z,"-791","8",16,0,0
2026-08-08T10:10:00.000Z,"-795","8",16,0,0
2026-08-08T10:15:00.000Z,"-797","8",16,0,0
2026-08-08T10:20:00.000Z,"-799","8",16,0,0
2026-08-08T10:25:00.000Z,"-800","8",16,0,0
2026-08-08T10:30:00.000Z,"-801","8",16,0,0
2026-08-08T10:35:00.000Z,"-800","8",16,0,0
2026-08-08T10:40:00.000Z,"-807","8",16,0,0
2026-08-08T10:45:00.000Z,"-806","8",16,0,0
2026-08-08T10:50:00.000Z,"-807","8",16,0,0
2026-08-08T10:55:00.000Z,"-809","8",16,0,0
2026-08-08T11:00:00.000Z,"-812","8",16,0,0
2026-08-08T11:05:00.000Z,"-815","8",16,0,0
2026-08-08T11:10:00.000Z,"-814","8",16,0,0
2026-08-08T11:15:00.000Z,"-814","8",16,0,0
2026-08-08T11:20:00.000Z,"-816","8",16,0,0
2026-08-08T11:25:00.000Z,"-817","8",16,0,0
2026-08-08T11:30:00.000Z,"-816","8",16,0,0
2026-08-08T11:35:00.000Z,"-816","8",16,0,0
2026-08-08T11:40:00.000Z,"-821","8",16,0,0
2026-08-08T11:45:00.000Z,"-821","8",16,0,0
2026-08-08T11:50:00.000Z,"-824","8",16,0,0
2026-08-08T11:55:00.000Z,"-826","8",16,0,0
2026-08-08T12:00:00.000Z,"-826","8",16,0,0
2026-08-08T12:05:00.000Z,"-822","8",16,0,0
2026-08-08T12:10:00.000Z,"-830","8",16,0,0
2026-08-08T12:15:00.000Z,"-826","8",16,0,0
2026-08-08T12:20:00.000Z,"-830","8",16,0,0
2026-08-08T12:25:00.000Z,"-832","8",16,0,0
2026-08-08T12:30:00.000Z,"-836","8",16,0,0
2026-08-08T12:35:00.000Z,"-835","8",16,0,0
2026-08-08T12:40:00.000Z,"-839","8",16,0,0
2026-08-08T12:45:00.000Z,"-844","8",16,0,0
2026-08-08T12:50:00.000Z,"-846","8",16,0,0
2026-08-08T12:55:00.000Z,"-846","8",16,0,0
2026-08-08T13:00:00.000Z,"-849","8",16,0,0
2026-08-08T13:05:00.000Z,"-855","8",16,0,0
2026-08-08T13:10:00.000Z,"-855","8",16,0,0
2026-08-08T13:15:00.000Z,"-859","8",16,0,0
2026-08-08T13:20:00.000Z,"-864","8",16,0,0
2026-08-08T13:25:00.000Z,"-869","8",16,0,0
2026-08-08T13:30:00.000Z,"-877","8",16,0,0
2026-08-08T13:35:00.000Z,"-880","8",16,0,0
2026-08-08T13:40:00.000Z,"-882","8",16,0,0
2026-08-08T13:45:00.000Z,"-886","8",16,0,0
2026-08-08T13:50:00.000Z,"-894","8",16,0,0
2026-08-08T13:55:00.000Z,"-896","8",16,0,0
2026-08-08T14:00:00.000Z,"-899","8",16,0,0
2026-08-08T14:05:00.000Z,"-906","8",16,0,0
2026-08-08T14:10:00.000Z,"-907","8",16,0,0
2026-08-08T14:15:00.000Z,"-911","8",16,0,0
2026-08-08T14:20:00.000Z,"-919","8",16,0,0
2026-08-08T14:25:00.000Z,"-920","8",16,0,0
2026-08-08T14:30:00.000Z,"-924","8",16,0,0
2026-08-08T14:35:00.000Z,"-932","8",16,0,0
2026-08-08T14:40:00.000Z,"-935","8",16,0,0
2026-08-08T14:45:00.000Z,"-944","8",16,0,0
2026-08-08T14:50:00.000Z,"-947","8",16,0,0
2026-08-08T14:55:00.000Z,"-956","8",16,0,0
2026-08-08T15:00:00.000Z,"-955","8",16,0,0
2026-08-08T15:05:00.000Z,"-964","8",16,0,0
2026-08-08T15:10:00.000Z,"-966","8",16,0,0
2026-08-08T15:15:00.000Z,"-969","8",16,0,0
2026-08-08T15:20:00.000Z,"-972","8",16,0,0
2026-08-08T15:25:00.000Z,"-981","8",16,0,0
2026-08-08T15:30:00.000Z,"-980","8",16,0,0
2026-08-08T15:35:00.000Z,"-990","8",16,0,0
2026-08-08T15:40:00.000Z,"-1001","8",16,0,0
2026-08-08T15:45:00.000Z,"-997","8",16,0,0
2026-08-08T15:50:00.000Z,"-996","8",16,0,0
2026-08-08T15:55:00.000Z,"-1004","8",16,0,0
2026-08-08T16:00:00.000Z,"-1015","8",16,0,0
2026-08-08T16:05:00.000Z,"-1015","8",16,0,0
2026-08-08T16:10:00.000Z,"-1012","8",16,0,0
2026-08-08T16:15:00.000Z,"-1021","8",16,0,0
2026-08-08T16:20:00.000Z,"-1025","8",16,0,0
2026-08-08T16:25:00.000Z,"-1025","8",16,0,0
2026-08-08T16:30:00.000Z,"-1026","8",16,0,0
2026-08-08T16:35:00.000Z,"-1032","8",16,0,0
2026-08-08T16:40:00.000Z,"-1035","8",16,0,0
2026-08-08T16:45:00.000Z,"-1039","8",16,0,0
2026-08-08T16:50:00.000Z,"-1041","8",16,0,0
2026-08-08T16:55:00.000Z,"-1044","8",16,0,0
2026-08-08T17:00:00.000Z,"-1049","8",16,0,0
2026-08-08T17:05:00.000Z,"-1052","8",16,0,0
2026-08-08T17:10:00.000Z,"-1054","8",16,0,0
2026-08-08T17:15:00.000Z,"-1060","8",16,0,0
2026-08-08T17:20:00.000Z,"-1057","8",16,0,0
2026-08-08T17:25:00.000Z,"-1056","8",16,0,0
2026-08-08T17:30:00.000Z,"-1065","8",16,0,0
2026-08-08T17:35:00.000Z,"-1067","8",16,0,0
2026-08-08T17:40:00.000Z,"-1069","8",16,0,0
2026-08-08T17:45:00.000Z,"-1069","8",16,0,0
2026-08-08T17:50:00.000Z,"-1071","8",16,0,0
2026-08-08T17:55:00.000Z,"-1071","8",16,0,0
2026-08-08T18:00:00.000Z,"-1071","8",16,0,0
2026-08-08T18:05:00.000Z,"-1066","8",16,0,0
2026-08-08T18:10:00.000Z,"-1074","8",16,0,0
2026-08-08T18:15:00.000Z,"-1071","8",16,0,0
2026-08-08T18:20:00.000Z,"-1070","8",16,0,0
2026-08-08T18:25:00.000Z,"-1081","8",16,0,0
2026-08-08T18:30:00.000Z,"-1072","8",16,0,0
2026-08-08T18:35:00.000Z,"-1074","8",16,0,0
2026-08-08T18:40:00.000Z,"-1071","8",16,0,0
2026-08-08T18:45:00.000Z,"-1072","8",16,0,0
2026-08-08T18:50:00.000Z,"-1080","8",16,0,0
2026-08-08T18:55:00.000Z,"-1072","8",16,0,0
2026-08-08T19:00:00.000Z,"-1074","8",16,0,0
2026-08-08T19:05:00.000Z,"-1067","8",16,0,0
2026-08-08T19:10:00.000Z,"-1074","8",16,0,0
2026-08-08T19:15:00.000Z,"-1075","8",16,0,0
2026-08-08T19:20:00.000Z,"-1070","8",16,0,0
2026-08-08T19:25:00.000Z,"-1069","8",16,0,0
2026-08-08T19:30:00.000Z,"-1069","8",16,0,0
2026-08-08T19:35:00.000Z,"-1079","8",16,0,0
2026-08-08T19:40:00.000Z,"-1072","8",16,0,0
2026-08-08T19:45:00.000Z,"-1071","8",16,0,0
2026-08-08T19:50:00.000Z,"-1072","8",16,0,0
2026-08-08T19:55:00.000Z,"-1069","8",16,0,0
2026-08-08T20:00:00.000Z,"-1072","8",16,0,0
2026-08-08T20:05:00.000Z,"-1072","8",16,0,0
2026-08-08T20:10:00.000Z,"-1074","8",16,0,0
2026-08-08T20:15:00.000Z,"-1074","8",16,0,0
2026-08-08T20:20:00.000Z,"-1072","8",16,0,0
2026-08-08T20:25:00.000Z,"-1077","8",16,0,0
2026-08-08T20:30:00.000Z,"-1074","8",16,0,0
2026-08-08T20:35:00.000Z,"-1072","8",16,0,0
2026-08-08T20:40:00.000Z,"-1076","8",16,0,0
2026-08-08T20:45:00.000Z,"-1074","8",16,0,0
2026-08-08T20:50:00.000Z,"-1074","8",16,0,0
2026-08-08T20:55:00.000Z,"-1077","8",16,0,0
2026-08-08T21:00:00.000Z,"-1077","8",16,0,0
2026-08-08T21:05:00.000Z,"-1080","8",16,0,0
2026-08-08T21:10:00.000Z,"-1079","8",16,0,0
2026-08-08T21:15:00.000Z,"-1084","8",16,0,0
2026-08-08T21:20:00.000Z,"-1077","8",16,0,0
2026-08-08T21:25:00.000Z,"-1081","8",16,0,0
2026-08-08T21:30:00.000Z,"-1082","8",16,0,0
2026-08-08T21:35:00.000Z,"-1085","8",16,0,0
2026-08-08T21:40:00.000Z,"-1080","8",16,0,0
2026-08-08T21:45:00.000Z,"-1080","8",16,0,0
2026-08-08T21:50:00.000Z,"-1084","8",16,0,0
2026-08-08T21:55:00.000Z,"-1081","8",16,0,0
2026-08-08T22:00:00.000Z,"-1082","8",16,0,0
2026-08-08T22:05:00.000Z,"-1079","8",16,0,0
2026-08-08T22:10:00.000Z,"-1082","8",16,0,0
2026-08-08T22:15:00.000Z,"-1076","8",16,0,0
2026-08-08T22:20:00.000Z,"-1081","8",16,0,0
2026-08-08T22:25:00.000Z,"-1077","8",16,0,0
2026-08-08T22:30:00.000Z,"-1079","8",16,0,0
2026-08-08T22:35:00.000Z,"-1085","8",16,0,0
2026-08-08T22:40:00.000Z,"-1077","8",16,0,0
2026-08-08T22:45:00.000Z,"-1074","8",16,0,0
2026-08-08T22:50:00.000Z,"-1075","8",16,0,0
2026-08-08T22:55:00.000Z,"-1072","8",16,0,0
2026-08-08T23:00:00.000Z,"-1074","8",16,0,0
2026-08-08T23:05:00.000Z,"-1069","8",16,0,0
2026-08-08T23:10:00.000Z,"-1076","8",16,0,0
2026-08-08T23:15:00.000Z,"-1072","8",16,0,0
2026-08-08T23:20:00.000Z,"-1075","8",16,0,0
2026-08-08T23:25:00.000Z,"-1071","8",16,0,0
2026-08-08T23:30:00.000Z,"-1071","8",16,0,0
2026-08-08T23:35:00.000Z,"-1067","8",16,0,0
2026-08-08T23:40:00.000Z,"-1072","8",16,0,0
2026-08-08T23:45:00.000Z,"-1070","8",16,0,0
2026-08-08T23:50:00.000Z,"-1066","8",16,0,0
2026-08-08T23:55:00.000Z,"-1064","8",16,0,0
2026-08-09T00:00:00.000Z,"-1065","8",16,0,0
2026-08-09T00:05:00.000Z,"-1064","8",16,0,0
2026-08-09T00:10:00.000Z,"-1071","8",16,0,0
2026-08-09T00:15:00.000Z,"-1066","8",16,0,0
2026-08-09T00:20:00.000Z,"-1062","8",16,0,0
2026-08-09T00:25:00.000Z,"-1062","8",16,0,0
2026-08-09T00:30:00.000Z,"-1062","8",16,0,0
2026-08-09T00:35:00.000Z,"-1064","8",16,0,0
2026-08-09T00:40:00.000Z,"-1059","8",16,0,0
2026-08-09T00:45:00.000Z,"-1060","8",16,0,0
2026-08-09T00:50:00.000Z,"-1059","8",16,0,0
2026-08-09T00:55:00.000Z,"-1062","8",16,0,0
2026-08-09T01:00:00.000Z,"-1061","8",16,0,0
2026-08-09T01:05:00.000Z,"-1056","8",16,0,0
2026-08-09T01:10:00.000Z,"-1056","8",16,0,0
2026-08-09T01:15:00.000Z,"-1052","8",16,0,0
2026-08-09T01:20:00.000Z,"-1054","8",16,0,0
2026-08-09T01:25:00.000Z,"-1051","8",16,0,0
2026-08-09T01:30:00.000Z,"-1051","8",16,0,0
2026-08-09T01:35:00.000Z,"-1051","8",16,0,0
2026-08-09T01:40:00.000Z,"-1054","8",16,0,0
2026-08-09T01:45:00.000Z,"-1050","8",16,0,0
2026-08-09T01:50:00.000Z,"-1052","8",16,0,0
2026-08-09T01:55:00.000Z,"-1047","8",16,0,0
2026-08-09T02:00:00.000Z,"-1049","8",16,0,0
2026-08-09T02:05:00.000Z,"-1049","8",16,0,0
2026-08-09T02:10:00.000Z,"-1049","8",16,0,0
2026-08-09T02:15:00.000Z,"-1049","8",16,0,0
2026-08-09T02:20:00.000Z,"-1042","8",16,0,0
2026-08-09T02:25:00.000Z,"-1051","8",16,0,0
2026-08-09T02:30:00.000Z,"-1041","8",16,0,0
2026-08-09T02:35:00.000Z,"-1044","8",16,0,0
2026-08-09T02:40:00.000Z,"-1044","8",16,0,0
2026-08-09T02:45:00.000Z,"-1045","8",16,0,0
2026-08-09T02:50:00.000Z,"-1044","8",16,0,0
2026-08-09T02:55:00.000Z,"-1042","8",16,0,0
2026-08-09T03:00:00.000Z,"-1039","8",16,0,0
2026-08-09T03:05:00.000Z,"-1040","8",16,0,0
2026-08-09T03:10:00.000Z,"-1041","8",16,0,0
2026-08-09T03:15:00.000Z,"-1039","8",16,0,0
2026-08-09T03:20:00.000Z,"-1035","8",16,0,0
2026-08-09T03:25:00.000Z,"-1042","8",16,0,0
2026-08-09T03:30:00.000Z,"-1039","8",16,0,0
2026-08-09T03:35:00.000Z,"-1035","8",16,0,0
2026-08-09T03:40:00.000Z,"-1034","8",16,0,0
2026-08-09T03:45:00.000Z,"-1041","8",16,0,0
2026-08-09T03:50:00.000Z,"-1035","8",16,0,0
2026-08-09T03:55:00.000Z,"-1035","8",16,0,0
2026-08-09T04:00:00.000Z,"-1035","8",16,0,0
2026-08-09T04:05:00.000Z,"-1030","8",16,0,0
2026-08-09T04:10:00.000Z,"-1024","8",16,0,0
2026-08-09T04:15:00.000Z,"-1032","8",16,0,0
2026-08-09T04:20:00.000Z,"-1026","8",16,0,0
2026-08-09T04:25:00.000Z,"-1024","8",16,0,0
2026-08-09T04:30:00.000Z,"-1017","8",16,0,0
2026-08-09T04:35:00.000Z,"-1012","8",16,0,0
2026-08-09T04:40:00.000Z,"-1006","8",16,0,0
2026-08-09T04:45:00.000Z,"-1007","8",16,0,0
2026-08-09T04:50:00.000Z,"-996","8",16,0,0
2026-08-09T04:55:00.000Z,"-999","8",16,0,0
2026-08-09T05:00:00.000Z,"-995","8",16,0,0
2026-08-09T05:05:00.000Z,"-984","8",16,0,0
2026-08-09T05:10:00.000Z,"-977","8",16,0,0
2026-08-09T05:15:00.000Z,"-972","8",16,0,0
2026-08-09T05:20:00.000Z,"-970","8",16,0,0
2026-08-09T05:25:00.000Z,"-961","8",16,0,0
2026-08-09T05:30:00.000Z,"-955","8",16,0,0
2026-08-09T05:35:00.000Z,"-946","8",16,0,0
2026-08-09T05:40:00.000Z,"-942","8",16,0,0
2026-08-09T05:45:00.000Z,"-932","8",16,0,0
2026-08-09T05:50:00.000Z,"-927","8",16,0,0
2026-08-09T05:55:00.000Z,"-916","8",16,0,0
2026-08-09T06:00:00.000Z,"-909","8",16,0,0
2026-08-09T06:05:00.000Z,"-899","8",16,0,0
2026-08-09T06:10:00.000Z,"-896","8",16,0,0
2026-08-09T06:15:00.000Z,"-886","8",16,0,0
2026-08-09T06:20:00.000Z,"-882","8",16,0,0
2026-08-09T06:25:00.000Z,"-876","8",16,0,0
2026-08-09T06:30:00.000Z,"-867","8",16,0,0
2026-08-09T06:35:00.000Z,"-860","8",16,0,0
2026-08-09T06:40:00.000Z,"-851","8",16,0,0
2026-08-09T06:45:00.000Z,"-846","8",16,0,0
2026-08-09T06:50:00.000Z,"-841","8",16,0,0
2026-08-09T06:55:00.000Z,"-837","8",16,0,0
2026-08-09T07:00:00.000Z,"-827","8",16,0,0
2026-08-09T07:05:00.000Z,"-827","8",16,0,0
2026-08-09T07:10:00.000Z,"-822","8",16,0,0
2026-08-09T07:15:00.000Z,"-822","8",16,0,0
2026-08-09T07:20:00.000Z,"-815","8",16,0,0
2026-08-09T07:25:00.000Z,"-807","8",16,0,0
2026-08-09T07:30:00.000Z,"-807","8",16,0,0
2026-08-09T07:35:00.000Z,"-802","8",16,0,0
2026-08-09T07:40:00.000Z,"-812","8",16,0,0
2026-08-09T07:45:00.000Z,"-802","8",16,0,0
2026-08-09T07:50:00.000Z,"-800","8",16,0,0
2026-08-09T07:55:00.000Z,"-800","8",16,0,0
2026-08-09T08:00:00.000Z,"-799","8",16,0,0
2026-08-09T08:05:00.000Z,"-797","8",16,0,0
2026-08-09T08:10:00.000Z,"-799","8",16,0,0
2026-08-09T08:15:00.000Z,"-799","8",16,0,0
2026-08-09T08:20:00.000Z,"-805","8",16,0,0
2026-08-09T08:25:00.000Z,"-796","8",16,0,0
2026-08-09T08:30:00.000Z,"-794","8",16,0,0
2026-08-09T08:35:00.000Z,"-792","8",16,0,0
2026-08-09T08:40:00.000Z,"-800","8",16,0,0
2026-08-09T08:45:00.000Z,"-796","8",16,0,0
2026-08-09T08:50:00.000Z,"-799","8",16,0,0
2026-08-09T08:55:00.000Z,"-802","8",16,0,0
2026-08-09T09:00:00.000Z,"-812","8",16,0,0
2026-08-09T09:05:00.000Z,"-807","8",16,0,0
2026-08-09T09:10:00.000Z,"-811","8",16,0,0
2026-08-09T09:15:00.000Z,"-810","8",16,0,0
2026-08-09T09:20:00.000Z,"-815","8",16,0,0
2026-08-09T09:25:00.000Z,"-821","8",16,0,0
2026-08-09T09:30:00.000Z,"-824","8",16,0,0
2026-08-09T09:35:00.000Z,"-826","8",16,0,0
2026-08-09T09:40:00.000Z,"-830","8",16,0,0
2026-08-09T09:45:00.000Z,"-837","8",16,0,0
2026-08-09T09:50:00.000Z,"-836","8",16,0,0
2026-08-09T09:55:00.000Z,"-847","8",16,0,0
2026-08-09T10:00:00.000Z,"-849","8",16,0,0
2026-08-09T10:05:00.000Z,"-852","8",16,0,0
2026-08-09T10:10:00.000Z,"-856","8",16,0,0
2026-08-09T10:15:00.000Z,"-862","8",16,0,0
2026-08-09T10:20:00.000Z,"-869","8",16,0,0
2026-08-09T10:25:00.000Z,"-874","8",16,0,0
2026-08-09T10:30:00.000Z,"-877","8",16,0,0
2026-08-09T10:35:00.000Z,"-886","8",16,0,0
2026-08-09T10:40:00.000Z,"-887","8",16,0,0
2026-08-09T10:45:00.000Z,"-896","8",16,0,0
2026-08-09T10:50:00.000Z,"-894","8",16,0,0
2026-08-09T10:55:00.000Z,"-896","8",16,0,0
2026-08-09T11:00:00.000Z,"-910","8",16,0,0
2026-08-09T11:05:00.000Z,"-912","8",16,0,0
2026-08-09T11:10:00.000Z,"-914","8",16,0,0
2026-08-09T11:15:00.000Z,"-920","8",16,0,0
2026-08-09T11:20:00.000Z,"-927","8",16,0,0
2026-08-09T11:25:00.000Z,"-929","8",16,0,0
2026-08-09T11:30:00.000Z,"-935","8",16,0,0
2026-08-09T11:35:00.000Z,"-935","8",16,0,0
2026-08-09T11:40:00.000Z,"-946","8",16,0,0
2026-08-09T11:45:00.000Z,"-939","8",16,0,0
2026-08-09T11:50:00.000Z,"-942","8",16,0,0
2026-08-09T11:55:00.000Z,"-955","8",16,0,0
2026-08-09T12:00:00.000Z,"-952","8",16,0,0
2026-08-09T12:05:00.000Z,"-951","8",16,0,0
2026-08-09T12:10:00.000Z,"-956","8",16,0,0
2026-08-09T12:15:00.000Z,"-955","8",16,0,0
2026-08-09T12:20:00.000Z,"-956","8",16,0,0
2026-08-09T12:25:00.000Z,"-960","8",16,0,0
2026-08-09T12:30:00.000Z,"-952","8",16,0,0
2026-08-09T12:35:00.000Z,"-952","8",16,0,0
2026-08-09T12:40:00.000Z,"-949","8",16,0,0
2026-08-09T12:45:00.000Z,"-956","8",16,0,0
2026-08-09T12:50:00.000Z,"-946","8",16,0,0
2026-08-09T12:55:00.000Z,"-949","8",16,0,0
2026-08-09T13:00:00.000Z,"-939","8",16,0,0
2026-08-09T13:05:00.000Z,"-935","8",16,0,0
2026-08-09T13:10:00.000Z,"-937","8",16,0,0
2026-08-09T13:15:00.000Z,"-931","8",16,0,0
2026-08-09T13:20:00.000Z,"-924","8",16,0,0
2026-08-09T13:25:00.000Z,"-921","8",16,0,0
2026-08-09T13:30:00.000Z,"-920","8",16,0,0
2026-08-09T13:35:00.000Z,"-910","8",16,0,0
2026-08-09T13:40:00.000Z,"-906","8",16,0,0
2026-08-09T13:45:00.000Z,"-906","8",16,0,0
2026-08-09T13:50:00.000Z,"-904","8",16,0,0
2026-08-09T13:55:00.000Z,"-904","8",16,0,0
2026-08-09T14:00:00.000Z,"-896","8",16,0,0
2026-08-09T14:05:00.000Z,"-894","8",16,0,0
2026-08-09T14:10:00.000Z,"-886","8",16,0,0
2026-08-09T14:15:00.000Z,"-887","8",16,0,0
2026-08-09T14:20:00.000Z,"-881","8",16,0,0
2026-08-09T14:25:00.000Z,"-880","8",16,0,0
2026-08-09T14:30:00.000Z,"-877","8",16,0,0
2026-08-09T14:35:00.000Z,"-877","8",16,0,0
2026-08-09T14:40:00.000Z,"-881","8",16,0,0
2026-08-09T14:45:00.000Z,"-876","8",16,0,0
2026-08-09T14:50:00.000Z,"-871","8",16,0,0
2026-08-09T14:55:00.000Z,"-877","8",16,0,0
2026-08-09T15:00:00.000Z,"-874","8",16,0,0
2026-08-09T15:05:00.000Z,"-880","8",16,0,0
2026-08-09T15:10:00.000Z,"-882","8",16,0,0
2026-08-09T15:15:00.000Z,"-877","8",16,0,0
2026-08-09T15:20:00.000Z,"-880","8",16,0,0
2026-08-09T15:25:00.000Z,"-882","8",16,0,0
2026-08-09T15:30:00.000Z,"-886","8",16,0,0
2026-08-09T15:35:00.000Z,"-889","8",16,0,0
2026-08-09T15:40:00.000Z,"-892","8",16,0,0
2026-08-09T15:45:00.000Z,"-897","8",16,0,0
2026-08-09T15:50:00.000Z,"-897","8",16,0,0
2026-08-09T15:55:00.000Z,"-902","8",16,0,0
2026-08-09T16:00:00.000Z,"-900","8",16,0,0
2026-08-09T16:05:00.000Z,"-900","8",16,0,0
2026-08-09T16:10:00.000Z,"-906","8",16,0,0
2026-08-09T16:15:00.000Z,"-909","8",16,0,0
2026-08-09T16:20:00.000Z,"-907","8",16,0,0
2026-08-09T16:25:00.000Z,"-917","8",16,0,0
2026-08-09T16:30:00.000Z,"-916","8",16,0,0
2026-08-09T16:35:00.000Z,"-925","8",16,0,0
2026-08-09T16:40:00.000Z,"-925","8",16,0,0
2026-08-09T16:45:00.000Z,"-925","8",16,0,0
2026-08-09T16:50:00.000Z,"-929","8",16,0,0
2026-08-09T16:55:00.000Z,"-930","8",16,0,0
2026-08-09T17:00:00.000Z,"-937","8",16,0,0
2026-08-09T17:05:00.000Z,"-939","8",16,0,0
2026-08-09T17:10:00.000Z,"-939","8",16,0,0
2026-08-09T17:15:00.000Z,"-945","8",16,0,0
2026-08-09T17:20:00.000Z,"-950","8",16,0,0
2026-08-09T17:25:00.000Z,"-951","8",16,0,0
2026-08-09T17:30:00.000Z,"-959","8",16,0,0
2026-08-09T17:35:00.000Z,"-955","8",16,0,0
2026-08-09T17:40:00.000Z,"-961","8",16,0,0
2026-08-09T17:45:00.000Z,"-966","8",16,0,0
2026-08-09T17:50:00.000Z,"-964","8",16,0,0
2026-08-09T17:55:00.000Z,"-965","8",16,0,0
2026-08-09T18:00:00.000Z,"-972","8",16,0,0
2026-08-09T18:05:00.000Z,"-971","8",16,0,0
2026-08-09T18:10:00.000Z,"-976","8",16,0,0
2026-08-09T18:15:00.000Z,"-972","8",16,0,0
2026-08-09T18:20:00.000Z,"-977","8",16,0,0
2026-08-09T18:25:00.000Z,"-986","8",16,0,0
2026-08-09T18:30:00.000Z,"-980","8",16,0,0
2026-08-09T18:35:00.000Z,"-985","8",16,0,0
2026-08-09T18:40:00.000Z,"-990","8",16,0,0
2026-08-09T18:45:00.000Z,"-992","8",16,0,0
2026-08-09T18:50:00.000Z,"-990","8",16,0,0
2026-08-09T18:55:00.000Z,"-992","8",16,0,0
2026-08-09T19:00:00.000Z,"-994","8",16,0,0
2026-08-09T19:05:00.000Z,"-996","8",16,0,0
2026-08-09T19:10:00.000Z,"-992","8",16,0,0
2026-08-09T19:15:00.000Z,"-997","8",16,0,0
2026-08-09T19:20:00.000Z,"-1002","8",16,0,0
2026-08-09T19:25:00.000Z,"-1005","8",16,0,0
2026-08-09T19:30:00.000Z,"-1002","8",16,0,0
2026-08-09T19:35:00.000Z,"-1000","8",16,0,0
2026-08-09T19:40:00.000Z,"-1000","8",16,0,0
2026-08-09T19:45:00.000Z,"-1011","8",16,0,0
2026-08-09T19:50:00.000Z,"-1006","8",16,0,0
2026-08-09T19:55:00.000Z,"-1006","8",16,0,0
2026-08-09T20:00:00.000Z,"-1006","8",16,0,0
2026-08-09T20:05:00.000Z,"-1012","8",16,0,0
2026-08-09T20:10:00.000Z,"-1011","8",16,0,0
2026-08-09T20:15:00.000Z,"-1009","8",16,0,0
2026-08-09T20:20:00.000Z,"-1006","8",16,0,0
2026-08-09T20:25:00.000Z,"-1006","8",16,0,0
2026-08-09T20:30:00.000Z,"-1005","8",16,0,0
2026-08-09T20:35:00.000Z,"-1006","8",16,0,0
2026-08-09T20:40:00.000Z,"-1005","8",16,0,0
2026-08-09T20:45:00.000Z,"-997","8",16,0,0
2026-08-09T20:50:00.000Z,"-1000","8",16,0,0
2026-08-09T20:55:00.000Z,"-1006","8",16,0,0
2026-08-09T21:00:00.000Z,"-997","8",16,0,0
2026-08-09T21:05:00.000Z,"-1000","8",16,0,0
2026-08-09T21:10:00.000Z,"-997","8",16,0,0
2026-08-09T21:15:00.000Z,"-995","8",16,0,0
2026-08-09T21:20:00.000Z,"-995","8",16,0,0
2026-08-09T21:25:00.000Z,"-989","8",16,0,0
2026-08-09T21:30:00.000Z,"-991","8",16,0,0
2026-08-09T21:35:00.000Z,"-990","8",16,0,0
2026-08-09T21:40:00.000Z,"-992","8",16,0,0
2026-08-09T21:45:00.000Z,"-990","8",16,0,0
2026-08-09T21:50:00.000Z,"-987","8",16,0,0
2026-08-09T21:55:00.000Z,"-981","8",16,0,0
2026-08-09T22:00:00.000Z,"-986","8",16,0,0
2026-08-09T22:05:00.000Z,"-984","8",16,0,0
2026-08-09T22:10:00.000Z,"-982","8",16,0,0
2026-08-09T22:15:00.000Z,"-981","8",16,0,0
2026-08-09T22:20:00.000Z,"-982","8",16,0,0
2026-08-09T22:25:00.000Z,"-974","8",16,0,0
2026-08-09T22:30:00.000Z,"-981","8",16,0,0
2026-08-09T22:35:00.000Z,"-972","8",16,0,0
2026-08-09T22:40:00.000Z,"-980","8",16,0,0
2026-08-09T22:45:00.000Z,"-974","8",16,0,0
2026-08-09T22:50:00.000Z,"-972","8",16,0,0
2026-08-09T22:55:00.000Z,"-974","8",16,0,0
2026-08-09T23:00:00.000Z,"-974","8",16,0,0
2026-08-09T23:05:00.000Z,"-971","8",16,0,0
2026-08-09T23:10:00.000Z,"-972","8",16,0,0
2026-08-09T23:15:00.000Z,"-969","8",16,0,0
2026-08-09T23:20:00.000Z,"-966","8",16,0,0
2026-08-09T23:25:00.000Z,"-966","8",16,0,0
2026-08-09T23:30:00.000Z,"-967","8",16,0,0
2026-08-09T23:35:00.000Z,"-965","8",16,0,0
2026-08-09T23:40:00.000Z,"-960","8",16,0,0
2026-08-09T23:45:00.000Z,"-966","8",16,0,0
2026-08-09T23:50:00.000Z,"-959","8",16,0,0
2026-08-09T23:55:00.000Z,"-960","8",16,0,0
2026-08-10T00:00:00.000Z,"-960","8",16,0,0
2026-08-10T00:05:00.000Z,"-956","8",16,0,0
2026-08-10T00:10:00.000Z,"-952","8",16,0,0
2026-08-10T00:15:00.000Z,"-957","8",16,0,0
2026-08-10T00:20:00.000Z,"-951","8",16,0,0
2026-08-10T00:25:00.000Z,"-949","8",16,0,0
2026-08-10T00:30:00.000Z,"-955","8",16,0,0
2026-08-10T00:35:00.000Z,"-955","8",16,0,0
2026-08-10T00:40:00.000Z,"-949","8",16,0,0
2026-08-10T00:45:00.000Z,"-947","8",16,0,0
2026-08-10T00:50:00.000Z,"-950","8",16,0,0
2026-08-10T00:55:00.000Z,"-947","8",16,0,0
2026-08-10T01:00:00.000Z,"-952","8",16,0,0
2026-08-10T01:05:00.000Z,"-955","8",16,0,0
2026-08-10T01:10:00.000Z,"-947","8",16,0,0
2026-08-10T01:15:00.000Z,"-946","8",16,0,0
2026-08-10T01:20:00.000Z,"-946","8",16,0,0
2026-08-10T01:25:00.000Z,"-950","8",16,0,0
2026-08-10T01:30:00.000Z,"-946","8",16,0,0
2026-08-10T01:35:00.000Z,"-947","8",16,0,0
2026-08-10T01:40:00.000Z,"-946","8",16,0,0
2026-08-10T01:45:00.000Z,"-947","8",16,0,0
2026-08-10T01:50:00.000Z,"-944","8",16,0,0
2026-08-10T01:55:00.000Z,"-942","8",16,0,0
2026-08-10T02:00:00.000Z,"-945","8",16,0,0
2026-08-10T02:05:00.000Z,"-946","8",16,0,0
2026-08-10T02:10:00.000Z,"-942","8",16,0,0
2026-08-10T02:15:00.000Z,"-946","8",16,0,0
2026-08-10T02:20:00.000Z,"-946","8",16,0,0
2026-08-10T02:25:00.000Z,"-937","8",16,0,0
2026-08-10T02:30:00.000Z,"-942","8",16,0,0
2026-08-10T02:35:00.000Z,"-944","8",16,0,0
2026-08-10T02:40:00.000Z,"-944","8",16,0,0
2026-08-10T02:45:00.000Z,"-942","8",16,0,0
2026-08-10T02:50:00.000Z,"-946","8",16,0,0
2026-08-10T02:55:00.000Z,"-940","8",16,0,0
2026-08-10T03:00:00.000Z,"-942","8",16,0,0
2026-08-10T03:05:00.000Z,"-939","8",16,0,0
2026-08-10T03:10:00.000Z,"-937","8",16,0,0
2026-08-10T03:15:00.000Z,"-944","8",16,0,0
2026-08-10T03:20:00.000Z,"-942","8",16,0,0
2026-08-10T03:25:00.000Z,"-946","8",16,0,0
2026-08-10T03:30:00.000Z,"-939","8",16,0,0
2026-08-10T03:35:00.000Z,"-942","8",16,0,0
2026-08-10T03:40:00.000Z,"-937","8",16,0,0
2026-08-10T03:45:00.000Z,"-935","8",16,0,0
2026-08-10T03:50:00.000Z,"-942","8",16,0,0
2026-08-10T03:55:00.000Z,"-937","8",16,0,0
2026-08-10T04:00:00.000Z,"-939","8",16,0,0
2026-08-10T04:05:00.000Z,"-932","8",16,0,0
2026-08-10T04:10:00.000Z,"-937","8",16,0,0
2026-08-10T04:15:00.000Z,"-935","8",16,0,0
2026-08-10T04:20:00.000Z,"-934","8",16,0,0
2026-08-10T04:25:00.000Z,"-937","8",16,0,0
2026-08-10T04:30:00.000Z,"-931","8",16,0,0
2026-08-10T04:35:00.000Z,"-927","8",16,0,0
2026-08-10T04:40:00.000Z,"-934","8",16,0,0
2026-08-10T04:45:00.000Z,"-929","8",16,0,0
2026-08-10T04:50:00.000Z,"-931","8",16,0,0
2026-08-10T04:55:00.000Z,"-922","8",16,0,0
2026-08-10T05:00:00.000Z,"-920","8",16,0,0
2026-08-10T05:05:00.000Z,"-921","8",16,0,0
2026-08-10T05:10:00.000Z,"-916","8",16,0,0
2026-08-10T05:15:00.000Z,"-911","8",16,0,0
2026-08-10T05:20:00.000Z,"-910","8",16,0,0
2026-08-10T05:25:00.000Z,"-907","8",16,0,0
2026-08-10T05:30:00.000Z,"-904","8",16,0,0
2026-08-10T05:35:00.000Z,"-902","8",16,0,0
2026-08-10T05:40:00.000Z,"-897","8",16,0,0
2026-08-10T05:45:00.000Z,"-892","8",16,0,0
2026-08-10T05:50:00.000Z,"-890","8",16,0,0
2026-08-10T05:55:00.000Z,"-890","8",16,0,0
2026-08-10T06:00:00.000Z,"-886","8",16,0,0
2026-08-10T06:05:00.000Z,"-886","8",16,0,0
2026-08-10T06:10:00.000Z,"-884","8",16,0,0
2026-08-10T06:15:00.000Z,"-881","8",16,0,0
2026-08-10T06:20:00.000Z,"-881","8",16,0,0
2026-08-10T06:25:00.000Z,"-881","8",16,0,0
2026-08-10T06:30:00.000Z,"-872","8",16,0,0
2026-08-10T06:35:00.000Z,"-876","8",16,0,0
2026-08-10T06:40:00.000Z,"-872","8",16,0,0
2026-08-10T06:45:00.000Z,"-876","8",16,0,0
2026-08-10T06:50:00.000Z,"-876","8",16,0,0
2026-08-10T06:55:00.000Z,"-872","8",16,0,0
2026-08-10T07:00:00.000Z,"-871","8",16,0,0
2026-08-10T07:05:00.000Z,"-876","8",16,0,0
2026-08-10T07:10:00.000Z,"-874","8",16,0,0
2026-08-10T07:15:00.000Z,"-867","8",16,0,0
2026-08-10T07:20:00.000Z,"-869","8",16,0,0
2026-08-10T07:25:00.000Z,"-874","8",16,0,0
2026-08-10T07:30:00.000Z,"-871","8",16,0,0
2026-08-10T07:35:00.000Z,"-881","8",16,0,0
2026-08-10T07:40:00.000Z,"-876","8",16,0,0
2026-08-10T07:45:00.000Z,"-879","8",16,0,0
2026-08-10T07:50:00.000Z,"-881","8",16,0,0
2026-08-10T07:55:00.000Z,"-881","8",16,0,0
2026-08-10T08:00:00.000Z,"-880","8",16,0,0
2026-08-10T08:05:00.000Z,"-884","8",16,0,0
2026-08-10T08:10:00.000Z,"-885","8",16,0,0
2026-08-10T08:15:00.000Z,"-887","8",16,0,0
2026-08-10T08:20:00.000Z,"-887","8",16,0,0
2026-08-10T08:25:00.000Z,"-886","8",16,0,0
2026-08-10T08:30:00.000Z,"-891","8",16,0,0
2026-08-10T08:35:00.000Z,"-892","8",16,0,0
2026-08-10T08:40:00.000Z,"-894","8",16,0,0
2026-08-10T08:45:00.000Z,"-892","8",16,0,0
2026-08-10T08:50:00.000Z,"-896","8",16,0,0
2026-08-10T08:55:00.000Z,"-899","8",16,0,0
2026-08-10T09:00:00.000Z,"-901","8",16,0,0
2026-08-10T09:05:00.000Z,"-896","8",16,0,0
2026-08-10T09:10:00.000Z,"-899","8",16,0,0
2026-08-10T09:15:00.000Z,"-896","8",16,0,0
2026-08-10T09:20:00.000Z,"-899","8",16,0,0
2026-08-10T09:25:00.000Z,"-902","8",16,0,0
2026-08-10T09:30:00.000Z,"-897","8",16,0,0
2026-08-10T09:35:00.000Z,"-896","8",16,0,0
2026-08-10T09:40:00.000Z,"-894","8",16,0,0
2026-08-10T09:45:00.000Z,"-894","8",16,0,0
2026-08-10T09:50:00.000Z,"-897","8",16,0,0
2026-08-10T09:55:00.000Z,"-899","8",16,0,0
2026-08-10T10:00:00.000Z,"-894","8",16,0,0
2026-08-10T10:05:00.000Z,"-886","8",16,0,0
2026-08-10T10:10:00.000Z,"-897","8",16,0,0
2026-08-10T10:15:00.000Z,"-890","8",16,0,0
2026-08-10T10:20:00.000Z,"-894","8",16,0,0
2026-08-10T10:25:00.000Z,"-892","8",16,0,0
2026-08-10T10:30:00.000Z,"-889","8",16,0,0
2026-08-10T10:35:00.000Z,"-889","8",16,0,0
2026-08-10T10:40:00.000Z,"-892","8",16,0,0
2026-08-10T10:45:00.000Z,"-889","8",16,0,0
2026-08-10T10:50:00.000Z,"-887","8",16,0,0
2026-08-10T10:55:00.000Z,"-887","8",16,0,0
2026-08-10T11:00:00.000Z,"-887","8",16,0,0
2026-08-10T11:05:00.000Z,"-886","8",16,0,0
2026-08-10T11:10:00.000Z,"-887","8",16,0,0
2026-08-10T11:15:00.000Z,"-882","8",16,0,0
2026-08-10T11:20:00.000Z,"-890","8",16,0,0
2026-08-10T11:25:00.000Z,"-884","8",16,0,0
2026-08-10T11:30:00.000Z,"-886","8",16,0,0
2026-08-10T11:35:00.000Z,"-882","8",16,0,0
2026-08-10T11:40:00.000Z,"-890","8",16,0,0
2026-08-10T11:45:00.000Z,"-889","8",16,0,0
2026-08-10T11:50:00.000Z,"-881","8",16,0,0
2026-08-10T11:55:00.000Z,"-884","8",16,0,0
2026-08-10T12:00:00.000Z,"-887","8",16,0,0
2026-08-10T12:05:00.000Z,"-884","8",16,0,0
2026-08-10T12:10:00.000Z,"-887","8",16,0,0
2026-08-10T12:15:00.000Z,"-882","8",16,0,0
2026-08-10T12:20:00.000Z,"-889","8",16,0,0
2026-08-10T12:25:00.000Z,"-889","8",16,0,0
2026-08-10T12:30:00.000Z,"-887","8",16,0,0
2026-08-10T12:35:00.000Z,"-892","8",16,0,0
2026-08-10T12:40:00.000Z,"-885","8",16,0,0
2026-08-10T12:45:00.000Z,"-891","8",16,0,0
2026-08-10T12:50:00.000Z,"-891","8",16,0,0
2026-08-10T12:55:00.000Z,"-896","8",16,0,0
2026-08-10T13:00:00.000Z,"-899","8",16,0,0
2026-08-10T13:05:00.000Z,"-899","8",16,0,0
2026-08-10T13:10:00.000Z,"-899","8",16,0,0
2026-08-10T13:15:00.000Z,"-900","8",16,0,0
2026-08-10T13:20:00.000Z,"-900","8",16,0,0
2026-08-10T13:25:00.000Z,"-902","8",16,0,0
2026-08-10T13:30:00.000Z,"-906","8",16,0,0
2026-08-10T13:35:00.000Z,"-905","8",16,0,0
2026-08-10T13:40:00.000Z,"-906","8",16,0,0
2026-08-10T13:45:00.000Z,"-906","8",16,0,0
2026-08-10T13:50:00.000Z,"-907","8",16,0,0
2026-08-10T13:55:00.000Z,"-911","8",16,0,0
2026-08-10T14:00:00.000Z,"-912","8",16,0,0
2026-08-10T14:05:00.000Z,"-911","8",16,0,0
2026-08-10T14:10:00.000Z,"-916","8",16,0,0
2026-08-10T14:15:00.000Z,"-917","8",16,0,0
2026-08-10T14:20:00.000Z,"-914","8",16,0,0
2026-08-10T14:25:00.000Z,"-916","8",16,0,0
2026-08-10T14:30:00.000Z,"-917","8",16,0,0
2026-08-10T14:35:00.000Z,"-919","8",16,0,0
2026-08-10T14:40:00.000Z,"-924","8",16,0,0
2026-08-10T14:45:00.000Z,"-926","8",16,0,0
2026-08-10T14:50:00.000Z,"-919","8",16,0,0
2026-08-10T14:55:00.000Z,"-925","8",16,0,0
2026-08-10T15:00:00.000Z,"-927","8",16,0,0
2026-08-10T15:05:00.000Z,"-925","8",16,0,0
2026-08-10T15:10:00.000Z,"-934","8",16,0,0
2026-08-10T15:15:00.000Z,"-931","8",16,0,0
2026-08-10T15:20:00.000Z,"-937","8",16,0,0
2026-08-10T15:25:00.000Z,"-931","8",16,0,0
2026-08-10T15:30:00.000Z,"-935","8",16,0,0
2026-08-10T15:35:00.000Z,"-939","8",16,0,0
2026-08-10T15:40:00.000Z,"-939","8",16,0,0
2026-08-10T15:45:00.000Z,"-937","8",16,0,0
2026-08-10T15:50:00.000Z,"-939","8",16,0,0
2026-08-10T15:55:00.000Z,"-942","8",16,0,0
2026-08-10T16:00:00.000Z,"-942","8",16,0,0
2026-08-10T16:05:00.000Z,"-946","8",16,0,0
2026-08-10T16:10:00.000Z,"-944","8",16,0,0
2026-08-10T16:15:00.000Z,"-942","8",16,0,0
2026-08-10T16:20:00.000Z,"-944","8",16,0,0
2026-08-10T16:25:00.000Z,"-949","8",16,0,0
2026-08-10T16:30:00.000Z,"-954","8",16,0,0
2026-08-10T16:35:00.000Z,"-947","8",16,0,0
2026-08-10T16:40:00.000Z,"-950","8",16,0,0
2026-08-10T16:45:00.000Z,"-955","8",16,0,0
2026-08-10T16:50:00.000Z,"-951","8",16,0,0
2026-08-10T16:55:00.000Z,"-954","8",16,0,0
2026-08-10T17:00:00.000Z,"-949","8",16,0,0
2026-08-10T17:05:00.000Z,"-956","8",16,0,0
2026-08-10T17:10:00.000Z,"-955","8",16,0,0
2026-08-10T17:15:00.000Z,"-960","8",16,0,0
2026-08-10T17:20:00.000Z,"-952","8",16,0,0
2026-08-10T17:25:00.000Z,"-949","8",16,0,0
2026-08-10T17:30:00.000Z,"-955","8",16,0,0
2026-08-10T17:35:00.000Z,"-952","8",16,0,0
2026-08-10T17:40:00.000Z,"-951","8",16,0,0
2026-08-10T17:45:00.000Z,"-954","8",16,0,0
2026-08-10T17:50:00.000Z,"-954","8",16,0,0
2026-08-10T17:55:00.000Z,"-949","8",16,0,0
2026-08-10T18:00:00.000Z,"-952","8",16,0,0
2026-08-10T18:05:00.000Z,"-946","8",16,0,0
2026-08-10T18:10:00.000Z,"-939","8",16,0,0
2026-08-10T18:15:00.000Z,"-944","8",16,0,0
2026-08-10T18:20:00.000Z,"-939","8",16,0,0
2026-08-10T18:25:00.000Z,"-942","8",16,0,0
2026-08-10T18:30:00.000Z,"-936","8",16,0,0
2026-08-10T18:35:00.000Z,"-937","8",16,0,0
2026-08-10T18:40:00.000Z,"-934","8",16,0,0
2026-08-10T18:45:00.000Z,"-926","8",16,0,0
2026-08-10T18:50:00.000Z,"-929","8",16,0,0
2026-08-10T18:55:00.000Z,"-925","8",16,0,0
2026-08-10T19:00:00.000Z,"-919","8",16,0,0
2026-08-10T19:05:00.000Z,"-915","8",16,0,0
2026-08-10T19:10:00.000Z,"-911","8",16,0,0
2026-08-10T19:15:00.000Z,"-911","8",16,0,0
2026-08-10T19:20:00.000Z,"-909","8",16,0,0
2026-08-10T19:25:00.000Z,"-904","8",16,0,0
2026-08-10T19:30:00.000Z,"-905","8",16,0,0
2026-08-10T19:35:00.000Z,"-902","8",16,0,0
2026-08-10T19:40:00.000Z,"-901","8",16,0,0
2026-08-10T19:45:00.000Z,"-900","8",16,0,0
2026-08-10T19:50:00.000Z,"-899","8",16,0,0
2026-08-10T19:55:00.000Z,"-890","8",16,0,0
2026-08-10T20:00:00.000Z,"-896","8",16,0,0
2026-08-10T20:05:00.000Z,"-896","8",16,0,0
2026-08-10T20:10:00.000Z,"-896","8",16,0,0
2026-08-10T20:15:00.000Z,"-890","8",16,0,0
2026-08-10T20:20:00.000Z,"-896","8",16,0,0
2026-08-10T20:25:00.000Z,"-891","8",16,0,0
2026-08-10T20:30:00.000Z,"-890","8",16,0,0
2026-08-10T20:35:00.000Z,"-892","8",16,0,0
2026-08-10T20:40:00.000Z,"-892","8",16,0,0
2026-08-10T20:45:00.000Z,"-890","8",16,0,0
2026-08-10T20:50:00.000Z,"-886","8",16,0,0
2026-08-10T20:55:00.000Z,"-891","8",16,0,0
2026-08-10T21:00:00.000Z,"-892","8",16,0,0
2026-08-10T21:05:00.000Z,"-890","8",16,0,0
2026-08-10T21:10:00.000Z,"-892","8",16,0,0
2026-08-10T21:15:00.000Z,"-891","8",16,0,0
2026-08-10T21:20:00.000Z,"-892","8",16,0,0
2026-08-10T21:25:00.000Z,"-900","8",16,0,0
2026-08-10T21:30:00.000Z,"-894","8",16,0,0
2026-08-10T21:35:00.000Z,"-896","8",16,0,0
2026-08-10T21:40:00.000Z,"-901","8",16,0,0
2026-08-10T21:45:00.000Z,"-897","8",16,0,0
2026-08-10T21:50:00.000Z,"-900","8",16,0,0
2026-08-10T21:55:00.000Z,"-896","8",16,0,0
2026-08-10T22:00:00.000Z,"-902","8",16,0,0
2026-08-10T22:05:00.000Z,"-899","8",16,0,0
2026-08-10T22:10:00.000Z,"-902","8",16,0,0
2026-08-10T22:15:00.000Z,"-899","8",16,0,0
2026-08-10T22:20:00.000Z,"-905","8",16,0,0
2026-08-10T22:25:00.000Z,"-905","8",16,0,0
2026-08-10T22:30:00.000Z,"-905","8",16,0,0
2026-08-10T22:35:00.000Z,"-905","8",16,0,0
2026-08-10T22:40:00.000Z,"-899","8",16,0,0
2026-08-10T22:45:00.000Z,"-899","8",16,0,0
2026-08-10T22:50:00.000Z,"-897","8",16,0,0
2026-08-10T22:55:00.000Z,"-891","8",16,0,0
2026-08-10T23:00:00.000Z,"-896","8",16,0,0
2026-08-10T23:05:00.000Z,"-890","8",16,0,0
2026-08-10T23:10:00.000Z,"-884","8",16,0,0
2026-08-10T23:15:00.000Z,"-884","8",16,0,0
2026-08-10T23:20:00.000Z,"-879","8",16,0,0
2026-08-10T23:25:00.000Z,"-869","8",16,0,0
2026-08-10T23:30:00.000Z,"-869","8",16,0,0
2026-08-10T23:35:00.000Z,"-869","8",16,0,0
2026-08-10T23:40:00.000Z,"-862","8",16,0,0
2026-08-10T23:45:00.000Z,"-857","8",16,0,0
2026-08-10T23:50:00.000Z,"-854","8",16,0,0
2026-08-10T23:55:00.000Z,"-844","8",16,0,0
2026-08-11T00:00:00.000Z,"-834","8",16,0,0
2026-08-11T00:05:00.000Z,"-834","8",16,0,0
2026-08-11T00:10:00.000Z,"-827","8",16,0,0
2026-08-11T00:15:00.000Z,"-820","8",16,0,0
2026-08-11T00:20:00.000Z,"-814","8",16,0,0
2026-08-11T00:25:00.000Z,"-809","8",16,0,0
2026-08-11T00:30:00.000Z,"-804","8",16,0,0
2026-08-11T00:35:00.000Z,"-799","8",16,0,0
2026-08-11T00:40:00.000Z,"-797","8",16,0,0
2026-08-11T00:45:00.000Z,"-791","8",16,0,0
2026-08-11T00:50:00.000Z,"-786","8",16,0,0
2026-08-11T00:55:00.000Z,"-781","8",16,0,0
2026-08-11T01:00:00.000Z,"-782","8",16,0,0
2026-08-11T01:05:00.000Z,"-780","8",16,0,0
2026-08-11T01:10:00.000Z,"-772","8",16,0,0
2026-08-11T01:15:00.000Z,"-776","8",16,0,0
2026-08-11T01:20:00.000Z,"-769","8",16,0,0
2026-08-11T01:25:00.000Z,"-767","8",16,0,0
2026-08-11T01:30:00.000Z,"-767","8",16,0,0
2026-08-11T01:35:00.000Z,"-764","8",16,0,0
2026-08-11T01:40:00.000Z,"-765","8",16,0,0
2026-08-11T01:45:00.000Z,"-761","8",16,0,0
2026-08-11T01:50:00.000Z,"-765","8",16,0,0
2026-08-11T01:55:00.000Z,"-765","8",16,0,0
2026-08-11T02:00:00.000Z,"-766","8",16,0,0
2026-08-11T02:05:00.000Z,"-764","8",16,0,0
2026-08-11T02:10:00.000Z,"-775","8",16,0,0
2026-08-11T02:15:00.000Z,"-771","8",16,0,0
2026-08-11T02:20:00.000Z,"-774","8",16,0,0
2026-08-11T02:25:00.000Z,"-775","8",16,0,0
2026-08-11T02:30:00.000Z,"-780","8",16,0,0
2026-08-11T02:35:00.000Z,"-781","8",16,0,0
2026-08-11T02:40:00.000Z,"-782","8",16,0,0
2026-08-11T02:45:00.000Z,"-785","8",16,0,0
2026-08-11T02:50:00.000Z,"-791","8",16,0,0
2026-08-11T02:55:00.000Z,"-791","8",16,0,0
2026-08-11T03:00:00.000Z,"-792","8",16,0,0
2026-08-11T03:05:00.000Z,"-795","8",16,0,0
2026-08-11T03:10:00.000Z,"-801","8",16,0,0
2026-08-11T03:15:00.000Z,"-802","8",16,0,0
2026-08-11T03:20:00.000Z,"-807","8",16,0,0
2026-08-11T03:25:00.000Z,"-812","8",16,0,0
2026-08-11T03:30:00.000Z,"-811","8",16,0,0
2026-08-11T03:35:00.000Z,"-814","8",16,0,0
2026-08-11T03:40:00.000Z,"-814","8",16,0,0
2026-08-11T03:45:00.000Z,"-820","8",16,0,0
2026-08-11T03:50:00.000Z,"-825","8",16,0,0
2026-08-11T03:55:00.000Z,"-824","8",16,0,0
2026-08-11T04:00:00.000Z,"-824","8",16,0,0
2026-08-11T04:05:00.000Z,"-830","8",16,0,0
2026-08-11T04:10:00.000Z,"-830","8",16,0,0
2026-08-11T04:15:00.000Z,"-832","8",16,0,0
2026-08-11T04:20:00.000Z,"-834","8",16,0,0
2026-08-11T04:25:00.000Z,"-834","8",16,0,0
2026-08-11T04:30:00.000Z,"-834","8",16,0,0
2026-08-11T04:35:00.000Z,"-837","8",16,0,0
2026-08-11T04:40:00.000Z,"-840","8",16,0,0
2026-08-11T04:45:00.000Z,"-842","8",16,0,0
2026-08-11T04:50:00.000Z,"-842","8",16,0,0
2026-08-11T04:55:00.000Z,"-837","8",16,0,0
2026-08-11T05:00:00.000Z,"-840","8",16,0,0
2026-08-11T05:05:00.000Z,"-837","8",16,0,0
2026-08-11T05:10:00.000Z,"-839","8",16,0,0
2026-08-11T05:15:00.000Z,"-830","8",16,0,0
2026-08-11T05:20:00.000Z,"-830","8",16,0,0
2026-08-11T05:25:00.000Z,"-827","8",16,0,0
2026-08-11T05:30:00.000Z,"-824","8",16,0,0
2026-08-11T05:35:00.000Z,"-816","8",16,0,0
2026-08-11T05:40:00.000Z,"-819","8",16,0,0
2026-08-11T05:45:00.000Z,"-811","8",16,0,0
2026-08-11T05:50:00.000Z,"-807","8",16,0,0
2026-08-11T05:55:00.000Z,"-807","8",16,0,0
2026-08-11T06:00:00.000Z,"-799","8",16,0,0
2026-08-11T06:05:00.000Z,"-794","8",16,0,0
2026-08-11T06:10:00.000Z,"-785","8",16,0,0
2026-08-11T06:15:00.000Z,"-780","8",16,0,0
2026-08-11T06:20:00.000Z,"-776","8",16,0,0
2026-08-11T06:25:00.000Z,"-765","8",16,0,0
2026-08-11T06:30:00.000Z,"-755","8",16,0,0
2026-08-11T06:35:00.000Z,"-747","8",16,0,0
2026-08-11T06:40:00.000Z,"-744","8",16,0,0
2026-08-11T06:45:00.000Z,"-734","8",16,0,0
2026-08-11T06:50:00.000Z,"-732","8",16,0,0
2026-08-11T06:55:00.000Z,"-722","8",16,0,0
2026-08-11T07:00:00.000Z,"-712","8",16,0,0
2026-08-11T07:05:00.000Z,"-707","8",16,0,0
2026-08-11T07:10:00.000Z,"-709","8",16,0,0
2026-08-11T07:15:00.000Z,"-694","8",16,0,0
2026-08-11T07:20:00.000Z,"-687","8",16,0,0
2026-08-11T07:25:00.000Z,"-682","8",16,0,0
2026-08-11T07:30:00.000Z,"-677","8",16,0,0
2026-08-11T07:35:00.000Z,"-671","8",16,0,0
2026-08-11T07:40:00.000Z,"-667","8",16,0,0
2026-08-11T07:45:00.000Z,"-664","8",16,0,0
2026-08-11T07:50:00.000Z,"-657","8",16,0,0
2026-08-11T07:55:00.000Z,"-654","8",16,0,0
2026-08-11T08:00:00.000Z,"-647","8",16,0,0
2026-08-11T08:05:00.000Z,"-646","8",16,0,0
2026-08-11T08:10:00.000Z,"-640","8",16,0,0
2026-08-11T08:15:00.000Z,"-637","8",16,0,0
2026-08-11T08:20:00.000Z,"-632","8",16,0,0
2026-08-11T08:25:00.000Z,"-635","8",16,0,0
2026-08-11T08:30:00.000Z,"-629","8",16,0,0
2026-08-11T08:35:00.000Z,"-627","8",16,0,0
2026-08-11T08:40:00.000Z,"-625","8",16,0,0
2026-08-11T08:45:00.000Z,"-622","8",16,0,0
2026-08-11T08:50:00.000Z,"-617","8",16,0,0
2026-08-11T08:55:00.000Z,"-619","8",16,0,0
2026-08-11T09:00:00.000Z,"-614","8",16,0,0
2026-08-11T09:05:00.000Z,"-611","8",16,0,0
2026-08-11T09:10:00.000Z,"-609","8",16,0,0
2026-08-11T09:15:00.000Z,"-607","8",16,0,0
2026-08-11T09:20:00.000Z,"-609","8",16,0,0
2026-08-11T09:25:00.000Z,"-609","8",16,0,0
2026-08-11T09:30:00.000Z,"-601","8",16,0,0
2026-08-11T09:35:00.000Z,"-604","8",16,0,0
2026-08-11T09:40:00.000Z,"-600","8",16,0,0
2026-08-11T09:45:00.000Z,"-600","8",16,0,0
2026-08-11T09:50:00.000Z,"-596","8",16,0,0
2026-08-11T09:55:00.000Z,"-597","8",16,0,0
2026-08-11T10:00:00.000Z,"-596","8",16,0,0
2026-08-11T10:05:00.000Z,"-597","8",16,0,0
2026-08-11T10:10:00.000Z,"-596","8",16,0,0
2026-08-11T10:15:00.000Z,"-596","8",16,0,0
2026-08-11T10:20:00.000Z,"-602","8",16,0,0
2026-08-11T10:25:00.000Z,"-597","8",16,0,0
2026-08-11T10:30:00.000Z,"-597","8",16,0,0
2026-08-11T10:35:00.000Z,"-591","8",16,0,0
2026-08-11T10:40:00.000Z,"-590","8",16,0,0
2026-08-11T10:45:00.000Z,"-587","8",16,0,0
2026-08-11T10:50:00.000Z,"-586","8",16,0,0
2026-08-11T10:55:00.000Z,"-584","8",16,0,0
2026-08-11T11:00:00.000Z,"-577","8",16,0,0
2026-08-11T11:05:00.000Z,"-580","8",16,0,0
2026-08-11T11:10:00.000Z,"-575","8",16,0,0
2026-08-11T11:15:00.000Z,"-574","8",16,0,0
2026-08-11T11:20:00.000Z,"-572","8",16,0,0
2026-08-11T11:25:00.000Z,"-567","8",16,0,0
2026-08-11T11:30:00.000Z,"-562","8",16,0,0
2026-08-11T11:35:00.000Z,"-560","8",16,0,0
2026-08-11T11:40:00.000Z,"-560","8",16,0,0
2026-08-11T11:45:00.000Z,"-556","8",16,0,0
2026-08-11T11:50:00.000Z,"-554","8",16,0,0
2026-08-11T11:55:00.000Z,"-550","8",16,0,0
2026-08-11T12:00:00.000Z,"-547","8",16,0,0
2026-08-11T12:05:00.000Z,"-544","8",16,0,0
2026-08-11T12:10:00.000Z,"-540","8",16,0,0
2026-08-11T12:15:00.000Z,"-540","8",16,0,0
2026-08-11T12:20:00.000Z,"-536","8",16,0,0
2026-08-11T12:25:00.000Z,"-534","8",16,0,0
2026-08-11T12:30:00.000Z,"-532","8",16,0,0
2026-08-11T12:35:00.000Z,"-535","8",16,0,0
2026-08-11T12:40:00.000Z,"-531","8",16,0,0
2026-08-11T12:45:00.000Z,"-529","8",16,0,0
2026-08-11T12:50:00.000Z,"-525","8",16,0,0
2026-08-11T12:55:00.000Z,"-519","8",16,0,0
2026-08-11T13:00:00.000Z,"-517","8",16,0,0
2026-08-11T13:05:00.000Z,"-515","8",16,0,0
2026-08-11T13:10:00.000Z,"-517","8",16,0,0
2026-08-11T13:15:00.000Z,"-512","8",16,0,0
2026-08-11T13:20:00.000Z,"-506","8",16,0,0
2026-08-11T13:25:00.000Z,"-506","8",16,0,0
2026-08-11T13:30:00.000Z,"-502","8",16,0,0
2026-08-11T13:35:00.000Z,"-501","8",16,0,0
2026-08-11T13:40:00.000Z,"-501","8",16,0,0
2026-08-11T13:45:00.000Z,"-501","8",16,0,0
2026-08-11T13:50:00.000Z,"-502","8",16,0,0
2026-08-11T13:55:00.000Z,"-501","8",16,0,0
2026-08-11T14:00:00.000Z,"-501","8",16,0,0
2026-08-11T14:05:00.000Z,"-500","8",16,0,0
2026-08-11T14:10:00.000Z,"-500","8",16,0,0
2026-08-11T14:15:00.000Z,"-501","8",16,0,0
2026-08-11T14:20:00.000Z,"-501","8",16,0,0
2026-08-11T14:25:00.000Z,"-501","8",16,0,0
2026-08-11T14:30:00.000Z,"-501","8",16,0,0
2026-08-11T14:35:00.000Z,"-502","8",16,0,0
2026-08-11T14:40:00.000Z,"-501","8",16,0,0
2026-08-11T14:45:00.000Z,"-501","8",16,0,0
2026-08-11T14:50:00.000Z,"-502","8",16,0,0
2026-08-11T14:55:00.000Z,"-516","8",16,0,0
2026-08-11T15:00:00.000Z,"-516","8",16,0,0
2026-08-11T15:05:00.000Z,"-501","8",16,0,0
2026-08-11T15:10:00.000Z,"-501","8",16,0,0
2026-08-11T15:15:00.000Z,"-501","8",16,0,0
2026-08-11T15:20:00.000Z,"-501","8",16,0,0
2026-08-11T15:25:00.000Z,"-502","8",16,0,0
2026-08-11T15:30:00.000Z,"-501","8",16,0,0
2026-08-11T15:35:00.000Z,"-501","8",16,0,0
2026-08-11T15:40:00.000Z,"-501","8",16,0,0
2026-08-11T15:45:00.000Z,"-501","8",16,0,0
2026-08-11T15:50:00.000Z,"-502","8",16,0,0
2026-08-11T15:55:00.000Z,"-502","8",16,0,0
2026-08-11T16:00:00.000Z,"-502","8",16,0,0
2026-08-11T16:05:00.000Z,"-502","8",16,0,0
2026-08-11T16:10:00.000Z,"-505","8",16,0,0
2026-08-11T16:15:00.000Z,"-501","8",16,0,0
2026-08-11T16:20:00.000Z,"-501","8",16,0,0
2026-08-11T16:25:00.000Z,"-501","8",16,0,0
2026-08-11T16:30:00.000Z,"-501","8",16,0,0
2026-08-11T16:35:00.000Z,"-501","8",16,0,0
2026-08-11T16:40:00.000Z,"-501","8",16,0,0
2026-08-11T16:45:00.000Z,"-502","8",16,0,0
2026-08-11T16:50:00.000Z,"-501","8",16,0,0
2026-08-11T16:55:00.000Z,"-501","8",16,0,0
2026-08-11T17:00:00.000Z,"-501","8",16,0,0
2026-08-11T17:05:00.000Z,"-501","8",16,0,0
2026-08-11T17:10:00.000Z,"-500","8",16,0,0
2026-08-11T17:15:00.000Z,"-501","8",16,0,0
2026-08-11T17:20:00.000Z,"-502","8",16,0,0
2026-08-11T17:25:00.000Z,"-501","8",16,0,0
2026-08-11T17:30:00.000Z,"-501","8",16,0,0
2026-08-11T17:35:00.000Z,"-501","8",16,0,0
2026-08-11T17:40:00.000Z,"-501","8",16,0,0
2026-08-11T17:45:00.000Z,"-501","8",16,0,0
2026-08-11T17:50:00.000Z,"-501","8",16,0,0
2026-08-11T17:55:00.000Z,"-502","8",16,0,0
2026-08-11T18:00:00.000Z,"-501","8",16,0,0
2026-08-11T18:05:00.000Z,"-502","8",16,0,0
2026-08-11T18:10:00.000Z,"-506","8",16,0,0
2026-08-11T18:15:00.000Z,"-507","8",16,0,0
2026-08-11T18:20:00.000Z,"-506","8",16,0,0
2026-08-11T18:25:00.000Z,"-506","8",16,0,0
2026-08-11T18:30:00.000Z,"-510","8",16,0,0
2026-08-11T18:35:00.000Z,"-509","8",16,0,0
2026-08-11T18:40:00.000Z,"-514","8",16,0,0
2026-08-11T18:45:00.000Z,"-516","8",16,0,0
2026-08-11T18:50:00.000Z,"-516","8",16,0,0
2026-08-11T18:55:00.000Z,"-517","8",16,0,0
2026-08-11T19:00:00.000Z,"-521","8",16,0,0
2026-08-11T19:05:00.000Z,"-524","8",16,0,0
2026-08-11T19:10:00.000Z,"-525","8",16,0,0
2026-08-11T19:15:00.000Z,"-530","8",16,0,0
2026-08-11T19:20:00.000Z,"-532","8",16,0,0
2026-08-11T19:25:00.000Z,"-534","8",16,0,0
2026-08-11T19:30:00.000Z,"-537","8",16,0,0
2026-08-11T19:35:00.000Z,"-544","8",16,0,0
2026-08-11T19:40:00.000Z,"-544","8",16,0,0
2026-08-11T19:45:00.000Z,"-547","8",16,0,0
2026-08-11T19:50:00.000Z,"-549","8",16,0,0
2026-08-11T19:55:00.000Z,"-555","8",16,0,0
2026-08-11T20:00:00.000Z,"-556","8",16,0,0
2026-08-11T20:05:00.000Z,"-559","8",16,0,0
2026-08-11T20:10:00.000Z,"-562","8",16,0,0
2026-08-11T20:15:00.000Z,"-565","8",16,0,0
2026-08-11T20:20:00.000Z,"-572","8",16,0,0
2026-08-11T20:25:00.000Z,"-576","8",16,0,0
2026-08-11T20:30:00.000Z,"-577","8",16,0,0
2026-08-11T20:35:00.000Z,"-580","8",16,0,0
2026-08-11T20:40:00.000Z,"-584","8",16,0,0
2026-08-11T20:45:00.000Z,"-587","8",16,0,0
2026-08-11T20:50:00.000Z,"-591","8",16,0,0
2026-08-11T20:55:00.000Z,"-592","8",16,0,0
2026-08-11T21:00:00.000Z,"-597","8",16,0,0
2026-08-11T21:05:00.000Z,"-600","8",16,0,0
2026-08-11T21:10:00.000Z,"-601","8",16,0,0
2026-08-11T21:15:00.000Z,"-609","8",16,0,0
2026-08-11T21:20:00.000Z,"-609","8",16,0,0
2026-08-11T21:25:00.000Z,"-612","8",16,0,0
2026-08-11T21:30:00.000Z,"-615","8",16,0,0
2026-08-11T21:35:00.000Z,"-620","8",16,0,0
2026-08-11T21:40:00.000Z,"-624","8",16,0,0
2026-08-11T21:45:00.000Z,"-625","8",16,0,0
2026-08-11T21:50:00.000Z,"-629","8",16,0,0
2026-08-11T21:55:00.000Z,"-635","8",16,0,0
2026-08-11T22:00:00.000Z,"-639","8",16,0,0
2026-08-11T22:05:00.000Z,"-644","8",16,0,0
2026-08-11T22:10:00.000Z,"-646","8",16,0,0
2026-08-11T22:15:00.000Z,"-650","8",16,0,0
2026-08-11T22:20:00.000Z,"-654","8",16,0,0
2026-08-11T22:25:00.000Z,"-660","8",16,0,0
2026-08-11T22:30:00.000Z,"-664","8",16,0,0
2026-08-11T22:35:00.000Z,"-670","8",16,0,0
2026-08-11T22:40:00.000Z,"-671","8",16,0,0
2026-08-11T22:45:00.000Z,"-676","8",16,0,0
2026-08-11T22:50:00.000Z,"-680","8",16,0,0
2026-08-11T22:55:00.000Z,"-687","8",16,0,0
2026-08-11T23:00:00.000Z,"-689","8",16,0,0
2026-08-11T23:05:00.000Z,"-695","8",16,0,0
2026-08-11T23:10:00.000Z,"-694","8",16,0,0
2026-08-11T23:15:00.000Z,"-695","8",16,0,0
2026-08-11T23:20:00.000Z,"-696","8",16,0,0
2026-08-11T23:25:00.000Z,"-700","8",16,0,0
2026-08-11T23:30:00.000Z,"-704","8",16,0,0
2026-08-11T23:35:00.000Z,"-707","8",16,0,0
2026-08-11T23:40:00.000Z,"-704","8",16,0,0
2026-08-11T23:45:00.000Z,"-707","8",16,0,0
2026-08-11T23:50:00.000Z,"-706","8",16,0,0
2026-08-11T23:55:00.000Z,"-707","8",16,0,0
2026-08-12T00:00:00.000Z,"-707","8",16,0,0
2026-08-12T00:05:00.000Z,"-710","8",16,0,0
2026-08-12T00:10:00.000Z,"-705","8",16,0,0
2026-08-12T00:15:00.000Z,"-707","8",16,0,0
2026-08-12T00:20:00.000Z,"-707","8",16,0,0
2026-08-12T00:25:00.000Z,"-709","8",16,0,0
2026-08-12T00:30:00.000Z,"-711","8",16,0,0
2026-08-12T00:35:00.000Z,"-706","8",16,0,0
2026-08-12T00:40:00.000Z,"-706","8",16,0,0
2026-08-12T00:45:00.000Z,"-701","8",16,0,0
2026-08-12T00:50:00.000Z,"-705","8",16,0,0
2026-08-12T00:55:00.000Z,"-704","8",16,0,0
2026-08-12T01:00:00.000Z,"-704","8",16,0,0
2026-08-12T01:05:00.000Z,"-702","8",16,0,0
2026-08-12T01:10:00.000Z,"-704","8",16,0,0
2026-08-12T01:15:00.000Z,"-701","8",16,0,0
2026-08-12T01:20:00.000Z,"-701","8",16,0,0
2026-08-12T01:25:00.000Z,"-702","8",16,0,0
2026-08-12T01:30:00.000Z,"-696","8",16,0,0
2026-08-12T01:35:00.000Z,"-700","8",16,0,0
2026-08-12T01:40:00.000Z,"-697","8",16,0,0
2026-08-12T01:45:00.000Z,"-694","8",16,0,0
2026-08-12T01:50:00.000Z,"-697","8",16,0,0
2026-08-12T01:55:00.000Z,"-697","8",16,0,0
2026-08-12T02:00:00.000Z,"-694","8",16,0,0
2026-08-12T02:05:00.000Z,"-692","8",16,0,0
2026-08-12T02:10:00.000Z,"-689","8",16,0,0
2026-08-12T02:15:00.000Z,"-690","8",16,0,0
2026-08-12T02:20:00.000Z,"-692","8",16,0,0
2026-08-12T02:25:00.000Z,"-686","8",16,0,0
2026-08-12T02:30:00.000Z,"-689","8",16,0,0
2026-08-12T02:35:00.000Z,"-682","8",16,0,0
2026-08-12T02:40:00.000Z,"-686","8",16,0,0
2026-08-12T02:45:00.000Z,"-682","8",16,0,0
2026-08-12T02:50:00.000Z,"-681","8",16,0,0
2026-08-12T02:55:00.000Z,"-682","8",16,0,0
2026-08-12T03:00:00.000Z,"-680","8",16,0,0
2026-08-12T03:05:00.000Z,"-681","8",16,0,0
2026-08-12T03:10:00.000Z,"-680","8",16,0,0
2026-08-12T03:15:00.000Z,"-677","8",16,0,0
2026-08-12T03:20:00.000Z,"-679","8",16,0,0
2026-08-12T03:25:00.000Z,"-674","8",16,0,0
2026-08-12T03:30:00.000Z,"-672","8",16,0,0
2026-08-12T03:35:00.000Z,"-672","8",16,0,0
2026-08-12T03:40:00.000Z,"-667","8",16,0,0
2026-08-12T03:45:00.000Z,"-667","8",16,0,0
2026-08-12T03:50:00.000Z,"-666","8",16,0,0
2026-08-12T03:55:00.000Z,"-664","8",16,0,0
2026-08-12T04:00:00.000Z,"-664","8",16,0,0
2026-08-12T04:05:00.000Z,"-661","8",16,0,0
2026-08-12T04:10:00.000Z,"-662","8",16,0,0
2026-08-12T04:15:00.000Z,"-659","8",16,0,0
2026-08-12T04:20:00.000Z,"-655","8",16,0,0
2026-08-12T04:25:00.000Z,"-652","8",16,0,0
2026-08-12T04:30:00.000Z,"-649","8",16,0,0
2026-08-12T04:35:00.000Z,"-644","8",16,0,0
2026-08-12T04:40:00.000Z,"-641","8",16,0,0
2026-08-12T04:45:00.000Z,"-639","8",16,0,0
2026-08-12T04:50:00.000Z,"-635","8",16,0,0
2026-08-12T04:55:00.000Z,"-634","8",16,0,0
2026-08-12T05:00:00.000Z,"-624","8",16,0,0
2026-08-12T05:05:00.000Z,"-625","8",16,0,0
2026-08-12T05:10:00.000Z,"-620","8",16,0,0
2026-08-12T05:15:00.000Z,"-617","8",16,0,0
2026-08-12T05:20:00.000Z,"-611","8",16,0,0
2026-08-12T05:25:00.000Z,"-606","8",16,0,0
2026-08-12T05:30:00.000Z,"-602","8",16,0,0
2026-08-12T05:35:00.000Z,"-602","8",16,0,0
2026-08-12T05:40:00.000Z,"-596","8",16,0,0
2026-08-12T05:45:00.000Z,"-594","8",16,0,0
2026-08-12T05:50:00.000Z,"-586","8",16,0,0
2026-08-12T05:55:00.000Z,"-580","8",16,0,0
2026-08-12T06:00:00.000Z,"-575","8",16,0,0
2026-08-12T06:05:00.000Z,"-570","8",16,0,0
2026-08-12T06:10:00.000Z,"-561","8",16,0,0
2026-08-12T06:15:00.000Z,"-551","8",16,0,0
2026-08-12T06:20:00.000Z,"-546","8",16,0,0
2026-08-12T06:25:00.000Z,"-537","8",16,0,0
2026-08-12T06:30:00.000Z,"-531","8",16,0,0
2026-08-12T06:35:00.000Z,"-521","8",16,0,0
2026-08-12T06:40:00.000Z,"-514","8",16,0,0
2026-08-12T06:45:00.000Z,"-502","8",16,0,0
2026-08-12T06:50:00.000Z,"-497","8",16,0,0
2026-08-12T06:55:00.000Z,"-487","8",16,0,0
2026-08-12T07:00:00.000Z,"-479","8",16,0,0
2026-08-12T07:05:00.000Z,"-472","8",16,0,0
2026-08-12T07:10:00.000Z,"-466","8",16,0,0
2026-08-12T07:15:00.000Z,"-455","8",16,0,0
2026-08-12T07:20:00.000Z,"-447","8",16,0,0
2026-08-12T07:25:00.000Z,"-441","8",16,0,0
2026-08-12T07:30:00.000Z,"-435","8",16,0,0
2026-08-12T07:35:00.000Z,"-432","8",16,0,0
2026-08-12T07:40:00.000Z,"-425","8",16,0,0
2026-08-12T07:45:00.000Z,"-420","8",16,0,0
2026-08-12T07:50:00.000Z,"-416","8",16,0,0
2026-08-12T07:55:00.000Z,"-412","8",16,0,0
2026-08-12T08:00:00.000Z,"-410","8",16,0,0
2026-08-12T08:05:00.000Z,"-405","8",16,0,0
2026-08-12T08:10:00.000Z,"-405","8",16,0,0
2026-08-12T08:15:00.000Z,"-404","8",16,0,0
2026-08-12T08:20:00.000Z,"-402","8",16,0,0
2026-08-12T08:25:00.000Z,"-401","8",16,0,0
2026-08-12T08:30:00.000Z,"-401","8",16,0,0
2026-08-12T08:35:00.000Z,"-402","8",16,0,0
2026-08-12T08:40:00.000Z,"-402","8",16,0,0
2026-08-12T08:45:00.000Z,"-404","8",16,0,0
2026-08-12T08:50:00.000Z,"-405","8",16,0,0
2026-08-12T08:55:00.000Z,"-407","8",16,0,0
2026-08-12T09:00:00.000Z,"-407","8",16,0,0
2026-08-12T09:05:00.000Z,"-409","8",16,0,0
2026-08-12T09:10:00.000Z,"-411","8",16,0,0
2026-08-12T09:15:00.000Z,"-412","8",16,0,0
2026-08-12T09:20:00.000Z,"-417","8",16,0,0
2026-08-12T09:25:00.000Z,"-419","8",16,0,0
2026-08-12T09:30:00.000Z,"-420","8",16,0,0
2026-08-12T09:35:00.000Z,"-424","8",16,0,0
2026-08-12T09:40:00.000Z,"-425","8",16,0,0
2026-08-12T09:45:00.000Z,"-430","8",16,0,0
2026-08-12T09:50:00.000Z,"-430","8",16,0,0
2026-08-12T09:55:00.000Z,"-435","8",16,0,0
2026-08-12T10:00:00.000Z,"-436","8",16,0,0
2026-08-12T10:05:00.000Z,"-441","8",16,0,0
2026-08-12T10:10:00.000Z,"-444","8",16,0,0
2026-08-12T10:15:00.000Z,"-446","8",16,0,0
2026-08-12T10:20:00.000Z,"-450","8",16,0,0
2026-08-12T10:25:00.000Z,"-450","8",16,0,0
2026-08-12T10:30:00.000Z,"-456","8",16,0,0
2026-08-12T10:35:00.000Z,"-459","8",16,0,0
2026-08-12T10:40:00.000Z,"-461","8",16,0,0
2026-08-12T10:45:00.000Z,"-464","8",16,0,0
2026-08-12T10:50:00.000Z,"-469","8",16,0,0
2026-08-12T10:55:00.000Z,"-474","8",16,0,0
2026-08-12T11:00:00.000Z,"-479","8",16,0,0
2026-08-12T11:05:00.000Z,"-482","8",16,0,0
2026-08-12T11:10:00.000Z,"-487","8",16,0,0
2026-08-12T11:15:00.000Z,"-491","8",16,0,0
2026-08-12T11:20:00.000Z,"-497","8",16,0,0
2026-08-12T11:25:00.000Z,"-501","8",16,0,0
2026-08-12T11:30:00.000Z,"-511","8",16,0,0
2026-08-12T11:35:00.000Z,"-515","8",16,0,0
2026-08-12T11:40:00.000Z,"-520","8",16,0,0
2026-08-12T11:45:00.000Z,"-526","8",16,0,0
2026-08-12T11:50:00.000Z,"-534","8",16,0,0
2026-08-12T11:55:00.000Z,"-540","8",16,0,0
2026-08-12T12:00:00.000Z,"-546","8",16,0,0
2026-08-12T12:05:00.000Z,"-550","8",16,0,0
2026-08-12T12:10:00.000Z,"-557","8",16,0,0
2026-08-12T12:15:00.000Z,"-564","8",16,0,0
2026-08-12T12:20:00.000Z,"-571","8",16,0,0
2026-08-12T12:25:00.000Z,"-577","8",16,0,0
2026-08-12T12:30:00.000Z,"-581","8",16,0,0
2026-08-12T12:35:00.000Z,"-590","8",16,0,0
2026-08-12T12:40:00.000Z,"-597","8",16,0,0
2026-08-12T12:45:00.000Z,"-602","8",16,0,0
2026-08-12T12:50:00.000Z,"-611","8",16,0,0
2026-08-12T12:55:00.000Z,"-616","8",16,0,0
2026-08-12T13:00:00.000Z,"-622","8",16,0,0
2026-08-12T13:05:00.000Z,"-632","8",16,0,0
2026-08-12T13:10:00.000Z,"-640","8",16,0,0
2026-08-12T13:15:00.000Z,"-649","8",16,0,0
2026-08-12T13:20:00.000Z,"-654","8",16,0,0
2026-08-12T13:25:00.000Z,"-665","8",16,0,0
2026-08-12T13:30:00.000Z,"-670","8",16,0,0
2026-08-12T13:35:00.000Z,"-677","8",16,0,0
2026-08-12T13:40:00.000Z,"-681","8",16,0,0
2026-08-12T13:45:00.000Z,"-691","8",16,0,0
2026-08-12T13:50:00.000Z,"-697","8",16,0,0
2026-08-12T13:55:00.000Z,"-709","8",16,0,0
2026-08-12T14:00:00.000Z,"-712","8",16,0,0
2026-08-12T14:05:00.000Z,"-724","8",16,0,0
2026-08-12T14:10:00.000Z,"-730","8",16,0,0
2026-08-12T14:15:00.000Z,"-737","8",16,0,0
2026-08-12T14:20:00.000Z,"-744","8",16,0,0
2026-08-12T14:25:00.000Z,"-749","8",16,0,0
2026-08-12T14:30:00.000Z,"-757","8",16,0,0
2026-08-12T14:35:00.000Z,"-764","8",16,0,0
2026-08-12T14:40:00.000Z,"-769","8",16,0,0
2026-08-12T14:45:00.000Z,"-775","8",16,0,0
2026-08-12T14:50:00.000Z,"-779","8",16,0,0
2026-08-12T14:55:00.000Z,"-781","8",16,0,0
2026-08-12T15:00:00.000Z,"-784","8",16,0,0
2026-08-12T15:05:00.000Z,"-789","8",16,0,0
2026-08-12T15:10:00.000Z,"-787","8",16,0,0
2026-08-12T15:15:00.000Z,"-791","8",16,0,0
2026-08-12T15:20:00.000Z,"-800","8",16,0,0
2026-08-12T15:25:00.000Z,"-801","8",16,0,0
2026-08-12T15:30:00.000Z,"-801","8",16,0,0
2026-08-12T15:35:00.000Z,"-801","8",16,0,0
2026-08-12T15:40:00.000Z,"-801","8",16,0,0
2026-08-12T15:45:00.000Z,"-806","8",16,0,0
2026-08-12T15:50:00.000Z,"-805","8",16,0,0
2026-08-12T15:55:00.000Z,"-804","8",16,0,0
2026-08-12T16:00:00.000Z,"-804","8",16,0,0
2026-08-12T16:05:00.000Z,"-807","8",16,0,0
2026-08-12T16:10:00.000Z,"-805","8",16,0,0
2026-08-12T16:15:00.000Z,"-806","8",16,0,0
2026-08-12T16:20:00.000Z,"-805","8",16,0,0
2026-08-12T16:25:00.000Z,"-801","8",16,0,0
2026-08-12T16:30:00.000Z,"-800","8",16,0,0
2026-08-12T16:35:00.000Z,"-797","8",16,0,0
2026-08-12T16:40:00.000Z,"-797","8",16,0,0
2026-08-12T16:45:00.000Z,"-795","8",16,0,0
2026-08-12T16:50:00.000Z,"-796","8",16,0,0
2026-08-12T16:55:00.000Z,"-794","8",16,0,0
2026-08-12T17:00:00.000Z,"-792","8",16,0,0
2026-08-12T17:05:00.000Z,"-791","8",16,0,0
2026-08-12T17:10:00.000Z,"-787","8",16,0,0
2026-08-12T17:15:00.000Z,"-782","8",16,0,0
2026-08-12T17:20:00.000Z,"-786","8",16,0,0
2026-08-12T17:25:00.000Z,"-784","8",16,0,0
2026-08-12T17:30:00.000Z,"-777","8",16,0,0
2026-08-12T17:35:00.000Z,"-775","8",16,0,0
2026-08-12T17:40:00.000Z,"-777","8",16,0,0
2026-08-12T17:45:00.000Z,"-775","8",16,0,0
2026-08-12T17:50:00.000Z,"-776","8",16,0,0
2026-08-12T17:55:00.000Z,"-775","8",16,0,0
2026-08-12T18:00:00.000Z,"-771","8",16,0,0
2026-08-12T18:05:00.000Z,"-770","8",16,0,0
2026-08-12T18:10:00.000Z,"-772","8",16,0,0
2026-08-12T18:15:00.000Z,"-770","8",16,0,0
2026-08-12T18:20:00.000Z,"-764","8",16,0,0
2026-08-12T18:25:00.000Z,"-766","8",16,0,0
2026-08-12T18:30:00.000Z,"-765","8",16,0,0
2026-08-12T18:35:00.000Z,"-767","8",16,0,0
2026-08-12T18:40:00.000Z,"-764","8",16,0,0
2026-08-12T18:45:00.000Z,"-769","8",16,0,0
2026-08-12T18:50:00.000Z,"-767","8",16,0,0
2026-08-12T18:55:00.000Z,"-762","8",16,0,0
2026-08-12T19:00:00.000Z,"-759","8",16,0,0
2026-08-12T19:05:00.000Z,"-766","8",16,0,0
2026-08-12T19:10:00.000Z,"-762","8",16,0,0
2026-08-12T19:15:00.000Z,"-767","8",16,0,0
2026-08-12T19:20:00.000Z,"-769","8",16,0,0
2026-08-12T19:25:00.000Z,"-767","8",16,0,0
2026-08-12T19:30:00.000Z,"-767","8",16,0,0
2026-08-12T19:35:00.000Z,"-769","8",16,0,0
2026-08-12T19:40:00.000Z,"-774","8",16,0,0
2026-08-12T19:45:00.000Z,"-772","8",16,0,0
2026-08-12T19:50:00.000Z,"-774","8",16,0,0
2026-08-12T19:55:00.000Z,"-780","8",16,0,0
2026-08-12T20:00:00.000Z,"-779","8",16,0,0
2026-08-12T20:05:00.000Z,"-777","8",16,0,0
2026-08-12T20:10:00.000Z,"-777","8",16,0,0
2026-08-12T20:15:00.000Z,"-784","8",16,0,0
2026-08-12T20:20:00.000Z,"-789","8",16,0,0
2026-08-12T20:25:00.000Z,"-790","8",16,0,0
2026-08-12T20:30:00.000Z,"-791","8",16,0,0
2026-08-12T20:35:00.000Z,"-795","8",16,0,0
2026-08-12T20:40:00.000Z,"-797","8",16,0,0
2026-08-12T20:45:00.000Z,"-799","8",16,0,0
2026-08-12T20:50:00.000Z,"-802","8",16,0,0
2026-08-12T20:55:00.000Z,"-807","8",16,0,0
2026-08-12T21:00:00.000Z,"-806","8",16,0,0
2026-08-12T21:05:00.000Z,"-810","8",16,0,0
2026-08-12T21:10:00.000Z,"-815","8",16,0,0
2026-08-12T21:15:00.000Z,"-814","8",16,0,0
2026-08-12T21:20:00.000Z,"-819","8",16,0,0
2026-08-12T21:25:00.000Z,"-817","8",16,0,0
2026-08-12T21:30:00.000Z,"-821","8",16,0,0
2026-08-12T21:35:00.000Z,"-820","8",16,0,0
2026-08-12T21:40:00.000Z,"-817","8",16,0,0
2026-08-12T21:45:00.000Z,"-821","8",16,0,0
2026-08-12T21:50:00.000Z,"-824","8",16,0,0
2026-08-12T21:55:00.000Z,"-814","8",16,0,0
2026-08-12T22:00:00.000Z,"-820","8",16,0,0
2026-08-12T22:05:00.000Z,"-821","8",16,0,0
2026-08-12T22:10:00.000Z,"-815","8",16,0,0
2026-08-12T22:15:00.000Z,"-814","8",16,0,0
2026-08-12T22:20:00.000Z,"-810","8",16,0,0
2026-08-12T22:25:00.000Z,"-814","8",16,0,0
2026-08-12T22:30:00.000Z,"-811","8",16,0,0
2026-08-12T22:35:00.000Z,"-805","8",16,0,0
2026-08-12T22:40:00.000Z,"-804","8",16,0,0
2026-08-12T22:45:00.000Z,"-801","8",16,0,0
2026-08-12T22:50:00.000Z,"-796","8",16,0,0
2026-08-12T22:55:00.000Z,"-795","8",16,0,0
2026-08-12T23:00:00.000Z,"-791","8",16,0,0
2026-08-12T23:05:00.000Z,"-789","8",16,0,0
2026-08-12T23:10:00.000Z,"-784","8",16,0,0
2026-08-12T23:15:00.000Z,"-780","8",16,0,0
2026-08-12T23:20:00.000Z,"-781","8",16,0,0
2026-08-12T23:25:00.000Z,"-775","8",16,0,0
2026-08-12T23:30:00.000Z,"-771","8",16,0,0
2026-08-12T23:35:00.000Z,"-765","8",16,0,0
2026-08-12T23:40:00.000Z,"-760","8",16,0,0
2026-08-12T23:45:00.000Z,"-762","8",16,0,0
2026-08-12T23:50:00.000Z,"-755","8",16,0,0
2026-08-12T23:55:00.000Z,"-755","8",16,0,0
2026-08-13T00:00:00.000Z,"-754","8",16,0,0
2026-08-13T00:05:00.000Z,"-750","8",16,0,0
2026-08-13T00:10:00.000Z,"-745","8",16,0,0
2026-08-13T00:15:00.000Z,"-744","8",16,0,0
2026-08-13T00:20:00.000Z,"-737","8",16,0,0
2026-08-13T00:25:00.000Z,"-740","8",16,0,0
2026-08-13T00:30:00.000Z,"-734","8",16,0,0
2026-08-13T00:35:00.000Z,"-732","8",16,0,0
2026-08-13T00:40:00.000Z,"-732","8",16,0,0
2026-08-13T00:45:00.000Z,"-727","8",16,0,0
2026-08-13T00:50:00.000Z,"-725","8",16,0,0
2026-08-13T00:55:00.000Z,"-726","8",16,0,0
2026-08-13T01:00:00.000Z,"-716","8",16,0,0
2026-08-13T01:05:00.000Z,"-715","8",16,0,0
2026-08-13T01:10:00.000Z,"-716","8",16,0,0
2026-08-13T01:15:00.000Z,"-712","8",16,0,0
2026-08-13T01:20:00.000Z,"-710","8",16,0,0
2026-08-13T01:25:00.000Z,"-711","8",16,0,0
2026-08-13T01:30:00.000Z,"-705","8",16,0,0
2026-08-13T01:35:00.000Z,"-700","8",16,0,0
2026-08-13T01:40:00.000Z,"-699","8",16,0,0
2026-08-13T01:45:00.000Z,"-695","8",16,0,0
2026-08-13T01:50:00.000Z,"-695","8",16,0,0
2026-08-13T01:55:00.000Z,"-691","8",16,0,0
2026-08-13T02:00:00.000Z,"-687","8",16,0,0
2026-08-13T02:05:00.000Z,"-682","8",16,0,0
2026-08-13T02:10:00.000Z,"-687","8",16,0,0
2026-08-13T02:15:00.000Z,"-681","8",16,0,0
2026-08-13T02:20:00.000Z,"-681","8",16,0,0
2026-08-13T02:25:00.000Z,"-676","8",16,0,0
2026-08-13T02:30:00.000Z,"-669","8",16,0,0
2026-08-13T02:35:00.000Z,"-671","8",16,0,0
2026-08-13T02:40:00.000Z,"-670","8",16,0,0
2026-08-13T02:45:00.000Z,"-666","8",16,0,0
2026-08-13T02:50:00.000Z,"-662","8",16,0,0
2026-08-13T02:55:00.000Z,"-660","8",16,0,0
2026-08-13T03:00:00.000Z,"-659","8",16,0,0
2026-08-13T03:05:00.000Z,"-662","8",16,0,0
2026-08-13T03:10:00.000Z,"-655","8",16,0,0
2026-08-13T03:15:00.000Z,"-651","8",16,0,0
2026-08-13T03:20:00.000Z,"-649","8",16,0,0
2026-08-13T03:25:00.000Z,"-644","8",16,0,0
2026-08-13T03:30:00.000Z,"-645","8",16,0,0
2026-08-13T03:35:00.000Z,"-641","8",16,0,0
2026-08-13T03:40:00.000Z,"-639","8",16,0,0
2026-08-13T03:45:00.000Z,"-635","8",16,0,0
2026-08-13T03:50:00.000Z,"-631","8",16,0,0
2026-08-13T03:55:00.000Z,"-626","8",16,0,0
2026-08-13T04:00:00.000Z,"-620","8",16,0,0
2026-08-13T04:05:00.000Z,"-619","8",16,0,0
2026-08-13T04:10:00.000Z,"-616","8",16,0,0
2026-08-13T04:15:00.000Z,"-611","8",16,0,0
2026-08-13T04:20:00.000Z,"-605","8",16,0,0
2026-08-13T04:25:00.000Z,"-601","8",16,0,0
2026-08-13T04:30:00.000Z,"-596","8",16,0,0
2026-08-13T04:35:00.000Z,"-589","8",16,0,0
2026-08-13T04:40:00.000Z,"-586","8",16,0,0
2026-08-13T04:45:00.000Z,"-582","8",16,0,0
2026-08-13T04:50:00.000Z,"-577","8",16,0,0
2026-08-13T04:55:00.000Z,"-570","8",16,0,0
2026-08-13T05:00:00.000Z,"-567","8",16,0,0
2026-08-13T05:05:00.000Z,"-560","8",16,0,0
2026-08-13T05:10:00.000Z,"-556","8",16,0,0
2026-08-13T05:15:00.000Z,"-556","8",16,0,0
2026-08-13T05:20:00.000Z,"-550","8",16,0,0
2026-08-13T05:25:00.000Z,"-549","8",16,0,0
2026-08-13T05:30:00.000Z,"-546","8",16,0,0
2026-08-13T05:35:00.000Z,"-541","8",16,0,0
2026-08-13T05:40:00.000Z,"-536","8",16,0,0
2026-08-13T05:45:00.000Z,"-535","8",16,0,0
2026-08-13T05:50:00.000Z,"-532","8",16,0,0
2026-08-13T05:55:00.000Z,"-534","8",16,0,0
2026-08-13T06:00:00.000Z,"-535","8",16,0,0
2026-08-13T06:05:00.000Z,"-532","8",16,0,0
2026-08-13T06:10:00.000Z,"-532","8",16,0,0
2026-08-13T06:15:00.000Z,"-532","8",16,0,0
2026-08-13T06:20:00.000Z,"-534","8",16,0,0
2026-08-13T06:25:00.000Z,"-531","8",16,0,0
2026-08-13T06:30:00.000Z,"-535","8",16,0,0
2026-08-13T06:35:00.000Z,"-535","8",16,0,0
2026-08-13T06:40:00.000Z,"-534","8",16,0,0
2026-08-13T06:45:00.000Z,"-535","8",16,0,0
2026-08-13T06:50:00.000Z,"-535","8",16,0,0
2026-08-13T06:55:00.000Z,"-537","8",16,0,0
2026-08-13T07:00:00.000Z,"-540","8",16,0,0
2026-08-13T07:05:00.000Z,"-542","8",16,0,0
2026-08-13T07:10:00.000Z,"-545","8",16,0,0
2026-08-13T07:15:00.000Z,"-550","8",16,0,0
2026-08-13T07:20:00.000Z,"-551","8",16,0,0
2026-08-13T07:25:00.000Z,"-552","8",16,0,0
2026-08-13T07:30:00.000Z,"-555","8",16,0,0
2026-08-13T07:35:00.000Z,"-556","8",16,0,0
2026-08-13T07:40:00.000Z,"-560","8",16,0,0
2026-08-13T07:45:00.000Z,"-562","8",16,0,0
2026-08-13T07:50:00.000Z,"-562","8",16,0,0
2026-08-13T07:55:00.000Z,"-564","8",16,0,0
2026-08-13T08:00:00.000Z,"-564","8",16,0,0
2026-08-13T08:05:00.000Z,"-566","8",16,0,0
2026-08-13T08:10:00.000Z,"-565","8",16,0,0
2026-08-13T08:15:00.000Z,"-565","8",16,0,0
2026-08-13T08:20:00.000Z,"-567","8",16,0,0
2026-08-13T08:25:00.000Z,"-565","8",16,0,0
2026-08-13T08:30:00.000Z,"-564","8",16,0,0
2026-08-13T08:35:00.000Z,"-562","8",16,0,0
2026-08-13T08:40:00.000Z,"-562","8",16,0,0
2026-08-13T08:45:00.000Z,"-564","8",16,0,0
2026-08-13T08:50:00.000Z,"-561","8",16,0,0
2026-08-13T08:55:00.000Z,"-562","8",16,0,0
2026-08-13T09:00:00.000Z,"-559","8",16,0,0
2026-08-13T09:05:00.000Z,"-557","8",16,0,0
2026-08-13T09:10:00.000Z,"-559","8",16,0,0
2026-08-13T09:15:00.000Z,"-556","8",16,0,0
2026-08-13T09:20:00.000Z,"-557","8",16,0,0
2026-08-13T09:25:00.000Z,"-555","8",16,0,0
2026-08-13T09:30:00.000Z,"-556","8",16,0,0
2026-08-13T09:35:00.000Z,"-556","8",16,0,0
2026-08-13T09:40:00.000Z,"-556","8",16,0,0
2026-08-13T09:45:00.000Z,"-555","8",16,0,0
2026-08-13T09:50:00.000Z,"-556","8",16,0,0
2026-08-13T09:55:00.000Z,"-554","8",16,0,0
2026-08-13T10:00:00.000Z,"-552","8",16,0,0
2026-08-13T10:05:00.000Z,"-554","8",16,0,0
2026-08-13T10:10:00.000Z,"-552","8",16,0,0
2026-08-13T10:15:00.000Z,"-554","8",16,0,0
2026-08-13T10:20:00.000Z,"-555","8",16,0,0
2026-08-13T10:25:00.000Z,"-556","8",16,0,0
2026-08-13T10:30:00.000Z,"-559","8",16,0,0
2026-08-13T10:35:00.000Z,"-557","8",16,0,0
2026-08-13T10:40:00.000Z,"-562","8",16,0,0
2026-08-13T10:45:00.000Z,"-562","8",16,0,0
2026-08-13T10:50:00.000Z,"-565","8",16,0,0
2026-08-13T10:55:00.000Z,"-566","8",16,0,0
2026-08-13T11:00:00.000Z,"-567","8",16,0,0
2026-08-13T11:05:00.000Z,"-572","8",16,0,0
2026-08-13T11:10:00.000Z,"-574","8",16,0,0
2026-08-13T11:15:00.000Z,"-577","8",16,0,0
2026-08-13T11:20:00.000Z,"-584","8",16,0,0
2026-08-13T11:25:00.000Z,"-581","8",16,0,0
2026-08-13T11:30:00.000Z,"-585","8",16,0,0
2026-08-13T11:35:00.000Z,"-587","8",16,0,0
2026-08-13T11:40:00.000Z,"-590","8",16,0,0
2026-08-13T11:45:00.000Z,"-595","8",16,0,0
2026-08-13T11:50:00.000Z,"-599","8",16,0,0
2026-08-13T11:55:00.000Z,"-600","8",16,0,0
2026-08-13T12:00:00.000Z,"-599","8",16,0,0
2026-08-13T12:05:00.000Z,"-602","8",16,0,0
2026-08-13T12:10:00.000Z,"-604","8",16,0,0
2026-08-13T12:15:00.000Z,"-610","8",16,0,0
2026-08-13T12:20:00.000Z,"-610","8",16,0,0
2026-08-13T12:25:00.000Z,"-615","8",16,0,0
2026-08-13T12:30:00.000Z,"-614","8",16,0,0
2026-08-13T12:35:00.000Z,"-614","8",16,0,0
2026-08-13T12:40:00.000Z,"-616","8",16,0,0
2026-08-13T12:45:00.000Z,"-620","8",16,0,0
2026-08-13T12:50:00.000Z,"-620","8",16,0,0
2026-08-13T12:55:00.000Z,"-624","8",16,0,0
2026-08-13T13:00:00.000Z,"-626","8",16,0,0
2026-08-13T13:05:00.000Z,"-629","8",16,0,0
2026-08-13T13:10:00.000Z,"-629","8",16,0,0
2026-08-13T13:15:00.000Z,"-627","8",16,0,0
2026-08-13T13:20:00.000Z,"-630","8",16,0,0
2026-08-13T13:25:00.000Z,"-632","8",16,0,0
2026-08-13T13:30:00.000Z,"-635","8",16,0,0
2026-08-13T13:35:00.000Z,"-639","8",16,0,0
2026-08-13T13:40:00.000Z,"-637","8",16,0,0
2026-08-13T13:45:00.000Z,"-637","8",16,0,0
2026-08-13T13:50:00.000Z,"-641","8",16,0,0
2026-08-13T13:55:00.000Z,"-644","8",16,0,0
2026-08-13T14:00:00.000Z,"-644","8",16,0,0
2026-08-13T14:05:00.000Z,"-647","8",16,0,0
2026-08-13T14:10:00.000Z,"-651","8",16,0,0
2026-08-13T14:15:00.000Z,"-652","8",16,0,0
2026-08-13T14:20:00.000Z,"-652","8",16,0,0
2026-08-13T14:25:00.000Z,"-652","8",16,0,0
2026-08-13T14:30:00.000Z,"-656","8",16,0,0
2026-08-13T14:35:00.000Z,"-664","8",16,0,0
2026-08-13T14:40:00.000Z,"-662","8",16,0,0
2026-08-13T14:45:00.000Z,"-661","8",16,0,0
2026-08-13T14:50:00.000Z,"-662","8",16,0,0
2026-08-13T14:55:00.000Z,"-666","8",16,0,0
2026-08-13T15:00:00.000Z,"-666","8",16,0,0
2026-08-13T15:05:00.000Z,"-666","8",16,0,0
2026-08-13T15:10:00.000Z,"-670","8",16,0,0
2026-08-13T15:15:00.000Z,"-671","8",16,0,0
2026-08-13T15:20:00.000Z,"-667","8",16,0,0
2026-08-13T15:25:00.000Z,"-669","8",16,0,0
2026-08-13T15:30:00.000Z,"-671","8",16,0,0
2026-08-13T15:35:00.000Z,"-671","8",16,0,0
2026-08-13T15:40:00.000Z,"-675","8",16,0,0
2026-08-13T15:45:00.000Z,"-671","8",16,0,0
2026-08-13T15:50:00.000Z,"-675","8",16,0,0
2026-08-13T15:55:00.000Z,"-675","8",16,0,0
2026-08-13T16:00:00.000Z,"-672","8",16,0,0
2026-08-13T16:05:00.000Z,"-676","8",16,0,0
2026-08-13T16:10:00.000Z,"-676","8",16,0,0
2026-08-13T16:15:00.000Z,"-676","8",16,0,0
2026-08-13T16:20:00.000Z,"-675","8",16,0,0
2026-08-13T16:25:00.000Z,"-679","8",16,0,0
2026-08-13T16:30:00.000Z,"-677","8",16,0,0
2026-08-13T16:35:00.000Z,"-682","8",16,0,0
2026-08-13T16:40:00.000Z,"-681","8",16,0,0
2026-08-13T16:45:00.000Z,"-680","8",16,0,0
2026-08-13T16:50:00.000Z,"-686","8",16,0,0
2026-08-13T16:55:00.000Z,"-686","8",16,0,0
2026-08-13T17:00:00.000Z,"-682","8",16,0,0
2026-08-13T17:05:00.000Z,"-691","8",16,0,0
2026-08-13T17:10:00.000Z,"-687","8",16,0,0
2026-08-13T17:15:00.000Z,"-695","8",16,0,0
2026-08-13T17:20:00.000Z,"-694","8",16,0,0
2026-08-13T17:25:00.000Z,"-700","8",16,0,0
2026-08-13T17:30:00.000Z,"-700","8",16,0,0
2026-08-13T17:35:00.000Z,"-702","8",16,0,0
2026-08-13T17:40:00.000Z,"-710","8",16,0,0
2026-08-13T17:45:00.000Z,"-712","8",16,0,0
2026-08-13T17:50:00.000Z,"-722","8",16,0,0
2026-08-13T17:55:00.000Z,"-716","8",16,0,0
2026-08-13T18:00:00.000Z,"-726","8",16,0,0
2026-08-13T18:05:00.000Z,"-730","8",16,0,0
2026-08-13T18:10:00.000Z,"-735","8",16,0,0
2026-08-13T18:15:00.000Z,"-737","8",16,0,0
2026-08-13T18:20:00.000Z,"-739","8",16,0,0
2026-08-13T18:25:00.000Z,"-742","8",16,0,0
2026-08-13T18:30:00.000Z,"-749","8",16,0,0
2026-08-13T18:35:00.000Z,"-749","8",16,0,0
2026-08-13T18:40:00.000Z,"-754","8",16,0,0
2026-08-13T18:45:00.000Z,"-759","8",16,0,0
2026-08-13T18:50:00.000Z,"-762","8",16,0,0
2026-08-13T18:55:00.000Z,"-762","8",16,0,0
2026-08-13T19:00:00.000Z,"-766","8",16,0,0
2026-08-13T19:05:00.000Z,"-766","8",16,0,0
2026-08-13T19:10:00.000Z,"-765","8",16,0,0
2026-08-13T19:15:00.000Z,"-767","8",16,0,0
2026-08-13T19:20:00.000Z,"-771","8",16,0,0
2026-08-13T19:25:00.000Z,"-771","8",16,0,0
2026-08-13T19:30:00.000Z,"-775","8",16,0,0
2026-08-13T19:35:00.000Z,"-772","8",16,0,0
2026-08-13T19:40:00.000Z,"-769","8",16,0,0
2026-08-13T19:45:00.000Z,"-775","8",16,0,0
2026-08-13T19:50:00.000Z,"-771","8",16,0,0
2026-08-13T19:55:00.000Z,"-771","8",16,0,0
2026-08-13T20:00:00.000Z,"-775","8",16,0,0
2026-08-13T20:05:00.000Z,"-771","8",16,0,0
2026-08-13T20:10:00.000Z,"-776","8",16,0,0
2026-08-13T20:15:00.000Z,"-766","8",16,0,0
2026-08-13T20:20:00.000Z,"-766","8",16,0,0
2026-08-13T20:25:00.000Z,"-762","8",16,0,0
2026-08-13T20:30:00.000Z,"-769","8",16,0,0
2026-08-13T20:35:00.000Z,"-761","8",16,0,0
2026-08-13T20:40:00.000Z,"-765","8",16,0,0
2026-08-13T20:45:00.000Z,"-760","8",16,0,0
2026-08-13T20:50:00.000Z,"-760","8",16,0,0
2026-08-13T20:55:00.000Z,"-760","8",16,0,0
2026-08-13T21:00:00.000Z,"-755","8",16,0,0
2026-08-13T21:05:00.000Z,"-757","8",16,0,0
2026-08-13T21:10:00.000Z,"-755","8",16,0,0
2026-08-13T21:15:00.000Z,"-750","8",16,0,0
2026-08-13T21:20:00.000Z,"-752","8",16,0,0
2026-08-13T21:25:00.000Z,"-749","8",16,0,0
2026-08-13T21:30:00.000Z,"-745","8",16,0,0
2026-08-13T21:35:00.000Z,"-746","8",16,0,0
2026-08-13T21:40:00.000Z,"-745","8",16,0,0
2026-08-13T21:45:00.000Z,"-740","8",16,0,0
2026-08-13T21:50:00.000Z,"-741","8",16,0,0
2026-08-13T21:55:00.000Z,"-741","8",16,0,0
2026-08-13T22:00:00.000Z,"-744","8",16,0,0
2026-08-13T22:05:00.000Z,"-739","8",16,0,0
2026-08-13T22:10:00.000Z,"-742","8",16,0,0
2026-08-13T22:15:00.000Z,"-737","8",16,0,0
2026-08-13T22:20:00.000Z,"-746","8",16,0,0
2026-08-13T22:25:00.000Z,"-747","8",16,0,0
2026-08-13T22:30:00.000Z,"-745","8",16,0,0
2026-08-13T22:35:00.000Z,"-746","8",16,0,0
2026-08-13T22:40:00.000Z,"-746","8",16,0,0
2026-08-13T22:45:00.000Z,"-751","8",16,0,0
2026-08-13T22:50:00.000Z,"-752","8",16,0,0
2026-08-13T22:55:00.000Z,"-752","8",16,0,0
2026-08-13T23:00:00.000Z,"-756","8",16,0,0
2026-08-13T23:05:00.000Z,"-759","8",16,0,0
2026-08-13T23:10:00.000Z,"-760","8",16,0,0
2026-08-13T23:15:00.000Z,"-762","8",16,0,0
2026-08-13T23:20:00.000Z,"-760","8",16,0,0
2026-08-13T23:25:00.000Z,"-761","8",16,0,0
2026-08-13T23:30:00.000Z,"-760","8",16,0,0
2026-08-13T23:35:00.000Z,"-760","8",16,0,0
2026-08-13T23:40:00.000Z,"-764","8",16,0,0
2026-08-13T23:45:00.000Z,"-761","8",16,0,0
2026-08-13T23:50:00.000Z,"-756","8",16,0,0
2026-08-13T23:55:00.000Z,"-756","8",16,0,0
2026-08-14T00:00:00.000Z,"-755","8",16,0,0
2026-08-14T00:05:00.000Z,"-747","8",16,0,0
2026-08-14T00:10:00.000Z,"-741","8",16,0,0
2026-08-14T00:15:00.000Z,"-740","8",16,0,0
2026-08-14T00:20:00.000Z,"-735","8",16,0,0
2026-08-14T00:25:00.000Z,"-731","8",16,0,0
2026-08-14T00:30:00.000Z,"-727","8",16,0,0
2026-08-14T00:35:00.000Z,"-727","8",16,0,0
2026-08-14T00:40:00.000Z,"-724","8",16,0,0
2026-08-14T00:45:00.000Z,"-712","8",16,0,0
2026-08-14T00:50:00.000Z,"-710","8",16,0,0
2026-08-14T00:55:00.000Z,"-704","8",16,0,0
2026-08-14T01:00:00.000Z,"-701","8",16,0,0
2026-08-14T01:05:00.000Z,"-696","8",16,0,0
2026-08-14T01:10:00.000Z,"-690","8",16,0,0
2026-08-14T01:15:00.000Z,"-685","8",16,0,0
2026-08-14T01:20:00.000Z,"-675","8",16,0,0
2026-08-14T01:25:00.000Z,"-671","8",16,0,0
2026-08-14T01:30:00.000Z,"-666","8",16,0,0
2026-08-14T01:35:00.000Z,"-660","8",16,0,0
2026-08-14T01:40:00.000Z,"-656","8",16,0,0
2026-08-14T01:45:00.000Z,"-646","8",16,0,0
2026-08-14T01:50:00.000Z,"-647","8",16,0,0
2026-08-14T01:55:00.000Z,"-641","8",16,0,0
2026-08-14T02:00:00.000Z,"-632","8",16,0,0
2026-08-14T02:05:00.000Z,"-629","8",16,0,0
2026-08-14T02:10:00.000Z,"-625","8",16,0,0
2026-08-14T02:15:00.000Z,"-619","8",16,0,0
2026-08-14T02:20:00.000Z,"-616","8",16,0,0
2026-08-14T02:25:00.000Z,"-611","8",16,0,0
2026-08-14T02:30:00.000Z,"-606","8",16,0,0
2026-08-14T02:35:00.000Z,"-605","8",16,0,0
2026-08-14T02:40:00.000Z,"-600","8",16,0,0
2026-08-14T02:45:00.000Z,"-591","8",16,0,0
2026-08-14T02:50:00.000Z,"-589","8",16,0,0
2026-08-14T02:55:00.000Z,"-585","8",16,0,0
2026-08-14T03:00:00.000Z,"-582","8",16,0,0
2026-08-14T03:05:00.000Z,"-579","8",16,0,0
2026-08-14T03:10:00.000Z,"-572","8",16,0,0
2026-08-14T03:15:00.000Z,"-571","8",16,0,0
2026-08-14T03:20:00.000Z,"-562","8",16,0,0
2026-08-14T03:25:00.000Z,"-561","8",16,0,0
2026-08-14T03:30:00.000Z,"-556","8",16,0,0
2026-08-14T03:35:00.000Z,"-554","8",16,0,0
2026-08-14T03:40:00.000Z,"-549","8",16,0,0
2026-08-14T03:45:00.000Z,"-551","8",16,0,0
2026-08-14T03:50:00.000Z,"-542","8",16,0,0
2026-08-14T03:55:00.000Z,"-542","8",16,0,0
2026-08-14T04:00:00.000Z,"-539","8",16,0,0
2026-08-14T04:05:00.000Z,"-535","8",16,0,0
2026-08-14T04:10:00.000Z,"-531","8",16,0,0
2026-08-14T04:15:00.000Z,"-530","8",16,0,0
2026-08-14T04:20:00.000Z,"-527","8",16,0,0
2026-08-14T04:25:00.000Z,"-526","8",16,0,0
2026-08-14T04:30:00.000Z,"-525","8",16,0,0
2026-08-14T04:35:00.000Z,"-522","8",16,0,0
2026-08-14T04:40:00.000Z,"-519","8",16,0,0
2026-08-14T04:45:00.000Z,"-515","8",16,0,0
2026-08-14T04:50:00.000Z,"-514","8",16,0,0
2026-08-14T04:55:00.000Z,"-512","8",16,0,0
2026-08-14T05:00:00.000Z,"-511","8",16,0,0
2026-08-14T05:05:00.000Z,"-507","8",16,0,0
2026-08-14T05:10:00.000Z,"-507","8",16,0,0
2026-08-14T05:15:00.000Z,"-502","8",16,0,0
2026-08-14T05:20:00.000Z,"-502","8",16,0,0
2026-08-14T05:25:00.000Z,"-502","8",16,0,0
2026-08-14T05:30:00.000Z,"-501","8",16,0,0
2026-08-14T05:35:00.000Z,"-501","8",16,0,0
2026-08-14T05:40:00.000Z,"-497","8",16,0,0
2026-08-14T05:45:00.000Z,"-497","8",16,0,0
2026-08-14T05:50:00.000Z,"-495","8",16,0,0
2026-08-14T05:55:00.000Z,"-494","8",16,0,0
2026-08-14T06:00:00.000Z,"-494","8",16,0,0
2026-08-14T06:05:00.000Z,"-491","8",16,0,0
2026-08-14T06:10:00.000Z,"-490","8",16,0,0
2026-08-14T06:15:00.000Z,"-491","8",16,0,0
2026-08-14T06:20:00.000Z,"-489","8",16,0,0
2026-08-14T06:25:00.000Z,"-489","8",16,0,0
2026-08-14T06:30:00.000Z,"-486","8",16,0,0
2026-08-14T06:35:00.000Z,"-486","8",16,0,0
2026-08-14T06:40:00.000Z,"-486","8",16,0,0
2026-08-14T06:45:00.000Z,"-487","8",16,0,0
2026-08-14T06:50:00.000Z,"-485","8",16,0,0
2026-08-14T06:55:00.000Z,"-482","8",16,0,0
2026-08-14T07:00:00.000Z,"-484","8",16,0,0
2026-08-14T07:05:00.000Z,"-484","8",16,0,0
2026-08-14T07:10:00.000Z,"-486","8",16,0,0
2026-08-14T07:15:00.000Z,"-485","8",16,0,0
2026-08-14T07:20:00.000Z,"-484","8",16,0,0
2026-08-14T07:25:00.000Z,"-487","8",16,0,0
2026-08-14T07:30:00.000Z,"-486","8",16,0,0
2026-08-14T07:35:00.000Z,"-487","8",16,0,0
2026-08-14T07:40:00.000Z,"-490","8",16,0,0
2026-08-14T07:45:00.000Z,"-491","8",16,0,0
2026-08-14T07:50:00.000Z,"-494","8",16,0,0
2026-08-14T07:55:00.000Z,"-496","8",16,0,0
2026-08-14T08:00:00.000Z,"-497","8",16,0,0
2026-08-14T08:05:00.000Z,"-501","8",16,0,0
2026-08-14T08:10:00.000Z,"-501","8",16,0,0
2026-08-14T08:15:00.000Z,"-506","8",16,0,0
2026-08-14T08:20:00.000Z,"-510","8",16,0,0
2026-08-14T08:25:00.000Z,"-512","8",16,0,0
2026-08-14T08:30:00.000Z,"-520","8",16,0,0
2026-08-14T08:35:00.000Z,"-520","8",16,0,0
2026-08-14T08:40:00.000Z,"-522","8",16,0,0
2026-08-14T08:45:00.000Z,"-530","8",16,0,0
2026-08-14T08:50:00.000Z,"-534","8",16,0,0
2026-08-14T08:55:00.000Z,"-541","8",16,0,0
2026-08-14T09:00:00.000Z,"-544","8",16,0,0
2026-08-14T09:05:00.000Z,"-547","8",16,0,0
2026-08-14T09:10:00.000Z,"-551","8",16,0,0
2026-08-14T09:15:00.000Z,"-559","8",16,0,0
2026-08-14T09:20:00.000Z,"-559","8",16,0,0
2026-08-14T09:25:00.000Z,"-564","8",16,0,0
2026-08-14T09:30:00.000Z,"-567","8",16,0,0
2026-08-14T09:35:00.000Z,"-572","8",16,0,0
2026-08-14T09:40:00.000Z,"-574","8",16,0,0
2026-08-14T09:45:00.000Z,"-580","8",16,0,0
2026-08-14T09:50:00.000Z,"-580","8",16,0,0
2026-08-14T09:55:00.000Z,"-581","8",16,0,0
2026-08-14T10:00:00.000Z,"-586","8",16,0,0
2026-08-14T10:05:00.000Z,"-587","8",16,0,0
2026-08-14T10:10:00.000Z,"-590","8",16,0,0
2026-08-14T10:15:00.000Z,"-589","8",16,0,0
2026-08-14T10:20:00.000Z,"-590","8",16,0,0
2026-08-14T10:25:00.000Z,"-590","8",16,0,0
2026-08-14T10:30:00.000Z,"-591","8",16,0,0
2026-08-14T10:35:00.000Z,"-591","8",16,0,0
2026-08-14T10:40:00.000Z,"-594","8",16,0,0
2026-08-14T10:45:00.000Z,"-594","8",16,0,0
2026-08-14T10:50:00.000Z,"-597","8",16,0,0
2026-08-14T10:55:00.000Z,"-595","8",16,0,0
2026-08-14T11:00:00.000Z,"-594","8",16,0,0
2026-08-14T11:05:00.000Z,"-592","8",16,0,0
2026-08-14T11:10:00.000Z,"-592","8",16,0,0
2026-08-14T11:15:00.000Z,"-594","8",16,0,0
2026-08-14T11:20:00.000Z,"-594","8",16,0,0
2026-08-14T11:25:00.000Z,"-591","8",16,0,0
2026-08-14T11:30:00.000Z,"-590","8",16,0,0
2026-08-14T11:35:00.000Z,"-589","8",16,0,0
2026-08-14T11:40:00.000Z,"-590","8",16,0,0
2026-08-14T11:45:00.000Z,"-586","8",16,0,0
2026-08-14T11:50:00.000Z,"-586","8",16,0,0
2026-08-14T11:55:00.000Z,"-584","8",16,0,0
2026-08-14T12:00:00.000Z,"-582","8",16,0,0
2026-08-14T12:05:00.000Z,"-582","8",16,0,0
2026-08-14T12:10:00.000Z,"-580","8",16,0,0
2026-08-14T12:15:00.000Z,"-580","8",16,0,0
2026-08-14T12:20:00.000Z,"-580","8",16,0,0
2026-08-14T12:25:00.000Z,"-577","8",16,0,0
2026-08-14T12:30:00.000Z,"-574","8",16,0,0
2026-08-14T12:35:00.000Z,"-574","8",16,0,0
2026-08-14T12:40:00.000Z,"-574","8",16,0,0
2026-08-14T12:45:00.000Z,"-572","8",16,0,0
2026-08-14T12:50:00.000Z,"-574","8",16,0,0
2026-08-14T12:55:00.000Z,"-570","8",16,0,0
2026-08-14T13:00:00.000Z,"-571","8",16,0,0
2026-08-14T13:05:00.000Z,"-570","8",16,0,0
2026-08-14T13:10:00.000Z,"-569","8",16,0,0
2026-08-14T13:15:00.000Z,"-567","8",16,0,0
2026-08-14T13:20:00.000Z,"-566","8",16,0,0
2026-08-14T13:25:00.000Z,"-567","8",16,0,0
2026-08-14T13:30:00.000Z,"-566","8",16,0,0
2026-08-14T13:35:00.000Z,"-569","8",16,0,0
2026-08-14T13:40:00.000Z,"-570","8",16,0,0
2026-08-14T13:45:00.000Z,"-570","8",16,0,0
2026-08-14T13:50:00.000Z,"-572","8",16,0,0
2026-08-14T13:55:00.000Z,"-571","8",16,0,0
2026-08-14T14:00:00.000Z,"-576","8",16,0,0
2026-08-14T14:05:00.000Z,"-577","8",16,0,0
2026-08-14T14:10:00.000Z,"-576","8",16,0,0
2026-08-14T14:15:00.000Z,"-577","8",16,0,0
2026-08-14T14:20:00.000Z,"-582","8",16,0,0
2026-08-14T14:25:00.000Z,"-586","8",16,0,0
2026-08-14T14:30:00.000Z,"-587","8",16,0,0
2026-08-14T14:35:00.000Z,"-589","8",16,0,0
2026-08-14T14:40:00.000Z,"-590","8",16,0,0
2026-08-14T14:45:00.000Z,"-595","8",16,0,0
2026-08-14T14:50:00.000Z,"-595","8",16,0,0
2026-08-14T14:55:00.000Z,"-599","8",16,0,0
2026-08-14T15:00:00.000Z,"-601","8",16,0,0
2026-08-14T15:05:00.000Z,"-599","8",16,0,0
2026-08-14T15:10:00.000Z,"-607","8",16,0,0
2026-08-14T15:15:00.000Z,"-605","8",16,0,0
2026-08-14T15:20:00.000Z,"-607","8",16,0,0
2026-08-14T15:25:00.000Z,"-612","8",16,0,0
2026-08-14T15:30:00.000Z,"-614","8",16,0,0
2026-08-14T15:35:00.000Z,"-616","8",16,0,0
2026-08-14T15:40:00.000Z,"-621","8",16,0,0
2026-08-14T15:45:00.000Z,"-621","8",16,0,0
2026-08-14T15:50:00.000Z,"-624","8",16,0,0
2026-08-14T15:55:00.000Z,"-624","8",16,0,0
2026-08-14T16:00:00.000Z,"-625","8",16,0,0
2026-08-14T16:05:00.000Z,"-627","8",16,0,0
2026-08-14T16:10:00.000Z,"-629","8",16,0,0
2026-08-14T16:15:00.000Z,"-630","8",16,0,0
2026-08-14T16:20:00.000Z,"-631","8",16,0,0
2026-08-14T16:25:00.000Z,"-631","8",16,0,0
2026-08-14T16:30:00.000Z,"-635","8",16,0,0
2026-08-14T16:35:00.000Z,"-635","8",16,0,0
2026-08-14T16:40:00.000Z,"-635","8",16,0,0
2026-08-14T16:45:00.000Z,"-636","8",16,0,0
2026-08-14T16:50:00.000Z,"-634","8",16,0,0
2026-08-14T16:55:00.000Z,"-636","8",16,0,0
2026-08-14T17:00:00.000Z,"-636","8",16,0,0
2026-08-14T17:05:00.000Z,"-639","8",16,0,0
2026-08-14T17:10:00.000Z,"-639","8",16,0,0
2026-08-14T17:15:00.000Z,"-637","8",16,0,0
2026-08-14T17:20:00.000Z,"-637","8",16,0,0
2026-08-14T17:25:00.000Z,"-642","8",16,0,0
2026-08-14T17:30:00.000Z,"-656","8",16,0,0
2026-08-14T17:35:00.000Z,"-651","8",16,0,0
2026-08-14T17:40:00.000Z,"-654","8",16,0,0
2026-08-14T17:45:00.000Z,"-654","8",16,0,0
2026-08-14T17:50:00.000Z,"-655","8",16,0,0
2026-08-14T17:55:00.000Z,"-656","8",16,0,0
2026-08-14T18:00:00.000Z,"-655","8",16,0,0
2026-08-14T18:05:00.000Z,"-659","8",16,0,0
2026-08-14T18:10:00.000Z,"-654","8",16,0,0
2026-08-14T18:15:00.000Z,"-652","8",16,0,0
2026-08-14T18:20:00.000Z,"-650","8",16,0,0
2026-08-14T18:25:00.000Z,"-654","8",16,0,0
2026-08-14T18:30:00.000Z,"-655","8",16,0,0
2026-08-14T18:35:00.000Z,"-651","8",16,0,0
2026-08-14T18:40:00.000Z,"-657","8",16,0,0
2026-08-14T18:45:00.000Z,"-659","8",16,0,0
2026-08-14T18:50:00.000Z,"-660","8",16,0,0
2026-08-14T18:55:00.000Z,"-659","8",16,0,0
2026-08-14T19:00:00.000Z,"-661","8",16,0,0
2026-08-14T19:05:00.000Z,"-662","8",16,0,0
2026-08-14T19:10:00.000Z,"-667","8",16,0,0
2026-08-14T19:15:00.000Z,"-665","8",16,0,0
2026-08-14T19:20:00.000Z,"-667","8",16,0,0
2026-08-14T19:25:00.000Z,"-671","8",16,0,0
2026-08-14T19:30:00.000Z,"-672","8",16,0,0
2026-08-14T19:35:00.000Z,"-672","8",16,0,0
2026-08-14T19:40:00.000Z,"-675","8",16,0,0
2026-08-14T19:45:00.000Z,"-674","8",16,0,0
2026-08-14T19:50:00.000Z,"-674","8",16,0,0
2026-08-14T19:55:00.000Z,"-676","8",16,0,0
2026-08-14T20:00:00.000Z,"-677","8",16,0,0
2026-08-14T20:05:00.000Z,"-675","8",16,0,0
2026-08-14T20:10:00.000Z,"-679","8",16,0,0
2026-08-14T20:15:00.000Z,"-677","8",16,0,0
2026-08-14T20:20:00.000Z,"-680","8",16,0,0
2026-08-14T20:25:00.000Z,"-679","8",16,0,0
2026-08-14T20:30:00.000Z,"-677","8",16,0,0
2026-08-14T20:35:00.000Z,"-679","8",16,0,0
2026-08-14T20:40:00.000Z,"-685","8",16,0,0
2026-08-14T20:45:00.000Z,"-686","8",16,0,0
2026-08-14T20:50:00.000Z,"-692","8",16,0,0
2026-08-14T20:55:00.000Z,"-691","8",16,0,0
2026-08-14T21:00:00.000Z,"-695","8",16,0,0
2026-08-14T21:05:00.000Z,"-694","8",16,0,0
2026-08-14T21:10:00.000Z,"-690","8",16,0,0
2026-08-14T21:15:00.000Z,"-689","8",16,0,0
2026-08-14T21:20:00.000Z,"-686","8",16,0,0
2026-08-14T21:25:00.000Z,"-686","8",16,0,0
2026-08-14T21:30:00.000Z,"-681","8",16,0,0
2026-08-14T21:35:00.000Z,"-675","8",16,0,0
2026-08-14T21:40:00.000Z,"-677","8",16,0,0
2026-08-14T21:45:00.000Z,"-675","8",16,0,0
2026-08-14T21:50:00.000Z,"-679","8",16,0,0
2026-08-14T21:55:00.000Z,"-680","8",16,0,0
2026-08-14T22:00:00.000Z,"-674","8",16,0,0
2026-08-14T22:05:00.000Z,"-672","8",16,0,0
2026-08-14T22:10:00.000Z,"-670","8",16,0,0
2026-08-14T22:15:00.000Z,"-664","8",16,0,0
2026-08-14T22:20:00.000Z,"-669","8",16,0,0
2026-08-14T22:25:00.000Z,"-666","8",16,0,0
2026-08-14T22:30:00.000Z,"-659","8",16,0,0
2026-08-14T22:35:00.000Z,"-655","8",16,0,0
2026-08-14T22:40:00.000Z,"-649","8",16,0,0
2026-08-14T22:45:00.000Z,"-651","8",16,0,0
2026-08-14T22:50:00.000Z,"-646","8",16,0,0
2026-08-14T22:55:00.000Z,"-642","8",16,0,0
2026-08-14T23:00:00.000Z,"-636","8",16,0,0
2026-08-14T23:05:00.000Z,"-634","8",16,0,0
2026-08-14T23:10:00.000Z,"-631","8",16,0,0
2026-08-14T23:15:00.000Z,"-620","8",16,0,0
2026-08-14T23:20:00.000Z,"-612","8",16,0,0
2026-08-14T23:25:00.000Z,"-610","8",16,0,0
2026-08-14T23:30:00.000Z,"-609","8",16,0,0
2026-08-14T23:35:00.000Z,"-600","8",16,0,0
2026-08-14T23:40:00.000Z,"-589","8",16,0,0
2026-08-14T23:45:00.000Z,"-587","8",16,0,0
2026-08-14T23:50:00.000Z,"-582","8",16,0,0
2026-08-14T23:55:00.000Z,"-580","8",16,0,0
2026-08-15T00:00:00.000Z,"-566","8",16,0,0
2026-08-15T00:05:00.000Z,"-565","8",16,0,0
2026-08-15T00:10:00.000Z,"-552","8",16,0,0
2026-08-15T00:15:00.000Z,"-546","8",16,0,0
2026-08-15T00:20:00.000Z,"-546","8",16,0,0
2026-08-15T00:25:00.000Z,"-539","8",16,0,0
2026-08-15T00:30:00.000Z,"-539","8",16,0,0
2026-08-15T00:35:00.000Z,"-534","8",16,0,0
2026-08-15T00:40:00.000Z,"-526","8",16,0,0
2026-08-15T00:45:00.000Z,"-524","8",16,0,0
2026-08-15T00:50:00.000Z,"-521","8",16,0,0
2026-08-15T00:55:00.000Z,"-519","8",16,0,0
2026-08-15T01:00:00.000Z,"-515","8",16,0,0
2026-08-15T01:05:00.000Z,"-512","8",16,0,0
2026-08-15T01:10:00.000Z,"-512","8",16,0,0
2026-08-15T01:15:00.000Z,"-509","8",16,0,0
2026-08-15T01:20:00.000Z,"-510","8",16,0,0
2026-08-15T01:25:00.000Z,"-504","8",16,0,0
2026-08-15T01:30:00.000Z,"-502","8",16,0,0
2026-08-15T01:35:00.000Z,"-506","8",16,0,0
2026-08-15T01:40:00.000Z,"-506","8",16,0,0
2026-08-15T01:45:00.000Z,"-501","8",16,0,0
2026-08-15T01:50:00.000Z,"-502","8",16,0,0
2026-08-15T01:55:00.000Z,"-502","8",16,0,0
2026-08-15T02:00:00.000Z,"-506","8",16,0,0
2026-08-15T02:05:00.000Z,"-506","8",16,0,0
2026-08-15T02:10:00.000Z,"-506","8",16,0,0
2026-08-15T02:15:00.000Z,"-506","8",16,0,0
2026-08-15T02:20:00.000Z,"-506","8",16,0,0
2026-08-15T02:25:00.000Z,"-502","8",16,0,0
2026-08-15T02:30:00.000Z,"-506","8",16,0,0
2026-08-15T02:35:00.000Z,"-506","8",16,0,0
2026-08-15T02:40:00.000Z,"-507","8",16,0,0
2026-08-15T02:45:00.000Z,"-510","8",16,0,0
2026-08-15T02:50:00.000Z,"-510","8",16,0,0
2026-08-15T02:55:00.000Z,"-512","8",16,0,0
2026-08-15T03:00:00.000Z,"-514","8",16,0,0
2026-08-15T03:05:00.000Z,"-514","8",16,0,0
2026-08-15T03:10:00.000Z,"-516","8",16,0,0
2026-08-15T03:15:00.000Z,"-516","8",16,0,0
2026-08-15T03:20:00.000Z,"-516","8",16,0,0
2026-08-15T03:25:00.000Z,"-519","8",16,0,0
2026-08-15T03:30:00.000Z,"-520","8",16,0,0
2026-08-15T03:35:00.000Z,"-521","8",16,0,0
2026-08-15T03:40:00.000Z,"-524","8",16,0,0
2026-08-15T03:45:00.000Z,"-524","8",16,0,0
2026-08-15T03:50:00.000Z,"-525","8",16,0,0
2026-08-15T03:55:00.000Z,"-526","8",16,0,0
2026-08-15T04:00:00.000Z,"-524","8",16,0,0
2026-08-15T04:05:00.000Z,"-527","8",16,0,0
2026-08-15T04:10:00.000Z,"-529","8",16,0,0
2026-08-15T04:15:00.000Z,"-530","8",16,0,0
2026-08-15T04:20:00.000Z,"-530","8",16,0,0
2026-08-15T04:25:00.000Z,"-531","8",16,0,0
2026-08-15T04:30:00.000Z,"-534","8",16,0,0
2026-08-15T04:35:00.000Z,"-535","8",16,0,0
2026-08-15T04:40:00.000Z,"-536","8",16,0,0
2026-08-15T04:45:00.000Z,"-535","8",16,0,0
2026-08-15T04:50:00.000Z,"-536","8",16,0,0
2026-08-15T04:55:00.000Z,"-536","8",16,0,0
2026-08-15T05:00:00.000Z,"-540","8",16,0,0
2026-08-15T05:05:00.000Z,"-541","8",16,0,0
2026-08-15T05:10:00.000Z,"-542","8",16,0,0
2026-08-15T05:15:00.000Z,"-541","8",16,0,0
2026-08-15T05:20:00.000Z,"-545","8",16,0,0
2026-08-15T05:25:00.000Z,"-546","8",16,0,0
2026-08-15T05:30:00.000Z,"-544","8",16,0,0
2026-08-15T05:35:00.000Z,"-547","8",16,0,0
2026-08-15T05:40:00.000Z,"-547","8",16,0,0
2026-08-15T05:45:00.000Z,"-545","8",16,0,0
2026-08-15T05:50:00.000Z,"-546","8",16,0,0
2026-08-15T05:55:00.000Z,"-546","8",16,0,0
2026-08-15T06:00:00.000Z,"-547","8",16,0,0
2026-08-15T06:05:00.000Z,"-550","8",16,0,0
2026-08-15T06:10:00.000Z,"-549","8",16,0,0
2026-08-15T06:15:00.000Z,"-546","8",16,0,0
2026-08-15T06:20:00.000Z,"-549","8",16,0,0
2026-08-15T06:25:00.000Z,"-547","8",16,0,0
2026-08-15T06:30:00.000Z,"-547","8",16,0,0
2026-08-15T06:35:00.000Z,"-546","8",16,0,0
2026-08-15T06:40:00.000Z,"-547","8",16,0,0
2026-08-15T06:45:00.000Z,"-549","8",16,0,0
2026-08-15T06:50:00.000Z,"-545","8",16,0,0
2026-08-15T06:55:00.000Z,"-545","8",16,0,0
2026-08-15T07:00:00.000Z,"-546","8",16,0,0
2026-08-15T07:05:00.000Z,"-546","8",16,0,0
2026-08-15T07:10:00.000Z,"-545","8",16,0,0
2026-08-15T07:15:00.000Z,"-544","8",16,0,0
2026-08-15T07:20:00.000Z,"-542","8",16,0,0
2026-08-15T07:25:00.000Z,"-544","8",16,0,0
2026-08-15T07:30:00.000Z,"-542","8",16,0,0
2026-08-15T07:35:00.000Z,"-544","8",16,0,0
2026-08-15T07:40:00.000Z,"-540","8",16,0,0
2026-08-15T07:45:00.000Z,"-537","8",16,0,0
2026-08-15T07:50:00.000Z,"-540","8",16,0,0
2026-08-15T07:55:00.000Z,"-536","8",16,0,0
2026-08-15T08:00:00.000Z,"-540","8",16,0,0
2026-08-15T08:05:00.000Z,"-539","8",16,0,0
2026-08-15T08:10:00.000Z,"-537","8",16,0,0
2026-08-15T08:15:00.000Z,"-534","8",16,0,0
2026-08-15T08:20:00.000Z,"-534","8",16,0,0
2026-08-15T08:25:00.000Z,"-531","8",16,0,0
2026-08-15T08:30:00.000Z,"-532","8",16,0,0
2026-08-15T08:35:00.000Z,"-532","8",16,0,0
2026-08-15T08:40:00.000Z,"-537","8",16,0,0
2026-08-15T08:45:00.000Z,"-534","8",16,0,0
2026-08-15T08:50:00.000Z,"-535","8",16,0,0
2026-08-15T08:55:00.000Z,"-526","8",16,0,0
2026-08-15T09:00:00.000Z,"-527","8",16,0,0
2026-08-15T09:05:00.000Z,"-529","8",16,0,0
2026-08-15T09:10:00.000Z,"-519","8",16,0,0
2026-08-15T09:15:00.000Z,"-521","8",16,0,0
2026-08-15T09:20:00.000Z,"-525","8",16,0,0
2026-08-15T09:25:00.000Z,"-520","8",16,0,0
2026-08-15T09:30:00.000Z,"-512","8",16,0,0
2026-08-15T09:35:00.000Z,"-524","8",16,0,0
2026-08-15T09:40:00.000Z,"-526","8",16,0,0
2026-08-15T09:45:00.000Z,"-520","8",16,0,0
2026-08-15T09:50:00.000Z,"-519","8",16,0,0
2026-08-15T09:55:00.000Z,"-519","8",16,0,0
2026-08-15T10:00:00.000Z,"-524","8",16,0,0
2026-08-15T10:05:00.000Z,"-526","8",16,0,0
2026-08-15T10:10:00.000Z,"-521","8",16,0,0
2026-08-15T10:15:00.000Z,"-524","8",16,0,0
2026-08-15T10:20:00.000Z,"-531","8",16,0,0
2026-08-15T10:25:00.000Z,"-530","8",16,0,0
2026-08-15T10:30:00.000Z,"-537","8",16,0,0
2026-08-15T10:35:00.000Z,"-541","8",16,0,0
2026-08-15T10:40:00.000Z,"-539","8",16,0,0
2026-08-15T10:45:00.000Z,"-541","8",16,0,0
2026-08-15T10:50:00.000Z,"-552","8",16,0,0
2026-08-15T10:55:00.000Z,"-556","8",16,0,0
2026-08-15T11:00:00.000Z,"-555","8",16,0,0
2026-08-15T11:05:00.000Z,"-565","8",16,0,0
2026-08-15T11:10:00.000Z,"-565","8",16,0,0
2026-08-15T11:15:00.000Z,"-569","8",16,0,0
2026-08-15T11:20:00.000Z,"-580","8",16,0,0
2026-08-15T11:25:00.000Z,"-575","8",16,0,0
2026-08-15T11:30:00.000Z,"-580","8",16,0,0
2026-08-15T11:35:00.000Z,"-586","8",16,0,0
2026-08-15T11:40:00.000Z,"-587","8",16,0,0
2026-08-15T11:45:00.000Z,"-599","8",16,0,0
2026-08-15T11:50:00.000Z,"-597","8",16,0,0
2026-08-15T11:55:00.000Z,"-606","8",16,0,0
2026-08-15T12:00:00.000Z,"-609","8",16,0,0
2026-08-15T12:05:00.000Z,"-605","8",16,0,0
2026-08-15T12:10:00.000Z,"-607","8",16,0,0
2026-08-15T12:15:00.000Z,"-607","8",16,0,0
2026-08-15T12:20:00.000Z,"-610","8",16,0,0
2026-08-15T12:25:00.000Z,"-615","8",16,0,0
2026-08-15T12:30:00.000Z,"-617","8",16,0,0
2026-08-15T12:35:00.000Z,"-614","8",16,0,0
2026-08-15T12:40:00.000Z,"-620","8",16,0,0
2026-08-15T12:45:00.000Z,"-620","8",16,0,0
2026-08-15T12:50:00.000Z,"-620","8",16,0,0
2026-08-15T12:55:00.000Z,"-620","8",16,0,0
2026-08-15T13:00:00.000Z,"-614","8",16,0,0
2026-08-15T13:05:00.000Z,"-620","8",16,0,0
2026-08-15T13:10:00.000Z,"-624","8",16,0,0
2026-08-15T13:15:00.000Z,"-614","8",16,0,0
2026-08-15T13:20:00.000Z,"-614","8",16,0,0
2026-08-15T13:25:00.000Z,"-620","8",16,0,0
2026-08-15T13:30:00.000Z,"-619","8",16,0,0
2026-08-15T13:35:00.000Z,"-610","8",16,0,0
2026-08-15T13:40:00.000Z,"-612","8",16,0,0
2026-08-15T13:45:00.000Z,"-615","8",16,0,0
2026-08-15T13:50:00.000Z,"-605","8",16,0,0
2026-08-15T13:55:00.000Z,"-610","8",16,0,0
2026-08-15T14:00:00.000Z,"-610","8",16,0,0
2026-08-15T14:05:00.000Z,"-610","8",16,0,0
2026-08-15T14:10:00.000Z,"-611","8",16,0,0
2026-08-15T14:15:00.000Z,"-607","8",16,0,0
2026-08-15T14:20:00.000Z,"-605","8",16,0,0
2026-08-15T14:25:00.000Z,"-611","8",16,0,0
2026-08-15T14:30:00.000Z,"-604","8",16,0,0
2026-08-15T14:35:00.000Z,"-606","8",16,0,0
2026-08-15T14:40:00.000Z,"-609","8",16,0,0
2026-08-15T14:45:00.000Z,"-614","8",16,0,0
2026-08-15T14:50:00.000Z,"-616","8",16,0,0
2026-08-15T14:55:00.000Z,"-610","8",16,0,0
2026-08-15T15:00:00.000Z,"-614","8",16,0,0
2026-08-15T15:05:00.000Z,"-614","8",16,0,0
2026-08-15T15:10:00.000Z,"-606","8",16,0,0
2026-08-15T15:15:00.000Z,"-610","8",16,0,0
2026-08-15T15:20:00.000Z,"-614","8",16,0,0
2026-08-15T15:25:00.000Z,"-609","8",16,0,0
2026-08-15T15:30:00.000Z,"-611","8",16,0,0
2026-08-15T15:35:00.000Z,"-609","8",16,0,0
2026-08-15T15:40:00.000Z,"-612","8",16,0,0
2026-08-15T15:45:00.000Z,"-616","8",16,0,0
2026-08-15T15:50:00.000Z,"-612","8",16,0,0
2026-08-15T15:55:00.000Z,"-610","8",16,0,0
2026-08-15T16:00:00.000Z,"-614","8",16,0,0
2026-08-15T16:05:00.000Z,"-615","8",16,0,0
2026-08-15T16:10:00.000Z,"-619","8",16,0,0
2026-08-15T16:15:00.000Z,"-615","8",16,0,0
2026-08-15T16:20:00.000Z,"-617","8",16,0,0
2026-08-15T16:25:00.000Z,"-620","8",16,0,0
2026-08-15T16:30:00.000Z,"-615","8",16,0,0
2026-08-15T16:35:00.000Z,"-614","8",16,0,0
2026-08-15T16:40:00.000Z,"-615","8",16,0,0
2026-08-15T16:45:00.000Z,"-612","8",16,0,0
2026-08-15T16:50:00.000Z,"-612","8",16,0,0
2026-08-15T16:55:00.000Z,"-612","8",16,0,0
2026-08-15T17:00:00.000Z,"-612","8",16,0,0
2026-08-15T17:05:00.000Z,"-612","8",16,0,0
2026-08-15T17:10:00.000Z,"-612","8",16,0,0
2026-08-15T17:15:00.000Z,"-610","8",16,0,0
2026-08-15T17:20:00.000Z,"-614","8",16,0,0
2026-08-15T17:25:00.000Z,"-615","8",16,0,0
2026-08-15T17:30:00.000Z,"-615","8",16,0,0
2026-08-15T17:35:00.000Z,"-614","8",16,0,0
2026-08-15T17:40:00.000Z,"-616","8",16,0,0
2026-08-15T17:45:00.000Z,"-615","8",16,0,0
2026-08-15T17:50:00.000Z,"-619","8",16,0,0
2026-08-15T17:55:00.000Z,"-619","8",16,0,0
2026-08-15T18:00:00.000Z,"-621","8",16,0,0
2026-08-15T18:05:00.000Z,"-627","8",16,0,0
2026-08-15T18:10:00.000Z,"-624","8",16,0,0
2026-08-15T18:15:00.000Z,"-627","8",16,0,0
2026-08-15T18:20:00.000Z,"-627","8",16,0,0
2026-08-15T18:25:00.000Z,"-629","8",16,0,0
2026-08-15T18:30:00.000Z,"-629","8",16,0,0
2026-08-15T18:35:00.000Z,"-630","8",16,0,0
2026-08-15T18:40:00.000Z,"-632","8",16,0,0
2026-08-15T18:45:00.000Z,"-637","8",16,0,0
2026-08-15T18:50:00.000Z,"-641","8",16,0,0
2026-08-15T18:55:00.000Z,"-645","8",16,0,0
2026-08-15T19:00:00.000Z,"-651","8",16,0,0
2026-08-15T19:05:00.000Z,"-652","8",16,0,0
2026-08-15T19:10:00.000Z,"-654","8",16,0,0
2026-08-15T19:15:00.000Z,"-656","8",16,0,0
2026-08-15T19:20:00.000Z,"-659","8",16,0,0
2026-08-15T19:25:00.000Z,"-680","8",16,0,0
2026-08-15T19:30:00.000Z,"-675","8",16,0,0
2026-08-15T19:35:00.000Z,"-682","8",16,0,0
2026-08-15T19:40:00.000Z,"-684","8",16,0,0
2026-08-15T19:45:00.000Z,"-689","8",16,0,0
2026-08-15T19:50:00.000Z,"-689","8",16,0,0
2026-08-15T19:55:00.000Z,"-691","8",16,0,0
2026-08-15T20:00:00.000Z,"-694","8",16,0,0
2026-08-15T20:05:00.000Z,"-700","8",16,0,0
2026-08-15T20:10:00.000Z,"-707","8",16,0,0
2026-08-15T20:15:00.000Z,"-711","8",16,0,0
2026-08-15T20:20:00.000Z,"-715","8",16,0,0
2026-08-15T20:25:00.000Z,"-725","8",16,0,0
2026-08-15T20:30:00.000Z,"-726","8",16,0,0
2026-08-15T20:35:00.000Z,"-734","8",16,0,0
2026-08-15T20:40:00.000Z,"-736","8",16,0,0
2026-08-15T20:45:00.000Z,"-746","8",16,0,0
2026-08-15T20:50:00.000Z,"-750","8",16,0,0
2026-08-15T20:55:00.000Z,"-759","8",16,0,0
2026-08-15T21:00:00.000Z,"-769","8",16,0,0
2026-08-15T21:05:00.000Z,"-774","8",16,0,0
2026-08-15T21:10:00.000Z,"-781","8",16,0,0
2026-08-15T21:15:00.000Z,"-774","8",16,0,0
2026-08-15T21:20:00.000Z,"-779","8",16,0,0
2026-08-15T21:25:00.000Z,"-781","8",16,0,0
2026-08-15T21:30:00.000Z,"-787","8",16,0,0
2026-08-15T21:35:00.000Z,"-795","8",16,0,0
2026-08-15T21:40:00.000Z,"-797","8",16,0,0
2026-08-15T21:45:00.000Z,"-795","8",16,0,0
2026-08-15T21:50:00.000Z,"-799","8",16,0,0
2026-08-15T21:55:00.000Z,"-804","8",16,0,0
2026-08-15T22:00:00.000Z,"-806","8",16,0,0
2026-08-15T22:05:00.000Z,"-804","8",16,0,0
2026-08-15T22:10:00.000Z,"-807","8",16,0,0
2026-08-15T22:15:00.000Z,"-810","8",16,0,0
2026-08-15T22:20:00.000Z,"-811","8",16,0,0
2026-08-15T22:25:00.000Z,"-812","8",16,0,0
2026-08-15T22:30:00.000Z,"-815","8",16,0,0
2026-08-15T22:35:00.000Z,"-817","8",16,0,0
2026-08-15T22:40:00.000Z,"-811","8",16,0,0
2026-08-15T22:45:00.000Z,"-812","8",16,0,0
2026-08-15T22:50:00.000Z,"-817","8",16,0,0
2026-08-15T22:55:00.000Z,"-819","8",16,0,0
2026-08-15T23:00:00.000Z,"-819","8",16,0,0
2026-08-15T23:05:00.000Z,"-816","8",16,0,0
2026-08-15T23:10:00.000Z,"-821","8",16,0,0
2026-08-15T23:15:00.000Z,"-822","8",16,0,0
2026-08-15T23:20:00.000Z,"-817","8",16,0,0
2026-08-15T23:25:00.000Z,"-817","8",16,0,0
2026-08-15T23:30:00.000Z,"-819","8",16,0,0
2026-08-15T23:35:00.000Z,"-822","8",16,0,0
2026-08-15T23:40:00.000Z,"-821","8",16,0,0
2026-08-15T23:45:00.000Z,"-819","8",16,0,0
2026-08-15T23:50:00.000Z,"-824","8",16,0,0
2026-08-15T23:55:00.000Z,"-821","8",16,0,0
2026-08-16T00:00:00.000Z,"-817","8",16,0,0
2026-08-16T00:05:00.000Z,"-820","8",16,0,0
2026-08-16T00:10:00.000Z,"-821","8",16,0,0
2026-08-16T00:15:00.000Z,"-815","8",16,0,0
2026-08-16T00:20:00.000Z,"-814","8",16,0,0
2026-08-16T00:25:00.000Z,"-811","8",16,0,0
2026-08-16T00:30:00.000Z,"-812","8",16,0,0
2026-08-16T00:35:00.000Z,"-804","8",16,0,0
2026-08-16T00:40:00.000Z,"-805","8",16,0,0
2026-08-16T00:45:00.000Z,"-801","8",16,0,0
2026-08-16T00:50:00.000Z,"-801","8",16,0,0
2026-08-16T00:55:00.000Z,"-802","8",16,0,0
2026-08-16T01:00:00.000Z,"-795","8",16,0,0
2026-08-16T01:05:00.000Z,"-790","8",16,0,0
2026-08-16T01:10:00.000Z,"-784","8",16,0,0
2026-08-16T01:15:00.000Z,"-777","8",16,0,0
2026-08-16T01:20:00.000Z,"-774","8",16,0,0
2026-08-16T01:25:00.000Z,"-766","8",16,0,0
2026-08-16T01:30:00.000Z,"-760","8",16,0,0
2026-08-16T01:35:00.000Z,"-751","8",16,0,0
2026-08-16T01:40:00.000Z,"-744","8",16,0,0
2026-08-16T01:45:00.000Z,"-737","8",16,0,0
2026-08-16T01:50:00.000Z,"-729","8",16,0,0
2026-08-16T01:55:00.000Z,"-724","8",16,0,0
2026-08-16T02:00:00.000Z,"-711","8",16,0,0
2026-08-16T02:05:00.000Z,"-711","8",16,0,0
2026-08-16T02:10:00.000Z,"-705","8",16,0,0
2026-08-16T02:15:00.000Z,"-691","8",16,0,0
2026-08-16T02:20:00.000Z,"-685","8",16,0,0
2026-08-16T02:25:00.000Z,"-677","8",16,0,0
2026-08-16T02:30:00.000Z,"-669","8",16,0,0
2026-08-16T02:35:00.000Z,"-662","8",16,0,0
2026-08-16T02:40:00.000Z,"-650","8",16,0,0
2026-08-16T02:45:00.000Z,"-645","8",16,0,0
2026-08-16T02:50:00.000Z,"-637","8",16,0,0
2026-08-16T02:55:00.000Z,"-625","8",16,0,0
2026-08-16T03:00:00.000Z,"-620","8",16,0,0
2026-08-16T03:05:00.000Z,"-614","8",16,0,0
2026-08-16T03:10:00.000Z,"-599","8",16,0,0
2026-08-16T03:15:00.000Z,"-591","8",16,0,0
2026-08-16T03:20:00.000Z,"-584","8",16,0,0
2026-08-16T03:25:00.000Z,"-576","8",16,0,0
2026-08-16T03:30:00.000Z,"-565","8",16,0,0
2026-08-16T03:35:00.000Z,"-557","8",16,0,0
2026-08-16T03:40:00.000Z,"-550","8",16,0,0
2026-08-16T03:45:00.000Z,"-546","8",16,0,0
2026-08-16T03:50:00.000Z,"-541","8",16,0,0
2026-08-16T03:55:00.000Z,"-535","8",16,0,0
2026-08-16T04:00:00.000Z,"-529","8",16,0,0
2026-08-16T04:05:00.000Z,"-524","8",16,0,0
2026-08-16T04:10:00.000Z,"-517","8",16,0,0
2026-08-16T04:15:00.000Z,"-512","8",16,0,0
2026-08-16T04:20:00.000Z,"-510","8",16,0,0
2026-08-16T04:25:00.000Z,"-505","8",16,0,0
2026-08-16T04:30:00.000Z,"-501","8",16,0,0
2026-08-16T04:35:00.000Z,"-497","8",16,0,0
2026-08-16T04:40:00.000Z,"-495","8",16,0,0
2026-08-16T04:45:00.000Z,"-492","8",16,0,0
2026-08-16T04:50:00.000Z,"-494","8",16,0,0
2026-08-16T04:55:00.000Z,"-491","8",16,0,0
2026-08-16T05:00:00.000Z,"-489","8",16,0,0
2026-08-16T05:05:00.000Z,"-490","8",16,0,0
2026-08-16T05:10:00.000Z,"-491","8",16,0,0
2026-08-16T05:15:00.000Z,"-491","8",16,0,0
2026-08-16T05:20:00.000Z,"-490","8",16,0,0
2026-08-16T05:25:00.000Z,"-492","8",16,0,0
2026-08-16T05:30:00.000Z,"-491","8",16,0,0
2026-08-16T05:35:00.000Z,"-496","8",16,0,0
2026-08-16T05:40:00.000Z,"-497","8",16,0,0
2026-08-16T05:45:00.000Z,"-497","8",16,0,0
2026-08-16T05:50:00.000Z,"-501","8",16,0,0
2026-08-16T05:55:00.000Z,"-502","8",16,0,0
2026-08-16T06:00:00.000Z,"-507","8",16,0,0
2026-08-16T06:05:00.000Z,"-512","8",16,0,0
2026-08-16T06:10:00.000Z,"-515","8",16,0,0
2026-08-16T06:15:00.000Z,"-517","8",16,0,0
2026-08-16T06:20:00.000Z,"-522","8",16,0,0
2026-08-16T06:25:00.000Z,"-527","8",16,0,0
2026-08-16T06:30:00.000Z,"-530","8",16,0,0
2026-08-16T06:35:00.000Z,"-536","8",16,0,0
2026-08-16T06:40:00.000Z,"-537","8",16,0,0
2026-08-16T06:45:00.000Z,"-541","8",16,0,0
2026-08-16T06:50:00.000Z,"-546","8",16,0,0
2026-08-16T06:55:00.000Z,"-550","8",16,0,0
2026-08-16T07:00:00.000Z,"-555","8",16,0,0
2026-08-16T07:05:00.000Z,"-560","8",16,0,0
2026-08-16T07:10:00.000Z,"-564","8",16,0,0
2026-08-16T07:15:00.000Z,"-567","8",16,0,0
2026-08-16T07:20:00.000Z,"-572","8",16,0,0
2026-08-16T07:25:00.000Z,"-575","8",16,0,0
2026-08-16T07:30:00.000Z,"-580","8",16,0,0
2026-08-16T07:35:00.000Z,"-585","8",16,0,0
2026-08-16T07:40:00.000Z,"-587","8",16,0,0
2026-08-16T07:45:00.000Z,"-592","8",16,0,0
2026-08-16T07:50:00.000Z,"-596","8",16,0,0
2026-08-16T07:55:00.000Z,"-599","8",16,0,0
2026-08-16T08:00:00.000Z,"-605","8",16,0,0
2026-08-16T08:05:00.000Z,"-607","8",16,0,0
2026-08-16T08:10:00.000Z,"-610","8",16,0,0
2026-08-16T08:15:00.000Z,"-616","8",16,0,0
2026-08-16T08:20:00.000Z,"-616","8",16,0,0
2026-08-16T08:25:00.000Z,"-626","8",16,0,0
2026-08-16T08:30:00.000Z,"-630","8",16,0,0
2026-08-16T08:35:00.000Z,"-635","8",16,0,0
2026-08-16T08:40:00.000Z,"-636","8",16,0,0
2026-08-16T08:45:00.000Z,"-644","8",16,0,0
2026-08-16T08:50:00.000Z,"-647","8",16,0,0
2026-08-16T08:55:00.000Z,"-655","8",16,0,0
2026-08-16T09:00:00.000Z,"-661","8",16,0,0
2026-08-16T09:05:00.000Z,"-665","8",16,0,0
2026-08-16T09:10:00.000Z,"-671","8",16,0,0
2026-08-16T09:15:00.000Z,"-679","8",16,0,0
2026-08-16T09:20:00.000Z,"-682","8",16,0,0
2026-08-16T09:25:00.000Z,"-686","8",16,0,0
2026-08-16T09:30:00.000Z,"-695","8",16,0,0
2026-08-16T09:35:00.000Z,"-701","8",16,0,0
2026-08-16T09:40:00.000Z,"-705","8",16,0,0
2026-08-16T09:45:00.000Z,"-707","8",16,0,0
2026-08-16T09:50:00.000Z,"-709","8",16,0,0
2026-08-16T09:55:00.000Z,"-724","8",16,0,0
2026-08-16T10:00:00.000Z,"-722","8",16,0,0
2026-08-16T10:05:00.000Z,"-726","8",16,0,0
2026-08-16T10:10:00.000Z,"-726","8",16,0,0
2026-08-16T10:15:00.000Z,"-726","8",16,0,0
2026-08-16T10:20:00.000Z,"-731","8",16,0,0
2026-08-16T10:25:00.000Z,"-734","8",16,0,0
2026-08-16T10:30:00.000Z,"-731","8",16,0,0
2026-08-16T10:35:00.000Z,"-737","8",16,0,0
2026-08-16T10:40:00.000Z,"-739","8",16,0,0
2026-08-16T10:45:00.000Z,"-737","8",16,0,0
2026-08-16T10:50:00.000Z,"-740","8",16,0,0
2026-08-16T10:55:00.000Z,"-744","8",16,0,0
2026-08-16T11:00:00.000Z,"-744","8",16,0,0
2026-08-16T11:05:00.000Z,"-744","8",16,0,0
2026-08-16T11:10:00.000Z,"-741","8",16,0,0
2026-08-16T11:15:00.000Z,"-739","8",16,0,0
2026-08-16T11:20:00.000Z,"-746","8",16,0,0
2026-08-16T11:25:00.000Z,"-744","8",16,0,0
2026-08-16T11:30:00.000Z,"-740","8",16,0,0
2026-08-16T11:35:00.000Z,"-741","8",16,0,0
2026-08-16T11:40:00.000Z,"-735","8",16,0,0
2026-08-16T11:45:00.000Z,"-741","8",16,0,0
2026-08-16T11:50:00.000Z,"-739","8",16,0,0
2026-08-16T11:55:00.000Z,"-742","8",16,0,0
2026-08-16T12:00:00.000Z,"-739","8",16,0,0
2026-08-16T12:05:00.000Z,"-739","8",16,0,0
2026-08-16T12:10:00.000Z,"-737","8",16,0,0
2026-08-16T12:15:00.000Z,"-736","8",16,0,0
2026-08-16T12:20:00.000Z,"-730","8",16,0,0
2026-08-16T12:25:00.000Z,"-736","8",16,0,0
2026-08-16T12:30:00.000Z,"-739","8",16,0,0
2026-08-16T12:35:00.000Z,"-731","8",16,0,0
2026-08-16T12:40:00.000Z,"-730","8",16,0,0
2026-08-16T12:45:00.000Z,"-734","8",16,0,0
2026-08-16T12:50:00.000Z,"-734","8",16,0,0
2026-08-16T12:55:00.000Z,"-732","8",16,0,0
2026-08-16T13:00:00.000Z,"-734","8",16,0,0
2026-08-16T13:05:00.000Z,"-727","8",16,0,0
2026-08-16T13:10:00.000Z,"-727","8",16,0,0
2026-08-16T13:15:00.000Z,"-734","8",16,0,0
2026-08-16T13:20:00.000Z,"-734","8",16,0,0
2026-08-16T13:25:00.000Z,"-726","8",16,0,0
2026-08-16T13:30:00.000Z,"-727","8",16,0,0
2026-08-16T13:35:00.000Z,"-727","8",16,0,0
2026-08-16T13:40:00.000Z,"-732","8",16,0,0
2026-08-16T13:45:00.000Z,"-726","8",16,0,0
2026-08-16T13:50:00.000Z,"-727","8",16,0,0
2026-08-16T13:55:00.000Z,"-727","8",16,0,0
2026-08-16T14:00:00.000Z,"-726","8",16,0,0
2026-08-16T14:05:00.000Z,"-726","8",16,0,0
2026-08-16T14:10:00.000Z,"-726","8",16,0,0
2026-08-16T14:15:00.000Z,"-725","8",16,0,0
2026-08-16T14:20:00.000Z,"-725","8",16,0,0
2026-08-16T14:25:00.000Z,"-726","8",16,0,0
2026-08-16T14:30:00.000Z,"-725","8",16,0,0
2026-08-16T14:35:00.000Z,"-726","8",16,0,0
2026-08-16T14:40:00.000Z,"-727","8",16,0,0
2026-08-16T14:45:00.000Z,"-724","8",16,0,0
2026-08-16T14:50:00.000Z,"-724","8",16,0,0
2026-08-16T14:55:00.000Z,"-716","8",16,0,0
2026-08-16T15:00:00.000Z,"-722","8",16,0,0
2026-08-16T15:05:00.000Z,"-722","8",16,0,0
2026-08-16T15:10:00.000Z,"-712","8",16,0,0
2026-08-16T15:15:00.000Z,"-714","8",16,0,0
2026-08-16T15:20:00.000Z,"-715","8",16,0,0
2026-08-16T15:25:00.000Z,"-715","8",16,0,0
2026-08-16T15:30:00.000Z,"-711","8",16,0,0
2026-08-16T15:35:00.000Z,"-705","8",16,0,0
2026-08-16T15:40:00.000Z,"-707","8",16,0,0
2026-08-16T15:45:00.000Z,"-712","8",16,0,0
2026-08-16T15:50:00.000Z,"-710","8",16,0,0
2026-08-16T15:55:00.000Z,"-707","8",16,0,0
2026-08-16T16:00:00.000Z,"-709","8",16,0,0
2026-08-16T16:05:00.000Z,"-709","8",16,0,0
2026-08-16T16:10:00.000Z,"-699","8",16,0,0
2026-08-16T16:15:00.000Z,"-704","8",16,0,0
2026-08-16T16:20:00.000Z,"-700","8",16,0,0
2026-08-16T16:25:00.000Z,"-701","8",16,0,0
2026-08-16T16:30:00.000Z,"-701","8",16,0,0
2026-08-16T16:35:00.000Z,"-697","8",16,0,0
2026-08-16T16:40:00.000Z,"-696","8",16,0,0
2026-08-16T16:45:00.000Z,"-697","8",16,0,0
2026-08-16T16:50:00.000Z,"-696","8",16,0,0
2026-08-16T16:55:00.000Z,"-695","8",16,0,0
2026-08-16T17:00:00.000Z,"-694","8",16,0,0
2026-08-16T17:05:00.000Z,"-694","8",16,0,0
2026-08-16T17:10:00.000Z,"-692","8",16,0,0
2026-08-16T17:15:00.000Z,"-691","8",16,0,0
2026-08-16T17:20:00.000Z,"-690","8",16,0,0
2026-08-16T17:25:00.000Z,"-692","8",16,0,0
2026-08-16T17:30:00.000Z,"-685","8",16,0,0
2026-08-16T17:35:00.000Z,"-686","8",16,0,0
2026-08-16T17:40:00.000Z,"-686","8",16,0,0
2026-08-16T17:45:00.000Z,"-685","8",16,0,0
2026-08-16T17:50:00.000Z,"-682","8",16,0,0
2026-08-16T17:55:00.000Z,"-677","8",16,0,0
2026-08-16T18:00:00.000Z,"-681","8",16,0,0
2026-08-16T18:05:00.000Z,"-681","8",16,0,0
2026-08-16T18:10:00.000Z,"-679","8",16,0,0
2026-08-16T18:15:00.000Z,"-680","8",16,0,0
2026-08-16T18:20:00.000Z,"-681","8",16,0,0
2026-08-16T18:25:00.000Z,"-681","8",16,0,0
2026-08-16T18:30:00.000Z,"-681","8",16,0,0
2026-08-16T18:35:00.000Z,"-682","8",16,0,0
2026-08-16T18:40:00.000Z,"-681","8",16,0,0
2026-08-16T18:45:00.000Z,"-684","8",16,0,0
2026-08-16T18:50:00.000Z,"-689","8",16,0,0
2026-08-16T18:55:00.000Z,"-685","8",16,0,0
2026-08-16T19:00:00.000Z,"-687","8",16,0,0
2026-08-16T19:05:00.000Z,"-692","8",16,0,0
2026-08-16T19:10:00.000Z,"-695","8",16,0,0
2026-08-16T19:15:00.000Z,"-697","8",16,0,0
2026-08-16T19:20:00.000Z,"-699","8",16,0,0
2026-08-16T19:25:00.000Z,"-704","8",16,0,0
2026-08-16T19:30:00.000Z,"-709","8",16,0,0
2026-08-16T19:35:00.000Z,"-711","8",16,0,0
2026-08-16T19:40:00.000Z,"-714","8",16,0,0
2026-08-16T19:45:00.000Z,"-722","8",16,0,0
2026-08-16T19:50:00.000Z,"-724","8",16,0,0
2026-08-16T19:55:00.000Z,"-727","8",16,0,0
2026-08-16T20:00:00.000Z,"-731","8",16,0,0
2026-08-16T20:05:00.000Z,"-737","8",16,0,0
2026-08-16T20:10:00.000Z,"-741","8",16,0,0
2026-08-16T20:15:00.000Z,"-741","8",16,0,0
2026-08-16T20:20:00.000Z,"-751","8",16,0,0
2026-08-16T20:25:00.000Z,"-752","8",16,0,0
2026-08-16T20:30:00.000Z,"-754","8",16,0,0
2026-08-16T20:35:00.000Z,"-761","8",16,0,0
2026-08-16T20:40:00.000Z,"-765","8",16,0,0
2026-08-16T20:45:00.000Z,"-771","8",16,0,0
2026-08-16T20:50:00.000Z,"-772","8",16,0,0
2026-08-16T20:55:00.000Z,"-779","8",16,0,0
2026-08-16T21:00:00.000Z,"-784","8",16,0,0
2026-08-16T21:05:00.000Z,"-784","8",16,0,0
2026-08-16T21:10:00.000Z,"-790","8",16,0,0
2026-08-16T21:15:00.000Z,"-790","8",16,0,0
2026-08-16T21:20:00.000Z,"-795","8",16,0,0
2026-08-16T21:25:00.000Z,"-797","8",16,0,0
2026-08-16T21:30:00.000Z,"-800","8",16,0,0
2026-08-16T21:35:00.000Z,"-799","8",16,0,0
2026-08-16T21:40:00.000Z,"-800","8",16,0,0
2026-08-16T21:45:00.000Z,"-802","8",16,0,0
2026-08-16T21:50:00.000Z,"-805","8",16,0,0
2026-08-16T21:55:00.000Z,"-807","8",16,0,0
2026-08-16T22:00:00.000Z,"-814","8",16,0,0
2026-08-16T22:05:00.000Z,"-812","8",16,0,0
2026-08-16T22:10:00.000Z,"-814","8",16,0,0
2026-08-16T22:15:00.000Z,"-809","8",16,0,0
2026-08-16T22:20:00.000Z,"-812","8",16,0,0
2026-08-16T22:25:00.000Z,"-814","8",16,0,0
2026-08-16T22:30:00.000Z,"-816","8",16,0,0
2026-08-16T22:35:00.000Z,"-802","8",16,0,0
2026-08-16T22:40:00.000Z,"-815","8",16,0,0
2026-08-16T22:45:00.000Z,"-807","8",16,0,0
2026-08-16T22:50:00.000Z,"-806","8",16,0,0
2026-08-16T22:55:00.000Z,"-804","8",16,0,0
2026-08-16T23:00:00.000Z,"-801","8",16,0,0
2026-08-16T23:05:00.000Z,"-796","8",16,0,0
2026-08-16T23:10:00.000Z,"-799","8",16,0,0
2026-08-16T23:15:00.000Z,"-787","8",16,0,0
2026-08-16T23:20:00.000Z,"-787","8",16,0,0
2026-08-16T23:25:00.000Z,"-785","8",16,0,0
2026-08-16T23:30:00.000Z,"-779","8",16,0,0
2026-08-16T23:35:00.000Z,"-777","8",16,0,0
2026-08-16T23:40:00.000Z,"-772","8",16,0,0
2026-08-16T23:45:00.000Z,"-770","8",16,0,0
2026-08-16T23:50:00.000Z,"-761","8",16,0,0
2026-08-16T23:55:00.000Z,"-759","8",16,0,0
2026-08-17T00:00:00.000Z,"-751","8",16,0,0
2026-08-17T00:05:00.000Z,"-747","8",16,0,0
2026-08-17T00:10:00.000Z,"-747","8",16,0,0
2026-08-17T00:15:00.000Z,"-741","8",16,0,0
2026-08-17T00:20:00.000Z,"-735","8",16,0,0
2026-08-17T00:25:00.000Z,"-730","8",16,0,0
2026-08-17T00:30:00.000Z,"-731","8",16,0,0
2026-08-17T00:35:00.000Z,"-725","8",16,0,0
2026-08-17T00:40:00.000Z,"-714","8",16,0,0
2026-08-17T00:45:00.000Z,"-714","8",16,0,0
2026-08-17T00:50:00.000Z,"-706","8",16,0,0
2026-08-17T00:55:00.000Z,"-707","8",16,0,0
2026-08-17T01:00:00.000Z,"-697","8",16,0,0
2026-08-17T01:05:00.000Z,"-697","8",16,0,0
2026-08-17T01:10:00.000Z,"-692","8",16,0,0
2026-08-17T01:15:00.000Z,"-685","8",16,0,0
2026-08-17T01:20:00.000Z,"-681","8",16,0,0
2026-08-17T01:25:00.000Z,"-679","8",16,0,0
2026-08-17T01:30:00.000Z,"-674","8",16,0,0
2026-08-17T01:35:00.000Z,"-666","8",16,0,0
2026-08-17T01:40:00.000Z,"-665","8",16,0,0
2026-08-17T01:45:00.000Z,"-665","8",16,0,0
2026-08-17T01:50:00.000Z,"-657","8",16,0,0
2026-08-17T01:55:00.000Z,"-656","8",16,0,0
2026-08-17T02:00:00.000Z,"-644","8",16,0,0
2026-08-17T02:05:00.000Z,"-644","8",16,0,0
2026-08-17T02:10:00.000Z,"-642","8",16,0,0
2026-08-17T02:15:00.000Z,"-634","8",16,0,0
2026-08-17T02:20:00.000Z,"-632","8",16,0,0
2026-08-17T02:25:00.000Z,"-626","8",16,0,0
2026-08-17T02:30:00.000Z,"-617","8",16,0,0
2026-08-17T02:35:00.000Z,"-617","8",16,0,0
2026-08-17T02:40:00.000Z,"-610","8",16,0,0
2026-08-17T02:45:00.000Z,"-602","8",16,0,0
2026-08-17T02:50:00.000Z,"-600","8",16,0,0
2026-08-17T02:55:00.000Z,"-589","8",16,0,0
2026-08-17T03:00:00.000Z,"-584","8",16,0,0
2026-08-17T03:05:00.000Z,"-577","8",16,0,0
2026-08-17T03:10:00.000Z,"-574","8",16,0,0
2026-08-17T03:15:00.000Z,"-567","8",16,0,0
2026-08-17T03:20:00.000Z,"-559","8",16,0,0
2026-08-17T03:25:00.000Z,"-554","8",16,0,0
2026-08-17T03:30:00.000Z,"-544","8",16,0,0
2026-08-17T03:35:00.000Z,"-541","8",16,0,0
2026-08-17T03:40:00.000Z,"-532","8",16,0,0
2026-08-17T03:45:00.000Z,"-529","8",16,0,0
2026-08-17T03:50:00.000Z,"-524","8",16,0,0
2026-08-17T03:55:00.000Z,"-514","8",16,0,0
2026-08-17T04:00:00.000Z,"-510","8",16,0,0
2026-08-17T04:05:00.000Z,"-502","8",16,0,0
2026-08-17T04:10:00.000Z,"-497","8",16,0,0
2026-08-17T04:15:00.000Z,"-492","8",16,0,0
2026-08-17T04:20:00.000Z,"-487","8",16,0,0
2026-08-17T04:25:00.000Z,"-480","8",16,0,0
2026-08-17T04:30:00.000Z,"-477","8",16,0,0
2026-08-17T04:35:00.000Z,"-472","8",16,0,0
2026-08-17T04:40:00.000Z,"-469","8",16,0,0
2026-08-17T04:45:00.000Z,"-466","8",16,0,0
2026-08-17T04:50:00.000Z,"-461","8",16,0,0
2026-08-17T04:55:00.000Z,"-462","8",16,0,0
2026-08-17T05:00:00.000Z,"-456","8",16,0,0
2026-08-17T05:05:00.000Z,"-456","8",16,0,0
2026-08-17T05:10:00.000Z,"-452","8",16,0,0
2026-08-17T05:15:00.000Z,"-451","8",16,0,0
2026-08-17T05:20:00.000Z,"-451","8",16,0,0
2026-08-17T05:25:00.000Z,"-445","8",16,0,0
2026-08-17T05:30:00.000Z,"-447","8",16,0,0
2026-08-17T05:35:00.000Z,"-444","8",16,0,0
2026-08-17T05:40:00.000Z,"-444","8",16,0,0
2026-08-17T05:45:00.000Z,"-445","8",16,0,0
2026-08-17T05:50:00.000Z,"-442","8",16,0,0
2026-08-17T05:55:00.000Z,"-441","8",16,0,0
2026-08-17T06:00:00.000Z,"-445","8",16,0,0
2026-08-17T06:05:00.000Z,"-445","8",16,0,0
2026-08-17T06:10:00.000Z,"-445","8",16,0,0
2026-08-17T06:15:00.000Z,"-447","8",16,0,0
2026-08-17T06:20:00.000Z,"-470","8",16,0,0
2026-08-17T06:25:00.000Z,"-455","8",16,0,0
2026-08-17T06:30:00.000Z,"-456","8",16,0,0
2026-08-17T06:35:00.000Z,"-459","8",16,0,0
2026-08-17T06:40:00.000Z,"-464","8",16,0,0
2026-08-17T06:45:00.000Z,"-465","8",16,0,0
2026-08-17T06:50:00.000Z,"-470","8",16,0,0
2026-08-17T06:55:00.000Z,"-472","8",16,0,0
2026-08-17T07:00:00.000Z,"-475","8",16,0,0
2026-08-17T07:05:00.000Z,"-480","8",16,0,0
2026-08-17T07:10:00.000Z,"-486","8",16,0,0
2026-08-17T07:15:00.000Z,"-489","8",16,0,0
2026-08-17T07:20:00.000Z,"-492","8",16,0,0
2026-08-17T07:25:00.000Z,"-495","8",16,0,0
2026-08-17T07:30:00.000Z,"-500","8",16,0,0
2026-08-17T07:35:00.000Z,"-501","8",16,0,0
2026-08-17T07:40:00.000Z,"-506","8",16,0,0
2026-08-17T07:45:00.000Z,"-511","8",16,0,0
2026-08-17T07:50:00.000Z,"-512","8",16,0,0
2026-08-17T07:55:00.000Z,"-517","8",16,0,0
2026-08-17T08:00:00.000Z,"-520","8",16,0,0
2026-08-17T08:05:00.000Z,"-525","8",16,0,0
2026-08-17T08:10:00.000Z,"-526","8",16,0,0
2026-08-17T08:15:00.000Z,"-530","8",16,0,0
2026-08-17T08:20:00.000Z,"-535","8",16,0,0
2026-08-17T08:25:00.000Z,"-537","8",16,0,0
2026-08-17T08:30:00.000Z,"-541","8",16,0,0
2026-08-17T08:35:00.000Z,"-545","8",16,0,0
2026-08-17T08:40:00.000Z,"-554","8",16,0,0
2026-08-17T08:45:00.000Z,"-556","8",16,0,0
2026-08-17T08:50:00.000Z,"-562","8",16,0,0
2026-08-17T08:55:00.000Z,"-566","8",16,0,0
2026-08-17T09:00:00.000Z,"-582","8",16,0,0
2026-08-17T09:05:00.000Z,"-581","8",16,0,0
2026-08-17T09:10:00.000Z,"-581","8",16,0,0
2026-08-17T09:15:00.000Z,"-582","8",16,0,0
2026-08-17T09:20:00.000Z,"-590","8",16,0,0
2026-08-17T09:25:00.000Z,"-592","8",16,0,0
2026-08-17T09:30:00.000Z,"-596","8",16,0,0
2026-08-17T09:35:00.000Z,"-604","8",16,0,0
2026-08-17T09:40:00.000Z,"-610","8",16,0,0
2026-08-17T09:45:00.000Z,"-615","8",16,0,0
2026-08-17T09:50:00.000Z,"-617","8",16,0,0
2026-08-17T09:55:00.000Z,"-624","8",16,0,0
2026-08-17T10:00:00.000Z,"-631","8",16,0,0
2026-08-17T10:05:00.000Z,"-641","8",16,0,0
2026-08-17T10:10:00.000Z,"-645","8",16,0,0
2026-08-17T10:15:00.000Z,"-651","8",16,0,0
2026-08-17T10:20:00.000Z,"-655","8",16,0,0
2026-08-17T10:25:00.000Z,"-661","8",16,0,0
2026-08-17T10:30:00.000Z,"-666","8",16,0,0
2026-08-17T10:35:00.000Z,"-677","8",16,0,0
2026-08-17T10:40:00.000Z,"-682","8",16,0,0
2026-08-17T10:45:00.000Z,"-692","8",16,0,0
2026-08-17T10:50:00.000Z,"-689","8",16,0,0
2026-08-17T10:55:00.000Z,"-694","8",16,0,0
2026-08-17T11:00:00.000Z,"-696","8",16,0,0
2026-08-17T11:05:00.000Z,"-702","8",16,0,0
2026-08-17T11:10:00.000Z,"-702","8",16,0,0
2026-08-17T11:15:00.000Z,"-705","8",16,0,0
2026-08-17T11:20:00.000Z,"-706","8",16,0,0
2026-08-17T11:25:00.000Z,"-707","8",16,0,0
2026-08-17T11:30:00.000Z,"-715","8",16,0,0
2026-08-17T11:35:00.000Z,"-714","8",16,0,0
2026-08-17T11:40:00.000Z,"-715","8",16,0,0
2026-08-17T11:45:00.000Z,"-707","8",16,0,0
2026-08-17T11:50:00.000Z,"-711","8",16,0,0
2026-08-17T11:55:00.000Z,"-710","8",16,0,0
2026-08-17T12:00:00.000Z,"-716","8",16,0,0
2026-08-17T12:05:00.000Z,"-706","8",16,0,0
2026-08-17T12:10:00.000Z,"-704","8",16,0,0
2026-08-17T12:15:00.000Z,"-705","8",16,0,0
2026-08-17T12:20:00.000Z,"-699","8",16,0,0
2026-08-17T12:25:00.000Z,"-697","8",16,0,0
2026-08-17T12:30:00.000Z,"-697","8",16,0,0
2026-08-17T12:35:00.000Z,"-692","8",16,0,0
2026-08-17T12:40:00.000Z,"-687","8",16,0,0
2026-08-17T12:45:00.000Z,"-691","8",16,0,0
2026-08-17T12:50:00.000Z,"-682","8",16,0,0
2026-08-17T12:55:00.000Z,"-677","8",16,0,0
2026-08-17T13:00:00.000Z,"-676","8",16,0,0
2026-08-17T13:05:00.000Z,"-676","8",16,0,0
2026-08-17T13:10:00.000Z,"-671","8",16,0,0
2026-08-17T13:15:00.000Z,"-674","8",16,0,0
2026-08-17T13:20:00.000Z,"-670","8",16,0,0
2026-08-17T13:25:00.000Z,"-664","8",16,0,0
2026-08-17T13:30:00.000Z,"-659","8",16,0,0
2026-08-17T13:35:00.000Z,"-659","8",16,0,0
2026-08-17T13:40:00.000Z,"-654","8",16,0,0
2026-08-17T13:45:00.000Z,"-650","8",16,0,0
2026-08-17T13:50:00.000Z,"-651","8",16,0,0
2026-08-17T13:55:00.000Z,"-650","8",16,0,0
2026-08-17T14:00:00.000Z,"-647","8",16,0,0
2026-08-17T14:05:00.000Z,"-647","8",16,0,0
2026-08-17T14:10:00.000Z,"-642","8",16,0,0
2026-08-17T14:15:00.000Z,"-644","8",16,0,0
2026-08-17T14:20:00.000Z,"-642","8",16,0,0
2026-08-17T14:25:00.000Z,"-642","8",16,0,0
2026-08-17T14:30:00.000Z,"-646","8",16,0,0
2026-08-17T14:35:00.000Z,"-644","8",16,0,0
2026-08-17T14:40:00.000Z,"-637","8",16,0,0
2026-08-17T14:45:00.000Z,"-645","8",16,0,0
2026-08-17T14:50:00.000Z,"-649","8",16,0,0
2026-08-17T14:55:00.000Z,"-645","8",16,0,0
2026-08-17T15:00:00.000Z,"-649","8",16,0,0
2026-08-17T15:05:00.000Z,"-642","8",16,0,0
2026-08-17T15:10:00.000Z,"-642","8",16,0,0
2026-08-17T15:15:00.000Z,"-642","8",16,0,0
2026-08-17T15:20:00.000Z,"-640","8",16,0,0
2026-08-17T15:25:00.000Z,"-649","8",16,0,0
2026-08-17T15:30:00.000Z,"-652","8",16,0,0
2026-08-17T15:35:00.000Z,"-655","8",16,0,0
2026-08-17T15:40:00.000Z,"-661","8",16,0,0
2026-08-17T15:45:00.000Z,"-655","8",16,0,0
2026-08-17T15:50:00.000Z,"-656","8",16,0,0
2026-08-17T15:55:00.000Z,"-662","8",16,0,0
2026-08-17T16:00:00.000Z,"-670","8",16,0,0
2026-08-17T16:05:00.000Z,"-667","8",16,0,0
2026-08-17T16:10:00.000Z,"-671","8",16,0,0
2026-08-17T16:15:00.000Z,"-675","8",16,0,0
2026-08-17T16:20:00.000Z,"-679","8",16,0,0
2026-08-17T16:25:00.000Z,"-681","8",16,0,0
2026-08-17T16:30:00.000Z,"-682","8",16,0,0
2026-08-17T16:35:00.000Z,"-694","8",16,0,0
2026-08-17T16:40:00.000Z,"-694","8",16,0,0
2026-08-17T16:45:00.000Z,"-697","8",16,0,0
2026-08-17T16:50:00.000Z,"-699","8",16,0,0
2026-08-17T16:55:00.000Z,"-706","8",16,0,0
2026-08-17T17:00:00.000Z,"-709","8",16,0,0
2026-08-17T17:05:00.000Z,"-715","8",16,0,0
2026-08-17T17:10:00.000Z,"-722","8",16,0,0
2026-08-17T17:15:00.000Z,"-726","8",16,0,0
2026-08-17T17:20:00.000Z,"-731","8",16,0,0
2026-08-17T17:25:00.000Z,"-731","8",16,0,0
2026-08-17T17:30:00.000Z,"-742","8",16,0,0
2026-08-17T17:35:00.000Z,"-740","8",16,0,0
2026-08-17T17:40:00.000Z,"-742","8",16,0,0
2026-08-17T17:45:00.000Z,"-749","8",16,0,0
2026-08-17T17:50:00.000Z,"-754","8",16,0,0
2026-08-17T17:55:00.000Z,"-755","8",16,0,0
2026-08-17T18:00:00.000Z,"-760","8",16,0,0
2026-08-17T18:05:00.000Z,"-767","8",16,0,0
2026-08-17T18:10:00.000Z,"-770","8",16,0,0
2026-08-17T18:15:00.000Z,"-775","8",16,0,0
2026-08-17T18:20:00.000Z,"-774","8",16,0,0
2026-08-17T18:25:00.000Z,"-775","8",16,0,0
2026-08-17T18:30:00.000Z,"-777","8",16,0,0
2026-08-17T18:35:00.000Z,"-780","8",16,0,0
2026-08-17T18:40:00.000Z,"-784","8",16,0,0
2026-08-17T18:45:00.000Z,"-789","8",16,0,0
2026-08-17T18:50:00.000Z,"-787","8",16,0,0
2026-08-17T18:55:00.000Z,"-790","8",16,0,0
2026-08-17T19:00:00.000Z,"-794","8",16,0,0
2026-08-17T19:05:00.000Z,"-796","8",16,0,0
2026-08-17T19:10:00.000Z,"-799","8",16,0,0
2026-08-17T19:15:00.000Z,"-802","8",16,0,0
2026-08-17T19:20:00.000Z,"-805","8",16,0,0
2026-08-17T19:25:00.000Z,"-810","8",16,0,0
2026-08-17T19:30:00.000Z,"-807","8",16,0,0
2026-08-17T19:35:00.000Z,"-812","8",16,0,0
2026-08-17T19:40:00.000Z,"-816","8",16,0,0
2026-08-17T19:45:00.000Z,"-815","8",16,0,0
2026-08-17T19:50:00.000Z,"-817","8",16,0,0
2026-08-17T19:55:00.000Z,"-819","8",16,0,0
2026-08-17T20:00:00.000Z,"-821","8",16,0,0
2026-08-17T20:05:00.000Z,"-815","8",16,0,0
2026-08-17T20:10:00.000Z,"-814","8",16,0,0
2026-08-17T20:15:00.000Z,"-812","8",16,0,0
2026-08-17T20:20:00.000Z,"-807","8",16,0,0
2026-08-17T20:25:00.000Z,"-807","8",16,0,0
2026-08-17T20:30:00.000Z,"-811","8",16,0,0
2026-08-17T20:35:00.000Z,"-807","8",16,0,0
2026-08-17T20:40:00.000Z,"-806","8",16,0,0
2026-08-17T20:45:00.000Z,"-805","8",16,0,0
2026-08-17T20:50:00.000Z,"-791","8",16,0,0
2026-08-17T20:55:00.000Z,"-792","8",16,0,0
2026-08-17T21:00:00.000Z,"-791","8",16,0,0
2026-08-17T21:05:00.000Z,"-781","8",16,0,0
2026-08-17T21:10:00.000Z,"-780","8",16,0,0
2026-08-17T21:15:00.000Z,"-772","8",16,0,0
2026-08-17T21:20:00.000Z,"-769","8",16,0,0
2026-08-17T21:25:00.000Z,"-764","8",16,0,0
2026-08-17T21:30:00.000Z,"-755","8",16,0,0
2026-08-17T21:35:00.000Z,"-746","8",16,0,0
2026-08-17T21:40:00.000Z,"-750","8",16,0,0
2026-08-17T21:45:00.000Z,"-740","8",16,0,0
2026-08-17T21:50:00.000Z,"-734","8",16,0,0
2026-08-17T21:55:00.000Z,"-734","8",16,0,0
2026-08-17T22:00:00.000Z,"-727","8",16,0,0
2026-08-17T22:05:00.000Z,"-727","8",16,0,0
2026-08-17T22:10:00.000Z,"-724","8",16,0,0
2026-08-17T22:15:00.000Z,"-710","8",16,0,0
2026-08-17T22:20:00.000Z,"-712","8",16,0,0
2026-08-17T22:25:00.000Z,"-709","8",16,0,0
2026-08-17T22:30:00.000Z,"-705","8",16,0,0
2026-08-17T22:35:00.000Z,"-704","8",16,0,0
2026-08-17T22:40:00.000Z,"-701","8",16,0,0
2026-08-17T22:45:00.000Z,"-699","8",16,0,0
2026-08-17T22:50:00.000Z,"-697","8",16,0,0
2026-08-17T22:55:00.000Z,"-696","8",16,0,0
2026-08-17T23:00:00.000Z,"-692","8",16,0,0
2026-08-17T23:05:00.000Z,"-694","8",16,0,0
2026-08-17T23:10:00.000Z,"-696","8",16,0,0
2026-08-17T23:15:00.000Z,"-691","8",16,0,0
2026-08-17T23:20:00.000Z,"-692","8",16,0,0
2026-08-17T23:25:00.000Z,"-697","8",16,0,0
2026-08-17T23:30:00.000Z,"-697","8",16,0,0
2026-08-17T23:35:00.000Z,"-704","8",16,0,0
2026-08-17T23:40:00.000Z,"-707","8",16,0,0
2026-08-17T23:45:00.000Z,"-705","8",16,0,0
2026-08-17T23:50:00.000Z,"-710","8",16,0,0
2026-08-17T23:55:00.000Z,"-722","8",16,0,0
2026-08-18T00:00:00.000Z,"-722","8",16,0,0
2026-08-18T00:05:00.000Z,"-725","8",16,0,0
2026-08-18T00:10:00.000Z,"-729","8",16,0,0
2026-08-18T00:15:00.000Z,"-727","8",16,0,0
2026-08-18T00:20:00.000Z,"-736","8",16,0,0
2026-08-18T00:25:00.000Z,"-736","8",16,0,0
2026-08-18T00:30:00.000Z,"-736","8",16,0,0
2026-08-18T00:35:00.000Z,"-740","8",16,0,0
2026-08-18T00:40:00.000Z,"-744","8",16,0,0
2026-08-18T00:45:00.000Z,"-747","8",16,0,0
2026-08-18T00:50:00.000Z,"-741","8",16,0,0
2026-08-18T00:55:00.000Z,"-751","8",16,0,0
2026-08-18T01:00:00.000Z,"-745","8",16,0,0
2026-08-18T01:05:00.000Z,"-745","8",16,0,0
2026-08-18T01:10:00.000Z,"-742","8",16,0,0
2026-08-18T01:15:00.000Z,"-740","8",16,0,0
2026-08-18T01:20:00.000Z,"-740","8",16,0,0
2026-08-18T01:25:00.000Z,"-736","8",16,0,0
2026-08-18T01:30:00.000Z,"-735","8",16,0,0
2026-08-18T01:35:00.000Z,"-727","8",16,0,0
2026-08-18T01:40:00.000Z,"-726","8",16,0,0
2026-08-18T01:45:00.000Z,"-726","8",16,0,0
2026-08-18T01:50:00.000Z,"-726","8",16,0,0
2026-08-18T01:55:00.000Z,"-715","8",16,0,0
2026-08-18T02:00:00.000Z,"-709","8",16,0,0
2026-08-18T02:05:00.000Z,"-707","8",16,0,0
2026-08-18T02:10:00.000Z,"-694","8",16,0,0
2026-08-18T02:15:00.000Z,"-690","8",16,0,0
2026-08-18T02:20:00.000Z,"-690","8",16,0,0
2026-08-18T02:25:00.000Z,"-674","8",16,0,0
2026-08-18T02:30:00.000Z,"-669","8",16,0,0
2026-08-18T02:35:00.000Z,"-662","8",16,0,0
2026-08-18T02:40:00.000Z,"-654","8",16,0,0
2026-08-18T02:45:00.000Z,"-646","8",16,0,0
2026-08-18T02:50:00.000Z,"-635","8",16,0,0
2026-08-18T02:55:00.000Z,"-634","8",16,0,0
2026-08-18T03:00:00.000Z,"-621","8",16,0,0
2026-08-18T03:05:00.000Z,"-611","8",16,0,0
2026-08-18T03:10:00.000Z,"-609","8",16,0,0
2026-08-18T03:15:00.000Z,"-597","8",16,0,0
2026-08-18T03:20:00.000Z,"-586","8",16,0,0
2026-08-18T03:25:00.000Z,"-577","8",16,0,0
2026-08-18T03:30:00.000Z,"-569","8",16,0,0
2026-08-18T03:35:00.000Z,"-560","8",16,0,0
2026-08-18T03:40:00.000Z,"-550","8",16,0,0
2026-08-18T03:45:00.000Z,"-542","8",16,0,0
2026-08-18T03:50:00.000Z,"-537","8",16,0,0
2026-08-18T03:55:00.000Z,"-525","8",16,0,0
2026-08-18T04:00:00.000Z,"-515","8",16,0,0
2026-08-18T04:05:00.000Z,"-506","8",16,0,0
2026-08-18T04:10:00.000Z,"-500","8",16,0,0
2026-08-18T04:15:00.000Z,"-490","8",16,0,0
2026-08-18T04:20:00.000Z,"-481","8",16,0,0
2026-08-18T04:25:00.000Z,"-476","8",16,0,0
2026-08-18T04:30:00.000Z,"-467","8",16,0,0
2026-08-18T04:35:00.000Z,"-460","8",16,0,0
2026-08-18T04:40:00.000Z,"-454","8",16,0,0
2026-08-18T04:45:00.000Z,"-445","8",16,0,0
2026-08-18T04:50:00.000Z,"-439","8",16,0,0
2026-08-18T04:55:00.000Z,"-432","8",16,0,0
2026-08-18T05:00:00.000Z,"-427","8",16,0,0
2026-08-18T05:05:00.000Z,"-422","8",16,0,0
2026-08-18T05:10:00.000Z,"-417","8",16,0,0
2026-08-18T05:15:00.000Z,"-409","8",16,0,0
2026-08-18T05:20:00.000Z,"-409","8",16,0,0
2026-08-18T05:25:00.000Z,"-404","8",16,0,0
2026-08-18T05:30:00.000Z,"-399","8",16,0,0
2026-08-18T05:35:00.000Z,"-396","8",16,0,0
2026-08-18T05:40:00.000Z,"-394","8",16,0,0
2026-08-18T05:45:00.000Z,"-389","8",16,0,0
2026-08-18T05:50:00.000Z,"-389","8",16,0,0
2026-08-18T05:55:00.000Z,"-385","8",16,0,0
2026-08-18T06:00:00.000Z,"-384","8",16,0,0
2026-08-18T06:05:00.000Z,"-385","8",16,0,0
2026-08-18T06:10:00.000Z,"-384","8",16,0,0
2026-08-18T06:15:00.000Z,"-384","8",16,0,0
2026-08-18T06:20:00.000Z,"-384","8",16,0,0
2026-08-18T06:25:00.000Z,"-386","8",16,0,0
2026-08-18T06:30:00.000Z,"-387","8",16,0,0
2026-08-18T06:35:00.000Z,"-386","8",16,0,0
2026-08-18T06:40:00.000Z,"-390","8",16,0,0
2026-08-18T06:45:00.000Z,"-394","8",16,0,0
2026-08-18T06:50:00.000Z,"-396","8",16,0,0
2026-08-18T06:55:00.000Z,"-400","8",16,0,0
2026-08-18T07:00:00.000Z,"-404","8",16,0,0
2026-08-18T07:05:00.000Z,"-407","8",16,0,0
2026-08-18T07:10:00.000Z,"-409","8",16,0,0
2026-08-18T07:15:00.000Z,"-414","8",16,0,0
2026-08-18T07:20:00.000Z,"-420","8",16,0,0
2026-08-18T07:25:00.000Z,"-424","8",16,0,0
2026-08-18T07:30:00.000Z,"-430","8",16,0,0
2026-08-18T07:35:00.000Z,"-434","8",16,0,0
2026-08-18T07:40:00.000Z,"-444","8",16,0,0
2026-08-18T07:45:00.000Z,"-446","8",16,0,0
2026-08-18T07:50:00.000Z,"-460","8",16,0,0
2026-08-18T07:55:00.000Z,"-464","8",16,0,0
2026-08-18T08:00:00.000Z,"-477","8",16,0,0
2026-08-18T08:05:00.000Z,"-485","8",16,0,0
2026-08-18T08:10:00.000Z,"-490","8",16,0,0
2026-08-18T08:15:00.000Z,"-487","8",16,0,0
2026-08-18T08:20:00.000Z,"-502","8",16,0,0
2026-08-18T08:25:00.000Z,"-502","8",16,0,0
2026-08-18T08:30:00.000Z,"-512","8",16,0,0
2026-08-18T08:35:00.000Z,"-519","8",16,0,0
2026-08-18T08:40:00.000Z,"-527","8",16,0,0
2026-08-18T08:45:00.000Z,"-534","8",16,0,0
2026-08-18T08:50:00.000Z,"-540","8",16,0,0
2026-08-18T08:55:00.000Z,"-547","8",16,0,0
2026-08-18T09:00:00.000Z,"-556","8",16,0,0
2026-08-18T09:05:00.000Z,"-566","8",16,0,0
2026-08-18T09:10:00.000Z,"-580","8",16,0,0
2026-08-18T09:15:00.000Z,"-579","8",16,0,0
2026-08-18T09:20:00.000Z,"-596","8",16,0,0
2026-08-18T09:25:00.000Z,"-602","8",16,0,0
2026-08-18T09:30:00.000Z,"-600","8",16,0,0
2026-08-18T09:35:00.000Z,"-612","8",16,0,0
2026-08-18T09:40:00.000Z,"-622","8",16,0,0
2026-08-18T09:45:00.000Z,"-626","8",16,0,0
2026-08-18T09:50:00.000Z,"-624","8",16,0,0
2026-08-18T09:55:00.000Z,"-639","8",16,0,0
2026-08-18T10:00:00.000Z,"-636","8",16,0,0
2026-08-18T10:05:00.000Z,"-645","8",16,0,0
2026-08-18T10:10:00.000Z,"-655","8",16,0,0
2026-08-18T10:15:00.000Z,"-657","8",16,0,0
2026-08-18T10:20:00.000Z,"-659","8",16,0,0
2026-08-18T10:25:00.000Z,"-665","8",16,0,0
2026-08-18T10:30:00.000Z,"-667","8",16,0,0
2026-08-18T10:35:00.000Z,"-667","8",16,0,0
2026-08-18T10:40:00.000Z,"-664","8",16,0,0
2026-08-18T10:45:00.000Z,"-665","8",16,0,0
2026-08-18T10:50:00.000Z,"-666","8",16,0,0
2026-08-18T10:55:00.000Z,"-671","8",16,0,0
2026-08-18T11:00:00.000Z,"-669","8",16,0,0
2026-08-18T11:05:00.000Z,"-669","8",16,0,0
2026-08-18T11:10:00.000Z,"-667","8",16,0,0
2026-08-18T11:15:00.000Z,"-675","8",16,0,0
2026-08-18T11:20:00.000Z,"-671","8",16,0,0
2026-08-18T11:25:00.000Z,"-662","8",16,0,0
2026-08-18T11:30:00.000Z,"-665","8",16,0,0
2026-08-18T11:35:00.000Z,"-665","8",16,0,0
2026-08-18T11:40:00.000Z,"-665","8",16,0,0
2026-08-18T11:45:00.000Z,"-669","8",16,0,0
2026-08-18T11:50:00.000Z,"-670","8",16,0,0
2026-08-18T11:55:00.000Z,"-666","8",16,0,0
2026-08-18T12:00:00.000Z,"-667","8",16,0,0
2026-08-18T12:05:00.000Z,"-666","8",16,0,0
2026-08-18T12:10:00.000Z,"-667","8",16,0,0
2026-08-18T12:15:00.000Z,"-671","8",16,0,0
2026-08-18T12:20:00.000Z,"-672","8",16,0,0
2026-08-18T12:25:00.000Z,"-676","8",16,0,0
2026-08-18T12:30:00.000Z,"-677","8",16,0,0
2026-08-18T12:35:00.000Z,"-679","8",16,0,0
2026-08-18T12:40:00.000Z,"-682","8",16,0,0
2026-08-18T12:45:00.000Z,"-680","8",16,0,0
2026-08-18T12:50:00.000Z,"-696","8",16,0,0
2026-08-18T12:55:00.000Z,"-687","8",16,0,0
2026-08-18T13:00:00.000Z,"-689","8",16,0,0
2026-08-18T13:05:00.000Z,"-692","8",16,0,0
2026-08-18T13:10:00.000Z,"-691","8",16,0,0
2026-08-18T13:15:00.000Z,"-700","8",16,0,0
2026-08-18T13:20:00.000Z,"-702","8",16,0,0
2026-08-18T13:25:00.000Z,"-701","8",16,0,0
2026-08-18T13:30:00.000Z,"-707","8",16,0,0
2026-08-18T13:35:00.000Z,"-710","8",16,0,0
2026-08-18T13:40:00.000Z,"-715","8",16,0,0
2026-08-18T13:45:00.000Z,"-714","8",16,0,0
2026-08-18T13:50:00.000Z,"-710","8",16,0,0
2026-08-18T13:55:00.000Z,"-715","8",16,0,0
2026-08-18T14:00:00.000Z,"-715","8",16,0,0
2026-08-18T14:05:00.000Z,"-726","8",16,0,0
2026-08-18T14:10:00.000Z,"-727","8",16,0,0
2026-08-18T14:15:00.000Z,"-727","8",16,0,0
2026-08-18T14:20:00.000Z,"-727","8",16,0,0
2026-08-18T14:25:00.000Z,"-732","8",16,0,0
2026-08-18T14:30:00.000Z,"-732","8",16,0,0
2026-08-18T14:35:00.000Z,"-737","8",16,0,0
2026-08-18T14:40:00.000Z,"-737","8",16,0,0
2026-08-18T14:45:00.000Z,"-734","8",16,0,0
2026-08-18T14:50:00.000Z,"-737","8",16,0,0
2026-08-18T14:55:00.000Z,"-737","8",16,0,0
2026-08-18T15:00:00.000Z,"-737","8",16,0,0
2026-08-18T15:05:00.000Z,"-740","8",16,0,0
2026-08-18T15:10:00.000Z,"-741","8",16,0,0
2026-08-18T15:15:00.000Z,"-741","8",16,0,0
2026-08-18T15:20:00.000Z,"-742","8",16,0,0
2026-08-18T15:25:00.000Z,"-740","8",16,0,0
2026-08-18T15:30:00.000Z,"-740","8",16,0,0
2026-08-18T15:35:00.000Z,"-740","8",16,0,0
2026-08-18T15:40:00.000Z,"-745","8",16,0,0
2026-08-18T15:45:00.000Z,"-740","8",16,0,0
2026-08-18T15:50:00.000Z,"-740","8",16,0,0
2026-08-18T15:55:00.000Z,"-740","8",16,0,0
2026-08-18T16:00:00.000Z,"-737","8",16,0,0
2026-08-18T16:05:00.000Z,"-740","8",16,0,0
2026-08-18T16:10:00.000Z,"-740","8",16,0,0
2026-08-18T16:15:00.000Z,"-739","8",16,0,0
2026-08-18T16:20:00.000Z,"-735","8",16,0,0
2026-08-18T16:25:00.000Z,"-734","8",16,0,0
2026-08-18T16:30:00.000Z,"-731","8",16,0,0
2026-08-18T16:35:00.000Z,"-727","8",16,0,0
2026-08-18T16:40:00.000Z,"-727","8",16,0,0
2026-08-18T16:45:00.000Z,"-725","8",16,0,0
2026-08-18T16:50:00.000Z,"-715","8",16,0,0
2026-08-18T16:55:00.000Z,"-725","8",16,0,0
2026-08-18T17:00:00.000Z,"-722","8",16,0,0
2026-08-18T17:05:00.000Z,"-725","8",16,0,0
2026-08-18T17:10:00.000Z,"-715","8",16,0,0
2026-08-18T17:15:00.000Z,"-714","8",16,0,0
2026-08-18T17:20:00.000Z,"-714","8",16,0,0
2026-08-18T17:25:00.000Z,"-709","8",16,0,0
2026-08-18T17:30:00.000Z,"-711","8",16,0,0
2026-08-18T17:35:00.000Z,"-709","8",16,0,0
2026-08-18T17:40:00.000Z,"-707","8",16,0,0
2026-08-18T17:45:00.000Z,"-705","8",16,0,0
2026-08-18T17:50:00.000Z,"-702","8",16,0,0
2026-08-18T17:55:00.000Z,"-700","8",16,0,0
2026-08-18T18:00:00.000Z,"-701","8",16,0,0
2026-08-18T18:05:00.000Z,"-700","8",16,0,0
2026-08-18T18:10:00.000Z,"-697","8",16,0,0
2026-08-18T18:15:00.000Z,"-690","8",16,0,0
2026-08-18T18:20:00.000Z,"-697","8",16,0,0
2026-08-18T18:25:00.000Z,"-694","8",16,0,0
2026-08-18T18:30:00.000Z,"-695","8",16,0,0
2026-08-18T18:35:00.000Z,"-692","8",16,0,0
2026-08-18T18:40:00.000Z,"-692","8",16,0,0
2026-08-18T18:45:00.000Z,"-690","8",16,0,0
2026-08-18T18:50:00.000Z,"-692","8",16,0,0
2026-08-18T18:55:00.000Z,"-689","8",16,0,0
2026-08-18T19:00:00.000Z,"-689","8",16,0,0
2026-08-18T19:05:00.000Z,"-687","8",16,0,0
2026-08-18T19:10:00.000Z,"-686","8",16,0,0
2026-08-18T19:15:00.000Z,"-684","8",16,0,0
2026-08-18T19:20:00.000Z,"-685","8",16,0,0
2026-08-18T19:25:00.000Z,"-681","8",16,0,0
2026-08-18T19:30:00.000Z,"-680","8",16,0,0
2026-08-18T19:35:00.000Z,"-679","8",16,0,0
2026-08-18T19:40:00.000Z,"-676","8",16,0,0
2026-08-18T19:45:00.000Z,"-671","8",16,0,0
2026-08-18T19:50:00.000Z,"-671","8",16,0,0
2026-08-18T19:55:00.000Z,"-665","8",16,0,0
2026-08-18T20:00:00.000Z,"-665","8",16,0,0
2026-08-18T20:05:00.000Z,"-670","8",16,0,0
2026-08-18T20:10:00.000Z,"-666","8",16,0,0
2026-08-18T20:15:00.000Z,"-655","8",16,0,0
2026-08-18T20:20:00.000Z,"-654","8",16,0,0
2026-08-18T20:25:00.000Z,"-654","8",16,0,0
2026-08-18T20:30:00.000Z,"-647","8",16,0,0
2026-08-18T20:35:00.000Z,"-647","8",16,0,0
2026-08-18T20:40:00.000Z,"-651","8",16,0,0
2026-08-18T20:45:00.000Z,"-646","8",16,0,0
2026-08-18T20:50:00.000Z,"-644","8",16,0,0
2026-08-18T20:55:00.000Z,"-644","8",16,0,0
2026-08-18T21:00:00.000Z,"-647","8",16,0,0
2026-08-18T21:05:00.000Z,"-644","8",16,0,0
2026-08-18T21:10:00.000Z,"-645","8",16,0,0
2026-08-18T21:15:00.000Z,"-646","8",16,0,0
2026-08-18T21:20:00.000Z,"-652","8",16,0,0
2026-08-18T21:25:00.000Z,"-651","8",16,0,0
2026-08-18T21:30:00.000Z,"-652","8",16,0,0
2026-08-18T21:35:00.000Z,"-656","8",16,0,0
2026-08-18T21:40:00.000Z,"-660","8",16,0,0
2026-08-18T21:45:00.000Z,"-665","8",16,0,0
2026-08-18T21:50:00.000Z,"-670","8",16,0,0
2026-08-18T21:55:00.000Z,"-671","8",16,0,0
2026-08-18T22:00:00.000Z,"-672","8",16,0,0
2026-08-18T22:05:00.000Z,"-677","8",16,0,0
2026-08-18T22:10:00.000Z,"-682","8",16,0,0
2026-08-18T22:15:00.000Z,"-685","8",16,0,0
2026-08-18T22:20:00.000Z,"-689","8",16,0,0
2026-08-18T22:25:00.000Z,"-695","8",16,0,0
2026-08-18T22:30:00.000Z,"-697","8",16,0,0
2026-08-18T22:35:00.000Z,"-697","8",16,0,0
2026-08-18T22:40:00.000Z,"-704","8",16,0,0
2026-08-18T22:45:00.000Z,"-709","8",16,0,0
2026-08-18T22:50:00.000Z,"-711","8",16,0,0
2026-08-18T22:55:00.000Z,"-716","8",16,0,0
2026-08-18T23:00:00.000Z,"-725","8",16,0,0
2026-08-18T23:05:00.000Z,"-726","8",16,0,0
2026-08-18T23:10:00.000Z,"-727","8",16,0,0
2026-08-18T23:15:00.000Z,"-734","8",16,0,0
2026-08-18T23:20:00.000Z,"-732","8",16,0,0
2026-08-18T23:25:00.000Z,"-736","8",16,0,0
2026-08-18T23:30:00.000Z,"-740","8",16,0,0
2026-08-18T23:35:00.000Z,"-741","8",16,0,0
2026-08-18T23:40:00.000Z,"-747","8",16,0,0
2026-08-18T23:45:00.000Z,"-749","8",16,0,0
2026-08-18T23:50:00.000Z,"-750","8",16,0,0
2026-08-18T23:55:00.000Z,"-756","8",16,0,0
2026-08-19T00:00:00.000Z,"-755","8",16,0,0
2026-08-19T00:05:00.000Z,"-757","8",16,0,0
2026-08-19T00:10:00.000Z,"-757","8",16,0,0
2026-08-19T00:15:00.000Z,"-765","8",16,0,0
2026-08-19T00:20:00.000Z,"-766","8",16,0,0
2026-08-19T00:25:00.000Z,"-766","8",16,0,0
2026-08-19T00:30:00.000Z,"-769","8",16,0,0
2026-08-19T00:35:00.000Z,"-771","8",16,0,0
2026-08-19T00:40:00.000Z,"-770","8",16,0,0
2026-08-19T00:45:00.000Z,"-770","8",16,0,0
2026-08-19T00:50:00.000Z,"-767","8",16,0,0
2026-08-19T00:55:00.000Z,"-769","8",16,0,0
2026-08-19T01:00:00.000Z,"-766","8",16,0,0
2026-08-19T01:05:00.000Z,"-766","8",16,0,0
2026-08-19T01:10:00.000Z,"-764","8",16,0,0
2026-08-19T01:15:00.000Z,"-761","8",16,0,0
2026-08-19T01:20:00.000Z,"-761","8",16,0,0
2026-08-19T01:25:00.000Z,"-759","8",16,0,0
2026-08-19T01:30:00.000Z,"-749","8",16,0,0
2026-08-19T01:35:00.000Z,"-746","8",16,0,0
2026-08-19T01:40:00.000Z,"-746","8",16,0,0
2026-08-19T01:45:00.000Z,"-740","8",16,0,0
2026-08-19T01:50:00.000Z,"-732","8",16,0,0
2026-08-19T01:55:00.000Z,"-729","8",16,0,0
2026-08-19T02:00:00.000Z,"-725","8",16,0,0
2026-08-19T02:05:00.000Z,"-715","8",16,0,0
2026-08-19T02:10:00.000Z,"-712","8",16,0,0
2026-08-19T02:15:00.000Z,"-707","8",16,0,0
2026-08-19T02:20:00.000Z,"-705","8",16,0,0
2026-08-19T02:25:00.000Z,"-697","8",16,0,0
2026-08-19T02:30:00.000Z,"-692","8",16,0,0
2026-08-19T02:35:00.000Z,"-687","8",16,0,0
2026-08-19T02:40:00.000Z,"-682","8",16,0,0
2026-08-19T02:45:00.000Z,"-679","8",16,0,0
2026-08-19T02:50:00.000Z,"-676","8",16,0,0
2026-08-19T02:55:00.000Z,"-670","8",16,0,0
2026-08-19T03:00:00.000Z,"-670","8",16,0,0
2026-08-19T03:05:00.000Z,"-664","8",16,0,0
2026-08-19T03:10:00.000Z,"-660","8",16,0,0
2026-08-19T03:15:00.000Z,"-657","8",16,0,0
2026-08-19T03:20:00.000Z,"-655","8",16,0,0
2026-08-19T03:25:00.000Z,"-645","8",16,0,0
2026-08-19T03:30:00.000Z,"-647","8",16,0,0
2026-08-19T03:35:00.000Z,"-646","8",16,0,0
2026-08-19T03:40:00.000Z,"-641","8",16,0,0
2026-08-19T03:45:00.000Z,"-640","8",16,0,0
2026-08-19T03:50:00.000Z,"-636","8",16,0,0
2026-08-19T03:55:00.000Z,"-635","8",16,0,0
2026-08-19T04:00:00.000Z,"-631","8",16,0,0
2026-08-19T04:05:00.000Z,"-631","8",16,0,0
2026-08-19T04:10:00.000Z,"-630","8",16,0,0
2026-08-19T04:15:00.000Z,"-625","8",16,0,0
2026-08-19T04:20:00.000Z,"-621","8",16,0,0
2026-08-19T04:25:00.000Z,"-622","8",16,0,0
2026-08-19T04:30:00.000Z,"-621","8",16,0,0
2026-08-19T04:35:00.000Z,"-617","8",16,0,0
2026-08-19T04:40:00.000Z,"-610","8",16,0,0
2026-08-19T04:45:00.000Z,"-612","8",16,0,0
2026-08-19T04:50:00.000Z,"-610","8",16,0,0
2026-08-19T04:55:00.000Z,"-607","8",16,0,0
2026-08-19T05:00:00.000Z,"-605","8",16,0,0
2026-08-19T05:05:00.000Z,"-601","8",16,0,0
2026-08-19T05:10:00.000Z,"-602","8",16,0,0
2026-08-19T05:15:00.000Z,"-594","8",16,0,0
2026-08-19T05:20:00.000Z,"-599","8",16,0,0
2026-08-19T05:25:00.000Z,"-595","8",16,0,0
2026-08-19T05:30:00.000Z,"-590","8",16,0,0
2026-08-19T05:35:00.000Z,"-587","8",16,0,0
2026-08-19T05:40:00.000Z,"-589","8",16,0,0
2026-08-19T05:45:00.000Z,"-585","8",16,0,0
2026-08-19T05:50:00.000Z,"-582","8",16,0,0
2026-08-19T05:55:00.000Z,"-579","8",16,0,0
2026-08-19T06:00:00.000Z,"-575","8",16,0,0
2026-08-19T06:05:00.000Z,"-574","8",16,0,0
2026-08-19T06:10:00.000Z,"-570","8",16,0,0
2026-08-19T06:15:00.000Z,"-570","8",16,0,0
2026-08-19T06:20:00.000Z,"-567","8",16,0,0
2026-08-19T06:25:00.000Z,"-569","8",16,0,0
2026-08-19T06:30:00.000Z,"-564","8",16,0,0
2026-08-19T06:35:00.000Z,"-564","8",16,0,0
2026-08-19T06:40:00.000Z,"-556","8",16,0,0
2026-08-19T06:45:00.000Z,"-560","8",16,0,0
2026-08-19T06:50:00.000Z,"-561","8",16,0,0
2026-08-19T06:55:00.000Z,"-557","8",16,0,0
2026-08-19T07:00:00.000Z,"-555","8",16,0,0
2026-08-19T07:05:00.000Z,"-552","8",16,0,0
2026-08-19T07:10:00.000Z,"-550","8",16,0,0
2026-08-19T07:15:00.000Z,"-547","8",16,0,0
2026-08-19T07:20:00.000Z,"-539","8",16,0,0
2026-08-19T07:25:00.000Z,"-541","8",16,0,0
2026-08-19T07:30:00.000Z,"-539","8",16,0,0
2026-08-19T07:35:00.000Z,"-540","8",16,0,0
2026-08-19T07:40:00.000Z,"-539","8",16,0,0
2026-08-19T07:45:00.000Z,"-534","8",16,0,0
2026-08-19T07:50:00.000Z,"-535","8",16,0,0
2026-08-19T07:55:00.000Z,"-535","8",16,0,0
2026-08-19T08:00:00.000Z,"-535","8",16,0,0
2026-08-19T08:05:00.000Z,"-530","8",16,0,0
2026-08-19T08:10:00.000Z,"-530","8",16,0,0
2026-08-19T08:15:00.000Z,"-531","8",16,0,0
2026-08-19T08:20:00.000Z,"-530","8",16,0,0
2026-08-19T08:25:00.000Z,"-531","8",16,0,0
2026-08-19T08:30:00.000Z,"-529","8",16,0,0
2026-08-19T08:35:00.000Z,"-539","8",16,0,0
2026-08-19T08:40:00.000Z,"-531","8",16,0,0
2026-08-19T08:45:00.000Z,"-529","8",16,0,0
2026-08-19T08:50:00.000Z,"-529","8",16,0,0
2026-08-19T08:55:00.000Z,"-524","8",16,0,0
2026-08-19T09:00:00.000Z,"-527","8",16,0,0
2026-08-19T09:05:00.000Z,"-527","8",16,0,0
2026-08-19T09:10:00.000Z,"-529","8",16,0,0
2026-08-19T09:15:00.000Z,"-542","8",16,0,0
2026-08-19T09:20:00.000Z,"-534","8",16,0,0
2026-08-19T09:25:00.000Z,"-534","8",16,0,0
2026-08-19T09:30:00.000Z,"-535","8",16,0,0
2026-08-19T09:35:00.000Z,"-535","8",16,0,0
2026-08-19T09:40:00.000Z,"-547","8",16,0,0
2026-08-19T09:45:00.000Z,"-545","8",16,0,0
2026-08-19T09:50:00.000Z,"-544","8",16,0,0
2026-08-19T09:55:00.000Z,"-551","8",16,0,0
2026-08-19T10:00:00.000Z,"-552","8",16,0,0
2026-08-19T10:05:00.000Z,"-556","8",16,0,0
2026-08-19T10:10:00.000Z,"-562","8",16,0,0
2026-08-19T10:15:00.000Z,"-565","8",16,0,0
2026-08-19T10:20:00.000Z,"-579","8",16,0,0
2026-08-19T10:25:00.000Z,"-580","8",16,0,0
2026-08-19T10:30:00.000Z,"-587","8",16,0,0
2026-08-19T10:35:00.000Z,"-596","8",16,0,0
2026-08-19T10:40:00.000Z,"-594","8",16,0,0
2026-08-19T10:45:00.000Z,"-596","8",16,0,0
2026-08-19T10:50:00.000Z,"-607","8",16,0,0
2026-08-19T10:55:00.000Z,"-611","8",16,0,0
2026-08-19T11:00:00.000Z,"-619","8",16,0,0
2026-08-19T11:05:00.000Z,"-626","8",16,0,0
2026-08-19T11:10:00.000Z,"-625","8",16,0,0
2026-08-19T11:15:00.000Z,"-624","8",16,0,0
2026-08-19T11:20:00.000Z,"-629","8",16,0,0
2026-08-19T11:25:00.000Z,"-632","8",16,0,0
2026-08-19T11:30:00.000Z,"-644","8",16,0,0
2026-08-19T11:35:00.000Z,"-650","8",16,0,0
2026-08-19T11:40:00.000Z,"-647","8",16,0,0
2026-08-19T11:45:00.000Z,"-645","8",16,0,0
2026-08-19T11:50:00.000Z,"-646","8",16,0,0
2026-08-19T11:55:00.000Z,"-646","8",16,0,0
2026-08-19T12:00:00.000Z,"-651","8",16,0,0
2026-08-19T12:05:00.000Z,"-654","8",16,0,0
2026-08-19T12:10:00.000Z,"-646","8",16,0,0
2026-08-19T12:15:00.000Z,"-649","8",16,0,0
2026-08-19T12:20:00.000Z,"-641","8",16,0,0
2026-08-19T12:25:00.000Z,"-646","8",16,0,0
2026-08-19T12:30:00.000Z,"-646","8",16,0,0
2026-08-19T12:35:00.000Z,"-639","8",16,0,0
2026-08-19T12:40:00.000Z,"-637","8",16,0,0
2026-08-19T12:45:00.000Z,"-632","8",16,0,0
2026-08-19T12:50:00.000Z,"-629","8",16,0,0
2026-08-19T12:55:00.000Z,"-631","8",16,0,0
2026-08-19T13:00:00.000Z,"-627","8",16,0,0
2026-08-19T13:05:00.000Z,"-627","8",16,0,0
2026-08-19T13:10:00.000Z,"-625","8",16,0,0
2026-08-19T13:15:00.000Z,"-621","8",16,0,0
2026-08-19T13:20:00.000Z,"-619","8",16,0,0
2026-08-19T13:25:00.000Z,"-609","8",16,0,0
2026-08-19T13:30:00.000Z,"-609","8",16,0,0
2026-08-19T13:35:00.000Z,"-604","8",16,0,0
2026-08-19T13:40:00.000Z,"-609","8",16,0,0
2026-08-19T13:45:00.000Z,"-599","8",16,0,0
2026-08-19T13:50:00.000Z,"-600","8",16,0,0
2026-08-19T13:55:00.000Z,"-596","8",16,0,0
2026-08-19T14:00:00.000Z,"-596","8",16,0,0
2026-08-19T14:05:00.000Z,"-596","8",16,0,0
2026-08-19T14:10:00.000Z,"-590","8",16,0,0
2026-08-19T14:15:00.000Z,"-591","8",16,0,0
2026-08-19T14:20:00.000Z,"-590","8",16,0,0
2026-08-19T14:25:00.000Z,"-584","8",16,0,0
2026-08-19T14:30:00.000Z,"-581","8",16,0,0
2026-08-19T14:35:00.000Z,"-580","8",16,0,0
2026-08-19T14:40:00.000Z,"-580","8",16,0,0
2026-08-19T14:45:00.000Z,"-574","8",16,0,0
2026-08-19T14:50:00.000Z,"-574","8",16,0,0
2026-08-19T14:55:00.000Z,"-572","8",16,0,0
2026-08-19T15:00:00.000Z,"-571","8",16,0,0
2026-08-19T15:05:00.000Z,"-567","8",16,0,0
2026-08-19T15:10:00.000Z,"-562","8",16,0,0
2026-08-19T15:15:00.000Z,"-562","8",16,0,0
2026-08-19T15:20:00.000Z,"-562","8",16,0,0
2026-08-19T15:25:00.000Z,"-560","8",16,0,0
2026-08-19T15:30:00.000Z,"-560","8",16,0,0
2026-08-19T15:35:00.000Z,"-556","8",16,0,0
2026-08-19T15:40:00.000Z,"-559","8",16,0,0
2026-08-19T15:45:00.000Z,"-555","8",16,0,0
2026-08-19T15:50:00.000Z,"-554","8",16,0,0
2026-08-19T15:55:00.000Z,"-546","8",16,0,0
2026-08-19T16:00:00.000Z,"-551","8",16,0,0
2026-08-19T16:05:00.000Z,"-546","8",16,0,0
2026-08-19T16:10:00.000Z,"-549","8",16,0,0
2026-08-19T16:15:00.000Z,"-544","8",16,0,0
2026-08-19T16:20:00.000Z,"-540","8",16,0,0
2026-08-19T16:25:00.000Z,"-540","8",16,0,0
2026-08-19T16:30:00.000Z,"-537","8",16,0,0
2026-08-19T16:35:00.000Z,"-536","8",16,0,0
2026-08-19T16:40:00.000Z,"-534","8",16,0,0
2026-08-19T16:45:00.000Z,"-530","8",16,0,0
2026-08-19T16:50:00.000Z,"-534","8",16,0,0
2026-08-19T16:55:00.000Z,"-531","8",16,0,0
2026-08-19T17:00:00.000Z,"-526","8",16,0,0
2026-08-19T17:05:00.000Z,"-529","8",16,0,0
2026-08-19T17:10:00.000Z,"-526","8",16,0,0
2026-08-19T17:15:00.000Z,"-530","8",16,0,0
2026-08-19T17:20:00.000Z,"-527","8",16,0,0
2026-08-19T17:25:00.000Z,"-524","8",16,0,0
2026-08-19T17:30:00.000Z,"-525","8",16,0,0
2026-08-19T17:35:00.000Z,"-522","8",16,0,0
2026-08-19T17:40:00.000Z,"-524","8",16,0,0
2026-08-19T17:45:00.000Z,"-526","8",16,0,0
2026-08-19T17:50:00.000Z,"-526","8",16,0,0
2026-08-19T17:55:00.000Z,"-522","8",16,0,0
2026-08-19T18:00:00.000Z,"-524","8",16,0,0
2026-08-19T18:05:00.000Z,"-526","8",16,0,0
2026-08-19T18:10:00.000Z,"-525","8",16,0,0
2026-08-19T18:15:00.000Z,"-524","8",16,0,0
2026-08-19T18:20:00.000Z,"-522","8",16,0,0
2026-08-19T18:25:00.000Z,"-530","8",16,0,0
2026-08-19T18:30:00.000Z,"-516","8",16,0,0
2026-08-19T18:35:00.000Z,"-524","8",16,0,0
2026-08-19T18:40:00.000Z,"-524","8",16,0,0
2026-08-19T18:45:00.000Z,"-526","8",16,0,0
2026-08-19T18:50:00.000Z,"-526","8",16,0,0
2026-08-19T18:55:00.000Z,"-529","8",16,0,0
2026-08-19T19:00:00.000Z,"-530","8",16,0,0
2026-08-19T19:05:00.000Z,"-531","8",16,0,0
2026-08-19T19:10:00.000Z,"-531","8",16,0,0
2026-08-19T19:15:00.000Z,"-537","8",16,0,0
2026-08-19T19:20:00.000Z,"-539","8",16,0,0
2026-08-19T19:25:00.000Z,"-539","8",16,0,0
2026-08-19T19:30:00.000Z,"-552","8",16,0,0
2026-08-19T19:35:00.000Z,"-547","8",16,0,0
2026-08-19T19:40:00.000Z,"-554","8",16,0,0
2026-08-19T19:45:00.000Z,"-560","8",16,0,0
2026-08-19T19:50:00.000Z,"-561","8",16,0,0
2026-08-19T19:55:00.000Z,"-564","8",16,0,0
2026-08-19T20:00:00.000Z,"-570","8",16,0,0
2026-08-19T20:05:00.000Z,"-572","8",16,0,0
2026-08-19T20:10:00.000Z,"-577","8",16,0,0
2026-08-19T20:15:00.000Z,"-579","8",16,0,0
2026-08-19T20:20:00.000Z,"-574","8",16,0,0
2026-08-19T20:25:00.000Z,"-574","8",16,0,0
2026-08-19T20:30:00.000Z,"-574","8",16,0,0
2026-08-19T20:35:00.000Z,"-576","8",16,0,0
2026-08-19T20:40:00.000Z,"-577","8",16,0,0
2026-08-19T20:45:00.000Z,"-572","8",16,0,0
2026-08-19T20:50:00.000Z,"-574","8",16,0,0
2026-08-19T20:55:00.000Z,"-567","8",16,0,0
2026-08-19T21:00:00.000Z,"-564","8",16,0,0
2026-08-19T21:05:00.000Z,"-561","8",16,0,0
2026-08-19T21:10:00.000Z,"-556","8",16,0,0
2026-08-19T21:15:00.000Z,"-552","8",16,0,0
2026-08-19T21:20:00.000Z,"-546","8",16,0,0
2026-08-19T21:25:00.000Z,"-546","8",16,0,0
2026-08-19T21:30:00.000Z,"-541","8",16,0,0
2026-08-19T21:35:00.000Z,"-537","8",16,0,0
2026-08-19T21:40:00.000Z,"-531","8",16,0,0
2026-08-19T21:45:00.000Z,"-532","8",16,0,0
2026-08-19T21:50:00.000Z,"-530","8",16,0,0
2026-08-19T21:55:00.000Z,"-527","8",16,0,0
2026-08-19T22:00:00.000Z,"-524","8",16,0,0
2026-08-19T22:05:00.000Z,"-521","8",16,0,0
2026-08-19T22:10:00.000Z,"-519","8",16,0,0
2026-08-19T22:15:00.000Z,"-517","8",16,0,0
2026-08-19T22:20:00.000Z,"-516","8",16,0,0
2026-08-19T22:25:00.000Z,"-514","8",16,0,0
2026-08-19T22:30:00.000Z,"-512","8",16,0,0
2026-08-19T22:35:00.000Z,"-511","8",16,0,0
2026-08-19T22:40:00.000Z,"-511","8",16,0,0
2026-08-19T22:45:00.000Z,"-510","8",16,0,0
2026-08-19T22:50:00.000Z,"-514","8",16,0,0
2026-08-19T22:55:00.000Z,"-510","8",16,0,0
2026-08-19T23:00:00.000Z,"-517","8",16,0,0
2026-08-19T23:05:00.000Z,"-517","8",16,0,0
2026-08-19T23:10:00.000Z,"-516","8",16,0,0
2026-08-19T23:15:00.000Z,"-517","8",16,0,0
2026-08-19T23:20:00.000Z,"-524","8",16,0,0
2026-08-19T23:25:00.000Z,"-526","8",16,0,0
2026-08-19T23:30:00.000Z,"-527","8",16,0,0
2026-08-19T23:35:00.000Z,"-535","8",16,0,0
2026-08-19T23:40:00.000Z,"-537","8",16,0,0
2026-08-19T23:45:00.000Z,"-541","8",16,0,0
2026-08-19T23:50:00.000Z,"-547","8",16,0,0
2026-08-19T23:55:00.000Z,"-552","8",16,0,0
2026-08-20T00:00:00.000Z,"-556","8",16,0,0
2026-08-20T00:05:00.000Z,"-560","8",16,0,0
2026-08-20T00:10:00.000Z,"-566","8",16,0,0
2026-08-20T00:15:00.000Z,"-569","8",16,0,0
2026-08-20T00:20:00.000Z,"-575","8",16,0,0
2026-08-20T00:25:00.000Z,"-577","8",16,0,0
2026-08-20T00:30:00.000Z,"-582","8",16,0,0
2026-08-20T00:35:00.000Z,"-582","8",16,0,0
2026-08-20T00:40:00.000Z,"-585","8",16,0,0
2026-08-20T00:45:00.000Z,"-590","8",16,0,0
2026-08-20T00:50:00.000Z,"-590","8",16,0,0
2026-08-20T00:55:00.000Z,"-587","8",16,0,0
2026-08-20T01:00:00.000Z,"-589","8",16,0,0
2026-08-20T01:05:00.000Z,"-590","8",16,0,0
2026-08-20T01:10:00.000Z,"-589","8",16,0,0
2026-08-20T01:15:00.000Z,"-587","8",16,0,0
2026-08-20T01:20:00.000Z,"-589","8",16,0,0
2026-08-20T01:25:00.000Z,"-585","8",16,0,0
2026-08-20T01:30:00.000Z,"-582","8",16,0,0
2026-08-20T01:35:00.000Z,"-582","8",16,0,0
2026-08-20T01:40:00.000Z,"-581","8",16,0,0
2026-08-20T01:45:00.000Z,"-575","8",16,0,0
2026-08-20T01:50:00.000Z,"-574","8",16,0,0
2026-08-20T01:55:00.000Z,"-569","8",16,0,0
2026-08-20T02:00:00.000Z,"-567","8",16,0,0
2026-08-20T02:05:00.000Z,"-560","8",16,0,0
2026-08-20T02:10:00.000Z,"-560","8",16,0,0
2026-08-20T02:15:00.000Z,"-556","8",16,0,0
2026-08-20T02:20:00.000Z,"-555","8",16,0,0
2026-08-20T02:25:00.000Z,"-549","8",16,0,0
2026-08-20T02:30:00.000Z,"-547","8",16,0,0
2026-08-20T02:35:00.000Z,"-540","8",16,0,0
2026-08-20T02:40:00.000Z,"-540","8",16,0,0
2026-08-20T02:45:00.000Z,"-537","8",16,0,0
2026-08-20T02:50:00.000Z,"-532","8",16,0,0
2026-08-20T02:55:00.000Z,"-529","8",16,0,0
2026-08-20T03:00:00.000Z,"-526","8",16,0,0
2026-08-20T03:05:00.000Z,"-520","8",16,0,0
2026-08-20T03:10:00.000Z,"-520","8",16,0,0
2026-08-20T03:15:00.000Z,"-516","8",16,0,0
2026-08-20T03:20:00.000Z,"-512","8",16,0,0
2026-08-20T03:25:00.000Z,"-506","8",16,0,0
2026-08-20T03:30:00.000Z,"-501","8",16,0,0
2026-08-20T03:35:00.000Z,"-505","8",16,0,0
2026-08-20T03:40:00.000Z,"-499","8",16,0,0
2026-08-20T03:45:00.000Z,"-495","8",16,0,0
2026-08-20T03:50:00.000Z,"-491","8",16,0,0
2026-08-20T03:55:00.000Z,"-487","8",16,0,0
2026-08-20T04:00:00.000Z,"-486","8",16,0,0
2026-08-20T04:05:00.000Z,"-480","8",16,0,0
2026-08-20T04:10:00.000Z,"-480","8",16,0,0
2026-08-20T04:15:00.000Z,"-475","8",16,0,0
2026-08-20T04:20:00.000Z,"-471","8",16,0,0
2026-08-20T04:25:00.000Z,"-470","8",16,0,0
2026-08-20T04:30:00.000Z,"-466","8",16,0,0
2026-08-20T04:35:00.000Z,"-465","8",16,0,0
2026-08-20T04:40:00.000Z,"-462","8",16,0,0
2026-08-20T04:45:00.000Z,"-459","8",16,0,0
2026-08-20T04:50:00.000Z,"-456","8",16,0,0
2026-08-20T04:55:00.000Z,"-454","8",16,0,0
2026-08-20T05:00:00.000Z,"-451","8",16,0,0
2026-08-20T05:05:00.000Z,"-451","8",16,0,0
2026-08-20T05:10:00.000Z,"-449","8",16,0,0
2026-08-20T05:15:00.000Z,"-446","8",16,0,0
2026-08-20T05:20:00.000Z,"-445","8",16,0,0
2026-08-20T05:25:00.000Z,"-441","8",16,0,0
2026-08-20T05:30:00.000Z,"-440","8",16,0,0
2026-08-20T05:35:00.000Z,"-440","8",16,0,0
2026-08-20T05:40:00.000Z,"-439","8",16,0,0
2026-08-20T05:45:00.000Z,"-437","8",16,0,0
2026-08-20T05:50:00.000Z,"-435","8",16,0,0
2026-08-20T05:55:00.000Z,"-432","8",16,0,0
2026-08-20T06:00:00.000Z,"-432","8",16,0,0
2026-08-20T06:05:00.000Z,"-432","8",16,0,0
2026-08-20T06:10:00.000Z,"-431","8",16,0,0
2026-08-20T06:15:00.000Z,"-430","8",16,0,0
2026-08-20T06:20:00.000Z,"-430","8",16,0,0
2026-08-20T06:25:00.000Z,"-431","8",16,0,0
2026-08-20T06:30:00.000Z,"-432","8",16,0,0
2026-08-20T06:35:00.000Z,"-430","8",16,0,0
2026-08-20T06:40:00.000Z,"-429","8",16,0,0
2026-08-20T06:45:00.000Z,"-430","8",16,0,0
2026-08-20T06:50:00.000Z,"-429","8",16,0,0
2026-08-20T06:55:00.000Z,"-430","8",16,0,0
2026-08-20T07:00:00.000Z,"-429","8",16,0,0
2026-08-20T07:05:00.000Z,"-429","8",16,0,0
2026-08-20T07:10:00.000Z,"-430","8",16,0,0
2026-08-20T07:15:00.000Z,"-429","8",16,0,0
2026-08-20T07:20:00.000Z,"-430","8",16,0,0
2026-08-20T07:25:00.000Z,"-431","8",16,0,0
2026-08-20T07:30:00.000Z,"-431","8",16,0,0
2026-08-20T07:35:00.000Z,"-429","8",16,0,0
2026-08-20T07:40:00.000Z,"-429","8",16,0,0
2026-08-20T07:45:00.000Z,"-432","8",16,0,0
2026-08-20T07:50:00.000Z,"-430","8",16,0,0
2026-08-20T07:55:00.000Z,"-431","8",16,0,0
2026-08-20T08:00:00.000Z,"-432","8",16,0,0
2026-08-20T08:05:00.000Z,"-434","8",16,0,0
2026-08-20T08:10:00.000Z,"-431","8",16,0,0
2026-08-20T08:15:00.000Z,"-437","8",16,0,0
2026-08-20T08:20:00.000Z,"-437","8",16,0,0
2026-08-20T08:25:00.000Z,"-442","8",16,0,0
2026-08-20T08:30:00.000Z,"-441","8",16,0,0
2026-08-20T08:35:00.000Z,"-432","8",16,0,0
2026-08-20T08:40:00.000Z,"-432","8",16,0,0
2026-08-20T08:45:00.000Z,"-435","8",16,0,0
2026-08-20T08:50:00.000Z,"-432","8",16,0,0
2026-08-20T08:55:00.000Z,"-430","8",16,0,0
2026-08-20T09:00:00.000Z,"-430","8",16,0,0
2026-08-20T09:05:00.000Z,"-434","8",16,0,0
2026-08-20T09:10:00.000Z,"-430","8",16,0,0
2026-08-20T09:15:00.000Z,"-432","8",16,0,0
2026-08-20T09:20:00.000Z,"-430","8",16,0,0
2026-08-20T09:25:00.000Z,"-430","8",16,0,0
2026-08-20T09:30:00.000Z,"-430","8",16,0,0
2026-08-20T09:35:00.000Z,"-430","8",16,0,0
2026-08-20T09:40:00.000Z,"-429","8",16,0,0
2026-08-20T09:45:00.000Z,"-430","8",16,0,0
2026-08-20T09:50:00.000Z,"-424","8",16,0,0
2026-08-20T09:55:00.000Z,"-430","8",16,0,0
2026-08-20T10:00:00.000Z,"-427","8",16,0,0
2026-08-20T10:05:00.000Z,"-425","8",16,0,0
2026-08-20T10:10:00.000Z,"-425","8",16,0,0
2026-08-20T10:15:00.000Z,"-426","8",16,0,0
2026-08-20T10:20:00.000Z,"-425","8",16,0,0
2026-08-20T10:25:00.000Z,"-422","8",16,0,0
2026-08-20T10:30:00.000Z,"-422","8",16,0,0
2026-08-20T10:35:00.000Z,"-422","8",16,0,0
2026-08-20T10:40:00.000Z,"-419","8",16,0,0
2026-08-20T10:45:00.000Z,"-417","8",16,0,0
2026-08-20T10:50:00.000Z,"-415","8",16,0,0
2026-08-20T10:55:00.000Z,"-414","8",16,0,0
2026-08-20T11:00:00.000Z,"-411","8",16,0,0
2026-08-20T11:05:00.000Z,"-410","8",16,0,0
2026-08-20T11:10:00.000Z,"-407","8",16,0,0
2026-08-20T11:15:00.000Z,"-404","8",16,0,0
2026-08-20T11:20:00.000Z,"-400","8",16,0,0
2026-08-20T11:25:00.000Z,"-400","8",16,0,0
2026-08-20T11:30:00.000Z,"-397","8",16,0,0
2026-08-20T11:35:00.000Z,"-394","8",16,0,0
2026-08-20T11:40:00.000Z,"-391","8",16,0,0
2026-08-20T11:45:00.000Z,"-386","8",16,0,0
2026-08-20T11:50:00.000Z,"-386","8",16,0,0
2026-08-20T11:55:00.000Z,"-381","8",16,0,0
2026-08-20T12:00:00.000Z,"-381","8",16,0,0
2026-08-20T12:05:00.000Z,"-376","8",16,0,0
2026-08-20T12:10:00.000Z,"-379","8",16,0,0
2026-08-20T12:15:00.000Z,"-375","8",16,0,0
2026-08-20T12:20:00.000Z,"-372","8",16,0,0
2026-08-20T12:25:00.000Z,"-370","8",16,0,0
2026-08-20T12:30:00.000Z,"-369","8",16,0,0
2026-08-20T12:35:00.000Z,"-367","8",16,0,0
2026-08-20T12:40:00.000Z,"-374","8",16,0,0
2026-08-20T12:45:00.000Z,"-372","8",16,0,0
2026-08-20T12:50:00.000Z,"-367","8",16,0,0
2026-08-20T12:55:00.000Z,"-365","8",16,0,0
2026-08-20T13:00:00.000Z,"-366","8",16,0,0
2026-08-20T13:05:00.000Z,"-365","8",16,0,0
2026-08-20T13:10:00.000Z,"-366","8",16,0,0
2026-08-20T13:15:00.000Z,"-365","8",16,0,0
2026-08-20T13:20:00.000Z,"-366","8",16,0,0
2026-08-20T13:25:00.000Z,"-366","8",16,0,0
2026-08-20T13:30:00.000Z,"-365","8",16,0,0
2026-08-20T13:35:00.000Z,"-369","8",16,0,0
2026-08-20T13:40:00.000Z,"-370","8",16,0,0
2026-08-20T13:45:00.000Z,"-372","8",16,0,0
2026-08-20T13:50:00.000Z,"-375","8",16,0,0
2026-08-20T13:55:00.000Z,"-377","8",16,0,0
2026-08-20T14:00:00.000Z,"-382","8",16,0,0
2026-08-20T14:05:00.000Z,"-389","8",16,0,0
2026-08-20T14:10:00.000Z,"-385","8",16,0,0
2026-08-20T14:15:00.000Z,"-389","8",16,0,0
2026-08-20T14:20:00.000Z,"-392","8",16,0,0
2026-08-20T14:25:00.000Z,"-396","8",16,0,0
2026-08-20T14:30:00.000Z,"-397","8",16,0,0
2026-08-20T14:35:00.000Z,"-409","8",16,0,0
2026-08-20T14:40:00.000Z,"-409","8",16,0,0
2026-08-20T14:45:00.000Z,"-407","8",16,0,0
2026-08-20T14:50:00.000Z,"-412","8",16,0,0
2026-08-20T14:55:00.000Z,"-416","8",16,0,0
2026-08-20T15:00:00.000Z,"-420","8",16,0,0
2026-08-20T15:05:00.000Z,"-424","8",16,0,0
2026-08-20T15:10:00.000Z,"-427","8",16,0,0
2026-08-20T15:15:00.000Z,"-430","8",16,0,0
2026-08-20T15:20:00.000Z,"-437","8",16,0,0
2026-08-20T15:25:00.000Z,"-436","8",16,0,0
2026-08-20T15:30:00.000Z,"-439","8",16,0,0
2026-08-20T15:35:00.000Z,"-441","8",16,0,0
2026-08-20T15:40:00.000Z,"-444","8",16,0,0
2026-08-20T15:45:00.000Z,"-447","8",16,0,0
2026-08-20T15:50:00.000Z,"-449","8",16,0,0
2026-08-20T15:55:00.000Z,"-452","8",16,0,0
2026-08-20T16:00:00.000Z,"-456","8",16,0,0
2026-08-20T16:05:00.000Z,"-457","8",16,0,0
2026-08-20T16:10:00.000Z,"-459","8",16,0,0
2026-08-20T16:15:00.000Z,"-460","8",16,0,0
2026-08-20T16:20:00.000Z,"-460","8",16,0,0
2026-08-20T16:25:00.000Z,"-464","8",16,0,0
2026-08-20T16:30:00.000Z,"-466","8",16,0,0
2026-08-20T16:35:00.000Z,"-470","8",16,0,0
2026-08-20T16:40:00.000Z,"-471","8",16,0,0
2026-08-20T16:45:00.000Z,"-477","8",16,0,0
2026-08-20T16:50:00.000Z,"-475","8",16,0,0
2026-08-20T16:55:00.000Z,"-476","8",16,0,0
2026-08-20T17:00:00.000Z,"-476","8",16,0,0
2026-08-20T17:05:00.000Z,"-477","8",16,0,0
2026-08-20T17:10:00.000Z,"-480","8",16,0,0
2026-08-20T17:15:00.000Z,"-481","8",16,0,0
2026-08-20T17:20:00.000Z,"-484","8",16,0,0
2026-08-20T17:25:00.000Z,"-484","8",16,0,0
2026-08-20T17:30:00.000Z,"-486","8",16,0,0
2026-08-20T17:35:00.000Z,"-487","8",16,0,0
2026-08-20T17:40:00.000Z,"-491","8",16,0,0
2026-08-20T17:45:00.000Z,"-489","8",16,0,0
2026-08-20T17:50:00.000Z,"-494","8",16,0,0
2026-08-20T17:55:00.000Z,"-495","8",16,0,0
2026-08-20T18:00:00.000Z,"-497","8",16,0,0
2026-08-20T18:05:00.000Z,"-497","8",16,0,0
2026-08-20T18:10:00.000Z,"-499","8",16,0,0
2026-08-20T18:15:00.000Z,"-501","8",16,0,0
2026-08-20T18:20:00.000Z,"-501","8",16,0,0
2026-08-20T18:25:00.000Z,"-506","8",16,0,0
2026-08-20T18:30:00.000Z,"-502","8",16,0,0
2026-08-20T18:35:00.000Z,"-507","8",16,0,0
2026-08-20T18:40:00.000Z,"-509","8",16,0,0
2026-08-20T18:45:00.000Z,"-510","8",16,0,0
2026-08-20T18:50:00.000Z,"-511","8",16,0,0
2026-08-20T18:55:00.000Z,"-514","8",16,0,0
2026-08-20T19:00:00.000Z,"-515","8",16,0,0
2026-08-20T19:05:00.000Z,"-514","8",16,0,0
2026-08-20T19:10:00.000Z,"-516","8",16,0,0
2026-08-20T19:15:00.000Z,"-516","8",16,0,0
2026-08-20T19:20:00.000Z,"-515","8",16,0,0
2026-08-20T19:25:00.000Z,"-516","8",16,0,0
2026-08-20T19:30:00.000Z,"-515","8",16,0,0
2026-08-20T19:35:00.000Z,"-516","8",16,0,0
2026-08-20T19:40:00.000Z,"-515","8",16,0,0
2026-08-20T19:45:00.000Z,"-514","8",16,0,0
2026-08-20T19:50:00.000Z,"-510","8",16,0,0
2026-08-20T19:55:00.000Z,"-517","8",16,0,0
2026-08-20T20:00:00.000Z,"-511","8",16,0,0
2026-08-20T20:05:00.000Z,"-509","8",16,0,0
2026-08-20T20:10:00.000Z,"-510","8",16,0,0
2026-08-20T20:15:00.000Z,"-509","8",16,0,0
2026-08-20T20:20:00.000Z,"-507","8",16,0,0
2026-08-20T20:25:00.000Z,"-505","8",16,0,0
2026-08-20T20:30:00.000Z,"-501","8",16,0,0
2026-08-20T20:35:00.000Z,"-506","8",16,0,0
2026-08-20T20:40:00.000Z,"-510","8",16,0,0
2026-08-20T20:45:00.000Z,"-506","8",16,0,0
2026-08-20T20:50:00.000Z,"-505","8",16,0,0
2026-08-20T20:55:00.000Z,"-506","8",16,0,0
2026-08-20T21:00:00.000Z,"-511","8",16,0,0
2026-08-20T21:05:00.000Z,"-514","8",16,0,0
2026-08-20T21:10:00.000Z,"-507","8",16,0,0
2026-08-20T21:15:00.000Z,"-510","8",16,0,0
2026-08-20T21:20:00.000Z,"-511","8",16,0,0
2026-08-20T21:25:00.000Z,"-511","8",16,0,0
2026-08-20T21:30:00.000Z,"-515","8",16,0,0
2026-08-20T21:35:00.000Z,"-516","8",16,0,0
2026-08-20T21:40:00.000Z,"-517","8",16,0,0
2026-08-20T21:45:00.000Z,"-520","8",16,0,0
2026-08-20T21:50:00.000Z,"-521","8",16,0,0
2026-08-20T21:55:00.000Z,"-530","8",16,0,0
2026-08-20T22:00:00.000Z,"-526","8",16,0,0
2026-08-20T22:05:00.000Z,"-526","8",16,0,0
2026-08-20T22:10:00.000Z,"-530","8",16,0,0
2026-08-20T22:15:00.000Z,"-532","8",16,0,0
2026-08-20T22:20:00.000Z,"-534","8",16,0,0
2026-08-20T22:25:00.000Z,"-534","8",16,0,0
2026-08-20T22:30:00.000Z,"-535","8",16,0,0
2026-08-20T22:35:00.000Z,"-537","8",16,0,0
2026-08-20T22:40:00.000Z,"-536","8",16,0,0
2026-08-20T22:45:00.000Z,"-537","8",16,0,0
2026-08-20T22:50:00.000Z,"-539","8",16,0,0
2026-08-20T22:55:00.000Z,"-537","8",16,0,0
2026-08-20T23:00:00.000Z,"-544","8",16,0,0
2026-08-20T23:05:00.000Z,"-545","8",16,0,0
2026-08-20T23:10:00.000Z,"-544","8",16,0,0
2026-08-20T23:15:00.000Z,"-546","8",16,0,0
2026-08-20T23:20:00.000Z,"-546","8",16,0,0
2026-08-20T23:25:00.000Z,"-546","8",16,0,0
2026-08-20T23:30:00.000Z,"-546","8",16,0,0
2026-08-20T23:35:00.000Z,"-549","8",16,0,0
2026-08-20T23:40:00.000Z,"-547","8",16,0,0
2026-08-20T23:45:00.000Z,"-545","8",16,0,0
2026-08-20T23:50:00.000Z,"-549","8",16,0,0
2026-08-20T23:55:00.000Z,"-549","8",16,0,0
2026-08-21T00:00:00.000Z,"-547","8",16,0,0
2026-08-21T00:05:00.000Z,"-545","8",16,0,0
2026-08-21T00:10:00.000Z,"-546","8",16,0,0
2026-08-21T00:15:00.000Z,"-547","8",16,0,0
2026-08-21T00:20:00.000Z,"-544","8",16,0,0
2026-08-21T00:25:00.000Z,"-541","8",16,0,0
2026-08-21T00:30:00.000Z,"-545","8",16,0,0
2026-08-21T00:35:00.000Z,"-540","8",16,0,0
2026-08-21T00:40:00.000Z,"-537","8",16,0,0
2026-08-21T00:45:00.000Z,"-536","8",16,0,0
2026-08-21T00:50:00.000Z,"-531","8",16,0,0
2026-08-21T00:55:00.000Z,"-532","8",16,0,0
2026-08-21T01:00:00.000Z,"-531","8",16,0,0
2026-08-21T01:05:00.000Z,"-525","8",16,0,0
2026-08-21T01:10:00.000Z,"-521","8",16,0,0
2026-08-21T01:15:00.000Z,"-521","8",16,0,0
2026-08-21T01:20:00.000Z,"-517","8",16,0,0
2026-08-21T01:25:00.000Z,"-514","8",16,0,0
2026-08-21T01:30:00.000Z,"-510","8",16,0,0
2026-08-21T01:35:00.000Z,"-507","8",16,0,0
2026-08-21T01:40:00.000Z,"-502","8",16,0,0
2026-08-21T01:45:00.000Z,"-501","8",16,0,0
2026-08-21T01:50:00.000Z,"-499","8",16,0,0
2026-08-21T01:55:00.000Z,"-496","8",16,0,0
2026-08-21T02:00:00.000Z,"-492","8",16,0,0
2026-08-21T02:05:00.000Z,"-487","8",16,0,0
2026-08-21T02:10:00.000Z,"-486","8",16,0,0
2026-08-21T02:15:00.000Z,"-484","8",16,0,0
2026-08-21T02:20:00.000Z,"-481","8",16,0,0
2026-08-21T02:25:00.000Z,"-476","8",16,0,0
2026-08-21T02:30:00.000Z,"-475","8",16,0,0
2026-08-21T02:35:00.000Z,"-472","8",16,0,0
2026-08-21T02:40:00.000Z,"-469","8",16,0,0
2026-08-21T02:45:00.000Z,"-466","8",16,0,0
2026-08-21T02:50:00.000Z,"-464","8",16,0,0
2026-08-21T02:55:00.000Z,"-461","8",16,0,0
2026-08-21T03:00:00.000Z,"-460","8",16,0,0
2026-08-21T03:05:00.000Z,"-457","8",16,0,0
2026-08-21T03:10:00.000Z,"-456","8",16,0,0
2026-08-21T03:15:00.000Z,"-454","8",16,0,0
2026-08-21T03:20:00.000Z,"-454","8",16,0,0
2026-08-21T03:25:00.000Z,"-450","8",16,0,0
2026-08-21T03:30:00.000Z,"-451","8",16,0,0
2026-08-21T03:35:00.000Z,"-447","8",16,0,0
2026-08-21T03:40:00.000Z,"-446","8",16,0,0
2026-08-21T03:45:00.000Z,"-446","8",16,0,0
2026-08-21T03:50:00.000Z,"-445","8",16,0,0
2026-08-21T03:55:00.000Z,"-445","8",16,0,0
2026-08-21T04:00:00.000Z,"-444","8",16,0,0
2026-08-21T04:05:00.000Z,"-442","8",16,0,0
2026-08-21T04:10:00.000Z,"-441","8",16,0,0
2026-08-21T04:15:00.000Z,"-442","8",16,0,0
2026-08-21T04:20:00.000Z,"-440","8",16,0,0
2026-08-21T04:25:00.000Z,"-440","8",16,0,0
2026-08-21T04:30:00.000Z,"-440","8",16,0,0
2026-08-21T04:35:00.000Z,"-440","8",16,0,0
2026-08-21T04:40:00.000Z,"-440","8",16,0,0
2026-08-21T04:45:00.000Z,"-441","8",16,0,0
2026-08-21T04:50:00.000Z,"-439","8",16,0,0
2026-08-21T04:55:00.000Z,"-439","8",16,0,0
2026-08-21T05:00:00.000Z,"-439","8",16,0,0
2026-08-21T05:05:00.000Z,"-442","8",16,0,0
2026-08-21T05:10:00.000Z,"-441","8",16,0,0
2026-08-21T05:15:00.000Z,"-444","8",16,0,0
2026-08-21T05:20:00.000Z,"-445","8",16,0,0
2026-08-21T05:25:00.000Z,"-445","8",16,0,0
2026-08-21T05:30:00.000Z,"-446","8",16,0,0
2026-08-21T05:35:00.000Z,"-450","8",16,0,0
2026-08-21T05:40:00.000Z,"-450","8",16,0,0
2026-08-21T05:45:00.000Z,"-451","8",16,0,0
2026-08-21T05:50:00.000Z,"-456","8",16,0,0
2026-08-21T05:55:00.000Z,"-456","8",16,0,0
2026-08-21T06:00:00.000Z,"-461","8",16,0,0
2026-08-21T06:05:00.000Z,"-461","8",16,0,0
2026-08-21T06:10:00.000Z,"-461","8",16,0,0
2026-08-21T06:15:00.000Z,"-466","8",16,0,0
2026-08-21T06:20:00.000Z,"-464","8",16,0,0
2026-08-21T06:25:00.000Z,"-472","8",16,0,0
2026-08-21T06:30:00.000Z,"-474","8",16,0,0
2026-08-21T06:35:00.000Z,"-476","8",16,0,0
2026-08-21T06:40:00.000Z,"-477","8",16,0,0
2026-08-21T06:45:00.000Z,"-480","8",16,0,0
2026-08-21T06:50:00.000Z,"-484","8",16,0,0
2026-08-21T06:55:00.000Z,"-486","8",16,0,0
2026-08-21T07:00:00.000Z,"-486","8",16,0,0
2026-08-21T07:05:00.000Z,"-490","8",16,0,0
2026-08-21T07:10:00.000Z,"-491","8",16,0,0
2026-08-21T07:15:00.000Z,"-494","8",16,0,0
2026-08-21T07:20:00.000Z,"-496","8",16,0,0
2026-08-21T07:25:00.000Z,"-499","8",16,0,0
2026-08-21T07:30:00.000Z,"-499","8",16,0,0
2026-08-21T07:35:00.000Z,"-501","8",16,0,0
2026-08-21T07:40:00.000Z,"-501","8",16,0,0
2026-08-21T07:45:00.000Z,"-501","8",16,0,0
2026-08-21T07:50:00.000Z,"-502","8",16,0,0
2026-08-21T07:55:00.000Z,"-506","8",16,0,0
2026-08-21T08:00:00.000Z,"-509","8",16,0,0
2026-08-21T08:05:00.000Z,"-506","8",16,0,0
2026-08-21T08:10:00.000Z,"-507","8",16,0,0
2026-08-21T08:15:00.000Z,"-504","8",16,0,0
2026-08-21T08:20:00.000Z,"-502","8",16,0,0
2026-08-21T08:25:00.000Z,"-504","8",16,0,0
2026-08-21T08:30:00.000Z,"-502","8",16,0,0
2026-08-21T08:35:00.000Z,"-502","8",16,0,0
2026-08-21T08:40:00.000Z,"-510","8",16,0,0
2026-08-21T08:45:00.000Z,"-501","8",16,0,0
2026-08-21T08:50:00.000Z,"-501","8",16,0,0
2026-08-21T08:55:00.000Z,"-497","8",16,0,0
2026-08-21T09:00:00.000Z,"-501","8",16,0,0
2026-08-21T09:05:00.000Z,"-511","8",16,0,0
2026-08-21T09:10:00.000Z,"-501","8",16,0,0
2026-08-21T09:15:00.000Z,"-501","8",16,0,0
2026-08-21T09:20:00.000Z,"-519","8",16,0,0
2026-08-21T09:25:00.000Z,"-504","8",16,0,0
2026-08-21T09:30:00.000Z,"-509","8",16,0,0
2026-08-21T09:35:00.000Z,"-506","8",16,0,0
2026-08-21T09:40:00.000Z,"-507","8",16,0,0
2026-08-21T09:45:00.000Z,"-501","8",16,0,0
2026-08-21T09:50:00.000Z,"-501","8",16,0,0
2026-08-21T09:55:00.000Z,"-501","8",16,0,0
2026-08-21T10:00:00.000Z,"-501","8",16,0,0
2026-08-21T10:05:00.000Z,"-500","8",16,0,0
2026-08-21T10:10:00.000Z,"-499","8",16,0,0
2026-08-21T10:15:00.000Z,"-499","8",16,0,0
2026-08-21T10:20:00.000Z,"-496","8",16,0,0
2026-08-21T10:25:00.000Z,"-495","8",16,0,0
2026-08-21T10:30:00.000Z,"-496","8",16,0,0
2026-08-21T10:35:00.000Z,"-496","8",16,0,0
2026-08-21T10:40:00.000Z,"-496","8",16,0,0
2026-08-21T10:45:00.000Z,"-495","8",16,0,0
2026-08-21T10:50:00.000Z,"-495","8",16,0,0
2026-08-21T10:55:00.000Z,"-492","8",16,0,0
2026-08-21T11:00:00.000Z,"-492","8",16,0,0
2026-08-21T11:05:00.000Z,"-495","8",16,0,0
2026-08-21T11:10:00.000Z,"-494","8",16,0,0
2026-08-21T11:15:00.000Z,"-501","8",16,0,0
2026-08-21T11:20:00.000Z,"-501","8",16,0,0
2026-08-21T11:25:00.000Z,"-501","8",16,0,0
2026-08-21T11:30:00.000Z,"-502","8",16,0,0
2026-08-21T11:35:00.000Z,"-502","8",16,0,0
2026-08-21T11:40:00.000Z,"-506","8",16,0,0
2026-08-21T11:45:00.000Z,"-506","8",16,0,0
2026-08-21T11:50:00.000Z,"-510","8",16,0,0
2026-08-21T11:55:00.000Z,"-510","8",16,0,0
2026-08-21T12:00:00.000Z,"-519","8",16,0,0
2026-08-21T12:05:00.000Z,"-517","8",16,0,0
2026-08-21T12:10:00.000Z,"-527","8",16,0,0
2026-08-21T12:15:00.000Z,"-527","8",16,0,0
2026-08-21T12:20:00.000Z,"-530","8",16,0,0
2026-08-21T12:25:00.000Z,"-526","8",16,0,0
2026-08-21T12:30:00.000Z,"-526","8",16,0,0
2026-08-21T12:35:00.000Z,"-531","8",16,0,0
2026-08-21T12:40:00.000Z,"-542","8",16,0,0
2026-08-21T12:45:00.000Z,"-544","8",16,0,0
2026-08-21T12:50:00.000Z,"-555","8",16,0,0
2026-08-21T12:55:00.000Z,"-547","8",16,0,0
2026-08-21T13:00:00.000Z,"-550","8",16,0,0
2026-08-21T13:05:00.000Z,"-550","8",16,0,0
2026-08-21T13:10:00.000Z,"-545","8",16,0,0
2026-08-21T13:15:00.000Z,"-549","8",16,0,0
2026-08-21T13:20:00.000Z,"-549","8",16,0,0
2026-08-21T13:25:00.000Z,"-549","8",16,0,0
2026-08-21T13:30:00.000Z,"-550","8",16,0,0
2026-08-21T13:35:00.000Z,"-547","8",16,0,0
2026-08-21T13:40:00.000Z,"-547","8",16,0,0
2026-08-21T13:45:00.000Z,"-550","8",16,0,0
2026-08-21T13:50:00.000Z,"-552","8",16,0,0
2026-08-21T13:55:00.000Z,"-559","8",16,0,0
2026-08-21T14:00:00.000Z,"-555","8",16,0,0
2026-08-21T14:05:00.000Z,"-557","8",16,0,0
2026-08-21T14:10:00.000Z,"-560","8",16,0,0
2026-08-21T14:15:00.000Z,"-560","8",16,0,0
2026-08-21T14:20:00.000Z,"-565","8",16,0,0
2026-08-21T14:25:00.000Z,"-564","8",16,0,0
2026-08-21T14:30:00.000Z,"-565","8",16,0,0
2026-08-21T14:35:00.000Z,"-567","8",16,0,0
2026-08-21T14:40:00.000Z,"-570","8",16,0,0
2026-08-21T14:45:00.000Z,"-572","8",16,0,0
2026-08-21T14:50:00.000Z,"-575","8",16,0,0
2026-08-21T14:55:00.000Z,"-577","8",16,0,0
2026-08-21T15:00:00.000Z,"-581","8",16,0,0
2026-08-21T15:05:00.000Z,"-584","8",16,0,0
2026-08-21T15:10:00.000Z,"-589","8",16,0,0
2026-08-21T15:15:00.000Z,"-594","8",16,0,0
2026-08-21T15:20:00.000Z,"-597","8",16,0,0
2026-08-21T15:25:00.000Z,"-600","8",16,0,0
2026-08-21T15:30:00.000Z,"-607","8",16,0,0
2026-08-21T15:35:00.000Z,"-611","8",16,0,0
2026-08-21T15:40:00.000Z,"-616","8",16,0,0
2026-08-21T15:45:00.000Z,"-621","8",16,0,0
2026-08-21T15:50:00.000Z,"-626","8",16,0,0
2026-08-21T15:55:00.000Z,"-634","8",16,0,0
2026-08-21T16:00:00.000Z,"-637","8",16,0,0
2026-08-21T16:05:00.000Z,"-644","8",16,0,0
2026-08-21T16:10:00.000Z,"-649","8",16,0,0
2026-08-21T16:15:00.000Z,"-654","8",16,0,0
2026-08-21T16:20:00.000Z,"-661","8",16,0,0
2026-08-21T16:25:00.000Z,"-665","8",16,0,0
2026-08-21T16:30:00.000Z,"-671","8",16,0,0
2026-08-21T16:35:00.000Z,"-675","8",16,0,0
2026-08-21T16:40:00.000Z,"-676","8",16,0,0
2026-08-21T16:45:00.000Z,"-681","8",16,0,0
2026-08-21T16:50:00.000Z,"-682","8",16,0,0
2026-08-21T16:55:00.000Z,"-686","8",16,0,0
2026-08-21T17:00:00.000Z,"-690","8",16,0,0
2026-08-21T17:05:00.000Z,"-691","8",16,0,0
2026-08-21T17:10:00.000Z,"-690","8",16,0,0
2026-08-21T17:15:00.000Z,"-695","8",16,0,0
2026-08-21T17:20:00.000Z,"-701","8",16,0,0
2026-08-21T17:25:00.000Z,"-697","8",16,0,0
2026-08-21T17:30:00.000Z,"-699","8",16,0,0
2026-08-21T17:35:00.000Z,"-697","8",16,0,0
2026-08-21T17:40:00.000Z,"-696","8",16,0,0
2026-08-21T17:45:00.000Z,"-697","8",16,0,0
2026-08-21T17:50:00.000Z,"-692","8",16,0,0
2026-08-21T17:55:00.000Z,"-694","8",16,0,0
2026-08-21T18:00:00.000Z,"-690","8",16,0,0
2026-08-21T18:05:00.000Z,"-686","8",16,0,0
2026-08-21T18:10:00.000Z,"-681","8",16,0,0
2026-08-21T18:15:00.000Z,"-680","8",16,0,0
2026-08-21T18:20:00.000Z,"-677","8",16,0,0
2026-08-21T18:25:00.000Z,"-672","8",16,0,0
2026-08-21T18:30:00.000Z,"-669","8",16,0,0
2026-08-21T18:35:00.000Z,"-665","8",16,0,0
2026-08-21T18:40:00.000Z,"-669","8",16,0,0
2026-08-21T18:45:00.000Z,"-667","8",16,0,0
2026-08-21T18:50:00.000Z,"-671","8",16,0,0
2026-08-21T18:55:00.000Z,"-666","8",16,0,0
2026-08-21T19:00:00.000Z,"-664","8",16,0,0
2026-08-21T19:05:00.000Z,"-662","8",16,0,0
2026-08-21T19:10:00.000Z,"-665","8",16,0,0
2026-08-21T19:15:00.000Z,"-659","8",16,0,0
2026-08-21T19:20:00.000Z,"-659","8",16,0,0
2026-08-21T19:25:00.000Z,"-657","8",16,0,0
2026-08-21T19:30:00.000Z,"-657","8",16,0,0
2026-08-21T19:35:00.000Z,"-657","8",16,0,0
2026-08-21T19:40:00.000Z,"-654","8",16,0,0
2026-08-21T19:45:00.000Z,"-655","8",16,0,0
2026-08-21T19:50:00.000Z,"-656","8",16,0,0
2026-08-21T19:55:00.000Z,"-652","8",16,0,0
2026-08-21T20:00:00.000Z,"-654","8",16,0,0
2026-08-21T20:05:00.000Z,"-650","8",16,0,0
2026-08-21T20:10:00.000Z,"-650","8",16,0,0
2026-08-21T20:15:00.000Z,"-646","8",16,0,0
2026-08-21T20:20:00.000Z,"-644","8",16,0,0
2026-08-21T20:25:00.000Z,"-641","8",16,0,0
2026-08-21T20:30:00.000Z,"-644","8",16,0,0
2026-08-21T20:35:00.000Z,"-640","8",16,0,0
2026-08-21T20:40:00.000Z,"-640","8",16,0,0
2026-08-21T20:45:00.000Z,"-641","8",16,0,0
2026-08-21T20:50:00.000Z,"-639","8",16,0,0
2026-08-21T20:55:00.000Z,"-641","8",16,0,0
2026-08-21T21:00:00.000Z,"-636","8",16,0,0
2026-08-21T21:05:00.000Z,"-635","8",16,0,0
2026-08-21T21:10:00.000Z,"-636","8",16,0,0
2026-08-21T21:15:00.000Z,"-640","8",16,0,0
2026-08-21T21:20:00.000Z,"-637","8",16,0,0
2026-08-21T21:25:00.000Z,"-641","8",16,0,0
2026-08-21T21:30:00.000Z,"-641","8",16,0,0
2026-08-21T21:35:00.000Z,"-642","8",16,0,0
2026-08-21T21:40:00.000Z,"-636","8",16,0,0
2026-08-21T21:45:00.000Z,"-644","8",16,0,0
2026-08-21T21:50:00.000Z,"-641","8",16,0,0
2026-08-21T21:55:00.000Z,"-647","8",16,0,0
2026-08-21T22:00:00.000Z,"-644","8",16,0,0
2026-08-21T22:05:00.000Z,"-637","8",16,0,0
2026-08-21T22:10:00.000Z,"-645","8",16,0,0
2026-08-21T22:15:00.000Z,"-641","8",16,0,0
2026-08-21T22:20:00.000Z,"-637","8",16,0,0
2026-08-21T22:25:00.000Z,"-640","8",16,0,0
2026-08-21T22:30:00.000Z,"-639","8",16,0,0
2026-08-21T22:35:00.000Z,"-635","8",16,0,0
2026-08-21T22:40:00.000Z,"-635","8",16,0,0
2026-08-21T22:45:00.000Z,"-630","8",16,0,0
2026-08-21T22:50:00.000Z,"-626","8",16,0,0
2026-08-21T22:55:00.000Z,"-629","8",16,0,0
2026-08-21T23:00:00.000Z,"-626","8",16,0,0
2026-08-21T23:05:00.000Z,"-620","8",16,0,0
2026-08-21T23:10:00.000Z,"-621","8",16,0,0
2026-08-21T23:15:00.000Z,"-617","8",16,0,0
2026-08-21T23:20:00.000Z,"-617","8",16,0,0
2026-08-21T23:25:00.000Z,"-614","8",16,0,0
2026-08-21T23:30:00.000Z,"-610","8",16,0,0
2026-08-21T23:35:00.000Z,"-609","8",16,0,0
2026-08-21T23:40:00.000Z,"-602","8",16,0,0
2026-08-21T23:45:00.000Z,"-601","8",16,0,0
2026-08-21T23:50:00.000Z,"-597","8",16,0,0
2026-08-21T23:55:00.000Z,"-597","8",16,0,0
2026-08-22T00:00:00.000Z,"-591","8",16,0,0
2026-08-22T00:05:00.000Z,"-591","8",16,0,0
2026-08-22T00:10:00.000Z,"-585","8",16,0,0
2026-08-22T00:15:00.000Z,"-585","8",16,0,0
2026-08-22T00:20:00.000Z,"-579","8",16,0,0
2026-08-22T00:25:00.000Z,"-579","8",16,0,0
2026-08-22T00:30:00.000Z,"-574","8",16,0,0
2026-08-22T00:35:00.000Z,"-572","8",16,0,0
2026-08-22T00:40:00.000Z,"-571","8",16,0,0
2026-08-22T00:45:00.000Z,"-566","8",16,0,0
2026-08-22T00:50:00.000Z,"-561","8",16,0,0
2026-08-22T00:55:00.000Z,"-557","8",16,0,0
2026-08-22T01:00:00.000Z,"-554","8",16,0,0
2026-08-22T01:05:00.000Z,"-551","8",16,0,0
2026-08-22T01:10:00.000Z,"-546","8",16,0,0
2026-08-22T01:15:00.000Z,"-544","8",16,0,0
2026-08-22T01:20:00.000Z,"-542","8",16,0,0
2026-08-22T01:25:00.000Z,"-539","8",16,0,0
2026-08-22T01:30:00.000Z,"-532","8",16,0,0
2026-08-22T01:35:00.000Z,"-527","8",16,0,0
2026-08-22T01:40:00.000Z,"-527","8",16,0,0
2026-08-22T01:45:00.000Z,"-524","8",16,0,0
2026-08-22T01:50:00.000Z,"-516","8",16,0,0
2026-08-22T01:55:00.000Z,"-515","8",16,0,0
2026-08-22T02:00:00.000Z,"-511","8",16,0,0
2026-08-22T02:05:00.000Z,"-507","8",16,0,0
2026-08-22T02:10:00.000Z,"-502","8",16,0,0
2026-08-22T02:15:00.000Z,"-499","8",16,0,0
2026-08-22T02:20:00.000Z,"-497","8",16,0,0
2026-08-22T02:25:00.000Z,"-489","8",16,0,0
2026-08-22T02:30:00.000Z,"-484","8",16,0,0
2026-08-22T02:35:00.000Z,"-482","8",16,0,0
2026-08-22T02:40:00.000Z,"-480","8",16,0,0
2026-08-22T02:45:00.000Z,"-472","8",16,0,0
2026-08-22T02:50:00.000Z,"-471","8",16,0,0
2026-08-22T02:55:00.000Z,"-466","8",16,0,0
2026-08-22T03:00:00.000Z,"-464","8",16,0,0
2026-08-22T03:05:00.000Z,"-460","8",16,0,0
2026-08-22T03:10:00.000Z,"-456","8",16,0,0
2026-08-22T03:15:00.000Z,"-456","8",16,0,0
2026-08-22T03:20:00.000Z,"-452","8",16,0,0
2026-08-22T03:25:00.000Z,"-451","8",16,0,0
2026-08-22T03:30:00.000Z,"-447","8",16,0,0
2026-08-22T03:35:00.000Z,"-444","8",16,0,0
2026-08-22T03:40:00.000Z,"-441","8",16,0,0
2026-08-22T03:45:00.000Z,"-439","8",16,0,0
2026-08-22T03:50:00.000Z,"-436","8",16,0,0
2026-08-22T03:55:00.000Z,"-432","8",16,0,0
2026-08-22T04:00:00.000Z,"-431","8",16,0,0
2026-08-22T04:05:00.000Z,"-427","8",16,0,0
2026-08-22T04:10:00.000Z,"-427","8",16,0,0
2026-08-22T04:15:00.000Z,"-426","8",16,0,0
2026-08-22T04:20:00.000Z,"-424","8",16,0,0
2026-08-22T04:25:00.000Z,"-422","8",16,0,0
2026-08-22T04:30:00.000Z,"-424","8",16,0,0
2026-08-22T04:35:00.000Z,"-420","8",16,0,0
2026-08-22T04:40:00.000Z,"-419","8",16,0,0
2026-08-22T04:45:00.000Z,"-415","8",16,0,0
2026-08-22T04:50:00.000Z,"-416","8",16,0,0
2026-08-22T04:55:00.000Z,"-415","8",16,0,0
2026-08-22T05:00:00.000Z,"-411","8",16,0,0
2026-08-22T05:05:00.000Z,"-410","8",16,0,0
2026-08-22T05:10:00.000Z,"-409","8",16,0,0
2026-08-22T05:15:00.000Z,"-409","8",16,0,0
2026-08-22T05:20:00.000Z,"-406","8",16,0,0
2026-08-22T05:25:00.000Z,"-407","8",16,0,0
2026-08-22T05:30:00.000Z,"-402","8",16,0,0
2026-08-22T05:35:00.000Z,"-401","8",16,0,0
2026-08-22T05:40:00.000Z,"-402","8",16,0,0
2026-08-22T05:45:00.000Z,"-401","8",16,0,0
2026-08-22T05:50:00.000Z,"-399","8",16,0,0
2026-08-22T05:55:00.000Z,"-396","8",16,0,0
2026-08-22T06:00:00.000Z,"-397","8",16,0,0
2026-08-22T06:05:00.000Z,"-394","8",16,0,0
2026-08-22T06:10:00.000Z,"-394","8",16,0,0
2026-08-22T06:15:00.000Z,"-392","8",16,0,0
2026-08-22T06:20:00.000Z,"-391","8",16,0,0
2026-08-22T06:25:00.000Z,"-389","8",16,0,0
2026-08-22T06:30:00.000Z,"-386","8",16,0,0
2026-08-22T06:35:00.000Z,"-385","8",16,0,0
2026-08-22T06:40:00.000Z,"-384","8",16,0,0
2026-08-22T06:45:00.000Z,"-381","8",16,0,0
2026-08-22T06:50:00.000Z,"-380","8",16,0,0
2026-08-22T06:55:00.000Z,"-380","8",16,0,0
2026-08-22T07:00:00.000Z,"-377","8",16,0,0
2026-08-22T07:05:00.000Z,"-375","8",16,0,0
2026-08-22T07:10:00.000Z,"-372","8",16,0,0
2026-08-22T07:15:00.000Z,"-371","8",16,0,0
2026-08-22T07:20:00.000Z,"-369","8",16,0,0
2026-08-22T07:25:00.000Z,"-365","8",16,0,0
2026-08-22T07:30:00.000Z,"-364","8",16,0,0
2026-08-22T07:35:00.000Z,"-362","8",16,0,0
2026-08-22T07:40:00.000Z,"-356","8",16,0,0
2026-08-22T07:45:00.000Z,"-354","8",16,0,0
2026-08-22T07:50:00.000Z,"-351","8",16,0,0
2026-08-22T07:55:00.000Z,"-347","8",16,0,0
2026-08-22T08:00:00.000Z,"-345","8",16,0,0
2026-08-22T08:05:00.000Z,"-341","8",16,0,0
2026-08-22T08:10:00.000Z,"-340","8",16,0,0
2026-08-22T08:15:00.000Z,"-335","8",16,0,0
2026-08-22T08:20:00.000Z,"-331","8",16,0,0
2026-08-22T08:25:00.000Z,"-327","8",16,0,0
2026-08-22T08:30:00.000Z,"-322","8",16,0,0
2026-08-22T08:35:00.000Z,"-317","8",16,0,0
2026-08-22T08:40:00.000Z,"-316","8",16,0,0
2026-08-22T08:45:00.000Z,"-312","8",16,0,0
2026-08-22T08:50:00.000Z,"-306","8",16,0,0
2026-08-22T08:55:00.000Z,"-304","8",16,0,0
2026-08-22T09:00:00.000Z,"-300","8",16,0,0
2026-08-22T09:05:00.000Z,"-299","8",16,0,0
2026-08-22T09:10:00.000Z,"-294","8",16,0,0
2026-08-22T09:15:00.000Z,"-292","8",16,0,0
2026-08-22T09:20:00.000Z,"-286","8",16,0,0
2026-08-22T09:25:00.000Z,"-286","8",16,0,0
2026-08-22T09:30:00.000Z,"-285","8",16,0,0
2026-08-22T09:35:00.000Z,"-282","8",16,0,0
2026-08-22T09:40:00.000Z,"-277","8",16,0,0
2026-08-22T09:45:00.000Z,"-275","8",16,0,0
2026-08-22T09:50:00.000Z,"-271","8",16,0,0
2026-08-22T09:55:00.000Z,"-271","8",16,0,0
2026-08-22T10:00:00.000Z,"-271","8",16,0,0
2026-08-22T10:05:00.000Z,"-267","8",16,0,0
2026-08-22T10:10:00.000Z,"-265","8",16,0,0
2026-08-22T10:15:00.000Z,"-264","8",16,0,0
2026-08-22T10:20:00.000Z,"-262","8",16,0,0
2026-08-22T10:25:00.000Z,"-261","8",16,0,0
2026-08-22T10:30:00.000Z,"-259","8",16,0,0
2026-08-22T10:35:00.000Z,"-257","8",16,0,0
2026-08-22T10:40:00.000Z,"-260","8",16,0,0
2026-08-22T10:45:00.000Z,"-259","8",16,0,0
2026-08-22T10:50:00.000Z,"-255","8",16,0,0
2026-08-22T10:55:00.000Z,"-256","8",16,0,0
2026-08-22T11:00:00.000Z,"-255","8",16,0,0
2026-08-22T11:05:00.000Z,"-256","8",16,0,0
2026-08-22T11:10:00.000Z,"-255","8",16,0,0
2026-08-22T11:15:00.000Z,"-255","8",16,0,0
2026-08-22T11:20:00.000Z,"-254","8",16,0,0
2026-08-22T11:25:00.000Z,"-255","8",16,0,0
2026-08-22T11:30:00.000Z,"-256","8",16,0,0
2026-08-22T11:35:00.000Z,"-254","8",16,0,0
2026-08-22T11:40:00.000Z,"-254","8",16,0,0
2026-08-22T11:45:00.000Z,"-265","8",16,0,0
2026-08-22T11:50:00.000Z,"-255","8",16,0,0
2026-08-22T11:55:00.000Z,"-266","8",16,0,0
2026-08-22T12:00:00.000Z,"-257","8",16,0,0
2026-08-22T12:05:00.000Z,"-255","8",16,0,0
2026-08-22T12:10:00.000Z,"-256","8",16,0,0
2026-08-22T12:15:00.000Z,"-257","8",16,0,0
2026-08-22T12:20:00.000Z,"-257","8",16,0,0
2026-08-22T12:25:00.000Z,"-257","8",16,0,0
2026-08-22T12:30:00.000Z,"-261","8",16,0,0
2026-08-22T12:35:00.000Z,"-252","8",16,0,0
2026-08-22T12:40:00.000Z,"-256","8",16,0,0
2026-08-22T12:45:00.000Z,"-264","8",16,0,0
2026-08-22T12:50:00.000Z,"-261","8",16,0,0
2026-08-22T12:55:00.000Z,"-256","8",16,0,0
2026-08-22T13:00:00.000Z,"-254","8",16,0,0
2026-08-22T13:05:00.000Z,"-262","8",16,0,0
2026-08-22T13:10:00.000Z,"-251","8",16,0,0
2026-08-22T13:15:00.000Z,"-254","8",16,0,0
2026-08-22T13:20:00.000Z,"-252","8",16,0,0
2026-08-22T13:25:00.000Z,"-259","8",16,0,0
2026-08-22T13:30:00.000Z,"-257","8",16,0,0
2026-08-22T13:35:00.000Z,"-254","8",16,0,0
2026-08-22T13:40:00.000Z,"-254","8",16,0,0
2026-08-22T13:45:00.000Z,"-250","8",16,0,0
2026-08-22T13:50:00.000Z,"-255","8",16,0,0
2026-08-22T13:55:00.000Z,"-260","8",16,0,0
2026-08-22T14:00:00.000Z,"-249","8",16,0,0
2026-08-22T14:05:00.000Z,"-251","8",16,0,0
2026-08-22T14:10:00.000Z,"-250","8",16,0,0
2026-08-22T14:15:00.000Z,"-250","8",16,0,0
2026-08-22T14:20:00.000Z,"-251","8",16,0,0
2026-08-22T14:25:00.000Z,"-251","8",16,0,0
2026-08-22T14:30:00.000Z,"-249","8",16,0,0
2026-08-22T14:35:00.000Z,"-251","8",16,0,0
2026-08-22T14:40:00.000Z,"-247","8",16,0,0
2026-08-22T14:45:00.000Z,"-249","8",16,0,0
2026-08-22T14:50:00.000Z,"-247","8",16,0,0
2026-08-22T14:55:00.000Z,"-249","8",16,0,0
2026-08-22T15:00:00.000Z,"-247","8",16,0,0
2026-08-22T15:05:00.000Z,"-247","8",16,0,0
2026-08-22T15:10:00.000Z,"-246","8",16,0,0
2026-08-22T15:15:00.000Z,"-247","8",16,0,0
2026-08-22T15:20:00.000Z,"-246","8",16,0,0
2026-08-22T15:25:00.000Z,"-247","8",16,0,0
2026-08-22T15:30:00.000Z,"-249","8",16,0,0
2026-08-22T15:35:00.000Z,"-251","8",16,0,0
2026-08-22T15:40:00.000Z,"-249","8",16,0,0
2026-08-22T15:45:00.000Z,"-249","8",16,0,0
2026-08-22T15:50:00.000Z,"-249","8",16,0,0
2026-08-22T15:55:00.000Z,"-250","8",16,0,0
2026-08-22T16:00:00.000Z,"-251","8",16,0,0
2026-08-22T16:05:00.000Z,"-251","8",16,0,0
2026-08-22T16:10:00.000Z,"-252","8",16,0,0
2026-08-22T16:15:00.000Z,"-252","8",16,0,0
2026-08-22T16:20:00.000Z,"-252","8",16,0,0
2026-08-22T16:25:00.000Z,"-252","8",16,0,0
2026-08-22T16:30:00.000Z,"-254","8",16,0,0
2026-08-22T16:35:00.000Z,"-255","8",16,0,0
2026-08-22T16:40:00.000Z,"-256","8",16,0,0
2026-08-22T16:45:00.000Z,"-259","8",16,0,0
2026-08-22T16:50:00.000Z,"-256","8",16,0,0
2026-08-22T16:55:00.000Z,"-260","8",16,0,0
2026-08-22T17:00:00.000Z,"-260","8",16,0,0
2026-08-22T17:05:00.000Z,"-261","8",16,0,0
2026-08-22T17:10:00.000Z,"-261","8",16,0,0
2026-08-22T17:15:00.000Z,"-261","8",16,0,0
2026-08-22T17:20:00.000Z,"-261","8",16,0,0
2026-08-22T17:25:00.000Z,"-262","8",16,0,0
2026-08-22T17:30:00.000Z,"-264","8",16,0,0
2026-08-22T17:35:00.000Z,"-261","8",16,0,0
2026-08-22T17:40:00.000Z,"-262","8",16,0,0
2026-08-22T17:45:00.000Z,"-265","8",16,0,0
2026-08-22T17:50:00.000Z,"-264","8",16,0,0
2026-08-22T17:55:00.000Z,"-264","8",16,0,0
2026-08-22T18:00:00.000Z,"-264","8",16,0,0
2026-08-22T18:05:00.000Z,"-262","8",16,0,0
2026-08-22T18:10:00.000Z,"-264","8",16,0,0
2026-08-22T18:15:00.000Z,"-262","8",16,0,0
2026-08-22T18:20:00.000Z,"-262","8",16,0,0
2026-08-22T18:25:00.000Z,"-264","8",16,0,0
2026-08-22T18:30:00.000Z,"-262","8",16,0,0
2026-08-22T18:35:00.000Z,"-261","8",16,0,0
2026-08-22T18:40:00.000Z,"-262","8",16,0,0
2026-08-22T18:45:00.000Z,"-261","8",16,0,0
2026-08-22T18:50:00.000Z,"-260","8",16,0,0
2026-08-22T18:55:00.000Z,"-260","8",16,0,0
2026-08-22T19:00:00.000Z,"-260","8",16,0,0
2026-08-22T19:05:00.000Z,"-256","8",16,0,0
2026-08-22T19:10:00.000Z,"-252","8",16,0,0
2026-08-22T19:15:00.000Z,"-252","8",16,0,0
2026-08-22T19:20:00.000Z,"-254","8",16,0,0
2026-08-22T19:25:00.000Z,"-249","8",16,0,0
2026-08-22T19:30:00.000Z,"-250","8",16,0,0
2026-08-22T19:35:00.000Z,"-247","8",16,0,0
2026-08-22T19:40:00.000Z,"-245","8",16,0,0
2026-08-22T19:45:00.000Z,"-247","8",16,0,0
2026-08-22T19:50:00.000Z,"-245","8",16,0,0
2026-08-22T19:55:00.000Z,"-242","8",16,0,0
2026-08-22T20:00:00.000Z,"-246","8",16,0,0
2026-08-22T20:05:00.000Z,"-245","8",16,0,0
2026-08-22T20:10:00.000Z,"-244","8",16,0,0
2026-08-22T20:15:00.000Z,"-245","8",16,0,0
2026-08-22T20:20:00.000Z,"-247","8",16,0,0
2026-08-22T20:25:00.000Z,"-247","8",16,0,0
2026-08-22T20:30:00.000Z,"-250","8",16,0,0
2026-08-22T20:35:00.000Z,"-250","8",16,0,0
2026-08-22T20:40:00.000Z,"-254","8",16,0,0
2026-08-22T20:45:00.000Z,"-256","8",16,0,0
2026-08-22T20:50:00.000Z,"-261","8",16,0,0
2026-08-22T20:55:00.000Z,"-260","8",16,0,0
2026-08-22T21:00:00.000Z,"-264","8",16,0,0
2026-08-22T21:05:00.000Z,"-267","8",16,0,0
2026-08-22T21:10:00.000Z,"-267","8",16,0,0
2026-08-22T21:15:00.000Z,"-271","8",16,0,0
2026-08-22T21:20:00.000Z,"-275","8",16,0,0
2026-08-22T21:25:00.000Z,"-277","8",16,0,0
2026-08-22T21:30:00.000Z,"-277","8",16,0,0
2026-08-22T21:35:00.000Z,"-282","8",16,0,0
2026-08-22T21:40:00.000Z,"-284","8",16,0,0
2026-08-22T21:45:00.000Z,"-285","8",16,0,0
2026-08-22T21:50:00.000Z,"-285","8",16,0,0
2026-08-22T21:55:00.000Z,"-284","8",16,0,0
2026-08-22T22:00:00.000Z,"-285","8",16,0,0
2026-08-22T22:05:00.000Z,"-282","8",16,0,0
2026-08-22T22:10:00.000Z,"-279","8",16,0,0
2026-08-22T22:15:00.000Z,"-276","8",16,0,0
2026-08-22T22:20:00.000Z,"-271","8",16,0,0
2026-08-22T22:25:00.000Z,"-269","8",16,0,0
2026-08-22T22:30:00.000Z,"-266","8",16,0,0
2026-08-22T22:35:00.000Z,"-261","8",16,0,0
2026-08-22T22:40:00.000Z,"-257","8",16,0,0
2026-08-22T22:45:00.000Z,"-252","8",16,0,0
2026-08-22T22:50:00.000Z,"-250","8",16,0,0
2026-08-22T22:55:00.000Z,"-245","8",16,0,0
2026-08-22T23:00:00.000Z,"-237","8",16,0,0
2026-08-22T23:05:00.000Z,"-235","8",16,0,0
2026-08-22T23:10:00.000Z,"-230","8",16,0,0
2026-08-22T23:15:00.000Z,"-225","8",16,0,0
2026-08-22T23:20:00.000Z,"-221","8",16,0,0
2026-08-22T23:25:00.000Z,"-215","8",16,0,0
2026-08-22T23:30:00.000Z,"-207","8",16,0,0
2026-08-22T23:35:00.000Z,"-206","8",16,0,0
2026-08-22T23:40:00.000Z,"-199","8",16,0,0
2026-08-22T23:45:00.000Z,"-192","8",16,0,0
2026-08-22T23:50:00.000Z,"-185","8",16,0,0
2026-08-22T23:55:00.000Z,"-181","8",16,0,0
2026-08-23T00:00:00.000Z,"-177","8",16,0,0
2026-08-23T00:05:00.000Z,"-169","8",16,0,0
2026-08-23T00:10:00.000Z,"-165","8",16,0,0
2026-08-23T00:15:00.000Z,"-159","8",16,0,0
2026-08-23T00:20:00.000Z,"-152","8",16,0,0
2026-08-23T00:25:00.000Z,"-147","8",16,0,0
2026-08-23T00:30:00.000Z,"-140","8",16,0,0
2026-08-23T00:35:00.000Z,"-139","8",16,0,0
2026-08-23T00:40:00.000Z,"-132","8",16,0,0
2026-08-23T00:45:00.000Z,"-127","8",16,0,0
2026-08-23T00:50:00.000Z,"-121","8",16,0,0
2026-08-23T00:55:00.000Z,"-116","8",16,0,0
2026-08-23T01:00:00.000Z,"-111","8",16,0,0
2026-08-23T01:05:00.000Z,"-111","8",16,0,0
2026-08-23T01:10:00.000Z,"-105","8",16,0,0
2026-08-23T01:15:00.000Z,"-101","8",16,0,0
2026-08-23T01:20:00.000Z,"-97","8",16,0,0
2026-08-23T01:25:00.000Z,"-94","8",16,0,0
2026-08-23T01:30:00.000Z,"-91","8",16,0,0
2026-08-23T01:35:00.000Z,"-87","8",16,0,0
2026-08-23T01:40:00.000Z,"-84","8",16,0,0
2026-08-23T01:45:00.000Z,"-82","8",16,0,0
2026-08-23T01:50:00.000Z,"-81","8",16,0,0
2026-08-23T01:55:00.000Z,"-77","8",16,0,0
2026-08-23T02:00:00.000Z,"-74","8",16,0,0
2026-08-23T02:05:00.000Z,"-72","8",16,0,0
2026-08-23T02:10:00.000Z,"-72","8",16,0,0
2026-08-23T02:15:00.000Z,"-70","8",16,0,0
2026-08-23T02:20:00.000Z,"-65","8",16,0,0
2026-08-23T02:25:00.000Z,"-65","8",16,0,0
2026-08-23T02:30:00.000Z,"-64","8",16,0,0
2026-08-23T02:35:00.000Z,"-64","8",16,0,0
2026-08-23T02:40:00.000Z,"-59","8",16,0,0
2026-08-23T02:45:00.000Z,"-57","8",16,0,0
2026-08-23T02:50:00.000Z,"-54","8",16,0,0
2026-08-23T02:55:00.000Z,"-55","8",16,0,0
2026-08-23T03:00:00.000Z,"-51","8",16,0,0
2026-08-23T03:05:00.000Z,"-47","8",16,0,0
2026-08-23T03:10:00.000Z,"-45","8",16,0,0
2026-08-23T03:15:00.000Z,"-44","8",16,0,0
2026-08-23T03:20:00.000Z,"-41","8",16,0,0
2026-08-23T03:25:00.000Z,"-37","8",16,0,0
2026-08-23T03:30:00.000Z,"-36","8",16,0,0
2026-08-23T03:35:00.000Z,"-32","8",16,0,0
2026-08-23T03:40:00.000Z,"-31","8",16,0,0
2026-08-23T03:45:00.000Z,"-27","8",16,0,0
2026-08-23T03:50:00.000Z,"-26","8",16,0,0
2026-08-23T03:55:00.000Z,"-25","8",16,0,0
2026-08-23T04:00:00.000Z,"-22","8",16,0,0
2026-08-23T04:05:00.000Z,"-20","8",16,0,0
2026-08-23T04:10:00.000Z,"-17","8",16,0,0
2026-08-23T04:15:00.000Z,"-17","8",16,0,0
2026-08-23T04:20:00.000Z,"-16","8",16,0,0
2026-08-23T04:25:00.000Z,"-15","8",16,0,0
2026-08-23T04:30:00.000Z,"-14","8",16,0,0
2026-08-23T04:35:00.000Z,"-11","8",16,0,0
2026-08-23T04:40:00.000Z,"-11","8",16,0,0
2026-08-23T04:45:00.000Z,"-12","8",16,0,0
2026-08-23T04:50:00.000Z,"-12","8",16,0,0
2026-08-23T04:55:00.000Z,"-12","8",16,0,0
2026-08-23T05:00:00.000Z,"-15","8",16,0,0
2026-08-23T05:05:00.000Z,"-15","8",16,0,0
2026-08-23T05:10:00.000Z,"-17","8",16,0,0
2026-08-23T05:15:00.000Z,"-17","8",16,0,0
2026-08-23T05:20:00.000Z,"-20","8",16,0,0
2026-08-23T05:25:00.000Z,"-22","8",16,0,0
2026-08-23T05:30:00.000Z,"-25","8",16,0,0
2026-08-23T05:35:00.000Z,"-25","8",16,0,0
2026-08-23T05:40:00.000Z,"-29","8",16,0,0
2026-08-23T05:45:00.000Z,"-32","8",16,0,0
2026-08-23T05:50:00.000Z,"-32","8",16,0,0
2026-08-23T05:55:00.000Z,"-36","8",16,0,0
2026-08-23T06:00:00.000Z,"-37","8",16,0,0
2026-08-23T06:05:00.000Z,"-41","8",16,0,0
2026-08-23T06:10:00.000Z,"-44","8",16,0,0
2026-08-23T06:15:00.000Z,"-47","8",16,0,0
2026-08-23T06:20:00.000Z,"-47","8",16,0,0
2026-08-23T06:25:00.000Z,"-52","8",16,0,0
2026-08-23T06:30:00.000Z,"-52","8",16,0,0
2026-08-23T06:35:00.000Z,"-55","8",16,0,0
2026-08-23T06:40:00.000Z,"-57","8",16,0,0
2026-08-23T06:45:00.000Z,"-61","8",16,0,0
2026-08-23T06:50:00.000Z,"-61","8",16,0,0
2026-08-23T06:55:00.000Z,"-61","8",16,0,0
2026-08-23T07:00:00.000Z,"-62","8",16,0,0
2026-08-23T07:05:00.000Z,"-65","8",16,0,0
2026-08-23T07:10:00.000Z,"-65","8",16,0,0
2026-08-23T07:15:00.000Z,"-72","8",16,0,0
2026-08-23T07:20:00.000Z,"-72","8",16,0,0
2026-08-23T07:25:00.000Z,"-74","8",16,0,0
2026-08-23T07:30:00.000Z,"-77","8",16,0,0
2026-08-23T07:35:00.000Z,"-81","8",16,0,0
2026-08-23T07:40:00.000Z,"-86","8",16,0,0
2026-08-23T07:45:00.000Z,"-90","8",16,0,0
2026-08-23T07:50:00.000Z,"-90","8",16,0,0
2026-08-23T07:55:00.000Z,"-95","8",16,0,0
2026-08-23T08:00:00.000Z,"-101","8",16,0,0
2026-08-23T08:05:00.000Z,"-102","8",16,0,0
2026-08-23T08:10:00.000Z,"-117","8",16,0,0
2026-08-23T08:15:00.000Z,"-134","8",16,0,0
2026-08-23T08:20:00.000Z,"-136","8",16,0,0
2026-08-23T08:25:00.000Z,"-141","8",16,0,0
2026-08-23T08:30:00.000Z,"-147","8",16,0,0
2026-08-23T08:35:00.000Z,"-151","8",16,0,0
2026-08-23T08:40:00.000Z,"-157","8",16,0,0
2026-08-23T08:45:00.000Z,"-159","8",16,0,0
2026-08-23T08:50:00.000Z,"-162","8",16,0,0
2026-08-23T08:55:00.000Z,"-167","8",16,0,0
2026-08-23T09:00:00.000Z,"-172","8",16,0,0
2026-08-23T09:05:00.000Z,"-181","8",16,0,0
2026-08-23T09:10:00.000Z,"-185","8",16,0,0
2026-08-23T09:15:00.000Z,"-192","8",16,0,0
2026-08-23T09:20:00.000Z,"-201","8",16,0,0
2026-08-23T09:25:00.000Z,"-205","8",16,0,0
2026-08-23T09:30:00.000Z,"-210","8",16,0,0
2026-08-23T09:35:00.000Z,"-217","8",16,0,0
2026-08-23T09:40:00.000Z,"-225","8",16,0,0
2026-08-23T09:45:00.000Z,"-231","8",16,0,0
2026-08-23T09:50:00.000Z,"-240","8",16,0,0
2026-08-23T09:55:00.000Z,"-245","8",16,0,0
2026-08-23T10:00:00.000Z,"-249","8",16,0,0
2026-08-23T10:05:00.000Z,"-252","8",16,0,0
2026-08-23T10:10:00.000Z,"-256","8",16,0,0
2026-08-23T10:15:00.000Z,"-260","8",16,0,0
2026-08-23T10:20:00.000Z,"-269","8",16,0,0
2026-08-23T10:25:00.000Z,"-276","8",16,0,0
2026-08-23T10:30:00.000Z,"-271","8",16,0,0
2026-08-23T10:35:00.000Z,"-275","8",16,0,0
2026-08-23T10:40:00.000Z,"-281","8",16,0,0
2026-08-23T10:45:00.000Z,"-282","8",16,0,0
2026-08-23T10:50:00.000Z,"-285","8",16,0,0
2026-08-23T10:55:00.000Z,"-286","8",16,0,0
2026-08-23T11:00:00.000Z,"-286","8",16,0,0
2026-08-23T11:05:00.000Z,"-286","8",16,0,0
2026-08-23T11:10:00.000Z,"-286","8",16,0,0
2026-08-23T11:15:00.000Z,"-286","8",16,0,0
2026-08-23T11:20:00.000Z,"-286","8",16,0,0
2026-08-23T11:25:00.000Z,"-286","8",16,0,0
2026-08-23T11:30:00.000Z,"-284","8",16,0,0
2026-08-23T11:35:00.000Z,"-285","8",16,0,0
2026-08-23T11:40:00.000Z,"-276","8",16,0,0
2026-08-23T11:45:00.000Z,"-274","8",16,0,0
2026-08-23T11:50:00.000Z,"-270","8",16,0,0
2026-08-23T11:55:00.000Z,"-267","8",16,0,0
2026-08-23T12:00:00.000Z,"-264","8",16,0,0
2026-08-23T12:05:00.000Z,"-257","8",16,0,0
2026-08-23T12:10:00.000Z,"-255","8",16,0,0
2026-08-23T12:15:00.000Z,"-250","8",16,0,0
2026-08-23T12:20:00.000Z,"-246","8",16,0,0
2026-08-23T12:25:00.000Z,"-242","8",16,0,0
2026-08-23T12:30:00.000Z,"-239","8",16,0,0
2026-08-23T12:35:00.000Z,"-237","8",16,0,0
2026-08-23T12:40:00.000Z,"-234","8",16,0,0
2026-08-23T12:45:00.000Z,"-230","8",16,0,0
2026-08-23T12:50:00.000Z,"-227","8",16,0,0
2026-08-23T12:55:00.000Z,"-234","8",16,0,0
2026-08-23T13:00:00.000Z,"-222","8",16,0,0
2026-08-23T13:05:00.000Z,"-225","8",16,0,0
2026-08-23T13:10:00.000Z,"-219","8",16,0,0
2026-08-23T13:15:00.000Z,"-216","8",16,0,0
2026-08-23T13:20:00.000Z,"-226","8",16,0,0
2026-08-23T13:25:00.000Z,"-214","8",16,0,0
2026-08-23T13:30:00.000Z,"-214","8",16,0,0
2026-08-23T13:35:00.000Z,"-215","8",16,0,0
2026-08-23T13:40:00.000Z,"-212","8",16,0,0
2026-08-23T13:45:00.000Z,"-212","8",16,0,0
2026-08-23T13:50:00.000Z,"-211","8",16,0,0
2026-08-23T13:55:00.000Z,"-214","8",16,0,0
2026-08-23T14:00:00.000Z,"-212","8",16,0,0
2026-08-23T14:05:00.000Z,"-214","8",16,0,0
2026-08-23T14:10:00.000Z,"-215","8",16,0,0
2026-08-23T14:15:00.000Z,"-216","8",16,0,0
2026-08-23T14:20:00.000Z,"-220","8",16,0,0
2026-08-23T14:25:00.000Z,"-224","8",16,0,0
2026-08-23T14:30:00.000Z,"-225","8",16,0,0
2026-08-23T14:35:00.000Z,"-226","8",16,0,0
2026-08-23T14:40:00.000Z,"-231","8",16,0,0
2026-08-23T14:45:00.000Z,"-231","8",16,0,0
2026-08-23T14:50:00.000Z,"-237","8",16,0,0
2026-08-23T14:55:00.000Z,"-244","8",16,0,0
2026-08-23T15:00:00.000Z,"-246","8",16,0,0
2026-08-23T15:05:00.000Z,"-254","8",16,0,0
2026-08-23T15:10:00.000Z,"-257","8",16,0,0
2026-08-23T15:15:00.000Z,"-261","8",16,0,0
2026-08-23T15:20:00.000Z,"-266","8",16,0,0
2026-08-23T15:25:00.000Z,"-271","8",16,0,0
2026-08-23T15:30:00.000Z,"-279","8",16,0,0
2026-08-23T15:35:00.000Z,"-285","8",16,0,0
2026-08-23T15:40:00.000Z,"-286","8",16,0,0
2026-08-23T15:45:00.000Z,"-291","8",16,0,0
2026-08-23T15:50:00.000Z,"-296","8",16,0,0
2026-08-23T15:55:00.000Z,"-304","8",16,0,0
2026-08-23T16:00:00.000Z,"-307","8",16,0,0
2026-08-23T16:05:00.000Z,"-312","8",16,0,0
2026-08-23T16:10:00.000Z,"-319","8",16,0,0
2026-08-23T16:15:00.000Z,"-325","8",16,0,0
2026-08-23T16:20:00.000Z,"-329","8",16,0,0
2026-08-23T16:25:00.000Z,"-332","8",16,0,0
2026-08-23T16:30:00.000Z,"-336","8",16,0,0
2026-08-23T16:35:00.000Z,"-342","8",16,0,0
2026-08-23T16:40:00.000Z,"-346","8",16,0,0
2026-08-23T16:45:00.000Z,"-350","8",16,0,0
2026-08-23T16:50:00.000Z,"-355","8",16,0,0
2026-08-23T16:55:00.000Z,"-360","8",16,0,0
2026-08-23T17:00:00.000Z,"-365","8",16,0,0
2026-08-23T17:05:00.000Z,"-366","8",16,0,0
2026-08-23T17:10:00.000Z,"-372","8",16,0,0
2026-08-23T17:15:00.000Z,"-377","8",16,0,0
2026-08-23T17:20:00.000Z,"-377","8",16,0,0
2026-08-23T17:25:00.000Z,"-382","8",16,0,0
2026-08-23T17:30:00.000Z,"-385","8",16,0,0
2026-08-23T17:35:00.000Z,"-387","8",16,0,0
2026-08-23T17:40:00.000Z,"-392","8",16,0,0
2026-08-23T17:45:00.000Z,"-396","8",16,0,0
2026-08-23T17:50:00.000Z,"-399","8",16,0,0
2026-08-23T17:55:00.000Z,"-401","8",16,0,0
2026-08-23T18:00:00.000Z,"-402","8",16,0,0
2026-08-23T18:05:00.000Z,"-407","8",16,0,0
2026-08-23T18:10:00.000Z,"-409","8",16,0,0
2026-08-23T18:15:00.000Z,"-411","8",16,0,0
2026-08-23T18:20:00.000Z,"-412","8",16,0,0
2026-08-23T18:25:00.000Z,"-414","8",16,0,0
2026-08-23T18:30:00.000Z,"-419","8",16,0,0
2026-08-23T18:35:00.000Z,"-419","8",16,0,0
2026-08-23T18:40:00.000Z,"-422","8",16,0,0
2026-08-23T18:45:00.000Z,"-425","8",16,0,0
2026-08-23T18:50:00.000Z,"-425","8",16,0,0
2026-08-23T18:55:00.000Z,"-427","8",16,0,0
2026-08-23T19:00:00.000Z,"-427","8",16,0,0
2026-08-23T19:05:00.000Z,"-430","8",16,0,0
2026-08-23T19:10:00.000Z,"-431","8",16,0,0
2026-08-23T19:15:00.000Z,"-434","8",16,0,0
2026-08-23T19:20:00.000Z,"-435","8",16,0,0
2026-08-23T19:25:00.000Z,"-437","8",16,0,0
2026-08-23T19:30:00.000Z,"-439","8",16,0,0
2026-08-23T19:35:00.000Z,"-440","8",16,0,0
2026-08-23T19:40:00.000Z,"-439","8",16,0,0
2026-08-23T19:45:00.000Z,"-440","8",16,0,0
2026-08-23T19:50:00.000Z,"-436","8",16,0,0
2026-08-23T19:55:00.000Z,"-441","8",16,0,0
2026-08-23T20:00:00.000Z,"-442","8",16,0,0
2026-08-23T20:05:00.000Z,"-440","8",16,0,0
2026-08-23T20:10:00.000Z,"-440","8",16,0,0
2026-08-23T20:15:00.000Z,"-440","8",16,0,0
2026-08-23T20:20:00.000Z,"-440","8",16,0,0
2026-08-23T20:25:00.000Z,"-437","8",16,0,0
2026-08-23T20:30:00.000Z,"-436","8",16,0,0
2026-08-23T20:35:00.000Z,"-434","8",16,0,0
2026-08-23T20:40:00.000Z,"-436","8",16,0,0
2026-08-23T20:45:00.000Z,"-435","8",16,0,0
2026-08-23T20:50:00.000Z,"-434","8",16,0,0
2026-08-23T20:55:00.000Z,"-434","8",16,0,0
2026-08-23T21:00:00.000Z,"-434","8",16,0,0
2026-08-23T21:05:00.000Z,"-432","8",16,0,0
2026-08-23T21:10:00.000Z,"-432","8",16,0,0
2026-08-23T21:15:00.000Z,"-434","8",16,0,0
2026-08-23T21:20:00.000Z,"-430","8",16,0,0
2026-08-23T21:25:00.000Z,"-430","8",16,0,0
2026-08-23T21:30:00.000Z,"-430","8",16,0,0
2026-08-23T21:35:00.000Z,"-430","8",16,0,0
2026-08-23T21:40:00.000Z,"-430","8",16,0,0
2026-08-23T21:45:00.000Z,"-430","8",16,0,0
2026-08-23T21:50:00.000Z,"-429","8",16,0,0
2026-08-23T21:55:00.000Z,"-445","8",16,0,0
2026-08-23T22:00:00.000Z,"-446","8",16,0,0
2026-08-23T22:05:00.000Z,"-450","8",16,0,0
2026-08-23T22:10:00.000Z,"-445","8",16,0,0
2026-08-23T22:15:00.000Z,"-445","8",16,0,0
2026-08-23T22:20:00.000Z,"-445","8",16,0,0
2026-08-23T22:25:00.000Z,"-435","8",16,0,0
2026-08-23T22:30:00.000Z,"-439","8",16,0,0
2026-08-23T22:35:00.000Z,"-437","8",16,0,0
2026-08-23T22:40:00.000Z,"-434","8",16,0,0
2026-08-23T22:45:00.000Z,"-429","8",16,0,0
2026-08-23T22:50:00.000Z,"-422","8",16,0,0
2026-08-23T22:55:00.000Z,"-419","8",16,0,0
2026-08-23T23:00:00.000Z,"-414","8",16,0,0
2026-08-23T23:05:00.000Z,"-410","8",16,0,0
2026-08-23T23:10:00.000Z,"-410","8",16,0,0
2026-08-23T23:15:00.000Z,"-415","8",16,0,0
2026-08-23T23:20:00.000Z,"-412","8",16,0,0
2026-08-23T23:25:00.000Z,"-409","8",16,0,0
2026-08-23T23:30:00.000Z,"-419","8",16,0,0
2026-08-23T23:35:00.000Z,"-414","8",16,0,0
2026-08-23T23:40:00.000Z,"-406","8",16,0,0
2026-08-23T23:45:00.000Z,"-405","8",16,0,0
2026-08-23T23:50:00.000Z,"-404","8",16,0,0
2026-08-23T23:55:00.000Z,"-414","8",16,0,0
2026-08-24T00:00:00.000Z,"-412","8",16,0,0
2026-08-24T00:05:00.000Z,"-407","8",16,0,0
2026-08-24T00:10:00.000Z,"-404","8",16,0,0
2026-08-24T00:15:00.000Z,"-401","8",16,0,0
2026-08-24T00:20:00.000Z,"-396","8",16,0,0
2026-08-24T00:25:00.000Z,"-401","8",16,0,0
2026-08-24T00:30:00.000Z,"-402","8",16,0,0
2026-08-24T00:35:00.000Z,"-401","8",16,0,0
2026-08-24T00:40:00.000Z,"-402","8",16,0,0
2026-08-24T00:45:00.000Z,"-405","8",16,0,0
2026-08-24T00:50:00.000Z,"-410","8",16,0,0
2026-08-24T00:55:00.000Z,"-411","8",16,0,0
2026-08-24T01:00:00.000Z,"-412","8",16,0,0
2026-08-24T01:05:00.000Z,"-417","8",16,0,0
2026-08-24T01:10:00.000Z,"-421","8",16,0,0
2026-08-24T01:15:00.000Z,"-424","8",16,0,0
2026-08-24T01:20:00.000Z,"-424","8",16,0,0
2026-08-24T01:25:00.000Z,"-430","8",16,0,0
2026-08-24T01:30:00.000Z,"-441","8",16,0,0
2026-08-24T01:35:00.000Z,"-437","8",16,0,0
2026-08-24T01:40:00.000Z,"-437","8",16,0,0
2026-08-24T01:45:00.000Z,"-452","8",16,0,0
2026-08-24T01:50:00.000Z,"-450","8",16,0,0
2026-08-24T01:55:00.000Z,"-447","8",16,0,0
2026-08-24T02:00:00.000Z,"-449","8",16,0,0
2026-08-24T02:05:00.000Z,"-452","8",16,0,0
2026-08-24T02:10:00.000Z,"-462","8",16,0,0
2026-08-24T02:15:00.000Z,"-464","8",16,0,0
2026-08-24T02:20:00.000Z,"-470","8",16,0,0
2026-08-24T02:25:00.000Z,"-477","8",16,0,0
2026-08-24T02:30:00.000Z,"-477","8",16,0,0
2026-08-24T02:35:00.000Z,"-472","8",16,0,0
2026-08-24T02:40:00.000Z,"-472","8",16,0,0
2026-08-24T02:45:00.000Z,"-474","8",16,0,0
2026-08-24T02:50:00.000Z,"-480","8",16,0,0
2026-08-24T02:55:00.000Z,"-480","8",16,0,0
2026-08-24T03:00:00.000Z,"-476","8",16,0,0
2026-08-24T03:05:00.000Z,"-479","8",16,0,0
2026-08-24T03:10:00.000Z,"-480","8",16,0,0
2026-08-24T03:15:00.000Z,"-479","8",16,0,0
2026-08-24T03:20:00.000Z,"-480","8",16,0,0
2026-08-24T03:25:00.000Z,"-481","8",16,0,0
2026-08-24T03:30:00.000Z,"-476","8",16,0,0
2026-08-24T03:35:00.000Z,"-480","8",16,0,0
2026-08-24T03:40:00.000Z,"-481","8",16,0,0
2026-08-24T03:45:00.000Z,"-480","8",16,0,0
2026-08-24T03:50:00.000Z,"-482","8",16,0,0
2026-08-24T03:55:00.000Z,"-480","8",16,0,0
2026-08-24T04:00:00.000Z,"-482","8",16,0,0
2026-08-24T04:05:00.000Z,"-484","8",16,0,0
2026-08-24T04:10:00.000Z,"-485","8",16,0,0
2026-08-24T04:15:00.000Z,"-482","8",16,0,0
2026-08-24T04:20:00.000Z,"-484","8",16,0,0
2026-08-24T04:25:00.000Z,"-484","8",16,0,0
2026-08-24T04:30:00.000Z,"-484","8",16,0,0
2026-08-24T04:35:00.000Z,"-485","8",16,0,0
2026-08-24T04:40:00.000Z,"-485","8",16,0,0
2026-08-24T04:45:00.000Z,"-482","8",16,0,0
2026-08-24T04:50:00.000Z,"-484","8",16,0,0
2026-08-24T04:55:00.000Z,"-481","8",16,0,0
2026-08-24T05:00:00.000Z,"-480","8",16,0,0
2026-08-24T05:05:00.000Z,"-480","8",16,0,0
2026-08-24T05:10:00.000Z,"-479","8",16,0,0
2026-08-24T05:15:00.000Z,"-476","8",16,0,0
2026-08-24T05:20:00.000Z,"-476","8",16,0,0
2026-08-24T05:25:00.000Z,"-472","8",16,0,0
2026-08-24T05:30:00.000Z,"-472","8",16,0,0
2026-08-24T05:35:00.000Z,"-476","8",16,0,0
2026-08-24T05:40:00.000Z,"-470","8",16,0,0
2026-08-24T05:45:00.000Z,"-465","8",16,0,0
2026-08-24T05:50:00.000Z,"-461","8",16,0,0
2026-08-24T05:55:00.000Z,"-456","8",16,0,0
2026-08-24T06:00:00.000Z,"-455","8",16,0,0
2026-08-24T06:05:00.000Z,"-456","8",16,0,0
2026-08-24T06:10:00.000Z,"-451","8",16,0,0
2026-08-24T06:15:00.000Z,"-450","8",16,0,0
2026-08-24T06:20:00.000Z,"-447","8",16,0,0
2026-08-24T06:25:00.000Z,"-445","8",16,0,0
2026-08-24T06:30:00.000Z,"-444","8",16,0,0
2026-08-24T06:35:00.000Z,"-441","8",16,0,0
2026-08-24T06:40:00.000Z,"-437","8",16,0,0
2026-08-24T06:45:00.000Z,"-437","8",16,0,0
2026-08-24T06:50:00.000Z,"-436","8",16,0,0
2026-08-24T06:55:00.000Z,"-436","8",16,0,0
2026-08-24T07:00:00.000Z,"-434","8",16,0,0
2026-08-24T07:05:00.000Z,"-432","8",16,0,0
2026-08-24T07:10:00.000Z,"-430","8",16,0,0
2026-08-24T07:15:00.000Z,"-431","8",16,0,0
2026-08-24T07:20:00.000Z,"-432","8",16,0,0
2026-08-24T07:25:00.000Z,"-445","8",16,0,0
2026-08-24T07:30:00.000Z,"-431","8",16,0,0
2026-08-24T07:35:00.000Z,"-430","8",16,0,0
2026-08-24T07:40:00.000Z,"-432","8",16,0,0
2026-08-24T07:45:00.000Z,"-434","8",16,0,0
2026-08-24T07:50:00.000Z,"-432","8",16,0,0
2026-08-24T07:55:00.000Z,"-430","8",16,0,0
2026-08-24T08:00:00.000Z,"-436","8",16,0,0
2026-08-24T08:05:00.000Z,"-434","8",16,0,0
2026-08-24T08:10:00.000Z,"-437","8",16,0,0
2026-08-24T08:15:00.000Z,"-442","8",16,0,0
2026-08-24T08:20:00.000Z,"-451","8",16,0,0
2026-08-24T08:25:00.000Z,"-447","8",16,0,0
2026-08-24T08:30:00.000Z,"-451","8",16,0,0
2026-08-24T08:35:00.000Z,"-457","8",16,0,0
2026-08-24T08:40:00.000Z,"-457","8",16,0,0
2026-08-24T08:45:00.000Z,"-464","8",16,0,0
2026-08-24T08:50:00.000Z,"-471","8",16,0,0
2026-08-24T08:55:00.000Z,"-472","8",16,0,0
2026-08-24T09:00:00.000Z,"-476","8",16,0,0
2026-08-24T09:05:00.000Z,"-482","8",16,0,0
2026-08-24T09:10:00.000Z,"-487","8",16,0,0
2026-08-24T09:15:00.000Z,"-490","8",16,0,0
2026-08-24T09:20:00.000Z,"-495","8",16,0,0
2026-08-24T09:25:00.000Z,"-499","8",16,0,0
2026-08-24T09:30:00.000Z,"-510","8",16,0,0
2026-08-24T09:35:00.000Z,"-509","8",16,0,0
2026-08-24T09:40:00.000Z,"-510","8",16,0,0
2026-08-24T09:45:00.000Z,"-516","8",16,0,0
2026-08-24T09:50:00.000Z,"-519","8",16,0,0
2026-08-24T09:55:00.000Z,"-521","8",16,0,0
2026-08-24T10:00:00.000Z,"-527","8",16,0,0
2026-08-24T10:05:00.000Z,"-532","8",16,0,0
2026-08-24T10:10:00.000Z,"-534","8",16,0,0
2026-08-24T10:15:00.000Z,"-539","8",16,0,0
2026-08-24T10:20:00.000Z,"-541","8",16,0,0
2026-08-24T10:25:00.000Z,"-546","8",16,0,0
2026-08-24T10:30:00.000Z,"-549","8",16,0,0
2026-08-24T10:35:00.000Z,"-559","8",16,0,0
2026-08-24T10:40:00.000Z,"-556","8",16,0,0
2026-08-24T10:45:00.000Z,"-556","8",16,0,0
2026-08-24T10:50:00.000Z,"-555","8",16,0,0
2026-08-24T10:55:00.000Z,"-555","8",16,0,0
2026-08-24T11:00:00.000Z,"-556","8",16,0,0
2026-08-24T11:05:00.000Z,"-559","8",16,0,0
2026-08-24T11:10:00.000Z,"-559","8",16,0,0
2026-08-24T11:15:00.000Z,"-562","8",16,0,0
2026-08-24T11:20:00.000Z,"-562","8",16,0,0
2026-08-24T11:25:00.000Z,"-564","8",16,0,0
2026-08-24T11:30:00.000Z,"-564","8",16,0,0
2026-08-24T11:35:00.000Z,"-564","8",16,0,0
2026-08-24T11:40:00.000Z,"-564","8",16,0,0
2026-08-24T11:45:00.000Z,"-567","8",16,0,0
2026-08-24T11:50:00.000Z,"-567","8",16,0,0
2026-08-24T11:55:00.000Z,"-571","8",16,0,0
2026-08-24T12:00:00.000Z,"-574","8",16,0,0
2026-08-24T12:05:00.000Z,"-577","8",16,0,0
2026-08-24T12:10:00.000Z,"-572","8",16,0,0
2026-08-24T12:15:00.000Z,"-566","8",16,0,0
2026-08-24T12:20:00.000Z,"-566","8",16,0,0
2026-08-24T12:25:00.000Z,"-562","8",16,0,0
2026-08-24T12:30:00.000Z,"-564","8",16,0,0
2026-08-24T12:35:00.000Z,"-561","8",16,0,0
2026-08-24T12:40:00.000Z,"-560","8",16,0,0
2026-08-24T12:45:00.000Z,"-565","8",16,0,0
2026-08-24T12:50:00.000Z,"-560","8",16,0,0
2026-08-24T12:55:00.000Z,"-565","8",16,0,0
2026-08-24T13:00:00.000Z,"-565","8",16,0,0
2026-08-24T13:05:00.000Z,"-562","8",16,0,0
2026-08-24T13:10:00.000Z,"-566","8",16,0,0
2026-08-24T13:15:00.000Z,"-564","8",16,0,0
2026-08-24T13:20:00.000Z,"-567","8",16,0,0
2026-08-24T13:25:00.000Z,"-567","8",16,0,0
2026-08-24T13:30:00.000Z,"-572","8",16,0,0
2026-08-24T13:35:00.000Z,"-577","8",16,0,0
2026-08-24T13:40:00.000Z,"-579","8",16,0,0
2026-08-24T13:45:00.000Z,"-574","8",16,0,0
2026-08-24T13:50:00.000Z,"-566","8",16,0,0
2026-08-24T13:55:00.000Z,"-566","8",16,0,0
2026-08-24T14:00:00.000Z,"-566","8",16,0,0
2026-08-24T14:05:00.000Z,"-564","8",16,0,0
2026-08-24T14:10:00.000Z,"-564","8",16,0,0
2026-08-24T14:15:00.000Z,"-561","8",16,0,0
2026-08-24T14:20:00.000Z,"-559","8",16,0,0
2026-08-24T14:25:00.000Z,"-556","8",16,0,0
2026-08-24T14:30:00.000Z,"-556","8",16,0,0
2026-08-24T14:35:00.000Z,"-556","8",16,0,0
2026-08-24T14:40:00.000Z,"-570","8",16,0,0
2026-08-24T14:45:00.000Z,"-561","8",16,0,0
2026-08-24T14:50:00.000Z,"-565","8",16,0,0
2026-08-24T14:55:00.000Z,"-564","8",16,0,0
2026-08-24T15:00:00.000Z,"-546","8",16,0,0
2026-08-24T15:05:00.000Z,"-539","8",16,0,0
2026-08-24T15:10:00.000Z,"-536","8",16,0,0
2026-08-24T15:15:00.000Z,"-540","8",16,0,0
2026-08-24T15:20:00.000Z,"-539","8",16,0,0
2026-08-24T15:25:00.000Z,"-549","8",16,0,0
2026-08-24T15:30:00.000Z,"-522","8",16,0,0
2026-08-24T15:35:00.000Z,"-517","8",16,0,0
2026-08-24T15:40:00.000Z,"-516","8",16,0,0
2026-08-24T15:45:00.000Z,"-521","8",16,0,0
2026-08-24T15:50:00.000Z,"-524","8",16,0,0
2026-08-24T15:55:00.000Z,"-521","8",16,0,0
2026-08-24T16:00:00.000Z,"-525","8",16,0,0
2026-08-24T16:05:00.000Z,"-516","8",16,0,0
2026-08-24T16:10:00.000Z,"-514","8",16,0,0
2026-08-24T16:15:00.000Z,"-515","8",16,0,0
2026-08-24T16:20:00.000Z,"-515","8",16,0,0
2026-08-24T16:25:00.000Z,"-516","8",16,0,0
2026-08-24T16:30:00.000Z,"-520","8",16,0,0
2026-08-24T16:35:00.000Z,"-519","8",16,0,0
2026-08-24T16:40:00.000Z,"-521","8",16,0,0
2026-08-24T16:45:00.000Z,"-520","8",16,0,0
2026-08-24T16:50:00.000Z,"-521","8",16,0,0
2026-08-24T16:55:00.000Z,"-520","8",16,0,0
2026-08-24T17:00:00.000Z,"-521","8",16,0,0
2026-08-24T17:05:00.000Z,"-521","8",16,0,0
2026-08-24T17:10:00.000Z,"-521","8",16,0,0
2026-08-24T17:15:00.000Z,"-520","8",16,0,0
2026-08-24T17:20:00.000Z,"-521","8",16,0,0
2026-08-24T17:25:00.000Z,"-520","8",16,0,0
2026-08-24T17:30:00.000Z,"-522","8",16,0,0
2026-08-24T17:35:00.000Z,"-519","8",16,0,0
2026-08-24T17:40:00.000Z,"-519","8",16,0,0
2026-08-24T17:45:00.000Z,"-521","8",16,0,0
2026-08-24T17:50:00.000Z,"-517","8",16,0,0
2026-08-24T17:55:00.000Z,"-516","8",16,0,0
2026-08-24T18:00:00.000Z,"-514","8",16,0,0
2026-08-24T18:05:00.000Z,"-515","8",16,0,0
2026-08-24T18:10:00.000Z,"-510","8",16,0,0
2026-08-24T18:15:00.000Z,"-511","8",16,0,0
2026-08-24T18:20:00.000Z,"-515","8",16,0,0
2026-08-24T18:25:00.000Z,"-514","8",16,0,0
2026-08-24T18:30:00.000Z,"-515","8",16,0,0
2026-08-24T18:35:00.000Z,"-516","8",16,0,0
2026-08-24T18:40:00.000Z,"-517","8",16,0,0
2026-08-24T18:45:00.000Z,"-520","8",16,0,0
2026-08-24T18:50:00.000Z,"-521","8",16,0,0
2026-08-24T18:55:00.000Z,"-522","8",16,0,0
2026-08-24T19:00:00.000Z,"-527","8",16,0,0
2026-08-24T19:05:00.000Z,"-530","8",16,0,0
2026-08-24T19:10:00.000Z,"-534","8",16,0,0
2026-08-24T19:15:00.000Z,"-537","8",16,0,0
2026-08-24T19:20:00.000Z,"-541","8",16,0,0
2026-08-24T19:25:00.000Z,"-545","8",16,0,0
2026-08-24T19:30:00.000Z,"-550","8",16,0,0
2026-08-24T19:35:00.000Z,"-551","8",16,0,0
2026-08-24T19:40:00.000Z,"-559","8",16,0,0
2026-08-24T19:45:00.000Z,"-561","8",16,0,0
2026-08-24T19:50:00.000Z,"-564","8",16,0,0
2026-08-24T19:55:00.000Z,"-569","8",16,0,0
2026-08-24T20:00:00.000Z,"-574","8",16,0,0
2026-08-24T20:05:00.000Z,"-577","8",16,0,0
2026-08-24T20:10:00.000Z,"-581","8",16,0,0
2026-08-24T20:15:00.000Z,"-585","8",16,0,0
2026-08-24T20:20:00.000Z,"-589","8",16,0,0
2026-08-24T20:25:00.000Z,"-592","8",16,0,0
2026-08-24T20:30:00.000Z,"-595","8",16,0,0
2026-08-24T20:35:00.000Z,"-601","8",16,0,0
2026-08-24T20:40:00.000Z,"-601","8",16,0,0
2026-08-24T20:45:00.000Z,"-604","8",16,0,0
2026-08-24T20:50:00.000Z,"-610","8",16,0,0
2026-08-24T20:55:00.000Z,"-614","8",16,0,0
2026-08-24T21:00:00.000Z,"-615","8",16,0,0
2026-08-24T21:05:00.000Z,"-614","8",16,0,0
2026-08-24T21:10:00.000Z,"-616","8",16,0,0
2026-08-24T21:15:00.000Z,"-617","8",16,0,0
2026-08-24T21:20:00.000Z,"-617","8",16,0,0
2026-08-24T21:25:00.000Z,"-615","8",16,0,0
2026-08-24T21:30:00.000Z,"-621","8",16,0,0
2026-08-24T21:35:00.000Z,"-612","8",16,0,0
2026-08-24T21:40:00.000Z,"-612","8",16,0,0
2026-08-24T21:45:00.000Z,"-612","8",16,0,0
2026-08-24T21:50:00.000Z,"-609","8",16,0,0
2026-08-24T21:55:00.000Z,"-607","8",16,0,0
2026-08-24T22:00:00.000Z,"-606","8",16,0,0
2026-08-24T22:05:00.000Z,"-601","8",16,0,0
2026-08-24T22:10:00.000Z,"-604","8",16,0,0
2026-08-24T22:15:00.000Z,"-599","8",16,0,0
2026-08-24T22:20:00.000Z,"-596","8",16,0,0
2026-08-24T22:25:00.000Z,"-589","8",16,0,0
2026-08-24T22:30:00.000Z,"-587","8",16,0,0
2026-08-24T22:35:00.000Z,"-586","8",16,0,0
2026-08-24T22:40:00.000Z,"-587","8",16,0,0
2026-08-24T22:45:00.000Z,"-581","8",16,0,0
2026-08-24T22:50:00.000Z,"-572","8",16,0,0
2026-08-24T22:55:00.000Z,"-574","8",16,0,0
2026-08-24T23:00:00.000Z,"-569","8",16,0,0
2026-08-24T23:05:00.000Z,"-567","8",16,0,0
2026-08-24T23:10:00.000Z,"-565","8",16,0,0
2026-08-24T23:15:00.000Z,"-564","8",16,0,0
2026-08-24T23:20:00.000Z,"-560","8",16,0,0
2026-08-24T23:25:00.000Z,"-559","8",16,0,0
2026-08-24T23:30:00.000Z,"-559","8",16,0,0
2026-08-24T23:35:00.000Z,"-561","8",16,0,0
2026-08-24T23:40:00.000Z,"-560","8",16,0,0
2026-08-24T23:45:00.000Z,"-561","8",16,0,0
2026-08-24T23:50:00.000Z,"-561","8",16,0,0
2026-08-24T23:55:00.000Z,"-562","8",16,0,0
2026-08-25T00:00:00.000Z,"-564","8",16,0,0
2026-08-25T00:05:00.000Z,"-562","8",16,0,0
2026-08-25T00:10:00.000Z,"-567","8",16,0,0
2026-08-25T00:15:00.000Z,"-571","8",16,0,0
2026-08-25T00:20:00.000Z,"-575","8",16,0,0
2026-08-25T00:25:00.000Z,"-577","8",16,0,0
2026-08-25T00:30:00.000Z,"-576","8",16,0,0
2026-08-25T00:35:00.000Z,"-582","8",16,0,0
2026-08-25T00:40:00.000Z,"-586","8",16,0,0
2026-08-25T00:45:00.000Z,"-587","8",16,0,0
2026-08-25T00:50:00.000Z,"-592","8",16,0,0
2026-08-25T00:55:00.000Z,"-596","8",16,0,0
2026-08-25T01:00:00.000Z,"-596","8",16,0,0
2026-08-25T01:05:00.000Z,"-601","8",16,0,0
2026-08-25T01:10:00.000Z,"-606","8",16,0,0
2026-08-25T01:15:00.000Z,"-610","8",16,0,0
2026-08-25T01:20:00.000Z,"-612","8",16,0,0
2026-08-25T01:25:00.000Z,"-617","8",16,0,0
2026-08-25T01:30:00.000Z,"-617","8",16,0,0
2026-08-25T01:35:00.000Z,"-624","8",16,0,0
2026-08-25T01:40:00.000Z,"-625","8",16,0,0
2026-08-25T01:45:00.000Z,"-626","8",16,0,0
2026-08-25T01:50:00.000Z,"-630","8",16,0,0
2026-08-25T01:55:00.000Z,"-632","8",16,0,0
2026-08-25T02:00:00.000Z,"-632","8",16,0,0
2026-08-25T02:05:00.000Z,"-636","8",16,0,0
2026-08-25T02:10:00.000Z,"-636","8",16,0,0
2026-08-25T02:15:00.000Z,"-636","8",16,0,0
2026-08-25T02:20:00.000Z,"-635","8",16,0,0
2026-08-25T02:25:00.000Z,"-635","8",16,0,0
2026-08-25T02:30:00.000Z,"-632","8",16,0,0
2026-08-25T02:35:00.000Z,"-632","8",16,0,0
2026-08-25T02:40:00.000Z,"-629","8",16,0,0
2026-08-25T02:45:00.000Z,"-629","8",16,0,0
2026-08-25T02:50:00.000Z,"-624","8",16,0,0
2026-08-25T02:55:00.000Z,"-625","8",16,0,0
2026-08-25T03:00:00.000Z,"-625","8",16,0,0
2026-08-25T03:05:00.000Z,"-621","8",16,0,0
2026-08-25T03:10:00.000Z,"-630","8",16,0,0
2026-08-25T03:15:00.000Z,"-622","8",16,0,0
2026-08-25T03:20:00.000Z,"-617","8",16,0,0
2026-08-25T03:25:00.000Z,"-616","8",16,0,0
2026-08-25T03:30:00.000Z,"-620","8",16,0,0
2026-08-25T03:35:00.000Z,"-616","8",16,0,0
2026-08-25T03:40:00.000Z,"-616","8",16,0,0
2026-08-25T03:45:00.000Z,"-616","8",16,0,0
2026-08-25T03:50:00.000Z,"-616","8",16,0,0
2026-08-25T03:55:00.000Z,"-624","8",16,0,0
2026-08-25T04:00:00.000Z,"-620","8",16,0,0
2026-08-25T04:05:00.000Z,"-630","8",16,0,0
2026-08-25T04:10:00.000Z,"-632","8",16,0,0
2026-08-25T04:15:00.000Z,"-626","8",16,0,0
2026-08-25T04:20:00.000Z,"-627","8",16,0,0
2026-08-25T04:25:00.000Z,"-632","8",16,0,0
2026-08-25T04:30:00.000Z,"-635","8",16,0,0
2026-08-25T04:35:00.000Z,"-639","8",16,0,0
2026-08-25T04:40:00.000Z,"-641","8",16,0,0
2026-08-25T04:45:00.000Z,"-642","8",16,0,0
2026-08-25T04:50:00.000Z,"-645","8",16,0,0
2026-08-25T04:55:00.000Z,"-650","8",16,0,0
2026-08-25T05:00:00.000Z,"-652","8",16,0,0
2026-08-25T05:05:00.000Z,"-655","8",16,0,0
2026-08-25T05:10:00.000Z,"-657","8",16,0,0
2026-08-25T05:15:00.000Z,"-660","8",16,0,0
2026-08-25T05:20:00.000Z,"-661","8",16,0,0
2026-08-25T05:25:00.000Z,"-665","8",16,0,0
2026-08-25T05:30:00.000Z,"-667","8",16,0,0
2026-08-25T05:35:00.000Z,"-666","8",16,0,0
2026-08-25T05:40:00.000Z,"-667","8",16,0,0
2026-08-25T05:45:00.000Z,"-669","8",16,0,0
2026-08-25T05:50:00.000Z,"-674","8",16,0,0
2026-08-25T05:55:00.000Z,"-670","8",16,0,0
2026-08-25T06:00:00.000Z,"-672","8",16,0,0
2026-08-25T06:05:00.000Z,"-676","8",16,0,0
2026-08-25T06:10:00.000Z,"-676","8",16,0,0
2026-08-25T06:15:00.000Z,"-674","8",16,0,0
2026-08-25T06:20:00.000Z,"-680","8",16,0,0
2026-08-25T06:25:00.000Z,"-675","8",16,0,0
2026-08-25T06:30:00.000Z,"-675","8",16,0,0
2026-08-25T06:35:00.000Z,"-675","8",16,0,0
2026-08-25T06:40:00.000Z,"-675","8",16,0,0
2026-08-25T06:45:00.000Z,"-676","8",16,0,0
2026-08-25T06:50:00.000Z,"-676","8",16,0,0
2026-08-25T06:55:00.000Z,"-676","8",16,0,0
2026-08-25T07:00:00.000Z,"-677","8",16,0,0
2026-08-25T07:05:00.000Z,"-677","8",16,0,0
2026-08-25T07:10:00.000Z,"-676","8",16,0,0
2026-08-25T07:15:00.000Z,"-674","8",16,0,0
2026-08-25T07:20:00.000Z,"-672","8",16,0,0
2026-08-25T07:25:00.000Z,"-677","8",16,0,0
2026-08-25T07:30:00.000Z,"-675","8",16,0,0
2026-08-25T07:35:00.000Z,"-676","8",16,0,0
2026-08-25T07:40:00.000Z,"-679","8",16,0,0
2026-08-25T07:45:00.000Z,"-676","8",16,0,0
2026-08-25T07:50:00.000Z,"-679","8",16,0,0
2026-08-25T07:55:00.000Z,"-680","8",16,0,0
2026-08-25T08:00:00.000Z,"-679","8",16,0,0
2026-08-25T08:05:00.000Z,"-682","8",16,0,0
2026-08-25T08:10:00.000Z,"-682","8",16,0,0
2026-08-25T08:15:00.000Z,"-681","8",16,0,0
2026-08-25T08:20:00.000Z,"-680","8",16,0,0
2026-08-25T08:25:00.000Z,"-679","8",16,0,0
2026-08-25T08:30:00.000Z,"-684","8",16,0,0
2026-08-25T08:35:00.000Z,"-677","8",16,0,0
2026-08-25T08:40:00.000Z,"-674","8",16,0,0
2026-08-25T08:45:00.000Z,"-671","8",16,0,0
2026-08-25T08:50:00.000Z,"-670","8",16,0,0
2026-08-25T08:55:00.000Z,"-667","8",16,0,0
2026-08-25T09:00:00.000Z,"-660","8",16,0,0
2026-08-25T09:05:00.000Z,"-661","8",16,0,0
2026-08-25T09:10:00.000Z,"-664","8",16,0,0
2026-08-25T09:15:00.000Z,"-654","8",16,0,0
2026-08-25T09:20:00.000Z,"-651","8",16,0,0
2026-08-25T09:25:00.000Z,"-654","8",16,0,0
2026-08-25T09:30:00.000Z,"-654","8",16,0,0
2026-08-25T09:35:00.000Z,"-655","8",16,0,0
2026-08-25T09:40:00.000Z,"-647","8",16,0,0
2026-08-25T09:45:00.000Z,"-646","8",16,0,0
2026-08-25T09:50:00.000Z,"-647","8",16,0,0
2026-08-25T09:55:00.000Z,"-645","8",16,0,0
2026-08-25T10:00:00.000Z,"-647","8",16,0,0
2026-08-25T10:05:00.000Z,"-649","8",16,0,0
2026-08-25T10:10:00.000Z,"-646","8",16,0,0
2026-08-25T10:15:00.000Z,"-647","8",16,0,0
2026-08-25T10:20:00.000Z,"-651","8",16,0,0
2026-08-25T10:25:00.000Z,"-646","8",16,0,0
2026-08-25T10:30:00.000Z,"-650","8",16,0,0
2026-08-25T10:35:00.000Z,"-649","8",16,0,0
2026-08-25T10:40:00.000Z,"-652","8",16,0,0
2026-08-25T10:45:00.000Z,"-655","8",16,0,0
2026-08-25T10:50:00.000Z,"-661","8",16,0,0
2026-08-25T10:55:00.000Z,"-651","8",16,0,0
2026-08-25T11:00:00.000Z,"-661","8",16,0,0
2026-08-25T11:05:00.000Z,"-662","8",16,0,0
2026-08-25T11:10:00.000Z,"-666","8",16,0,0
2026-08-25T11:15:00.000Z,"-667","8",16,0,0
2026-08-25T11:20:00.000Z,"-665","8",16,0,0
2026-08-25T11:25:00.000Z,"-670","8",16,0,0
2026-08-25T11:30:00.000Z,"-674","8",16,0,0
2026-08-25T11:35:00.000Z,"-675","8",16,0,0
2026-08-25T11:40:00.000Z,"-675","8",16,0,0
2026-08-25T11:45:00.000Z,"-676","8",16,0,0
2026-08-25T11:50:00.000Z,"-681","8",16,0,0
2026-08-25T11:55:00.000Z,"-684","8",16,0,0
2026-08-25T12:00:00.000Z,"-684","8",16,0,0
2026-08-25T12:05:00.000Z,"-687","8",16,0,0
2026-08-25T12:10:00.000Z,"-684","8",16,0,0
2026-08-25T12:15:00.000Z,"-692","8",16,0,0
2026-08-25T12:20:00.000Z,"-685","8",16,0,0
2026-08-25T12:25:00.000Z,"-687","8",16,0,0
2026-08-25T12:30:00.000Z,"-691","8",16,0,0
2026-08-25T12:35:00.000Z,"-692","8",16,0,0
2026-08-25T12:40:00.000Z,"-692","8",16,0,0
2026-08-25T12:45:00.000Z,"-694","8",16,0,0
2026-08-25T12:50:00.000Z,"-707","8",16,0,0
2026-08-25T12:55:00.000Z,"-711","8",16,0,0
2026-08-25T13:00:00.000Z,"-704","8",16,0,0
2026-08-25T13:05:00.000Z,"-702","8",16,0,0
2026-08-25T13:10:00.000Z,"-697","8",16,0,0
2026-08-25T13:15:00.000Z,"-696","8",16,0,0
2026-08-25T13:20:00.000Z,"-697","8",16,0,0
2026-08-25T13:25:00.000Z,"-701","8",16,0,0
2026-08-25T13:30:00.000Z,"-702","8",16,0,0
2026-08-25T13:35:00.000Z,"-709","8",16,0,0
2026-08-25T13:40:00.000Z,"-702","8",16,0,0
2026-08-25T13:45:00.000Z,"-699","8",16,0,0
2026-08-25T13:50:00.000Z,"-690","8",16,0,0
2026-08-25T13:55:00.000Z,"-696","8",16,0,0
2026-08-25T14:00:00.000Z,"-686","8",16,0,0
2026-08-25T14:05:00.000Z,"-687","8",16,0,0
2026-08-25T14:10:00.000Z,"-687","8",16,0,0
2026-08-25T14:15:00.000Z,"-687","8",16,0,0
2026-08-25T14:20:00.000Z,"-679","8",16,0,0
2026-08-25T14:25:00.000Z,"-672","8",16,0,0
2026-08-25T14:30:00.000Z,"-672","8",16,0,0
2026-08-25T14:35:00.000Z,"-664","8",16,0,0
2026-08-25T14:40:00.000Z,"-652","8",16,0,0
2026-08-25T14:45:00.000Z,"-649","8",16,0,0
2026-08-25T14:50:00.000Z,"-645","8",16,0,0
2026-08-25T14:55:00.000Z,"-644","8",16,0,0
2026-08-25T15:00:00.000Z,"-637","8",16,0,0
2026-08-25T15:05:00.000Z,"-634","8",16,0,0
2026-08-25T15:10:00.000Z,"-624","8",16,0,0
2026-08-25T15:15:00.000Z,"-615","8",16,0,0
2026-08-25T15:20:00.000Z,"-610","8",16,0,0
2026-08-25T15:25:00.000Z,"-607","8",16,0,0
2026-08-25T15:30:00.000Z,"-604","8",16,0,0
2026-08-25T15:35:00.000Z,"-600","8",16,0,0
2026-08-25T15:40:00.000Z,"-606","8",16,0,0
2026-08-25T15:45:00.000Z,"-601","8",16,0,0
2026-08-25T15:50:00.000Z,"-597","8",16,0,0
2026-08-25T15:55:00.000Z,"-599","8",16,0,0
2026-08-25T16:00:00.000Z,"-596","8",16,0,0
2026-08-25T16:05:00.000Z,"-589","8",16,0,0
2026-08-25T16:10:00.000Z,"-585","8",16,0,0
2026-08-25T16:15:00.000Z,"-580","8",16,0,0
2026-08-25T16:20:00.000Z,"-577","8",16,0,0
2026-08-25T16:25:00.000Z,"-577","8",16,0,0
2026-08-25T16:30:00.000Z,"-575","8",16,0,0
2026-08-25T16:35:00.000Z,"-575","8",16,0,0
2026-08-25T16:40:00.000Z,"-575","8",16,0,0
2026-08-25T16:45:00.000Z,"-570","8",16,0,0
2026-08-25T16:50:00.000Z,"-574","8",16,0,0
2026-08-25T16:55:00.000Z,"-567","8",16,0,0
2026-08-25T17:00:00.000Z,"-569","8",16,0,0
2026-08-25T17:05:00.000Z,"-565","8",16,0,0
2026-08-25T17:10:00.000Z,"-567","8",16,0,0
2026-08-25T17:15:00.000Z,"-569","8",16,0,0
2026-08-25T17:20:00.000Z,"-565","8",16,0,0
2026-08-25T17:25:00.000Z,"-559","8",16,0,0
2026-08-25T17:30:00.000Z,"-556","8",16,0,0
2026-08-25T17:35:00.000Z,"-560","8",16,0,0
2026-08-25T17:40:00.000Z,"-554","8",16,0,0
2026-08-25T17:45:00.000Z,"-554","8",16,0,0
2026-08-25T17:50:00.000Z,"-555","8",16,0,0
2026-08-25T17:55:00.000Z,"-550","8",16,0,0
2026-08-25T18:00:00.000Z,"-550","8",16,0,0
2026-08-25T18:05:00.000Z,"-549","8",16,0,0
2026-08-25T18:10:00.000Z,"-545","8",16,0,0
2026-08-25T18:15:00.000Z,"-544","8",16,0,0
2026-08-25T18:20:00.000Z,"-546","8",16,0,0
2026-08-25T18:25:00.000Z,"-545","8",16,0,0
2026-08-25T18:30:00.000Z,"-547","8",16,0,0
2026-08-25T18:35:00.000Z,"-541","8",16,0,0
2026-08-25T18:40:00.000Z,"-545","8",16,0,0
2026-08-25T18:45:00.000Z,"-540","8",16,0,0
2026-08-25T18:50:00.000Z,"-539","8",16,0,0
2026-08-25T18:55:00.000Z,"-540","8",16,0,0
2026-08-25T19:00:00.000Z,"-540","8",16,0,0
2026-08-25T19:05:00.000Z,"-535","8",16,0,0
2026-08-25T19:10:00.000Z,"-536","8",16,0,0
2026-08-25T19:15:00.000Z,"-535","8",16,0,0
2026-08-25T19:20:00.000Z,"-534","8",16,0,0
2026-08-25T19:25:00.000Z,"-535","8",16,0,0
2026-08-25T19:30:00.000Z,"-535","8",16,0,0
2026-08-25T19:35:00.000Z,"-530","8",16,0,0
2026-08-25T19:40:00.000Z,"-530","8",16,0,0
2026-08-25T19:45:00.000Z,"-530","8",16,0,0
2026-08-25T19:50:00.000Z,"-527","8",16,0,0
2026-08-25T19:55:00.000Z,"-525","8",16,0,0
2026-08-25T20:00:00.000Z,"-525","8",16,0,0
2026-08-25T20:05:00.000Z,"-521","8",16,0,0
2026-08-25T20:10:00.000Z,"-524","8",16,0,0
2026-08-25T20:15:00.000Z,"-521","8",16,0,0
2026-08-25T20:20:00.000Z,"-522","8",16,0,0
2026-08-25T20:25:00.000Z,"-519","8",16,0,0
2026-08-25T20:30:00.000Z,"-519","8",16,0,0
2026-08-25T20:35:00.000Z,"-517","8",16,0,0
2026-08-25T20:40:00.000Z,"-514","8",16,0,0
2026-08-25T20:45:00.000Z,"-512","8",16,0,0
2026-08-25T20:50:00.000Z,"-510","8",16,0,0
2026-08-25T20:55:00.000Z,"-507","8",16,0,0
2026-08-25T21:00:00.000Z,"-506","8",16,0,0
2026-08-25T21:05:00.000Z,"-502","8",16,0,0
2026-08-25T21:10:00.000Z,"-501","8",16,0,0
2026-08-25T21:15:00.000Z,"-500","8",16,0,0
2026-08-25T21:20:00.000Z,"-499","8",16,0,0
2026-08-25T21:25:00.000Z,"-496","8",16,0,0
2026-08-25T21:30:00.000Z,"-496","8",16,0,0
2026-08-25T21:35:00.000Z,"-489","8",16,0,0
2026-08-25T21:40:00.000Z,"-489","8",16,0,0
2026-08-25T21:45:00.000Z,"-486","8",16,0,0
2026-08-25T21:50:00.000Z,"-487","8",16,0,0
2026-08-25T21:55:00.000Z,"-482","8",16,0,0
2026-08-25T22:00:00.000Z,"-481","8",16,0,0
2026-08-25T22:05:00.000Z,"-480","8",16,0,0
2026-08-25T22:10:00.000Z,"-476","8",16,0,0
2026-08-25T22:15:00.000Z,"-475","8",16,0,0
2026-08-25T22:20:00.000Z,"-475","8",16,0,0
2026-08-25T22:25:00.000Z,"-472","8",16,0,0
2026-08-25T22:30:00.000Z,"-470","8",16,0,0
2026-08-25T22:35:00.000Z,"-471","8",16,0,0
2026-08-25T22:40:00.000Z,"-470","8",16,0,0
2026-08-25T22:45:00.000Z,"-470","8",16,0,0
2026-08-25T22:50:00.000Z,"-469","8",16,0,0
2026-08-25T22:55:00.000Z,"-469","8",16,0,0
2026-08-25T23:00:00.000Z,"-471","8",16,0,0
2026-08-25T23:05:00.000Z,"-471","8",16,0,0
2026-08-25T23:10:00.000Z,"-469","8",16,0,0
2026-08-25T23:15:00.000Z,"-470","8",16,0,0
2026-08-25T23:20:00.000Z,"-471","8",16,0,0
2026-08-25T23:25:00.000Z,"-472","8",16,0,0
2026-08-25T23:30:00.000Z,"-475","8",16,0,0
2026-08-25T23:35:00.000Z,"-475","8",16,0,0
2026-08-25T23:40:00.000Z,"-475","8",16,0,0
2026-08-25T23:45:00.000Z,"-480","8",16,0,0
2026-08-25T23:50:00.000Z,"-477","8",16,0,0
2026-08-25T23:55:00.000Z,"-480","8",16,0,0
2026-08-26T00:00:00.000Z,"-482","8",16,0,0
2026-08-26T00:05:00.000Z,"-485","8",16,0,0
2026-08-26T00:10:00.000Z,"-485","8",16,0,0
2026-08-26T00:15:00.000Z,"-484","8",16,0,0
2026-08-26T00:20:00.000Z,"-486","8",16,0,0
2026-08-26T00:25:00.000Z,"-487","8",16,0,0
2026-08-26T00:30:00.000Z,"-490","8",16,0,0
2026-08-26T00:35:00.000Z,"-491","8",16,0,0
2026-08-26T00:40:00.000Z,"-494","8",16,0,0
2026-08-26T00:45:00.000Z,"-494","8",16,0,0
2026-08-26T00:50:00.000Z,"-494","8",16,0,0
2026-08-26T00:55:00.000Z,"-497","8",16,0,0
2026-08-26T01:00:00.000Z,"-496","8",16,0,0
2026-08-26T01:05:00.000Z,"-499","8",16,0,0
2026-08-26T01:10:00.000Z,"-497","8",16,0,0
2026-08-26T01:15:00.000Z,"-501","8",16,0,0
2026-08-26T01:20:00.000Z,"-501","8",16,0,0
2026-08-26T01:25:00.000Z,"-499","8",16,0,0
2026-08-26T01:30:00.000Z,"-501","8",16,0,0
2026-08-26T01:35:00.000Z,"-501","8",16,0,0
2026-08-26T01:40:00.000Z,"-501","8",16,0,0
2026-08-26T01:45:00.000Z,"-502","8",16,0,0
2026-08-26T01:50:00.000Z,"-500","8",16,0,0
2026-08-26T01:55:00.000Z,"-501","8",16,0,0
2026-08-26T02:00:00.000Z,"-501","8",16,0,0
2026-08-26T02:05:00.000Z,"-502","8",16,0,0
2026-08-26T02:10:00.000Z,"-502","8",16,0,0
2026-08-26T02:15:00.000Z,"-502","8",16,0,0
2026-08-26T02:20:00.000Z,"-501","8",16,0,0
2026-08-26T02:25:00.000Z,"-506","8",16,0,0
2026-08-26T02:30:00.000Z,"-506","8",16,0,0
2026-08-26T02:35:00.000Z,"-506","8",16,0,0
2026-08-26T02:40:00.000Z,"-502","8",16,0,0
2026-08-26T02:45:00.000Z,"-506","8",16,0,0
2026-08-26T02:50:00.000Z,"-506","8",16,0,0
2026-08-26T02:55:00.000Z,"-507","8",16,0,0
2026-08-26T03:00:00.000Z,"-506","8",16,0,0
2026-08-26T03:05:00.000Z,"-507","8",16,0,0
2026-08-26T03:10:00.000Z,"-506","8",16,0,0
2026-08-26T03:15:00.000Z,"-509","8",16,0,0
2026-08-26T03:20:00.000Z,"-507","8",16,0,0
2026-08-26T03:25:00.000Z,"-506","8",16,0,0
2026-08-26T03:30:00.000Z,"-506","8",16,0,0
2026-08-26T03:35:00.000Z,"-507","8",16,0,0
2026-08-26T03:40:00.000Z,"-510","8",16,0,0
2026-08-26T03:45:00.000Z,"-507","8",16,0,0
2026-08-26T03:50:00.000Z,"-510","8",16,0,0
2026-08-26T03:55:00.000Z,"-506","8",16,0,0
2026-08-26T04:00:00.000Z,"-506","8",16,0,0
2026-08-26T04:05:00.000Z,"-507","8",16,0,0
2026-08-26T04:10:00.000Z,"-509","8",16,0,0
2026-08-26T04:15:00.000Z,"-506","8",16,0,0
2026-08-26T04:20:00.000Z,"-506","8",16,0,0
2026-08-26T04:25:00.000Z,"-506","8",16,0,0
2026-08-26T04:30:00.000Z,"-507","8",16,0,0
2026-08-26T04:35:00.000Z,"-502","8",16,0,0
2026-08-26T04:40:00.000Z,"-502","8",16,0,0
2026-08-26T04:45:00.000Z,"-505","8",16,0,0
2026-08-26T04:50:00.000Z,"-506","8",16,0,0
2026-08-26T04:55:00.000Z,"-502","8",16,0,0
2026-08-26T05:00:00.000Z,"-505","8",16,0,0
2026-08-26T05:05:00.000Z,"-502","8",16,0,0
2026-08-26T05:10:00.000Z,"-502","8",16,0,0
2026-08-26T05:15:00.000Z,"-502","8",16,0,0
2026-08-26T05:20:00.000Z,"-501","8",16,0,0
2026-08-26T05:25:00.000Z,"-505","8",16,0,0
2026-08-26T05:30:00.000Z,"-502","8",16,0,0
2026-08-26T05:35:00.000Z,"-505","8",16,0,0
2026-08-26T05:40:00.000Z,"-502","8",16,0,0
2026-08-26T05:45:00.000Z,"-502","8",16,0,0
2026-08-26T05:50:00.000Z,"-502","8",16,0,0
2026-08-26T05:55:00.000Z,"-506","8",16,0,0
2026-08-26T06:00:00.000Z,"-502","8",16,0,0
2026-08-26T06:05:00.000Z,"-502","8",16,0,0
2026-08-26T06:10:00.000Z,"-506","8",16,0,0
2026-08-26T06:15:00.000Z,"-502","8",16,0,0
2026-08-26T06:20:00.000Z,"-506","8",16,0,0
2026-08-26T06:25:00.000Z,"-506","8",16,0,0
2026-08-26T06:30:00.000Z,"-511","8",16,0,0
2026-08-26T06:35:00.000Z,"-506","8",16,0,0
2026-08-26T06:40:00.000Z,"-507","8",16,0,0
2026-08-26T06:45:00.000Z,"-511","8",16,0,0
2026-08-26T06:50:00.000Z,"-509","8",16,0,0
2026-08-26T06:55:00.000Z,"-510","8",16,0,0
2026-08-26T07:00:00.000Z,"-514","8",16,0,0
2026-08-26T07:05:00.000Z,"-514","8",16,0,0
2026-08-26T07:10:00.000Z,"-515","8",16,0,0
2026-08-26T07:15:00.000Z,"-514","8",16,0,0
2026-08-26T07:20:00.000Z,"-516","8",16,0,0
2026-08-26T07:25:00.000Z,"-517","8",16,0,0
2026-08-26T07:30:00.000Z,"-519","8",16,0,0
2026-08-26T07:35:00.000Z,"-517","8",16,0,0
2026-08-26T07:40:00.000Z,"-519","8",16,0,0
2026-08-26T07:45:00.000Z,"-521","8",16,0,0
2026-08-26T07:50:00.000Z,"-520","8",16,0,0
2026-08-26T07:55:00.000Z,"-524","8",16,0,0
2026-08-26T08:00:00.000Z,"-524","8",16,0,0
2026-08-26T08:05:00.000Z,"-525","8",16,0,0
2026-08-26T08:10:00.000Z,"-530","8",16,0,0
2026-08-26T08:15:00.000Z,"-529","8",16,0,0
2026-08-26T08:20:00.000Z,"-531","8",16,0,0
2026-08-26T08:25:00.000Z,"-532","8",16,0,0
2026-08-26T08:30:00.000Z,"-535","8",16,0,0
2026-08-26T08:35:00.000Z,"-539","8",16,0,0
2026-08-26T08:40:00.000Z,"-542","8",16,0,0
2026-08-26T08:45:00.000Z,"-542","8",16,0,0
2026-08-26T08:50:00.000Z,"-546","8",16,0,0
2026-08-26T08:55:00.000Z,"-551","8",16,0,0
2026-08-26T09:00:00.000Z,"-552","8",16,0,0
2026-08-26T09:05:00.000Z,"-559","8",16,0,0
2026-08-26T09:10:00.000Z,"-556","8",16,0,0
2026-08-26T09:15:00.000Z,"-560","8",16,0,0
2026-08-26T09:20:00.000Z,"-561","8",16,0,0
2026-08-26T09:25:00.000Z,"-565","8",16,0,0
2026-08-26T09:30:00.000Z,"-565","8",16,0,0
2026-08-26T09:35:00.000Z,"-572","8",16,0,0
2026-08-26T09:40:00.000Z,"-574","8",16,0,0
2026-08-26T09:45:00.000Z,"-572","8",16,0,0
2026-08-26T09:50:00.000Z,"-575","8",16,0,0
2026-08-26T09:55:00.000Z,"-577","8",16,0,0
2026-08-26T10:00:00.000Z,"-577","8",16,0,0
2026-08-26T10:05:00.000Z,"-580","8",16,0,0
2026-08-26T10:10:00.000Z,"-579","8",16,0,0
2026-08-26T10:15:00.000Z,"-580","8",16,0,0
2026-08-26T10:20:00.000Z,"-581","8",16,0,0
2026-08-26T10:25:00.000Z,"-582","8",16,0,0
2026-08-26T10:30:00.000Z,"-582","8",16,0,0
2026-08-26T10:35:00.000Z,"-580","8",16,0,0
2026-08-26T10:40:00.000Z,"-585","8",16,0,0
2026-08-26T10:45:00.000Z,"-585","8",16,0,0
2026-08-26T10:50:00.000Z,"-581","8",16,0,0
2026-08-26T10:55:00.000Z,"-586","8",16,0,0
2026-08-26T11:00:00.000Z,"-587","8",16,0,0
2026-08-26T11:05:00.000Z,"-592","8",16,0,0
2026-08-26T11:10:00.000Z,"-585","8",16,0,0
2026-08-26T11:15:00.000Z,"-586","8",16,0,0
2026-08-26T11:20:00.000Z,"-599","8",16,0,0
2026-08-26T11:25:00.000Z,"-596","8",16,0,0
2026-08-26T11:30:00.000Z,"-597","8",16,0,0
2026-08-26T11:35:00.000Z,"-592","8",16,0,0
2026-08-26T11:40:00.000Z,"-582","8",16,0,0
2026-08-26T11:45:00.000Z,"-580","8",16,0,0
2026-08-26T11:50:00.000Z,"-587","8",16,0,0
2026-08-26T11:55:00.000Z,"-590","8",16,0,0
2026-08-26T12:00:00.000Z,"-599","8",16,0,0
2026-08-26T12:05:00.000Z,"-592","8",16,0,0
2026-08-26T12:10:00.000Z,"-595","8",16,0,0
2026-08-26T12:15:00.000Z,"-592","8",16,0,0
2026-08-26T12:20:00.000Z,"-591","8",16,0,0
2026-08-26T12:25:00.000Z,"-597","8",16,0,0
2026-08-26T12:30:00.000Z,"-596","8",16,0,0
2026-08-26T12:35:00.000Z,"-604","8",16,0,0
2026-08-26T12:40:00.000Z,"-596","8",16,0,0
2026-08-26T12:45:00.000Z,"-592","8",16,0,0
2026-08-26T12:50:00.000Z,"-602","8",16,0,0
2026-08-26T12:55:00.000Z,"-605","8",16,0,0
2026-08-26T13:00:00.000Z,"-604","8",16,0,0
2026-08-26T13:05:00.000Z,"-611","8",16,0,0
2026-08-26T13:10:00.000Z,"-619","8",16,0,0
2026-08-26T13:15:00.000Z,"-615","8",16,0,0
2026-08-26T13:20:00.000Z,"-612","8",16,0,0
2026-08-26T13:25:00.000Z,"-620","8",16,0,0
2026-08-26T13:30:00.000Z,"-631","8",16,0,0
2026-08-26T13:35:00.000Z,"-635","8",16,0,0
2026-08-26T13:40:00.000Z,"-639","8",16,0,0
2026-08-26T13:45:00.000Z,"-640","8",16,0,0
2026-08-26T13:50:00.000Z,"-642","8",16,0,0
2026-08-26T13:55:00.000Z,"-655","8",16,0,0
2026-08-26T14:00:00.000Z,"-645","8",16,0,0
2026-08-26T14:05:00.000Z,"-657","8",16,0,0
2026-08-26T14:10:00.000Z,"-667","8",16,0,0
2026-08-26T14:15:00.000Z,"-674","8",16,0,0
2026-08-26T14:20:00.000Z,"-669","8",16,0,0
2026-08-26T14:25:00.000Z,"-681","8",16,0,0
2026-08-26T14:30:00.000Z,"-681","8",16,0,0
2026-08-26T14:35:00.000Z,"-682","8",16,0,0
2026-08-26T14:40:00.000Z,"-697","8",16,0,0
2026-08-26T14:45:00.000Z,"-695","8",16,0,0
2026-08-26T14:50:00.000Z,"-702","8",16,0,0
2026-08-26T14:55:00.000Z,"-705","8",16,0,0
2026-08-26T15:00:00.000Z,"-709","8",16,0,0
2026-08-26T15:05:00.000Z,"-710","8",16,0,0
2026-08-26T15:10:00.000Z,"-711","8",16,0,0
2026-08-26T15:15:00.000Z,"-715","8",16,0,0
2026-08-26T15:20:00.000Z,"-721","8",16,0,0
2026-08-26T15:25:00.000Z,"-724","8",16,0,0
2026-08-26T15:30:00.000Z,"-726","8",16,0,0
2026-08-26T15:35:00.000Z,"-721","8",16,0,0
2026-08-26T15:40:00.000Z,"-725","8",16,0,0
2026-08-26T15:45:00.000Z,"-726","8",16,0,0
2026-08-26T15:50:00.000Z,"-730","8",16,0,0
2026-08-26T15:55:00.000Z,"-727","8",16,0,0
2026-08-26T16:00:00.000Z,"-729","8",16,0,0
2026-08-26T16:05:00.000Z,"-727","8",16,0,0
2026-08-26T16:10:00.000Z,"-727","8",16,0,0
2026-08-26T16:15:00.000Z,"-731","8",16,0,0
2026-08-26T16:20:00.000Z,"-732","8",16,0,0
2026-08-26T16:25:00.000Z,"-726","8",16,0,0
2026-08-26T16:30:00.000Z,"-727","8",16,0,0
2026-08-26T16:35:00.000Z,"-731","8",16,0,0
2026-08-26T16:40:00.000Z,"-724","8",16,0,0
2026-08-26T16:45:00.000Z,"-727","8",16,0,0
2026-08-26T16:50:00.000Z,"-715","8",16,0,0
2026-08-26T16:55:00.000Z,"-729","8",16,0,0
2026-08-26T17:00:00.000Z,"-712","8",16,0,0
2026-08-26T17:05:00.000Z,"-711","8",16,0,0
2026-08-26T17:10:00.000Z,"-710","8",16,0,0
2026-08-26T17:15:00.000Z,"-709","8",16,0,0
2026-08-26T17:20:00.000Z,"-700","8",16,0,0
2026-08-26T17:25:00.000Z,"-697","8",16,0,0
2026-08-26T17:30:00.000Z,"-697","8",16,0,0
2026-08-26T17:35:00.000Z,"-692","8",16,0,0
2026-08-26T17:40:00.000Z,"-689","8",16,0,0
2026-08-26T17:45:00.000Z,"-690","8",16,0,0
2026-08-26T17:50:00.000Z,"-684","8",16,0,0
2026-08-26T17:55:00.000Z,"-684","8",16,0,0
2026-08-26T18:00:00.000Z,"-684","8",16,0,0
2026-08-26T18:05:00.000Z,"-684","8",16,0,0
2026-08-26T18:10:00.000Z,"-680","8",16,0,0
2026-08-26T18:15:00.000Z,"-674","8",16,0,0
2026-08-26T18:20:00.000Z,"-679","8",16,0,0
2026-08-26T18:25:00.000Z,"-672","8",16,0,0
2026-08-26T18:30:00.000Z,"-671","8",16,0,0
2026-08-26T18:35:00.000Z,"-676","8",16,0,0
2026-08-26T18:40:00.000Z,"-670","8",16,0,0
2026-08-26T18:45:00.000Z,"-671","8",16,0,0
2026-08-26T18:50:00.000Z,"-674","8",16,0,0
2026-08-26T18:55:00.000Z,"-667","8",16,0,0
2026-08-26T19:00:00.000Z,"-667","8",16,0,0
2026-08-26T19:05:00.000Z,"-665","8",16,0,0
2026-08-26T19:10:00.000Z,"-664","8",16,0,0
2026-08-26T19:15:00.000Z,"-665","8",16,0,0
2026-08-26T19:20:00.000Z,"-662","8",16,0,0
2026-08-26T19:25:00.000Z,"-661","8",16,0,0
2026-08-26T19:30:00.000Z,"-661","8",16,0,0
2026-08-26T19:35:00.000Z,"-665","8",16,0,0
2026-08-26T19:40:00.000Z,"-660","8",16,0,0
2026-08-26T19:45:00.000Z,"-661","8",16,0,0
2026-08-26T19:50:00.000Z,"-659","8",16,0,0
2026-08-26T19:55:00.000Z,"-655","8",16,0,0
2026-08-26T20:00:00.000Z,"-646","8",16,0,0
2026-08-26T20:05:00.000Z,"-644","8",16,0,0
2026-08-26T20:10:00.000Z,"-640","8",16,0,0
2026-08-26T20:15:00.000Z,"-642","8",16,0,0
2026-08-26T20:20:00.000Z,"-640","8",16,0,0
2026-08-26T20:25:00.000Z,"-630","8",16,0,0
2026-08-26T20:30:00.000Z,"-641","8",16,0,0
2026-08-26T20:35:00.000Z,"-632","8",16,0,0
2026-08-26T20:40:00.000Z,"-627","8",16,0,0
2026-08-26T20:45:00.000Z,"-624","8",16,0,0
2026-08-26T20:50:00.000Z,"-621","8",16,0,0
2026-08-26T20:55:00.000Z,"-617","8",16,0,0
2026-08-26T21:00:00.000Z,"-615","8",16,0,0
2026-08-26T21:05:00.000Z,"-615","8",16,0,0
2026-08-26T21:10:00.000Z,"-622","8",16,0,0
2026-08-26T21:15:00.000Z,"-635","8",16,0,0
2026-08-26T21:20:00.000Z,"-626","8",16,0,0
2026-08-26T21:25:00.000Z,"-625","8",16,0,0
2026-08-26T21:30:00.000Z,"-620","8",16,0,0
2026-08-26T21:35:00.000Z,"-616","8",16,0,0
2026-08-26T21:40:00.000Z,"-619","8",16,0,0
2026-08-26T21:45:00.000Z,"-624","8",16,0,0
2026-08-26T21:50:00.000Z,"-635","8",16,0,0
2026-08-26T21:55:00.000Z,"-642","8",16,0,0
2026-08-26T22:00:00.000Z,"-647","8",16,0,0
2026-08-26T22:05:00.000Z,"-647","8",16,0,0
2026-08-26T22:10:00.000Z,"-652","8",16,0,0
2026-08-26T22:15:00.000Z,"-651","8",16,0,0
2026-08-26T22:20:00.000Z,"-655","8",16,0,0
2026-08-26T22:25:00.000Z,"-659","8",16,0,0
2026-08-26T22:30:00.000Z,"-659","8",16,0,0
2026-08-26T22:35:00.000Z,"-664","8",16,0,0
2026-08-26T22:40:00.000Z,"-667","8",16,0,0
2026-08-26T22:45:00.000Z,"-665","8",16,0,0
2026-08-26T22:50:00.000Z,"-660","8",16,0,0
2026-08-26T22:55:00.000Z,"-669","8",16,0,0
2026-08-26T23:00:00.000Z,"-657","8",16,0,0
2026-08-26T23:05:00.000Z,"-657","8",16,0,0
2026-08-26T23:10:00.000Z,"-660","8",16,0,0
2026-08-26T23:15:00.000Z,"-659","8",16,0,0
2026-08-26T23:20:00.000Z,"-657","8",16,0,0
2026-08-26T23:25:00.000Z,"-657","8",16,0,0
2026-08-26T23:30:00.000Z,"-655","8",16,0,0
2026-08-26T23:35:00.000Z,"-655","8",16,0,0
2026-08-26T23:40:00.000Z,"-654","8",16,0,0
2026-08-26T23:45:00.000Z,"-656","8",16,0,0
2026-08-26T23:50:00.000Z,"-651","8",16,0,0
2026-08-26T23:55:00.000Z,"-651","8",16,0,0
2026-08-27T00:00:00.000Z,"-641","8",16,0,0
2026-08-27T00:05:00.000Z,"-637","8",16,0,0
2026-08-27T00:10:00.000Z,"-630","8",16,0,0
2026-08-27T00:15:00.000Z,"-627","8",16,0,0
2026-08-27T00:20:00.000Z,"-620","8",16,0,0
2026-08-27T00:25:00.000Z,"-617","8",16,0,0
2026-08-27T00:30:00.000Z,"-616","8",16,0,0
2026-08-27T00:35:00.000Z,"-614","8",16,0,0
2026-08-27T00:40:00.000Z,"-607","8",16,0,0
2026-08-27T00:45:00.000Z,"-602","8",16,0,0
2026-08-27T00:50:00.000Z,"-596","8",16,0,0
2026-08-27T00:55:00.000Z,"-592","8",16,0,0
2026-08-27T01:00:00.000Z,"-587","8",16,0,0
2026-08-27T01:05:00.000Z,"-582","8",16,0,0
2026-08-27T01:10:00.000Z,"-579","8",16,0,0
2026-08-27T01:15:00.000Z,"-574","8",16,0,0
2026-08-27T01:20:00.000Z,"-571","8",16,0,0
2026-08-27T01:25:00.000Z,"-565","8",16,0,0
2026-08-27T01:30:00.000Z,"-559","8",16,0,0
2026-08-27T01:35:00.000Z,"-551","8",16,0,0
2026-08-27T01:40:00.000Z,"-551","8",16,0,0
2026-08-27T01:45:00.000Z,"-546","8",16,0,0
2026-08-27T01:50:00.000Z,"-537","8",16,0,0
2026-08-27T01:55:00.000Z,"-534","8",16,0,0
2026-08-27T02:00:00.000Z,"-529","8",16,0,0
2026-08-27T02:05:00.000Z,"-524","8",16,0,0
2026-08-27T02:10:00.000Z,"-521","8",16,0,0
2026-08-27T02:15:00.000Z,"-512","8",16,0,0
2026-08-27T02:20:00.000Z,"-510","8",16,0,0
2026-08-27T02:25:00.000Z,"-507","8",16,0,0
2026-08-27T02:30:00.000Z,"-501","8",16,0,0
2026-08-27T02:35:00.000Z,"-496","8",16,0,0
2026-08-27T02:40:00.000Z,"-491","8",16,0,0
2026-08-27T02:45:00.000Z,"-489","8",16,0,0
2026-08-27T02:50:00.000Z,"-486","8",16,0,0
2026-08-27T02:55:00.000Z,"-479","8",16,0,0
2026-08-27T03:00:00.000Z,"-476","8",16,0,0
2026-08-27T03:05:00.000Z,"-471","8",16,0,0
2026-08-27T03:10:00.000Z,"-469","8",16,0,0
2026-08-27T03:15:00.000Z,"-466","8",16,0,0
2026-08-27T03:20:00.000Z,"-460","8",16,0,0
2026-08-27T03:25:00.000Z,"-457","8",16,0,0
2026-08-27T03:30:00.000Z,"-455","8",16,0,0
2026-08-27T03:35:00.000Z,"-449","8",16,0,0
2026-08-27T03:40:00.000Z,"-447","8",16,0,0
2026-08-27T03:45:00.000Z,"-444","8",16,0,0
2026-08-27T03:50:00.000Z,"-441","8",16,0,0
2026-08-27T03:55:00.000Z,"-439","8",16,0,0
2026-08-27T04:00:00.000Z,"-435","8",16,0,0
2026-08-27T04:05:00.000Z,"-434","8",16,0,0
2026-08-27T04:10:00.000Z,"-430","8",16,0,0
2026-08-27T04:15:00.000Z,"-429","8",16,0,0
2026-08-27T04:20:00.000Z,"-427","8",16,0,0
2026-08-27T04:25:00.000Z,"-422","8",16,0,0
2026-08-27T04:30:00.000Z,"-422","8",16,0,0
2026-08-27T04:35:00.000Z,"-419","8",16,0,0
2026-08-27T04:40:00.000Z,"-415","8",16,0,0
2026-08-27T04:45:00.000Z,"-412","8",16,0,0
2026-08-27T04:50:00.000Z,"-412","8",16,0,0
2026-08-27T04:55:00.000Z,"-410","8",16,0,0
2026-08-27T05:00:00.000Z,"-410","8",16,0,0
2026-08-27T05:05:00.000Z,"-405","8",16,0,0
2026-08-27T05:10:00.000Z,"-404","8",16,0,0
2026-08-27T05:15:00.000Z,"-402","8",16,0,0
2026-08-27T05:20:00.000Z,"-402","8",16,0,0
2026-08-27T05:25:00.000Z,"-401","8",16,0,0
2026-08-27T05:30:00.000Z,"-401","8",16,0,0
2026-08-27T05:35:00.000Z,"-402","8",16,0,0
2026-08-27T05:40:00.000Z,"-404","8",16,0,0
2026-08-27T05:45:00.000Z,"-405","8",16,0,0
2026-08-27T05:50:00.000Z,"-409","8",16,0,0
2026-08-27T05:55:00.000Z,"-406","8",16,0,0
2026-08-27T06:00:00.000Z,"-410","8",16,0,0
2026-08-27T06:05:00.000Z,"-410","8",16,0,0
2026-08-27T06:10:00.000Z,"-414","8",16,0,0
2026-08-27T06:15:00.000Z,"-420","8",16,0,0
2026-08-27T06:20:00.000Z,"-420","8",16,0,0
2026-08-27T06:25:00.000Z,"-425","8",16,0,0
2026-08-27T06:30:00.000Z,"-430","8",16,0,0
2026-08-27T06:35:00.000Z,"-434","8",16,0,0
2026-08-27T06:40:00.000Z,"-437","8",16,0,0
2026-08-27T06:45:00.000Z,"-444","8",16,0,0
2026-08-27T06:50:00.000Z,"-451","8",16,0,0
2026-08-27T06:55:00.000Z,"-459","8",16,0,0
2026-08-27T07:00:00.000Z,"-461","8",16,0,0
2026-08-27T07:05:00.000Z,"-467","8",16,0,0
2026-08-27T07:10:00.000Z,"-471","8",16,0,0
2026-08-27T07:15:00.000Z,"-476","8",16,0,0
2026-08-27T07:20:00.000Z,"-480","8",16,0,0
2026-08-27T07:25:00.000Z,"-492","8",16,0,0
2026-08-27T07:30:00.000Z,"-489","8",16,0,0
2026-08-27T07:35:00.000Z,"-491","8",16,0,0
2026-08-27T07:40:00.000Z,"-495","8",16,0,0
2026-08-27T07:45:00.000Z,"-494","8",16,0,0
2026-08-27T07:50:00.000Z,"-495","8",16,0,0
2026-08-27T07:55:00.000Z,"-496","8",16,0,0
2026-08-27T08:00:00.000Z,"-497","8",16,0,0
2026-08-27T08:05:00.000Z,"-494","8",16,0,0
2026-08-27T08:10:00.000Z,"-495","8",16,0,0
2026-08-27T08:15:00.000Z,"-492","8",16,0,0
2026-08-27T08:20:00.000Z,"-490","8",16,0,0
2026-08-27T08:25:00.000Z,"-486","8",16,0,0
2026-08-27T08:30:00.000Z,"-487","8",16,0,0
2026-08-27T08:35:00.000Z,"-486","8",16,0,0
2026-08-27T08:40:00.000Z,"-479","8",16,0,0
2026-08-27T08:45:00.000Z,"-474","8",16,0,0
2026-08-27T08:50:00.000Z,"-470","8",16,0,0
2026-08-27T08:55:00.000Z,"-466","8",16,0,0
2026-08-27T09:00:00.000Z,"-465","8",16,0,0
2026-08-27T09:05:00.000Z,"-462","8",16,0,0
2026-08-27T09:10:00.000Z,"-452","8",16,0,0
2026-08-27T09:15:00.000Z,"-449","8",16,0,0
2026-08-27T09:20:00.000Z,"-451","8",16,0,0
2026-08-27T09:25:00.000Z,"-441","8",16,0,0
2026-08-27T09:30:00.000Z,"-435","8",16,0,0
2026-08-27T09:35:00.000Z,"-431","8",16,0,0
2026-08-27T09:40:00.000Z,"-427","8",16,0,0
2026-08-27T09:45:00.000Z,"-420","8",16,0,0
2026-08-27T09:50:00.000Z,"-414","8",16,0,0
2026-08-27T09:55:00.000Z,"-407","8",16,0,0
2026-08-27T10:00:00.000Z,"-410","8",16,0,0
2026-08-27T10:05:00.000Z,"-409","8",16,0,0
2026-08-27T10:10:00.000Z,"-397","8",16,0,0
2026-08-27T10:15:00.000Z,"-391","8",16,0,0
2026-08-27T10:20:00.000Z,"-387","8",16,0,0
2026-08-27T10:25:00.000Z,"-386","8",16,0,0
2026-08-27T10:30:00.000Z,"-382","8",16,0,0
2026-08-27T10:35:00.000Z,"-369","8",16,0,0
2026-08-27T10:40:00.000Z,"-367","8",16,0,0
2026-08-27T10:45:00.000Z,"-361","8",16,0,0
2026-08-27T10:50:00.000Z,"-359","8",16,0,0
2026-08-27T10:55:00.000Z,"-359","8",16,0,0
2026-08-27T11:00:00.000Z,"-352","8",16,0,0
2026-08-27T11:05:00.000Z,"-356","8",16,0,0
2026-08-27T11:10:00.000Z,"-345","8",16,0,0
2026-08-27T11:15:00.000Z,"-349","8",16,0,0
2026-08-27T11:20:00.000Z,"-341","8",16,0,0
2026-08-27T11:25:00.000Z,"-341","8",16,0,0
2026-08-27T11:30:00.000Z,"-342","8",16,0,0
2026-08-27T11:35:00.000Z,"-337","8",16,0,0
2026-08-27T11:40:00.000Z,"-340","8",16,0,0
2026-08-27T11:45:00.000Z,"-332","8",16,0,0
2026-08-27T11:50:00.000Z,"-340","8",16,0,0
2026-08-27T11:55:00.000Z,"-334","8",16,0,0
2026-08-27T12:00:00.000Z,"-342","8",16,0,0
2026-08-27T12:05:00.000Z,"-341","8",16,0,0
2026-08-27T12:10:00.000Z,"-336","8",16,0,0
2026-08-27T12:15:00.000Z,"-336","8",16,0,0
2026-08-27T12:20:00.000Z,"-336","8",16,0,0
2026-08-27T12:25:00.000Z,"-339","8",16,0,0
2026-08-27T12:30:00.000Z,"-339","8",16,0,0
2026-08-27T12:35:00.000Z,"-340","8",16,0,0
2026-08-27T12:40:00.000Z,"-337","8",16,0,0
2026-08-27T12:45:00.000Z,"-346","8",16,0,0
2026-08-27T12:50:00.000Z,"-347","8",16,0,0
2026-08-27T12:55:00.000Z,"-347","8",16,0,0
2026-08-27T13:00:00.000Z,"-349","8",16,0,0
2026-08-27T13:05:00.000Z,"-356","8",16,0,0
2026-08-27T13:10:00.000Z,"-365","8",16,0,0
2026-08-27T13:15:00.000Z,"-362","8",16,0,0
2026-08-27T13:20:00.000Z,"-362","8",16,0,0
2026-08-27T13:25:00.000Z,"-372","8",16,0,0
2026-08-27T13:30:00.000Z,"-367","8",16,0,0
2026-08-27T13:35:00.000Z,"-369","8",16,0,0
2026-08-27T13:40:00.000Z,"-370","8",16,0,0
2026-08-27T13:45:00.000Z,"-374","8",16,0,0
2026-08-27T13:50:00.000Z,"-375","8",16,0,0
2026-08-27T13:55:00.000Z,"-380","8",16,0,0
2026-08-27T14:00:00.000Z,"-381","8",16,0,0
2026-08-27T14:05:00.000Z,"-384","8",16,0,0
2026-08-27T14:10:00.000Z,"-385","8",16,0,0
2026-08-27T14:15:00.000Z,"-390","8",16,0,0
2026-08-27T14:20:00.000Z,"-392","8",16,0,0
2026-08-27T14:25:00.000Z,"-395","8",16,0,0
2026-08-27T14:30:00.000Z,"-401","8",16,0,0
2026-08-27T14:35:00.000Z,"-411","8",16,0,0
2026-08-27T14:40:00.000Z,"-410","8",16,0,0
2026-08-27T14:45:00.000Z,"-425","8",16,0,0
2026-08-27T14:50:00.000Z,"-421","8",16,0,0
2026-08-27T14:55:00.000Z,"-427","8",16,0,0
2026-08-27T15:00:00.000Z,"-434","8",16,0,0
2026-08-27T15:05:00.000Z,"-436","8",16,0,0
2026-08-27T15:10:00.000Z,"-435","8",16,0,0
2026-08-27T15:15:00.000Z,"-436","8",16,0,0
2026-08-27T15:20:00.000Z,"-434","8",16,0,0
2026-08-27T15:25:00.000Z,"-440","8",16,0,0
2026-08-27T15:30:00.000Z,"-439","8",16,0,0
2026-08-27T15:35:00.000Z,"-440","8",16,0,0
2026-08-27T15:40:00.000Z,"-440","8",16,0,0
2026-08-27T15:45:00.000Z,"-446","8",16,0,0
2026-08-27T15:50:00.000Z,"-451","8",16,0,0
2026-08-27T15:55:00.000Z,"-449","8",16,0,0
2026-08-27T16:00:00.000Z,"-449","8",16,0,0
2026-08-27T16:05:00.000Z,"-452","8",16,0,0
2026-08-27T16:10:00.000Z,"-457","8",16,0,0
2026-08-27T16:15:00.000Z,"-464","8",16,0,0
2026-08-27T16:20:00.000Z,"-467","8",16,0,0
2026-08-27T16:25:00.000Z,"-456","8",16,0,0
2026-08-27T16:30:00.000Z,"-462","8",16,0,0
2026-08-27T16:35:00.000Z,"-462","8",16,0,0
2026-08-27T16:40:00.000Z,"-469","8",16,0,0
2026-08-27T16:45:00.000Z,"-469","8",16,0,0
2026-08-27T16:50:00.000Z,"-475","8",16,0,0
2026-08-27T16:55:00.000Z,"-475","8",16,0,0
2026-08-27T17:00:00.000Z,"-472","8",16,0,0
2026-08-27T17:05:00.000Z,"-472","8",16,0,0
2026-08-27T17:10:00.000Z,"-476","8",16,0,0
2026-08-27T17:15:00.000Z,"-481","8",16,0,0
2026-08-27T17:20:00.000Z,"-484","8",16,0,0
2026-08-27T17:25:00.000Z,"-482","8",16,0,0
2026-08-27T17:30:00.000Z,"-484","8",16,0,0
2026-08-27T17:35:00.000Z,"-480","8",16,0,0
2026-08-27T17:40:00.000Z,"-481","8",16,0,0
2026-08-27T17:45:00.000Z,"-487","8",16,0,0
2026-08-27T17:50:00.000Z,"-485","8",16,0,0
2026-08-27T17:55:00.000Z,"-485","8",16,0,0
2026-08-27T18:00:00.000Z,"-484","8",16,0,0
2026-08-27T18:05:00.000Z,"-485","8",16,0,0
2026-08-27T18:10:00.000Z,"-486","8",16,0,0
2026-08-27T18:15:00.000Z,"-489","8",16,0,0
2026-08-27T18:20:00.000Z,"-489","8",16,0,0
2026-08-27T18:25:00.000Z,"-491","8",16,0,0
2026-08-27T18:30:00.000Z,"-492","8",16,0,0
2026-08-27T18:35:00.000Z,"-494","8",16,0,0
2026-08-27T18:40:00.000Z,"-497","8",16,0,0
2026-08-27T18:45:00.000Z,"-500","8",16,0,0
2026-08-27T18:50:00.000Z,"-497","8",16,0,0
2026-08-27T18:55:00.000Z,"-501","8",16,0,0
2026-08-27T19:00:00.000Z,"-501","8",16,0,0
2026-08-27T19:05:00.000Z,"-502","8",16,0,0
2026-08-27T19:10:00.000Z,"-502","8",16,0,0
2026-08-27T19:15:00.000Z,"-502","8",16,0,0
2026-08-27T19:20:00.000Z,"-501","8",16,0,0
2026-08-27T19:25:00.000Z,"-505","8",16,0,0
2026-08-27T19:30:00.000Z,"-509","8",16,0,0
2026-08-27T19:35:00.000Z,"-506","8",16,0,0
2026-08-27T19:40:00.000Z,"-507","8",16,0,0
2026-08-27T19:45:00.000Z,"-502","8",16,0,0
2026-08-27T19:50:00.000Z,"-507","8",16,0,0
2026-08-27T19:55:00.000Z,"-510","8",16,0,0
2026-08-27T20:00:00.000Z,"-510","8",16,0,0
2026-08-27T20:05:00.000Z,"-505","8",16,0,0
2026-08-27T20:10:00.000Z,"-509","8",16,0,0
2026-08-27T20:15:00.000Z,"-507","8",16,0,0
2026-08-27T20:20:00.000Z,"-506","8",16,0,0
2026-08-27T20:25:00.000Z,"-509","8",16,0,0
2026-08-27T20:30:00.000Z,"-502","8",16,0,0
2026-08-27T20:35:00.000Z,"-506","8",16,0,0
2026-08-27T20:40:00.000Z,"-502","8",16,0,0
2026-08-27T20:45:00.000Z,"-506","8",16,0,0
2026-08-27T20:50:00.000Z,"-506","8",16,0,0
2026-08-27T20:55:00.000Z,"-506","8",16,0,0
2026-08-27T21:00:00.000Z,"-506","8",16,0,0
2026-08-27T21:05:00.000Z,"-516","8",16,0,0
2026-08-27T21:10:00.000Z,"-506","8",16,0,0
2026-08-27T21:15:00.000Z,"-505","8",16,0,0
2026-08-27T21:20:00.000Z,"-507","8",16,0,0
2026-08-27T21:25:00.000Z,"-506","8",16,0,0
2026-08-27T21:30:00.000Z,"-506","8",16,0,0
2026-08-27T21:35:00.000Z,"-502","8",16,0,0
2026-08-27T21:40:00.000Z,"-510","8",16,0,0
2026-08-27T21:45:00.000Z,"-510","8",16,0,0
2026-08-27T21:50:00.000Z,"-512","8",16,0,0
2026-08-27T21:55:00.000Z,"-510","8",16,0,0
2026-08-27T22:00:00.000Z,"-516","8",16,0,0
2026-08-27T22:05:00.000Z,"-517","8",16,0,0
2026-08-27T22:10:00.000Z,"-527","8",16,0,0
2026-08-27T22:15:00.000Z,"-527","8",16,0,0
2026-08-27T22:20:00.000Z,"-522","8",16,0,0
2026-08-27T22:25:00.000Z,"-524","8",16,0,0
2026-08-27T22:30:00.000Z,"-525","8",16,0,0
2026-08-27T22:35:00.000Z,"-531","8",16,0,0
2026-08-27T22:40:00.000Z,"-539","8",16,0,0
2026-08-27T22:45:00.000Z,"-546","8",16,0,0
2026-08-27T22:50:00.000Z,"-545","8",16,0,0
2026-08-27T22:55:00.000Z,"-546","8",16,0,0
2026-08-27T23:00:00.000Z,"-547","8",16,0,0
2026-08-27T23:05:00.000Z,"-551","8",16,0,0
2026-08-27T23:10:00.000Z,"-555","8",16,0,0
2026-08-27T23:15:00.000Z,"-552","8",16,0,0
2026-08-27T23:20:00.000Z,"-556","8",16,0,0
2026-08-27T23:25:00.000Z,"-557","8",16,0,0
2026-08-27T23:30:00.000Z,"-557","8",16,0,0
2026-08-27T23:35:00.000Z,"-557","8",16,0,0
2026-08-27T23:40:00.000Z,"-562","8",16,0,0
2026-08-27T23:45:00.000Z,"-559","8",16,0,0
2026-08-27T23:50:00.000Z,"-560","8",16,0,0
2026-08-27T23:55:00.000Z,"-561","8",16,0,0
2026-08-28T00:00:00.000Z,"-560","8",16,0,0
2026-08-28T00:05:00.000Z,"-562","8",16,0,0
2026-08-28T00:10:00.000Z,"-559","8",16,0,0
2026-08-28T00:15:00.000Z,"-561","8",16,0,0
2026-08-28T00:20:00.000Z,"-559","8",16,0,0
2026-08-28T00:25:00.000Z,"-561","8",16,0,0
2026-08-28T00:30:00.000Z,"-560","8",16,0,0
2026-08-28T00:35:00.000Z,"-555","8",16,0,0
2026-08-28T00:40:00.000Z,"-556","8",16,0,0
2026-08-28T00:45:00.000Z,"-554","8",16,0,0
2026-08-28T00:50:00.000Z,"-554","8",16,0,0
2026-08-28T00:55:00.000Z,"-551","8",16,0,0
2026-08-28T01:00:00.000Z,"-552","8",16,0,0
2026-08-28T01:05:00.000Z,"-547","8",16,0,0
2026-08-28T01:10:00.000Z,"-547","8",16,0,0
2026-08-28T01:15:00.000Z,"-549","8",16,0,0
2026-08-28T01:20:00.000Z,"-545","8",16,0,0
2026-08-28T01:25:00.000Z,"-542","8",16,0,0
2026-08-28T01:30:00.000Z,"-537","8",16,0,0
2026-08-28T01:35:00.000Z,"-541","8",16,0,0
2026-08-28T01:40:00.000Z,"-535","8",16,0,0
2026-08-28T01:45:00.000Z,"-535","8",16,0,0
2026-08-28T01:50:00.000Z,"-536","8",16,0,0
2026-08-28T01:55:00.000Z,"-535","8",16,0,0
2026-08-28T02:00:00.000Z,"-534","8",16,0,0
2026-08-28T02:05:00.000Z,"-539","8",16,0,0
2026-08-28T02:10:00.000Z,"-529","8",16,0,0
2026-08-28T02:15:00.000Z,"-524","8",16,0,0
2026-08-28T02:20:00.000Z,"-526","8",16,0,0
2026-08-28T02:25:00.000Z,"-524","8",16,0,0
2026-08-28T02:30:00.000Z,"-516","8",16,0,0
2026-08-28T02:35:00.000Z,"-512","8",16,0,0
2026-08-28T02:40:00.000Z,"-509","8",16,0,0
2026-08-28T02:45:00.000Z,"-517","8",16,0,0
2026-08-28T02:50:00.000Z,"-516","8",16,0,0
2026-08-28T02:55:00.000Z,"-510","8",16,0,0
2026-08-28T03:00:00.000Z,"-502","8",16,0,0
2026-08-28T03:05:00.000Z,"-510","8",16,0,0
2026-08-28T03:10:00.000Z,"-510","8",16,0,0
2026-08-28T03:15:00.000Z,"-501","8",16,0,0
2026-08-28T03:20:00.000Z,"-504","8",16,0,0
2026-08-28T03:25:00.000Z,"-500","8",16,0,0
2026-08-28T03:30:00.000Z,"-500","8",16,0,0
2026-08-28T03:35:00.000Z,"-499","8",16,0,0
2026-08-28T03:40:00.000Z,"-497","8",16,0,0
2026-08-28T03:45:00.000Z,"-494","8",16,0,0
2026-08-28T03:50:00.000Z,"-487","8",16,0,0
2026-08-28T03:55:00.000Z,"-489","8",16,0,0
2026-08-28T04:00:00.000Z,"-494","8",16,0,0
2026-08-28T04:05:00.000Z,"-484","8",16,0,0
2026-08-28T04:10:00.000Z,"-482","8",16,0,0
2026-08-28T04:15:00.000Z,"-489","8",16,0,0
2026-08-28T04:20:00.000Z,"-485","8",16,0,0
2026-08-28T04:25:00.000Z,"-482","8",16,0,0
2026-08-28T04:30:00.000Z,"-480","8",16,0,0
2026-08-28T04:35:00.000Z,"-482","8",16,0,0
2026-08-28T04:40:00.000Z,"-477","8",16,0,0
2026-08-28T04:45:00.000Z,"-475","8",16,0,0
2026-08-28T04:50:00.000Z,"-474","8",16,0,0
2026-08-28T04:55:00.000Z,"-477","8",16,0,0
2026-08-28T05:00:00.000Z,"-477","8",16,0,0
2026-08-28T05:05:00.000Z,"-471","8",16,0,0
2026-08-28T05:10:00.000Z,"-471","8",16,0,0
2026-08-28T05:15:00.000Z,"-471","8",16,0,0
2026-08-28T05:20:00.000Z,"-470","8",16,0,0
2026-08-28T05:25:00.000Z,"-471","8",16,0,0
2026-08-28T05:30:00.000Z,"-479","8",16,0,0
2026-08-28T05:35:00.000Z,"-475","8",16,0,0
2026-08-28T05:40:00.000Z,"-480","8",16,0,0
2026-08-28T05:45:00.000Z,"-472","8",16,0,0
2026-08-28T05:50:00.000Z,"-476","8",16,0,0
2026-08-28T05:55:00.000Z,"-481","8",16,0,0
2026-08-28T06:00:00.000Z,"-477","8",16,0,0
2026-08-28T06:05:00.000Z,"-477","8",16,0,0
2026-08-28T06:10:00.000Z,"-480","8",16,0,0
2026-08-28T06:15:00.000Z,"-484","8",16,0,0
2026-08-28T06:20:00.000Z,"-482","8",16,0,0
2026-08-28T06:25:00.000Z,"-485","8",16,0,0
2026-08-28T06:30:00.000Z,"-485","8",16,0,0
2026-08-28T06:35:00.000Z,"-492","8",16,0,0
2026-08-28T06:40:00.000Z,"-494","8",16,0,0
2026-08-28T06:45:00.000Z,"-501","8",16,0,0
2026-08-28T06:50:00.000Z,"-502","8",16,0,0
2026-08-28T06:55:00.000Z,"-501","8",16,0,0
2026-08-28T07:00:00.000Z,"-507","8",16,0,0
2026-08-28T07:05:00.000Z,"-519","8",16,0,0
2026-08-28T07:10:00.000Z,"-520","8",16,0,0
2026-08-28T07:15:00.000Z,"-519","8",16,0,0
2026-08-28T07:20:00.000Z,"-521","8",16,0,0
2026-08-28T07:25:00.000Z,"-521","8",16,0,0
2026-08-28T07:30:00.000Z,"-526","8",16,0,0
2026-08-28T07:35:00.000Z,"-527","8",16,0,0
2026-08-28T07:40:00.000Z,"-531","8",16,0,0
2026-08-28T07:45:00.000Z,"-531","8",16,0,0
2026-08-28T07:50:00.000Z,"-535","8",16,0,0
2026-08-28T07:55:00.000Z,"-536","8",16,0,0
2026-08-28T08:00:00.000Z,"-542","8",16,0,0
2026-08-28T08:05:00.000Z,"-536","8",16,0,0
2026-08-28T08:10:00.000Z,"-541","8",16,0,0
2026-08-28T08:15:00.000Z,"-541","8",16,0,0
2026-08-28T08:20:00.000Z,"-544","8",16,0,0
2026-08-28T08:25:00.000Z,"-546","8",16,0,0
2026-08-28T08:30:00.000Z,"-547","8",16,0,0
2026-08-28T08:35:00.000Z,"-551","8",16,0,0
2026-08-28T08:40:00.000Z,"-544","8",16,0,0
2026-08-28T08:45:00.000Z,"-549","8",16,0,0
2026-08-28T08:50:00.000Z,"-556","8",16,0,0
2026-08-28T08:55:00.000Z,"-550","8",16,0,0
2026-08-28T09:00:00.000Z,"-560","8",16,0,0
2026-08-28T09:05:00.000Z,"-560","8",16,0,0
2026-08-28T09:10:00.000Z,"-557","8",16,0,0
2026-08-28T09:15:00.000Z,"-559","8",16,0,0
2026-08-28T09:20:00.000Z,"-562","8",16,0,0
2026-08-28T09:25:00.000Z,"-561","8",16,0,0
2026-08-28T09:30:00.000Z,"-564","8",16,0,0
2026-08-28T09:35:00.000Z,"-562","8",16,0,0
2026-08-28T09:40:00.000Z,"-565","8",16,0,0
2026-08-28T09:45:00.000Z,"-566","8",16,0,0
2026-08-28T09:50:00.000Z,"-577","8",16,0,0
2026-08-28T09:55:00.000Z,"-574","8",16,0,0
2026-08-28T10:00:00.000Z,"-569","8",16,0,0
2026-08-28T10:05:00.000Z,"-571","8",16,0,0
2026-08-28T10:10:00.000Z,"-581","8",16,0,0
2026-08-28T10:15:00.000Z,"-577","8",16,0,0
2026-08-28T10:20:00.000Z,"-580","8",16,0,0
2026-08-28T10:25:00.000Z,"-576","8",16,0,0
2026-08-28T10:30:00.000Z,"-584","8",16,0,0
2026-08-28T10:35:00.000Z,"-582","8",16,0,0
2026-08-28T10:40:00.000Z,"-582","8",16,0,0
2026-08-28T10:45:00.000Z,"-587","8",16,0,0
2026-08-28T10:50:00.000Z,"-584","8",16,0,0
2026-08-28T10:55:00.000Z,"-585","8",16,0,0
2026-08-28T11:00:00.000Z,"-577","8",16,0,0
2026-08-28T11:05:00.000Z,"-577","8",16,0,0
2026-08-28T11:10:00.000Z,"-580","8",16,0,0
2026-08-28T11:15:00.000Z,"-577","8",16,0,0
2026-08-28T11:20:00.000Z,"-580","8",16,0,0
2026-08-28T11:25:00.000Z,"-576","8",16,0,0
2026-08-28T11:30:00.000Z,"-582","8",16,0,0
2026-08-28T11:35:00.000Z,"-582","8",16,0,0
2026-08-28T11:40:00.000Z,"-580","8",16,0,0
2026-08-28T11:45:00.000Z,"-576","8",16,0,0
2026-08-28T11:50:00.000Z,"-574","8",16,0,0
2026-08-28T11:55:00.000Z,"-572","8",16,0,0
2026-08-28T12:00:00.000Z,"-572","8",16,0,0
2026-08-28T12:05:00.000Z,"-579","8",16,0,0
2026-08-28T12:10:00.000Z,"-576","8",16,0,0
2026-08-28T12:15:00.000Z,"-574","8",16,0,0
2026-08-28T12:20:00.000Z,"-570","8",16,0,0
2026-08-28T12:25:00.000Z,"-566","8",16,0,0
2026-08-28T12:30:00.000Z,"-564","8",16,0,0
2026-08-28T12:35:00.000Z,"-570","8",16,0,0
2026-08-28T12:40:00.000Z,"-567","8",16,0,0
2026-08-28T12:45:00.000Z,"-580","8",16,0,0
2026-08-28T12:50:00.000Z,"-575","8",16,0,0
2026-08-28T12:55:00.000Z,"-572","8",16,0,0
2026-08-28T13:00:00.000Z,"-566","8",16,0,0
2026-08-28T13:05:00.000Z,"-571","8",16,0,0
2026-08-28T13:10:00.000Z,"-571","8",16,0,0
2026-08-28T13:15:00.000Z,"-566","8",16,0,0
2026-08-28T13:20:00.000Z,"-567","8",16,0,0
2026-08-28T13:25:00.000Z,"-566","8",16,0,0
2026-08-28T13:30:00.000Z,"-574","8",16,0,0
2026-08-28T13:35:00.000Z,"-566","8",16,0,0
2026-08-28T13:40:00.000Z,"-565","8",16,0,0
2026-08-28T13:45:00.000Z,"-565","8",16,0,0
2026-08-28T13:50:00.000Z,"-567","8",16,0,0
2026-08-28T13:55:00.000Z,"-569","8",16,0,0
2026-08-28T14:00:00.000Z,"-571","8",16,0,0
2026-08-28T14:05:00.000Z,"-572","8",16,0,0
2026-08-28T14:10:00.000Z,"-572","8",16,0,0
2026-08-28T14:15:00.000Z,"-574","8",16,0,0
2026-08-28T14:20:00.000Z,"-571","8",16,0,0
2026-08-28T14:25:00.000Z,"-582","8",16,0,0
2026-08-28T14:30:00.000Z,"-581","8",16,0,0
2026-08-28T14:35:00.000Z,"-577","8",16,0,0
2026-08-28T14:40:00.000Z,"-580","8",16,0,0
2026-08-28T14:45:00.000Z,"-579","8",16,0,0
2026-08-28T14:50:00.000Z,"-587","8",16,0,0
2026-08-28T14:55:00.000Z,"-590","8",16,0,0
2026-08-28T15:00:00.000Z,"-585","8",16,0,0
2026-08-28T15:05:00.000Z,"-584","8",16,0,0
2026-08-28T15:10:00.000Z,"-594","8",16,0,0
2026-08-28T15:15:00.000Z,"-587","8",16,0,0
2026-08-28T15:20:00.000Z,"-587","8",16,0,0
2026-08-28T15:25:00.000Z,"-594","8",16,0,0
2026-08-28T15:30:00.000Z,"-597","8",16,0,0
2026-08-28T15:35:00.000Z,"-605","8",16,0,0
2026-08-28T15:40:00.000Z,"-601","8",16,0,0
2026-08-28T15:45:00.000Z,"-599","8",16,0,0
2026-08-28T15:50:00.000Z,"-601","8",16,0,0
2026-08-28T15:55:00.000Z,"-595","8",16,0,0
2026-08-28T16:00:00.000Z,"-591","8",16,0,0
2026-08-28T16:05:00.000Z,"-595","8",16,0,0
2026-08-28T16:10:00.000Z,"-606","8",16,0,0
2026-08-28T16:15:00.000Z,"-610","8",16,0,0
2026-08-28T16:20:00.000Z,"-602","8",16,0,0
2026-08-28T16:25:00.000Z,"-609","8",16,0,0
2026-08-28T16:30:00.000Z,"-614","8",16,0,0
2026-08-28T16:35:00.000Z,"-609","8",16,0,0
2026-08-28T16:40:00.000Z,"-611","8",16,0,0
2026-08-28T16:45:00.000Z,"-615","8",16,0,0
2026-08-28T16:50:00.000Z,"-609","8",16,0,0
2026-08-28T16:55:00.000Z,"-612","8",16,0,0
2026-08-28T17:00:00.000Z,"-614","8",16,0,0
2026-08-28T17:05:00.000Z,"-612","8",16,0,0
2026-08-28T17:10:00.000Z,"-612","8",16,0,0
2026-08-28T17:15:00.000Z,"-606","8",16,0,0
2026-08-28T17:20:00.000Z,"-614","8",16,0,0
2026-08-28T17:25:00.000Z,"-614","8",16,0,0
2026-08-28T17:30:00.000Z,"-621","8",16,0,0
2026-08-28T17:35:00.000Z,"-626","8",16,0,0
2026-08-28T17:40:00.000Z,"-619","8",16,0,0
2026-08-28T17:45:00.000Z,"-626","8",16,0,0
2026-08-28T17:50:00.000Z,"-626","8",16,0,0
2026-08-28T17:55:00.000Z,"-624","8",16,0,0
2026-08-28T18:00:00.000Z,"-621","8",16,0,0
2026-08-28T18:05:00.000Z,"-619","8",16,0,0
2026-08-28T18:10:00.000Z,"-616","8",16,0,0
2026-08-28T18:15:00.000Z,"-612","8",16,0,0
2026-08-28T18:20:00.000Z,"-616","8",16,0,0
2026-08-28T18:25:00.000Z,"-615","8",16,0,0
2026-08-28T18:30:00.000Z,"-617","8",16,0,0
2026-08-28T18:35:00.000Z,"-617","8",16,0,0
2026-08-28T18:40:00.000Z,"-615","8",16,0,0
2026-08-28T18:45:00.000Z,"-621","8",16,0,0
2026-08-28T18:50:00.000Z,"-619","8",16,0,0
2026-08-28T18:55:00.000Z,"-625","8",16,0,0
2026-08-28T19:00:00.000Z,"-626","8",16,0,0
2026-08-28T19:05:00.000Z,"-621","8",16,0,0
2026-08-28T19:10:00.000Z,"-624","8",16,0,0
2026-08-28T19:15:00.000Z,"-619","8",16,0,0
2026-08-28T19:20:00.000Z,"-620","8",16,0,0
2026-08-28T19:25:00.000Z,"-620","8",16,0,0
2026-08-28T19:30:00.000Z,"-617","8",16,0,0
2026-08-28T19:35:00.000Z,"-621","8",16,0,0
2026-08-28T19:40:00.000Z,"-617","8",16,0,0
2026-08-28T19:45:00.000Z,"-621","8",16,0,0
2026-08-28T19:50:00.000Z,"-620","8",16,0,0
2026-08-28T19:55:00.000Z,"-621","8",16,0,0
2026-08-28T20:00:00.000Z,"-619","8",16,0,0
2026-08-28T20:05:00.000Z,"-620","8",16,0,0
2026-08-28T20:10:00.000Z,"-624","8",16,0,0
2026-08-28T20:15:00.000Z,"-622","8",16,0,0
2026-08-28T20:20:00.000Z,"-621","8",16,0,0
2026-08-28T20:25:00.000Z,"-621","8",16,0,0
2026-08-28T20:30:00.000Z,"-622","8",16,0,0
2026-08-28T20:35:00.000Z,"-625","8",16,0,0
2026-08-28T20:40:00.000Z,"-621","8",16,0,0
2026-08-28T20:45:00.000Z,"-621","8",16,0,0
2026-08-28T20:50:00.000Z,"-624","8",16,0,0
2026-08-28T20:55:00.000Z,"-626","8",16,0,0
2026-08-28T21:00:00.000Z,"-625","8",16,0,0
2026-08-28T21:05:00.000Z,"-624","8",16,0,0
2026-08-28T21:10:00.000Z,"-625","8",16,0,0
2026-08-28T21:15:00.000Z,"-626","8",16,0,0
2026-08-28T21:20:00.000Z,"-629","8",16,0,0
2026-08-28T21:25:00.000Z,"-626","8",16,0,0
2026-08-28T21:30:00.000Z,"-626","8",16,0,0
2026-08-28T21:35:00.000Z,"-625","8",16,0,0
2026-08-28T21:40:00.000Z,"-627","8",16,0,0
2026-08-28T21:45:00.000Z,"-627","8",16,0,0
2026-08-28T21:50:00.000Z,"-629","8",16,0,0
2026-08-28T21:55:00.000Z,"-626","8",16,0,0
2026-08-28T22:00:00.000Z,"-630","8",16,0,0
2026-08-28T22:05:00.000Z,"-624","8",16,0,0
2026-08-28T22:10:00.000Z,"-625","8",16,0,0
2026-08-28T22:15:00.000Z,"-627","8",16,0,0
2026-08-28T22:20:00.000Z,"-630","8",16,0,0
2026-08-28T22:25:00.000Z,"-627","8",16,0,0
2026-08-28T22:30:00.000Z,"-626","8",16,0,0
2026-08-28T22:35:00.000Z,"-627","8",16,0,0
2026-08-28T22:40:00.000Z,"-631","8",16,0,0
2026-08-28T22:45:00.000Z,"-629","8",16,0,0
2026-08-28T22:50:00.000Z,"-627","8",16,0,0
2026-08-28T22:55:00.000Z,"-629","8",16,0,0
2026-08-28T23:00:00.000Z,"-625","8",16,0,0
2026-08-28T23:05:00.000Z,"-626","8",16,0,0
2026-08-28T23:10:00.000Z,"-627","8",16,0,0
2026-08-28T23:15:00.000Z,"-625","8",16,0,0
2026-08-28T23:20:00.000Z,"-626","8",16,0,0
2026-08-28T23:25:00.000Z,"-625","8",16,0,0
2026-08-28T23:30:00.000Z,"-626","8",16,0,0
2026-08-28T23:35:00.000Z,"-624","8",16,0,0
2026-08-28T23:40:00.000Z,"-624","8",16,0,0
2026-08-28T23:45:00.000Z,"-622","8",16,0,0
2026-08-28T23:50:00.000Z,"-621","8",16,0,0
2026-08-28T23:55:00.000Z,"-622","8",16,0,0
2026-08-29T00:00:00.000Z,"-619","8",16,0,0
2026-08-29T00:05:00.000Z,"-621","8",16,0,0
2026-08-29T00:10:00.000Z,"-620","8",16,0,0
2026-08-29T00:15:00.000Z,"-619","8",16,0,0
2026-08-29T00:20:00.000Z,"-617","8",16,0,0
2026-08-29T00:25:00.000Z,"-617","8",16,0,0
2026-08-29T00:30:00.000Z,"-617","8",16,0,0
2026-08-29T00:35:00.000Z,"-616","8",16,0,0
2026-08-29T00:40:00.000Z,"-615","8",16,0,0
2026-08-29T00:45:00.000Z,"-612","8",16,0,0
2026-08-29T00:50:00.000Z,"-610","8",16,0,0
2026-08-29T00:55:00.000Z,"-611","8",16,0,0
2026-08-29T01:00:00.000Z,"-611","8",16,0,0
2026-08-29T01:05:00.000Z,"-610","8",16,0,0
2026-08-29T01:10:00.000Z,"-610","8",16,0,0
2026-08-29T01:15:00.000Z,"-606","8",16,0,0
2026-08-29T01:20:00.000Z,"-604","8",16,0,0
2026-08-29T01:25:00.000Z,"-600","8",16,0,0
2026-08-29T01:30:00.000Z,"-599","8",16,0,0
2026-08-29T01:35:00.000Z,"-601","8",16,0,0
2026-08-29T01:40:00.000Z,"-597","8",16,0,0
2026-08-29T01:45:00.000Z,"-595","8",16,0,0
2026-08-29T01:50:00.000Z,"-594","8",16,0,0
2026-08-29T01:55:00.000Z,"-594","8",16,0,0
2026-08-29T02:00:00.000Z,"-586","8",16,0,0
2026-08-29T02:05:00.000Z,"-584","8",16,0,0
2026-08-29T02:10:00.000Z,"-582","8",16,0,0
2026-08-29T02:15:00.000Z,"-582","8",16,0,0
2026-08-29T02:20:00.000Z,"-580","8",16,0,0
2026-08-29T02:25:00.000Z,"-575","8",16,0,0
2026-08-29T02:30:00.000Z,"-567","8",16,0,0
2026-08-29T02:35:00.000Z,"-570","8",16,0,0
2026-08-29T02:40:00.000Z,"-565","8",16,0,0
2026-08-29T02:45:00.000Z,"-562","8",16,0,0
2026-08-29T02:50:00.000Z,"-556","8",16,0,0
2026-08-29T02:55:00.000Z,"-554","8",16,0,0
2026-08-29T03:00:00.000Z,"-547","8",16,0,0
2026-08-29T03:05:00.000Z,"-544","8",16,0,0
2026-08-29T03:10:00.000Z,"-540","8",16,0,0
2026-08-29T03:15:00.000Z,"-535","8",16,0,0
2026-08-29T03:20:00.000Z,"-529","8",16,0,0
2026-08-29T03:25:00.000Z,"-521","8",16,0,0
2026-08-29T03:30:00.000Z,"-514","8",16,0,0
2026-08-29T03:35:00.000Z,"-510","8",16,0,0
2026-08-29T03:40:00.000Z,"-496","8",16,0,0
2026-08-29T03:45:00.000Z,"-491","8",16,0,0
2026-08-29T03:50:00.000Z,"-485","8",16,0,0
2026-08-29T03:55:00.000Z,"-481","8",16,0,0
2026-08-29T04:00:00.000Z,"-470","8",16,0,0
2026-08-29T04:05:00.000Z,"-462","8",16,0,0
2026-08-29T04:10:00.000Z,"-455","8",16,0,0
2026-08-29T04:15:00.000Z,"-446","8",16,0,0
2026-08-29T04:20:00.000Z,"-437","8",16,0,0
2026-08-29T04:25:00.000Z,"-436","8",16,0,0
2026-08-29T04:30:00.000Z,"-426","8",16,0,0
2026-08-29T04:35:00.000Z,"-421","8",16,0,0
2026-08-29T04:40:00.000Z,"-416","8",16,0,0
2026-08-29T04:45:00.000Z,"-411","8",16,0,0
2026-08-29T04:50:00.000Z,"-405","8",16,0,0
2026-08-29T04:55:00.000Z,"-402","8",16,0,0
2026-08-29T05:00:00.000Z,"-400","8",16,0,0
2026-08-29T05:05:00.000Z,"-394","8",16,0,0
2026-08-29T05:10:00.000Z,"-395","8",16,0,0
2026-08-29T05:15:00.000Z,"-390","8",16,0,0
2026-08-29T05:20:00.000Z,"-390","8",16,0,0
2026-08-29T05:25:00.000Z,"-389","8",16,0,0
2026-08-29T05:30:00.000Z,"-390","8",16,0,0
2026-08-29T05:35:00.000Z,"-387","8",16,0,0
2026-08-29T05:40:00.000Z,"-387","8",16,0,0
2026-08-29T05:45:00.000Z,"-387","8",16,0,0
2026-08-29T05:50:00.000Z,"-389","8",16,0,0
2026-08-29T05:55:00.000Z,"-392","8",16,0,0
2026-08-29T06:00:00.000Z,"-392","8",16,0,0
2026-08-29T06:05:00.000Z,"-396","8",16,0,0
2026-08-29T06:10:00.000Z,"-397","8",16,0,0
2026-08-29T06:15:00.000Z,"-401","8",16,0,0
2026-08-29T06:20:00.000Z,"-405","8",16,0,0
2026-08-29T06:25:00.000Z,"-407","8",16,0,0
2026-08-29T06:30:00.000Z,"-411","8",16,0,0
2026-08-29T06:35:00.000Z,"-415","8",16,0,0
2026-08-29T06:40:00.000Z,"-417","8",16,0,0
2026-08-29T06:45:00.000Z,"-422","8",16,0,0
2026-08-29T06:50:00.000Z,"-426","8",16,0,0
2026-08-29T06:55:00.000Z,"-431","8",16,0,0
2026-08-29T07:00:00.000Z,"-435","8",16,0,0
2026-08-29T07:05:00.000Z,"-440","8",16,0,0
2026-08-29T07:10:00.000Z,"-445","8",16,0,0
2026-08-29T07:15:00.000Z,"-450","8",16,0,0
2026-08-29T07:20:00.000Z,"-455","8",16,0,0
2026-08-29T07:25:00.000Z,"-459","8",16,0,0
2026-08-29T07:30:00.000Z,"-465","8",16,0,0
2026-08-29T07:35:00.000Z,"-470","8",16,0,0
2026-08-29T07:40:00.000Z,"-475","8",16,0,0
2026-08-29T07:45:00.000Z,"-480","8",16,0,0
2026-08-29T07:50:00.000Z,"-485","8",16,0,0
2026-08-29T07:55:00.000Z,"-490","8",16,0,0
2026-08-29T08:00:00.000Z,"-495","8",16,0,0
2026-08-29T08:05:00.000Z,"-499","8",16,0,0
2026-08-29T08:10:00.000Z,"-506","8",16,0,0
2026-08-29T08:15:00.000Z,"-512","8",16,0,0
2026-08-29T08:20:00.000Z,"-516","8",16,0,0
2026-08-29T08:25:00.000Z,"-526","8",16,0,0
2026-08-29T08:30:00.000Z,"-526","8",16,0,0
2026-08-29T08:35:00.000Z,"-532","8",16,0,0
2026-08-29T08:40:00.000Z,"-536","8",16,0,0
2026-08-29T08:45:00.000Z,"-539","8",16,0,0
2026-08-29T08:50:00.000Z,"-544","8",16,0,0
2026-08-29T08:55:00.000Z,"-552","8",16,0,0
2026-08-29T09:00:00.000Z,"-556","8",16,0,0
2026-08-29T09:05:00.000Z,"-561","8",16,0,0
2026-08-29T09:10:00.000Z,"-566","8",16,0,0
2026-08-29T09:15:00.000Z,"-571","8",16,0,0
2026-08-29T09:20:00.000Z,"-574","8",16,0,0
2026-08-29T09:25:00.000Z,"-579","8",16,0,0
2026-08-29T09:30:00.000Z,"-582","8",16,0,0
2026-08-29T09:35:00.000Z,"-590","8",16,0,0
2026-08-29T09:40:00.000Z,"-596","8",16,0,0
2026-08-29T09:45:00.000Z,"-599","8",16,0,0
2026-08-29T09:50:00.000Z,"-601","8",16,0,0
2026-08-29T09:55:00.000Z,"-601","8",16,0,0
2026-08-29T10:00:00.000Z,"-609","8",16,0,0
2026-08-29T10:05:00.000Z,"-611","8",16,0,0
2026-08-29T10:10:00.000Z,"-616","8",16,0,0
2026-08-29T10:15:00.000Z,"-617","8",16,0,0
2026-08-29T10:20:00.000Z,"-620","8",16,0,0
2026-08-29T10:25:00.000Z,"-622","8",16,0,0
2026-08-29T10:30:00.000Z,"-625","8",16,0,0
2026-08-29T10:35:00.000Z,"-632","8",16,0,0
2026-08-29T10:40:00.000Z,"-634","8",16,0,0
2026-08-29T10:45:00.000Z,"-639","8",16,0,0
2026-08-29T10:50:00.000Z,"-644","8",16,0,0
2026-08-29T10:55:00.000Z,"-651","8",16,0,0
2026-08-29T11:00:00.000Z,"-651","8",16,0,0
2026-08-29T11:05:00.000Z,"-647","8",16,0,0
2026-08-29T11:10:00.000Z,"-654","8",16,0,0
2026-08-29T11:15:00.000Z,"-656","8",16,0,0
2026-08-29T11:20:00.000Z,"-660","8",16,0,0
2026-08-29T11:25:00.000Z,"-662","8",16,0,0
2026-08-29T11:30:00.000Z,"-662","8",16,0,0
2026-08-29T11:35:00.000Z,"-665","8",16,0,0
2026-08-29T11:40:00.000Z,"-667","8",16,0,0
2026-08-29T11:45:00.000Z,"-666","8",16,0,0
2026-08-29T11:50:00.000Z,"-676","8",16,0,0
2026-08-29T11:55:00.000Z,"-669","8",16,0,0
2026-08-29T12:00:00.000Z,"-676","8",16,0,0
2026-08-29T12:05:00.000Z,"-675","8",16,0,0
2026-08-29T12:10:00.000Z,"-681","8",16,0,0
2026-08-29T12:15:00.000Z,"-684","8",16,0,0
2026-08-29T12:20:00.000Z,"-682","8",16,0,0
2026-08-29T12:25:00.000Z,"-686","8",16,0,0
2026-08-29T12:30:00.000Z,"-689","8",16,0,0
2026-08-29T12:35:00.000Z,"-691","8",16,0,0
2026-08-29T12:40:00.000Z,"-692","8",16,0,0
2026-08-29T12:45:00.000Z,"-694","8",16,0,0
2026-08-29T12:50:00.000Z,"-697","8",16,0,0
2026-08-29T12:55:00.000Z,"-699","8",16,0,0
2026-08-29T13:00:00.000Z,"-699","8",16,0,0
2026-08-29T13:05:00.000Z,"-697","8",16,0,0
2026-08-29T13:10:00.000Z,"-701","8",16,0,0
2026-08-29T13:15:00.000Z,"-697","8",16,0,0
2026-08-29T13:20:00.000Z,"-704","8",16,0,0
2026-08-29T13:25:00.000Z,"-707","8",16,0,0
2026-08-29T13:30:00.000Z,"-707","8",16,0,0
2026-08-29T13:35:00.000Z,"-709","8",16,0,0
2026-08-29T13:40:00.000Z,"-715","8",16,0,0
2026-08-29T13:45:00.000Z,"-715","8",16,0,0
2026-08-29T13:50:00.000Z,"-722","8",16,0,0
2026-08-29T13:55:00.000Z,"-724","8",16,0,0
2026-08-29T14:00:00.000Z,"-727","8",16,0,0
2026-08-29T14:05:00.000Z,"-730","8",16,0,0
2026-08-29T14:10:00.000Z,"-734","8",16,0,0
2026-08-29T14:15:00.000Z,"-746","8",16,0,0
2026-08-29T14:20:00.000Z,"-744","8",16,0,0
2026-08-29T14:25:00.000Z,"-747","8",16,0,0
2026-08-29T14:30:00.000Z,"-754","8",16,0,0
2026-08-29T14:35:00.000Z,"-759","8",16,0,0
2026-08-29T14:40:00.000Z,"-761","8",16,0,0
2026-08-29T14:45:00.000Z,"-761","8",16,0,0
2026-08-29T14:50:00.000Z,"-765","8",16,0,0
2026-08-29T14:55:00.000Z,"-767","8",16,0,0
2026-08-29T15:00:00.000Z,"-766","8",16,0,0
2026-08-29T15:05:00.000Z,"-774","8",16,0,0
2026-08-29T15:10:00.000Z,"-774","8",16,0,0
2026-08-29T15:15:00.000Z,"-784","8",16,0,0
2026-08-29T15:20:00.000Z,"-775","8",16,0,0
2026-08-29T15:25:00.000Z,"-775","8",16,0,0
2026-08-29T15:30:00.000Z,"-776","8",16,0,0
2026-08-29T15:35:00.000Z,"-785","8",16,0,0
2026-08-29T15:40:00.000Z,"-780","8",16,0,0
2026-08-29T15:45:00.000Z,"-780","8",16,0,0
2026-08-29T15:50:00.000Z,"-784","8",16,0,0
2026-08-29T15:55:00.000Z,"-789","8",16,0,0
2026-08-29T16:00:00.000Z,"-790","8",16,0,0
2026-08-29T16:05:00.000Z,"-794","8",16,0,0
2026-08-29T16:10:00.000Z,"-795","8",16,0,0
2026-08-29T16:15:00.000Z,"-792","8",16,0,0
2026-08-29T16:20:00.000Z,"-790","8",16,0,0
2026-08-29T16:25:00.000Z,"-789","8",16,0,0
2026-08-29T16:30:00.000Z,"-795","8",16,0,0
2026-08-29T16:35:00.000Z,"-789","8",16,0,0
2026-08-29T16:40:00.000Z,"-787","8",16,0,0
2026-08-29T16:45:00.000Z,"-785","8",16,0,0
2026-08-29T16:50:00.000Z,"-789","8",16,0,0
2026-08-29T16:55:00.000Z,"-784","8",16,0,0
2026-08-29T17:00:00.000Z,"-780","8",16,0,0
2026-08-29T17:05:00.000Z,"-781","8",16,0,0
2026-08-29T17:10:00.000Z,"-777","8",16,0,0
2026-08-29T17:15:00.000Z,"-777","8",16,0,0
2026-08-29T17:20:00.000Z,"-776","8",16,0,0
2026-08-29T17:25:00.000Z,"-775","8",16,0,0
2026-08-29T17:30:00.000Z,"-775","8",16,0,0
2026-08-29T17:35:00.000Z,"-776","8",16,0,0
2026-08-29T17:40:00.000Z,"-780","8",16,0,0
2026-08-29T17:45:00.000Z,"-775","8",16,0,0
2026-08-29T17:50:00.000Z,"-780","8",16,0,0
2026-08-29T17:55:00.000Z,"-775","8",16,0,0
2026-08-29T18:00:00.000Z,"-770","8",16,0,0
2026-08-29T18:05:00.000Z,"-775","8",16,0,0
2026-08-29T18:10:00.000Z,"-775","8",16,0,0
2026-08-29T18:15:00.000Z,"-774","8",16,0,0
2026-08-29T18:20:00.000Z,"-771","8",16,0,0
2026-08-29T18:25:00.000Z,"-777","8",16,0,0
2026-08-29T18:30:00.000Z,"-772","8",16,0,0
2026-08-29T18:35:00.000Z,"-767","8",16,0,0
2026-08-29T18:40:00.000Z,"-765","8",16,0,0
2026-08-29T18:45:00.000Z,"-771","8",16,0,0
2026-08-29T18:50:00.000Z,"-762","8",16,0,0
2026-08-29T18:55:00.000Z,"-765","8",16,0,0
2026-08-29T19:00:00.000Z,"-759","8",16,0,0
2026-08-29T19:05:00.000Z,"-762","8",16,0,0
2026-08-29T19:10:00.000Z,"-759","8",16,0,0
2026-08-29T19:15:00.000Z,"-760","8",16,0,0
2026-08-29T19:20:00.000Z,"-757","8",16,0,0
2026-08-29T19:25:00.000Z,"-760","8",16,0,0
2026-08-29T19:30:00.000Z,"-755","8",16,0,0
2026-08-29T19:35:00.000Z,"-759","8",16,0,0
2026-08-29T19:40:00.000Z,"-762","8",16,0,0
2026-08-29T19:45:00.000Z,"-760","8",16,0,0
2026-08-29T19:50:00.000Z,"-757","8",16,0,0
2026-08-29T19:55:00.000Z,"-766","8",16,0,0
2026-08-29T20:00:00.000Z,"-764","8",16,0,0
2026-08-29T20:05:00.000Z,"-764","8",16,0,0
2026-08-29T20:10:00.000Z,"-766","8",16,0,0
2026-08-29T20:15:00.000Z,"-771","8",16,0,0
2026-08-29T20:20:00.000Z,"-772","8",16,0,0
2026-08-29T20:25:00.000Z,"-772","8",16,0,0
2026-08-29T20:30:00.000Z,"-774","8",16,0,0
2026-08-29T20:35:00.000Z,"-779","8",16,0,0
2026-08-29T20:40:00.000Z,"-780","8",16,0,0
2026-08-29T20:45:00.000Z,"-779","8",16,0,0
2026-08-29T20:50:00.000Z,"-779","8",16,0,0
2026-08-29T20:55:00.000Z,"-790","8",16,0,0
2026-08-29T21:00:00.000Z,"-786","8",16,0,0
2026-08-29T21:05:00.000Z,"-790","8",16,0,0
2026-08-29T21:10:00.000Z,"-789","8",16,0,0
2026-08-29T21:15:00.000Z,"-790","8",16,0,0
2026-08-29T21:20:00.000Z,"-799","8",16,0,0
2026-08-29T21:25:00.000Z,"-795","8",16,0,0
2026-08-29T21:30:00.000Z,"-794","8",16,0,0
2026-08-29T21:35:00.000Z,"-800","8",16,0,0
2026-08-29T21:40:00.000Z,"-791","8",16,0,0
2026-08-29T21:45:00.000Z,"-795","8",16,0,0
2026-08-29T21:50:00.000Z,"-795","8",16,0,0
2026-08-29T21:55:00.000Z,"-792","8",16,0,0
2026-08-29T22:00:00.000Z,"-787","8",16,0,0
2026-08-29T22:05:00.000Z,"-782","8",16,0,0
2026-08-29T22:10:00.000Z,"-781","8",16,0,0
2026-08-29T22:15:00.000Z,"-775","8",16,0,0
2026-08-29T22:20:00.000Z,"-774","8",16,0,0
2026-08-29T22:25:00.000Z,"-769","8",16,0,0
2026-08-29T22:30:00.000Z,"-764","8",16,0,0
2026-08-29T22:35:00.000Z,"-762","8",16,0,0
2026-08-29T22:40:00.000Z,"-761","8",16,0,0
2026-08-29T22:45:00.000Z,"-754","8",16,0,0
2026-08-29T22:50:00.000Z,"-750","8",16,0,0
2026-08-29T22:55:00.000Z,"-745","8",16,0,0
2026-08-29T23:00:00.000Z,"-740","8",16,0,0
2026-08-29T23:05:00.000Z,"-739","8",16,0,0
2026-08-29T23:10:00.000Z,"-730","8",16,0,0
2026-08-29T23:15:00.000Z,"-725","8",16,0,0
2026-08-29T23:20:00.000Z,"-725","8",16,0,0
2026-08-29T23:25:00.000Z,"-716","8",16,0,0
2026-08-29T23:30:00.000Z,"-706","8",16,0,0
2026-08-29T23:35:00.000Z,"-707","8",16,0,0
2026-08-29T23:40:00.000Z,"-705","8",16,0,0
2026-08-29T23:45:00.000Z,"-700","8",16,0,0
2026-08-29T23:50:00.000Z,"-695","8",16,0,0
2026-08-29T23:55:00.000Z,"-692","8",16,0,0
2026-08-30T00:00:00.000Z,"-684","8",16,0,0
2026-08-30T00:05:00.000Z,"-684","8",16,0,0
2026-08-30T00:10:00.000Z,"-679","8",16,0,0
2026-08-30T00:15:00.000Z,"-671","8",16,0,0
2026-08-30T00:20:00.000Z,"-671","8",16,0,0
2026-08-30T00:25:00.000Z,"-667","8",16,0,0
2026-08-30T00:30:00.000Z,"-666","8",16,0,0
2026-08-30T00:35:00.000Z,"-662","8",16,0,0
2026-08-30T00:40:00.000Z,"-664","8",16,0,0
2026-08-30T00:45:00.000Z,"-661","8",16,0,0
2026-08-30T00:50:00.000Z,"-659","8",16,0,0
2026-08-30T00:55:00.000Z,"-654","8",16,0,0
2026-08-30T01:00:00.000Z,"-655","8",16,0,0
2026-08-30T01:05:00.000Z,"-661","8",16,0,0
2026-08-30T01:10:00.000Z,"-652","8",16,0,0
2026-08-30T01:15:00.000Z,"-657","8",16,0,0
2026-08-30T01:20:00.000Z,"-662","8",16,0,0
2026-08-30T01:25:00.000Z,"-661","8",16,0,0
2026-08-30T01:30:00.000Z,"-665","8",16,0,0
2026-08-30T01:35:00.000Z,"-670","8",16,0,0
2026-08-30T01:40:00.000Z,"-666","8",16,0,0
2026-08-30T01:45:00.000Z,"-671","8",16,0,0
2026-08-30T01:50:00.000Z,"-676","8",16,0,0
2026-08-30T01:55:00.000Z,"-679","8",16,0,0
2026-08-30T02:00:00.000Z,"-679","8",16,0,0
2026-08-30T02:05:00.000Z,"-679","8",16,0,0
2026-08-30T02:10:00.000Z,"-682","8",16,0,0
2026-08-30T02:15:00.000Z,"-680","8",16,0,0
2026-08-30T02:20:00.000Z,"-681","8",16,0,0
2026-08-30T02:25:00.000Z,"-689","8",16,0,0
2026-08-30T02:30:00.000Z,"-685","8",16,0,0
2026-08-30T02:35:00.000Z,"-695","8",16,0,0
2026-08-30T02:40:00.000Z,"-690","8",16,0,0
2026-08-30T02:45:00.000Z,"-694","8",16,0,0
2026-08-30T02:50:00.000Z,"-695","8",16,0,0
2026-08-30T02:55:00.000Z,"-697","8",16,0,0
2026-08-30T03:00:00.000Z,"-701","8",16,0,0
2026-08-30T03:05:00.000Z,"-699","8",16,0,0
2026-08-30T03:10:00.000Z,"-701","8",16,0,0
2026-08-30T03:15:00.000Z,"-707","8",16,0,0
2026-08-30T03:20:00.000Z,"-707","8",16,0,0
2026-08-30T03:25:00.000Z,"-709","8",16,0,0
2026-08-30T03:30:00.000Z,"-710","8",16,0,0
2026-08-30T03:35:00.000Z,"-714","8",16,0,0
2026-08-30T03:40:00.000Z,"-712","8",16,0,0
2026-08-30T03:45:00.000Z,"-717","8",16,0,0
2026-08-30T03:50:00.000Z,"-715","8",16,0,0
2026-08-30T03:55:00.000Z,"-716","8",16,0,0
2026-08-30T04:00:00.000Z,"-722","8",16,0,0
2026-08-30T04:05:00.000Z,"-715","8",16,0,0
2026-08-30T04:10:00.000Z,"-722","8",16,0,0
2026-08-30T04:15:00.000Z,"-726","8",16,0,0
2026-08-30T04:20:00.000Z,"-724","8",16,0,0
2026-08-30T04:25:00.000Z,"-724","8",16,0,0
2026-08-30T04:30:00.000Z,"-727","8",16,0,0
2026-08-30T04:35:00.000Z,"-727","8",16,0,0
2026-08-30T04:40:00.000Z,"-727","8",16,0,0
2026-08-30T04:45:00.000Z,"-726","8",16,0,0
2026-08-30T04:50:00.000Z,"-730","8",16,0,0
2026-08-30T04:55:00.000Z,"-727","8",16,0,0
2026-08-30T05:00:00.000Z,"-726","8",16,0,0
2026-08-30T05:05:00.000Z,"-726","8",16,0,0
2026-08-30T05:10:00.000Z,"-724","8",16,0,0
2026-08-30T05:15:00.000Z,"-725","8",16,0,0
2026-08-30T05:20:00.000Z,"-721","8",16,0,0
2026-08-30T05:25:00.000Z,"-711","8",16,0,0
2026-08-30T05:30:00.000Z,"-710","8",16,0,0
2026-08-30T05:35:00.000Z,"-707","8",16,0,0
2026-08-30T05:40:00.000Z,"-706","8",16,0,0
2026-08-30T05:45:00.000Z,"-702","8",16,0,0
2026-08-30T05:50:00.000Z,"-695","8",16,0,0
2026-08-30T05:55:00.000Z,"-695","8",16,0,0
2026-08-30T06:00:00.000Z,"-687","8",16,0,0
2026-08-30T06:05:00.000Z,"-682","8",16,0,0
2026-08-30T06:10:00.000Z,"-675","8",16,0,0
2026-08-30T06:15:00.000Z,"-672","8",16,0,0
2026-08-30T06:20:00.000Z,"-667","8",16,0,0
2026-08-30T06:25:00.000Z,"-664","8",16,0,0
2026-08-30T06:30:00.000Z,"-656","8",16,0,0
2026-08-30T06:35:00.000Z,"-650","8",16,0,0
2026-08-30T06:40:00.000Z,"-645","8",16,0,0
2026-08-30T06:45:00.000Z,"-640","8",16,0,0
2026-08-30T06:50:00.000Z,"-636","8",16,0,0
2026-08-30T06:55:00.000Z,"-629","8",16,0,0
2026-08-30T07:00:00.000Z,"-619","8",16,0,0
2026-08-30T07:05:00.000Z,"-619","8",16,0,0
2026-08-30T07:10:00.000Z,"-609","8",16,0,0
2026-08-30T07:15:00.000Z,"-610","8",16,0,0
2026-08-30T07:20:00.000Z,"-597","8",16,0,0
2026-08-30T07:25:00.000Z,"-596","8",16,0,0
2026-08-30T07:30:00.000Z,"-591","8",16,0,0
2026-08-30T07:35:00.000Z,"-584","8",16,0,0
2026-08-30T07:40:00.000Z,"-582","8",16,0,0
2026-08-30T07:45:00.000Z,"-577","8",16,0,0
2026-08-30T07:50:00.000Z,"-574","8",16,0,0
2026-08-30T07:55:00.000Z,"-570","8",16,0,0
2026-08-30T08:00:00.000Z,"-566","8",16,0,0
2026-08-30T08:05:00.000Z,"-561","8",16,0,0
2026-08-30T08:10:00.000Z,"-560","8",16,0,0
2026-08-30T08:15:00.000Z,"-557","8",16,0,0
2026-08-30T08:20:00.000Z,"-555","8",16,0,0
2026-08-30T08:25:00.000Z,"-556","8",16,0,0
2026-08-30T08:30:00.000Z,"-550","8",16,0,0
2026-08-30T08:35:00.000Z,"-547","8",16,0,0
2026-08-30T08:40:00.000Z,"-546","8",16,0,0
2026-08-30T08:45:00.000Z,"-544","8",16,0,0
2026-08-30T08:50:00.000Z,"-542","8",16,0,0
2026-08-30T08:55:00.000Z,"-544","8",16,0,0
2026-08-30T09:00:00.000Z,"-539","8",16,0,0
2026-08-30T09:05:00.000Z,"-539","8",16,0,0
2026-08-30T09:10:00.000Z,"-540","8",16,0,0
2026-08-30T09:15:00.000Z,"-539","8",16,0,0
2026-08-30T09:20:00.000Z,"-539","8",16,0,0
2026-08-30T09:25:00.000Z,"-535","8",16,0,0
2026-08-30T09:30:00.000Z,"-537","8",16,0,0
2026-08-30T09:35:00.000Z,"-537","8",16,0,0
2026-08-30T09:40:00.000Z,"-540","8",16,0,0
2026-08-30T09:45:00.000Z,"-539","8",16,0,0
2026-08-30T09:50:00.000Z,"-539","8",16,0,0
2026-08-30T09:55:00.000Z,"-539","8",16,0,0
2026-08-30T10:00:00.000Z,"-544","8",16,0,0
2026-08-30T10:05:00.000Z,"-540","8",16,0,0
2026-08-30T10:10:00.000Z,"-544","8",16,0,0
2026-08-30T10:15:00.000Z,"-541","8",16,0,0
2026-08-30T10:20:00.000Z,"-544","8",16,0,0
2026-08-30T10:25:00.000Z,"-546","8",16,0,0
2026-08-30T10:30:00.000Z,"-542","8",16,0,0
2026-08-30T10:35:00.000Z,"-545","8",16,0,0
2026-08-30T10:40:00.000Z,"-552","8",16,0,0
2026-08-30T10:45:00.000Z,"-557","8",16,0,0
2026-08-30T10:50:00.000Z,"-559","8",16,0,0
2026-08-30T10:55:00.000Z,"-562","8",16,0,0
2026-08-30T11:00:00.000Z,"-564","8",16,0,0
2026-08-30T11:05:00.000Z,"-565","8",16,0,0
2026-08-30T11:10:00.000Z,"-571","8",16,0,0
2026-08-30T11:15:00.000Z,"-575","8",16,0,0
2026-08-30T11:20:00.000Z,"-580","8",16,0,0
2026-08-30T11:25:00.000Z,"-592","8",16,0,0
2026-08-30T11:30:00.000Z,"-590","8",16,0,0
2026-08-30T11:35:00.000Z,"-596","8",16,0,0
2026-08-30T11:40:00.000Z,"-599","8",16,0,0
2026-08-30T11:45:00.000Z,"-605","8",16,0,0
2026-08-30T11:50:00.000Z,"-614","8",16,0,0
2026-08-30T11:55:00.000Z,"-616","8",16,0,0
2026-08-30T12:00:00.000Z,"-622","8",16,0,0
2026-08-30T12:05:00.000Z,"-626","8",16,0,0
2026-08-30T12:10:00.000Z,"-632","8",16,0,0
2026-08-30T12:15:00.000Z,"-640","8",16,0,0
2026-08-30T12:20:00.000Z,"-646","8",16,0,0
2026-08-30T12:25:00.000Z,"-646","8",16,0,0
2026-08-30T12:30:00.000Z,"-655","8",16,0,0
2026-08-30T12:35:00.000Z,"-660","8",16,0,0
2026-08-30T12:40:00.000Z,"-665","8",16,0,0
2026-08-30T12:45:00.000Z,"-667","8",16,0,0
2026-08-30T12:50:00.000Z,"-674","8",16,0,0
2026-08-30T12:55:00.000Z,"-679","8",16,0,0
2026-08-30T13:00:00.000Z,"-681","8",16,0,0
2026-08-30T13:05:00.000Z,"-687","8",16,0,0
2026-08-30T13:10:00.000Z,"-687","8",16,0,0
2026-08-30T13:15:00.000Z,"-687","8",16,0,0
2026-08-30T13:20:00.000Z,"-695","8",16,0,0
2026-08-30T13:25:00.000Z,"-699","8",16,0,0
2026-08-30T13:30:00.000Z,"-705","8",16,0,0
2026-08-30T13:35:00.000Z,"-702","8",16,0,0
2026-08-30T13:40:00.000Z,"-705","8",16,0,0
2026-08-30T13:45:00.000Z,"-707","8",16,0,0
2026-08-30T13:50:00.000Z,"-707","8",16,0,0
2026-08-30T13:55:00.000Z,"-704","8",16,0,0
2026-08-30T14:00:00.000Z,"-704","8",16,0,0
2026-08-30T14:05:00.000Z,"-702","8",16,0,0
2026-08-30T14:10:00.000Z,"-707","8",16,0,0
2026-08-30T14:15:00.000Z,"-704","8",16,0,0
2026-08-30T14:20:00.000Z,"-699","8",16,0,0
2026-08-30T14:25:00.000Z,"-699","8",16,0,0
2026-08-30T14:30:00.000Z,"-697","8",16,0,0
2026-08-30T14:35:00.000Z,"-695","8",16,0,0
2026-08-30T14:40:00.000Z,"-691","8",16,0,0
2026-08-30T14:45:00.000Z,"-700","8",16,0,0
2026-08-30T14:50:00.000Z,"-696","8",16,0,0
2026-08-30T14:55:00.000Z,"-687","8",16,0,0
2026-08-30T15:00:00.000Z,"-689","8",16,0,0
2026-08-30T15:05:00.000Z,"-689","8",16,0,0
2026-08-30T15:10:00.000Z,"-687","8",16,0,0
2026-08-30T15:15:00.000Z,"-692","8",16,0,0
2026-08-30T15:20:00.000Z,"-686","8",16,0,0
2026-08-30T15:25:00.000Z,"-689","8",16,0,0
2026-08-30T15:30:00.000Z,"-689","8",16,0,0
2026-08-30T15:35:00.000Z,"-682","8",16,0,0
2026-08-30T15:40:00.000Z,"-682","8",16,0,0
2026-08-30T15:45:00.000Z,"-680","8",16,0,0
2026-08-30T15:50:00.000Z,"-680","8",16,0,0
2026-08-30T15:55:00.000Z,"-674","8",16,0,0
2026-08-30T16:00:00.000Z,"-674","8",16,0,0
2026-08-30T16:05:00.000Z,"-676","8",16,0,0
2026-08-30T16:10:00.000Z,"-671","8",16,0,0
2026-08-30T16:15:00.000Z,"-672","8",16,0,0
2026-08-30T16:20:00.000Z,"-674","8",16,0,0
2026-08-30T16:25:00.000Z,"-670","8",16,0,0
2026-08-30T16:30:00.000Z,"-669","8",16,0,0
2026-08-30T16:35:00.000Z,"-671","8",16,0,0
2026-08-30T16:40:00.000Z,"-669","8",16,0,0
2026-08-30T16:45:00.000Z,"-664","8",16,0,0
2026-08-30T16:50:00.000Z,"-666","8",16,0,0
2026-08-30T16:55:00.000Z,"-660","8",16,0,0
2026-08-30T17:00:00.000Z,"-670","8",16,0,0
2026-08-30T17:05:00.000Z,"-670","8",16,0,0
2026-08-30T17:10:00.000Z,"-670","8",16,0,0
2026-08-30T17:15:00.000Z,"-665","8",16,0,0
2026-08-30T17:20:00.000Z,"-661","8",16,0,0
2026-08-30T17:25:00.000Z,"-664","8",16,0,0
2026-08-30T17:30:00.000Z,"-667","8",16,0,0
2026-08-30T17:35:00.000Z,"-669","8",16,0,0
2026-08-30T17:40:00.000Z,"-671","8",16,0,0
2026-08-30T17:45:00.000Z,"-674","8",16,0,0
2026-08-30T17:50:00.000Z,"-670","8",16,0,0
2026-08-30T17:55:00.000Z,"-675","8",16,0,0
2026-08-30T18:00:00.000Z,"-680","8",16,0,0
2026-08-30T18:05:00.000Z,"-684","8",16,0,0
2026-08-30T18:10:00.000Z,"-686","8",16,0,0
2026-08-30T18:15:00.000Z,"-694","8",16,0,0
2026-08-30T18:20:00.000Z,"-696","8",16,0,0
2026-08-30T18:25:00.000Z,"-699","8",16,0,0
2026-08-30T18:30:00.000Z,"-699","8",16,0,0
2026-08-30T18:35:00.000Z,"-702","8",16,0,0
2026-08-30T18:40:00.000Z,"-706","8",16,0,0
2026-08-30T18:45:00.000Z,"-711","8",16,0,0
2026-08-30T18:50:00.000Z,"-715","8",16,0,0
2026-08-30T18:55:00.000Z,"-715","8",16,0,0
2026-08-30T19:00:00.000Z,"-725","8",16,0,0
2026-08-30T19:05:00.000Z,"-726","8",16,0,0
2026-08-30T19:10:00.000Z,"-729","8",16,0,0
2026-08-30T19:15:00.000Z,"-734","8",16,0,0
2026-08-30T19:20:00.000Z,"-736","8",16,0,0
2026-08-30T19:25:00.000Z,"-740","8",16,0,0
2026-08-30T19:30:00.000Z,"-740","8",16,0,0
2026-08-30T19:35:00.000Z,"-745","8",16,0,0
2026-08-30T19:40:00.000Z,"-747","8",16,0,0
2026-08-30T19:45:00.000Z,"-752","8",16,0,0
2026-08-30T19:50:00.000Z,"-759","8",16,0,0
2026-08-30T19:55:00.000Z,"-756","8",16,0,0
2026-08-30T20:00:00.000Z,"-761","8",16,0,0
2026-08-30T20:05:00.000Z,"-766","8",16,0,0
2026-08-30T20:10:00.000Z,"-770","8",16,0,0
2026-08-30T20:15:00.000Z,"-770","8",16,0,0
2026-08-30T20:20:00.000Z,"-777","8",16,0,0
2026-08-30T20:25:00.000Z,"-776","8",16,0,0
2026-08-30T20:30:00.000Z,"-784","8",16,0,0
2026-08-30T20:35:00.000Z,"-782","8",16,0,0
2026-08-30T20:40:00.000Z,"-787","8",16,0,0
2026-08-30T20:45:00.000Z,"-785","8",16,0,0
2026-08-30T20:50:00.000Z,"-790","8",16,0,0
2026-08-30T20:55:00.000Z,"-794","8",16,0,0
2026-08-30T21:00:00.000Z,"-795","8",16,0,0
2026-08-30T21:05:00.000Z,"-797","8",16,0,0
2026-08-30T21:10:00.000Z,"-802","8",16,0,0
2026-08-30T21:15:00.000Z,"-800","8",16,0,0
2026-08-30T21:20:00.000Z,"-802","8",16,0,0
2026-08-30T21:25:00.000Z,"-805","8",16,0,0
2026-08-30T21:30:00.000Z,"-812","8",16,0,0
2026-08-30T21:35:00.000Z,"-810","8",16,0,0
2026-08-30T21:40:00.000Z,"-810","8",16,0,0
2026-08-30T21:45:00.000Z,"-814","8",16,0,0
2026-08-30T21:50:00.000Z,"-814","8",16,0,0
2026-08-30T21:55:00.000Z,"-815","8",16,0,0
2026-08-30T22:00:00.000Z,"-817","8",16,0,0
2026-08-30T22:05:00.000Z,"-820","8",16,0,0
2026-08-30T22:10:00.000Z,"-820","8",16,0,0
2026-08-30T22:15:00.000Z,"-821","8",16,0,0
2026-08-30T22:20:00.000Z,"-821","8",16,0,0
2026-08-30T22:25:00.000Z,"-821","8",16,0,0
2026-08-30T22:30:00.000Z,"-817","8",16,0,0
2026-08-30T22:35:00.000Z,"-816","8",16,0,0
2026-08-30T22:40:00.000Z,"-817","8",16,0,0
2026-08-30T22:45:00.000Z,"-821","8",16,0,0
2026-08-30T22:50:00.000Z,"-819","8",16,0,0
2026-08-30T22:55:00.000Z,"-815","8",16,0,0
2026-08-30T23:00:00.000Z,"-816","8",16,0,0
2026-08-30T23:05:00.000Z,"-820","8",16,0,0
2026-08-30T23:10:00.000Z,"-820","8",16,0,0
2026-08-30T23:15:00.000Z,"-815","8",16,0,0
2026-08-30T23:20:00.000Z,"-816","8",16,0,0
2026-08-30T23:25:00.000Z,"-816","8",16,0,0
2026-08-30T23:30:00.000Z,"-819","8",16,0,0
2026-08-30T23:35:00.000Z,"-819","8",16,0,0
2026-08-30T23:40:00.000Z,"-819","8",16,0,0
2026-08-30T23:45:00.000Z,"-820","8",16,0,0
2026-08-30T23:50:00.000Z,"-824","8",16,0,0
2026-08-30T23:55:00.000Z,"-824","8",16,0,0
2026-08-31T00:00:00.000Z,"-825","8",16,0,0
2026-08-31T00:05:00.000Z,"-825","8",16,0,0
2026-08-31T00:10:00.000Z,"-830","8",16,0,0
2026-08-31T00:15:00.000Z,"-830","8",16,0,0
2026-08-31T00:20:00.000Z,"-830","8",16,0,0
2026-08-31T00:25:00.000Z,"-834","8",16,0,0
2026-08-31T00:30:00.000Z,"-832","8",16,0,0
2026-08-31T00:35:00.000Z,"-835","8",16,0,0
2026-08-31T00:40:00.000Z,"-837","8",16,0,0
2026-08-31T00:45:00.000Z,"-836","8",16,0,0
2026-08-31T00:50:00.000Z,"-840","8",16,0,0
2026-08-31T00:55:00.000Z,"-835","8",16,0,0
2026-08-31T01:00:00.000Z,"-836","8",16,0,0
2026-08-31T01:05:00.000Z,"-837","8",16,0,0
2026-08-31T01:10:00.000Z,"-839","8",16,0,0
2026-08-31T01:15:00.000Z,"-840","8",16,0,0
2026-08-31T01:20:00.000Z,"-841","8",16,0,0
2026-08-31T01:25:00.000Z,"-844","8",16,0,0
2026-08-31T01:30:00.000Z,"-840","8",16,0,0
2026-08-31T01:35:00.000Z,"-844","8",16,0,0
2026-08-31T01:40:00.000Z,"-846","8",16,0,0
2026-08-31T01:45:00.000Z,"-842","8",16,0,0
2026-08-31T01:50:00.000Z,"-839","8",16,0,0
2026-08-31T01:55:00.000Z,"-842","8",16,0,0
2026-08-31T02:00:00.000Z,"-832","8",16,0,0
2026-08-31T02:05:00.000Z,"-834","8",16,0,0
2026-08-31T02:10:00.000Z,"-834","8",16,0,0
2026-08-31T02:15:00.000Z,"-827","8",16,0,0
2026-08-31T02:20:00.000Z,"-832","8",16,0,0
2026-08-31T02:25:00.000Z,"-820","8",16,0,0
2026-08-31T02:30:00.000Z,"-822","8",16,0,0
2026-08-31T02:35:00.000Z,"-810","8",16,0,0
2026-08-31T02:40:00.000Z,"-811","8",16,0,0
2026-08-31T02:45:00.000Z,"-806","8",16,0,0
2026-08-31T02:50:00.000Z,"-801","8",16,0,0
2026-08-31T02:55:00.000Z,"-799","8",16,0,0
2026-08-31T03:00:00.000Z,"-797","8",16,0,0
2026-08-31T03:05:00.000Z,"-789","8",16,0,0
2026-08-31T03:10:00.000Z,"-786","8",16,0,0
2026-08-31T03:15:00.000Z,"-780","8",16,0,0
2026-08-31T03:20:00.000Z,"-777","8",16,0,0
2026-08-31T03:25:00.000Z,"-775","8",16,0,0
2026-08-31T03:30:00.000Z,"-770","8",16,0,0
2026-08-31T03:35:00.000Z,"-774","8",16,0,0
2026-08-31T03:40:00.000Z,"-766","8",16,0,0
2026-08-31T03:45:00.000Z,"-762","8",16,0,0
2026-08-31T03:50:00.000Z,"-762","8",16,0,0
2026-08-31T03:55:00.000Z,"-761","8",16,0,0
2026-08-31T04:00:00.000Z,"-756","8",16,0,0
2026-08-31T04:05:00.000Z,"-755","8",16,0,0
2026-08-31T04:10:00.000Z,"-750","8",16,0,0
2026-08-31T04:15:00.000Z,"-750","8",16,0,0
2026-08-31T04:20:00.000Z,"-745","8",16,0,0
2026-08-31T04:25:00.000Z,"-740","8",16,0,0
2026-08-31T04:30:00.000Z,"-741","8",16,0,0
2026-08-31T04:35:00.000Z,"-747","8",16,0,0
2026-08-31T04:40:00.000Z,"-751","8",16,0,0
2026-08-31T04:45:00.000Z,"-755","8",16,0,0
2026-08-31T04:50:00.000Z,"-760","8",16,0,0
2026-08-31T04:55:00.000Z,"-761","8",16,0,0
2026-08-31T05:00:00.000Z,"-770","8",16,0,0
2026-08-31T05:05:00.000Z,"-766","8",16,0,0
2026-08-31T05:10:00.000Z,"-774","8",16,0,0
2026-08-31T05:15:00.000Z,"-780","8",16,0,0
2026-08-31T05:20:00.000Z,"-782","8",16,0,0
2026-08-31T05:25:00.000Z,"-785","8",16,0,0
2026-08-31T05:30:00.000Z,"-787","8",16,0,0
2026-08-31T05:35:00.000Z,"-794","8",16,0,0
2026-08-31T05:40:00.000Z,"-799","8",16,0,0
2026-08-31T05:45:00.000Z,"-800","8",16,0,0
2026-08-31T05:50:00.000Z,"-800","8",16,0,0
2026-08-31T05:55:00.000Z,"-810","8",16,0,0
2026-08-31T06:00:00.000Z,"-810","8",16,0,0
2026-08-31T06:05:00.000Z,"-815","8",16,0,0
2026-08-31T06:10:00.000Z,"-816","8",16,0,0
2026-08-31T06:15:00.000Z,"-821","8",16,0,0
2026-08-31T06:20:00.000Z,"-830","8",16,0,0
2026-08-31T06:25:00.000Z,"-829","8",16,0,0
2026-08-31T06:30:00.000Z,"-830","8",16,0,0
2026-08-31T06:35:00.000Z,"-837","8",16,0,0
2026-08-31T06:40:00.000Z,"-837","8",16,0,0
2026-08-31T06:45:00.000Z,"-840","8",16,0,0
2026-08-31T06:50:00.000Z,"-844","8",16,0,0
2026-08-31T06:55:00.000Z,"-847","8",16,0,0
2026-08-31T07:00:00.000Z,"-851","8",16,0,0
2026-08-31T07:05:00.000Z,"-854","8",16,0,0
2026-08-31T07:10:00.000Z,"-851","8",16,0,0
2026-08-31T07:15:00.000Z,"-857","8",16,0,0
2026-08-31T07:20:00.000Z,"-856","8",16,0,0
2026-08-31T07:25:00.000Z,"-865","8",16,0,0
2026-08-31T07:30:00.000Z,"-862","8",16,0,0
2026-08-31T07:35:00.000Z,"-870","8",16,0,0
2026-08-31T07:40:00.000Z,"-869","8",16,0,0
2026-08-31T07:45:00.000Z,"-874","8",16,0,0
2026-08-31T07:50:00.000Z,"-874","8",16,0,0
2026-08-31T07:55:00.000Z,"-871","8",16,0,0
2026-08-31T08:00:00.000Z,"-875","8",16,0,0
2026-08-31T08:05:00.000Z,"-874","8",16,0,0
2026-08-31T08:10:00.000Z,"-880","8",16,0,0
2026-08-31T08:15:00.000Z,"-882","8",16,0,0
2026-08-31T08:20:00.000Z,"-885","8",16,0,0
2026-08-31T08:25:00.000Z,"-881","8",16,0,0
2026-08-31T08:30:00.000Z,"-882","8",16,0,0
2026-08-31T08:35:00.000Z,"-882","8",16,0,0
2026-08-31T08:40:00.000Z,"-889","8",16,0,0
2026-08-31T08:45:00.000Z,"-889","8",16,0,0
2026-08-31T08:50:00.000Z,"-889","8",16,0,0
2026-08-31T08:55:00.000Z,"-890","8",16,0,0
2026-08-31T09:00:00.000Z,"-889","8",16,0,0
2026-08-31T09:05:00.000Z,"-890","8",16,0,0
2026-08-31T11:10:00.000Z,"-894","8",16,0,0
2026-08-31T11:15:00.000Z,"-891","8",16,0,0
2026-08-31T11:20:00.000Z,"-894","8",16,0,0
2026-08-31T11:25:00.000Z,"-896","8",16,0,0
2026-08-31T11:30:00.000Z,"-892","8",16,0,0
2026-08-31T11:35:00.000Z,"-900","8",16,0,0
2026-08-31T11:40:00.000Z,"-896","8",16,0,0
2026-08-31T11:45:00.000Z,"-900","8",16,0,0
2026-08-31T11:50:00.000Z,"-899","8",16,0,0
2026-08-31T11:55:00.000Z,"-902","8",16,0,0
2026-08-31T12:00:00.000Z,"-902","8",16,0,0
2026-08-31T12:05:00.000Z,"-909","8",16,0,0
2026-08-31T12:10:00.000Z,"-909","8",16,0,0
2026-08-31T12:15:00.000Z,"-905","8",16,0,0
2026-08-31T12:20:00.000Z,"-904","8",16,0,0
2026-08-31T12:25:00.000Z,"-906","8",16,0,0
2026-08-31T12:30:00.000Z,"-902","8",16,0,0
2026-08-31T12:35:00.000Z,"-907","8",16,0,0
2026-08-31T12:40:00.000Z,"-910","8",16,0,0
2026-08-31T12:45:00.000Z,"-902","8",16,0,0
2026-08-31T12:50:00.000Z,"-896","8",16,0,0
2026-08-31T12:55:00.000Z,"-896","8",16,0,0
2026-08-31T13:00:00.000Z,"-881","8",16,0,0
2026-08-31T13:05:00.000Z,"-892","8",16,0,0
2026-08-31T13:10:00.000Z,"-884","8",16,0,0
2026-08-31T13:15:00.000Z,"-874","8",16,0,0
2026-08-31T13:20:00.000Z,"-869","8",16,0,0
2026-08-31T13:25:00.000Z,"-870","8",16,0,0
2026-08-31T13:30:00.000Z,"-869","8",16,0,0
2026-08-31T13:35:00.000Z,"-861","8",16,0,0
2026-08-31T13:40:00.000Z,"-855","8",16,0,0
2026-08-31T13:45:00.000Z,"-857","8",16,0,0
2026-08-31T13:50:00.000Z,"-850","8",16,0,0
2026-08-31T13:55:00.000Z,"-847","8",16,0,0
2026-08-31T14:00:00.000Z,"-841","8",16,0,0
2026-08-31T14:05:00.000Z,"-831","8",16,0,0
2026-08-31T14:10:00.000Z,"-834","8",16,0,0
2026-08-31T14:15:00.000Z,"-826","8",16,0,0
2026-08-31T14:20:00.000Z,"-826","8",16,0,0
2026-08-31T14:25:00.000Z,"-822","8",16,0,0
2026-08-31T14:30:00.000Z,"-817","8",16,0,0
2026-08-31T14:35:00.000Z,"-815","8",16,0,0
2026-08-31T14:40:00.000Z,"-815","8",16,0,0
2026-08-31T14:45:00.000Z,"-814","8",16,0,0
2026-08-31T14:50:00.000Z,"-806","8",16,0,0
2026-08-31T14:55:00.000Z,"-807","8",16,0,0
2026-08-31T15:00:00.000Z,"-809","8",16,0,0
2026-08-31T15:05:00.000Z,"-804","8",16,0,0
2026-08-31T15:10:00.000Z,"-805","8",16,0,0
2026-08-31T15:15:00.000Z,"-814","8",16,0,0
2026-08-31T15:20:00.000Z,"-804","8",16,0,0
2026-08-31T15:25:00.000Z,"-807","8",16,0,0
2026-08-31T15:30:00.000Z,"-810","8",16,0,0
2026-08-31T15:35:00.000Z,"-810","8",16,0,0
2026-08-31T15:40:00.000Z,"-817","8",16,0,0
2026-08-31T15:45:00.000Z,"-817","8",16,0,0
2026-08-31T15:50:00.000Z,"-821","8",16,0,0
2026-08-31T15:55:00.000Z,"-821","8",16,0,0
2026-08-31T16:00:00.000Z,"-821","8",16,0,0
2026-08-31T16:05:00.000Z,"-822","8",16,0,0
2026-08-31T16:10:00.000Z,"-826","8",16,0,0
2026-08-31T16:15:00.000Z,"-827","8",16,0,0
2026-08-31T16:20:00.000Z,"-839","8",16,0,0
2026-08-31T16:25:00.000Z,"-840","8",16,0,0
2026-08-31T16:30:00.000Z,"-844","8",16,0,0
2026-08-31T16:35:00.000Z,"-844","8",16,0,0
2026-08-31T16:40:00.000Z,"-841","8",16,0,0
2026-08-31T16:45:00.000Z,"-849","8",16,0,0
2026-08-31T16:50:00.000Z,"-849","8",16,0,0
2026-08-31T16:55:00.000Z,"-850","8",16,0,0
2026-08-31T17:00:00.000Z,"-860","8",16,0,0
2026-08-31T17:05:00.000Z,"-861","8",16,0,0
2026-08-31T17:10:00.000Z,"-861","8",16,0,0
2026-08-31T17:15:00.000Z,"-861","8",16,0,0
2026-08-31T17:20:00.000Z,"-866","8",16,0,0
2026-08-31T17:25:00.000Z,"-866","8",16,0,0
2026-08-31T17:30:00.000Z,"-869","8",16,0,0
2026-08-31T17:35:00.000Z,"-866","8",16,0,0
2026-08-31T17:40:00.000Z,"-875","8",16,0,0
2026-08-31T17:45:00.000Z,"-876","8",16,0,0
2026-08-31T17:50:00.000Z,"-881","8",16,0,0
2026-08-31T17:55:00.000Z,"-870","8",16,0,0
2026-08-31T18:00:00.000Z,"-875","8",16,0,0
2026-08-31T18:05:00.000Z,"-880","8",16,0,0
2026-08-31T18:10:00.000Z,"-884","8",16,0,0
2026-08-31T18:15:00.000Z,"-884","8",16,0,0
2026-08-31T18:20:00.000Z,"-890","8",16,0,0
2026-08-31T18:25:00.000Z,"-885","8",16,0,0
2026-08-31T18:30:00.000Z,"-884","8",16,0,0
2026-08-31T18:35:00.000Z,"-891","8",16,0,0
2026-08-31T18:40:00.000Z,"-887","8",16,0,0
2026-08-31T18:45:00.000Z,"-886","8",16,0,0
2026-08-31T18:50:00.000Z,"-891","8",16,0,0
2026-08-31T18:55:00.000Z,"-891","8",16,0,0
2026-08-31T19:00:00.000Z,"-894","8",16,0,0
2026-08-31T19:05:00.000Z,"-887","8",16,0,0
2026-08-31T19:10:00.000Z,"-890","8",16,0,0
2026-08-31T19:15:00.000Z,"-887","8",16,0,0
2026-08-31T19:20:00.000Z,"-897","8",16,0,0
2026-08-31T19:25:00.000Z,"-889","8",16,0,0
2026-08-31T19:30:00.000Z,"-885","8",16,0,0
2026-08-31T19:35:00.000Z,"-887","8",16,0,0
2026-08-31T19:40:00.000Z,"-886","8",16,0,0
2026-08-31T19:45:00.000Z,"-885","8",16,0,0
2026-08-31T19:50:00.000Z,"-886","8",16,0,0
2026-08-31T19:55:00.000Z,"-882","8",16,0,0
2026-08-31T20:00:00.000Z,"-884","8",16,0,0
2026-08-31T20:05:00.000Z,"-880","8",16,0,0
2026-08-31T20:10:00.000Z,"-882","8",16,0,0
2026-08-31T20:15:00.000Z,"-880","8",16,0,0
2026-08-31T20:20:00.000Z,"-876","8",16,0,0
2026-08-31T20:25:00.000Z,"-882","8",16,0,0
2026-08-31T20:30:00.000Z,"-871","8",16,0,0
2026-08-31T20:35:00.000Z,"-879","8",16,0,0
2026-08-31T20:40:00.000Z,"-874","8",16,0,0
2026-08-31T20:45:00.000Z,"-872","8",16,0,0
2026-08-31T20:50:00.000Z,"-877","8",16,0,0
2026-08-31T20:55:00.000Z,"-884","8",16,0,0
2026-08-31T21:00:00.000Z,"-876","8",16,0,0
2026-08-31T21:05:00.000Z,"-875","8",16,0,0
2026-08-31T21:10:00.000Z,"-874","8",16,0,0
2026-08-31T21:15:00.000Z,"-877","8",16,0,0
2026-08-31T21:20:00.000Z,"-872","8",16,0,0
2026-08-31T21:25:00.000Z,"-876","8",16,0,0
2026-08-31T21:30:00.000Z,"-872","8",16,0,0
2026-08-31T21:35:00.000Z,"-870","8",16,0,0
2026-08-31T21:40:00.000Z,"-876","8",16,0,0
2026-08-31T21:45:00.000Z,"-877","8",16,0,0
2026-08-31T21:50:00.000Z,"-874","8",16,0,0
2026-08-31T21:55:00.000Z,"-876","8",16,0,0
2026-08-31T22:00:00.000Z,"-874","8",16,0,0
2026-08-31T22:05:00.000Z,"-876","8",16,0,0
2026-08-31T22:10:00.000Z,"-876","8",16,0,0
2026-08-31T22:15:00.000Z,"-876","8",16,0,0
2026-08-31T22:20:00.000Z,"-877","8",16,0,0
2026-08-31T22:25:00.000Z,"-879","8",16,0,0
2026-08-31T22:30:00.000Z,"-875","8",16,0,0
2026-08-31T22:35:00.000Z,"-879","8",16,0,0
2026-08-31T22:40:00.000Z,"-880","8",16,0,0
2026-08-31T22:45:00.000Z,"-875","8",16,0,0
2026-08-31T22:50:00.000Z,"-875","8",16,0,0
2026-08-31T22:55:00.000Z,"-876","8",16,0,0
2026-08-31T23:00:00.000Z,"-876","8",16,0,0
2026-08-31T23:05:00.000Z,"-875","8",16,0,0
2026-08-31T23:10:00.000Z,"-874","8",16,0,0
2026-08-31T23:15:00.000Z,"-880","8",16,0,0
2026-08-31T23:20:00.000Z,"-877","8",16,0,0
2026-08-31T23:25:00.000Z,"-879","8",16,0,0
2026-08-31T23:30:00.000Z,"-875","8",16,0,0
2026-08-31T23:35:00.000Z,"-874","8",16,0,0
2026-08-31T23:40:00.000Z,"-875","8",16,0,0
2026-08-31T23:45:00.000Z,"-871","8",16,0,0
2026-08-31T23:50:00.000Z,"-875","8",16,0,0
2026-08-31T23:55:00.000Z,"-870","8",16,0,0
2026-09-01T00:00:00.000Z,"-867","8",16,0,0
2026-09-01T00:05:00.000Z,"-862","8",16,0,0
2026-09-01T00:10:00.000Z,"-859","8",16,0,0
2026-09-01T00:15:00.000Z,"-857","8",16,0,0
2026-09-01T00:20:00.000Z,"-849","8",16,0,0
2026-09-01T00:25:00.000Z,"-847","8",16,0,0
2026-09-01T00:30:00.000Z,"-844","8",16,0,0
2026-09-01T00:35:00.000Z,"-839","8",16,0,0
2026-09-01T00:40:00.000Z,"-835","8",16,0,0
2026-09-01T00:45:00.000Z,"-830","8",16,0,0
2026-09-01T00:50:00.000Z,"-826","8",16,0,0
2026-09-01T00:55:00.000Z,"-816","8",16,0,0
2026-09-01T01:00:00.000Z,"-814","8",16,0,0
2026-09-01T01:05:00.000Z,"-806","8",16,0,0
2026-09-01T01:10:00.000Z,"-802","8",16,0,0
2026-09-01T01:15:00.000Z,"-800","8",16,0,0
2026-09-01T01:20:00.000Z,"-787","8",16,0,0
2026-09-01T01:25:00.000Z,"-791","8",16,0,0
2026-09-01T01:30:00.000Z,"-775","8",16,0,0
2026-09-01T01:35:00.000Z,"-775","8",16,0,0
2026-09-01T01:40:00.000Z,"-771","8",16,0,0
2026-09-01T01:45:00.000Z,"-765","8",16,0,0
2026-09-01T01:50:00.000Z,"-766","8",16,0,0
2026-09-01T01:55:00.000Z,"-760","8",16,0,0
2026-09-01T02:00:00.000Z,"-760","8",16,0,0
2026-09-01T02:05:00.000Z,"-755","8",16,0,0
2026-09-01T02:10:00.000Z,"-752","8",16,0,0
2026-09-01T02:15:00.000Z,"-749","8",16,0,0
2026-09-01T02:20:00.000Z,"-745","8",16,0,0
2026-09-01T02:25:00.000Z,"-754","8",16,0,0
2026-09-01T02:30:00.000Z,"-744","8",16,0,0
2026-09-01T02:35:00.000Z,"-742","8",16,0,0
2026-09-01T02:40:00.000Z,"-749","8",16,0,0
2026-09-01T02:45:00.000Z,"-747","8",16,0,0
2026-09-01T02:50:00.000Z,"-747","8",16,0,0
2026-09-01T02:55:00.000Z,"-751","8",16,0,0
2026-09-01T03:00:00.000Z,"-751","8",16,0,0
2026-09-01T03:05:00.000Z,"-756","8",16,0,0
2026-09-01T03:10:00.000Z,"-755","8",16,0,0
2026-09-01T03:15:00.000Z,"-761","8",16,0,0
2026-09-01T03:20:00.000Z,"-764","8",16,0,0
2026-09-01T03:25:00.000Z,"-767","8",16,0,0
2026-09-01T03:30:00.000Z,"-779","8",16,0,0
2026-09-01T03:35:00.000Z,"-775","8",16,0,0
2026-09-01T03:40:00.000Z,"-780","8",16,0,0
2026-09-01T03:45:00.000Z,"-784","8",16,0,0
2026-09-01T03:50:00.000Z,"-789","8",16,0,0
2026-09-01T03:55:00.000Z,"-791","8",16,0,0
2026-09-01T04:00:00.000Z,"-799","8",16,0,0
2026-09-01T04:05:00.000Z,"-801","8",16,0,0
2026-09-01T04:10:00.000Z,"-804","8",16,0,0
2026-09-01T04:15:00.000Z,"-807","8",16,0,0
2026-09-01T04:20:00.000Z,"-812","8",16,0,0
2026-09-01T04:25:00.000Z,"-817","8",16,0,0
2026-09-01T04:30:00.000Z,"-814","8",16,0,0
2026-09-01T04:35:00.000Z,"-816","8",16,0,0
2026-09-01T04:40:00.000Z,"-825","8",16,0,0
2026-09-01T04:45:00.000Z,"-830","8",16,0,0
2026-09-01T04:50:00.000Z,"-832","8",16,0,0
2026-09-01T04:55:00.000Z,"-835","8",16,0,0
2026-09-01T05:00:00.000Z,"-839","8",16,0,0
2026-09-01T05:05:00.000Z,"-844","8",16,0,0
2026-09-01T05:10:00.000Z,"-845","8",16,0,0
2026-09-01T05:15:00.000Z,"-852","8",16,0,0
2026-09-01T05:20:00.000Z,"-851","8",16,0,0
2026-09-01T05:25:00.000Z,"-857","8",16,0,0
2026-09-01T05:30:00.000Z,"-857","8",16,0,0
2026-09-01T05:35:00.000Z,"-862","8",16,0,0
2026-09-01T05:40:00.000Z,"-861","8",16,0,0
2026-09-01T05:45:00.000Z,"-866","8",16,0,0
2026-09-01T05:50:00.000Z,"-870","8",16,0,0
2026-09-01T05:55:00.000Z,"-869","8",16,0,0
2026-09-01T06:00:00.000Z,"-874","8",16,0,0
2026-09-01T06:05:00.000Z,"-875","8",16,0,0
2026-09-01T06:10:00.000Z,"-880","8",16,0,0
2026-09-01T06:15:00.000Z,"-881","8",16,0,0
2026-09-01T06:20:00.000Z,"-887","8",16,0,0
2026-09-01T06:25:00.000Z,"-885","8",16,0,0
2026-09-01T06:30:00.000Z,"-889","8",16,0,0
2026-09-01T06:35:00.000Z,"-891","8",16,0,0
2026-09-01T06:40:00.000Z,"-889","8",16,0,0
2026-09-01T06:45:00.000Z,"-896","8",16,0,0
2026-09-01T06:50:00.000Z,"-896","8",16,0,0
2026-09-01T06:55:00.000Z,"-897","8",16,0,0
2026-09-01T07:00:00.000Z,"-900","8",16,0,0
2026-09-01T07:05:00.000Z,"-897","8",16,0,0
2026-09-01T07:10:00.000Z,"-902","8",16,0,0
2026-09-01T07:15:00.000Z,"-905","8",16,0,0
2026-09-01T07:20:00.000Z,"-905","8",16,0,0
2026-09-01T07:25:00.000Z,"-907","8",16,0,0
2026-09-01T07:30:00.000Z,"-905","8",16,0,0
2026-09-01T07:35:00.000Z,"-914","8",16,0,0
2026-09-01T07:40:00.000Z,"-911","8",16,0,0
2026-09-01T07:45:00.000Z,"-914","8",16,0,0
2026-09-01T07:50:00.000Z,"-914","8",16,0,0
2026-09-01T07:55:00.000Z,"-916","8",16,0,0
2026-09-01T08:00:00.000Z,"-916","8",16,0,0
2026-09-01T08:05:00.000Z,"-916","8",16,0,0
2026-09-01T08:10:00.000Z,"-919","8",16,0,0
2026-09-01T08:15:00.000Z,"-917","8",16,0,0
2026-09-01T08:20:00.000Z,"-921","4",16,0,0
2026-09-01T08:25:00.000Z,"-919","4",16,0,0
2026-09-01T08:30:00.000Z,"-919","4",16,0,0
2026-09-01T08:35:00.000Z,"-917","4",16,0,0
2026-09-01T08:40:00.000Z,"-921","4",16,0,0
2026-09-01T08:45:00.000Z,"-919","4",16,0,0
2026-09-01T08:50:00.000Z,"-915","4",16,0,0
2026-09-01T08:55:00.000Z,"-921","4",16,0,0
2026-09-01T09:00:00.000Z,"-924","4",16,0,0
2026-09-01T09:05:00.000Z,"-924","4",16,0,0
2026-09-01T09:10:00.000Z,"-917","4",16,0,0
2026-09-01T09:15:00.000Z,"-919","4",16,0,0
2026-09-01T09:20:00.000Z,"-915","4",16,0,0
2026-09-01T09:25:00.000Z,"-915","4",16,0,0
2026-09-01T09:30:00.000Z,"-920","4",16,0,0
2026-09-01T09:35:00.000Z,"-916","4",16,0,0
2026-09-01T09:40:00.000Z,"-915","4",16,0,0
2026-09-01T09:45:00.000Z,"-914","4",16,0,0
2026-09-01T09:50:00.000Z,"-914","4",16,0,0
2026-09-01T09:55:00.000Z,"-911","4",16,0,0
2026-09-01T10:00:00.000Z,"-911","4",16,0,0
2026-09-01T10:05:00.000Z,"-909","4",16,0,0
2026-09-01T10:10:00.000Z,"-910","4",16,0,0
2026-09-01T10:15:00.000Z,"-905","4",16,0,0
2026-09-01T10:20:00.000Z,"-902","4",16,0,0
2026-09-01T10:25:00.000Z,"-901","4",16,0,0
2026-09-01T10:30:00.000Z,"-906","4",16,0,0
2026-09-01T10:35:00.000Z,"-896","4",16,0,0
2026-09-01T10:40:00.000Z,"-891","4",16,0,0
2026-09-01T10:45:00.000Z,"-897","4",16,0,0
2026-09-01T10:50:00.000Z,"-895","4",16,0,0
2026-09-01T10:55:00.000Z,"-889","4",16,0,0
2026-09-01T11:00:00.000Z,"-890","4",16,0,0
2026-09-01T11:05:00.000Z,"-890","4",16,0,0
2026-09-01T11:10:00.000Z,"-885","4",16,0,0
2026-09-01T11:15:00.000Z,"-877","4",16,0,0
2026-09-01T11:20:00.000Z,"-875","4",16,0,0
2026-09-01T11:25:00.000Z,"-872","4",16,0,0
2026-09-01T11:30:00.000Z,"-872","4",16,0,0
2026-09-01T11:35:00.000Z,"-864","4",16,0,0
2026-09-01T11:40:00.000Z,"-866","4",16,0,0
2026-09-01T11:45:00.000Z,"-859","4",16,0,0
2026-09-01T11:50:00.000Z,"-856","4",16,0,0
2026-09-01T11:55:00.000Z,"-855","4",16,0,0
2026-09-01T12:00:00.000Z,"-852","4",16,0,0
2026-09-01T12:05:00.000Z,"-847","4",16,0,0
2026-09-01T12:10:00.000Z,"-840","4",16,0,0
2026-09-01T12:15:00.000Z,"-845","4",16,0,0
2026-09-01T12:20:00.000Z,"-835","4",16,0,0
2026-09-01T12:25:00.000Z,"-835","4",16,0,0
2026-09-01T12:30:00.000Z,"-835","4",16,0,0
2026-09-01T12:35:00.000Z,"-830","4",16,0,0
2026-09-01T12:40:00.000Z,"-827","4",16,0,0
2026-09-01T12:45:00.000Z,"-831","4",16,0,0
2026-09-01T12:50:00.000Z,"-830","4",16,0,0
2026-09-01T12:55:00.000Z,"-835","4",16,0,0
2026-09-01T13:00:00.000Z,"-832","4",16,0,0
2026-09-01T13:05:00.000Z,"-834","4",16,0,0
2026-09-01T13:10:00.000Z,"-826","4",16,0,0
2026-09-01T13:15:00.000Z,"-836","4",16,0,0
2026-09-01T13:20:00.000Z,"-832","4",16,0,0
2026-09-01T13:25:00.000Z,"-845","4",16,0,0
2026-09-01T13:30:00.000Z,"-842","4",16,0,0
2026-09-01T13:35:00.000Z,"-844","4",16,0,0
2026-09-01T13:40:00.000Z,"-847","4",16,0,0
2026-09-01T13:45:00.000Z,"-847","4",16,0,0
2026-09-01T13:50:00.000Z,"-849","4",16,0,0
2026-09-01T13:55:00.000Z,"-850","4",16,0,0
2026-09-01T14:00:00.000Z,"-854","4",16,0,0
2026-09-01T14:05:00.000Z,"-854","4",16,0,0
2026-09-01T14:10:00.000Z,"-854","4",16,0,0
2026-09-01T14:15:00.000Z,"-854","4",16,0,0
2026-09-01T14:20:00.000Z,"-856","4",16,0,0
2026-09-01T14:25:00.000Z,"-861","4",16,0,0
2026-09-01T14:30:00.000Z,"-862","4",16,0,0
2026-09-01T14:35:00.000Z,"-862","4",16,0,0
2026-09-01T14:40:00.000Z,"-867","4",16,0,0
2026-09-01T14:45:00.000Z,"-872","4",16,0,0
2026-09-01T14:50:00.000Z,"-867","4",16,0,0
2026-09-01T14:55:00.000Z,"-869","4",16,0,0
2026-09-01T15:00:00.000Z,"-876","4",16,0,0
2026-09-01T15:05:00.000Z,"-875","4",16,0,0
2026-09-01T15:10:00.000Z,"-875","4",16,0,0
2026-09-01T15:15:00.000Z,"-877","4",16,0,0
2026-09-01T15:20:00.000Z,"-886","4",16,0,0
2026-09-01T15:25:00.000Z,"-881","4",16,0,0
2026-09-01T15:30:00.000Z,"-884","4",16,0,0
2026-09-01T15:35:00.000Z,"-890","4",16,0,0
2026-09-01T15:40:00.000Z,"-889","4",16,0,0
2026-09-01T15:45:00.000Z,"-887","4",16,0,0
2026-09-01T15:50:00.000Z,"-887","4",16,0,0
2026-09-01T15:55:00.000Z,"-892","4",16,0,0
2026-09-01T16:00:00.000Z,"-892","4",16,0,0
2026-09-01T16:05:00.000Z,"-894","4",16,0,0
2026-09-01T16:10:00.000Z,"-897","4",16,0,0
2026-09-01T16:15:00.000Z,"-892","4",16,0,0
2026-09-01T16:20:00.000Z,"-901","4",16,0,0
2026-09-01T16:25:00.000Z,"-899","4",16,0,0
2026-09-01T16:30:00.000Z,"-899","4",16,0,0
2026-09-01T16:35:00.000Z,"-902","4",16,0,0
2026-09-01T16:40:00.000Z,"-901","4",16,0,0
2026-09-01T16:45:00.000Z,"-901","4",16,0,0
2026-09-01T16:50:00.000Z,"-897","4",16,0,0
2026-09-01T16:55:00.000Z,"-900","4",16,0,0
2026-09-01T17:00:00.000Z,"-905","4",16,0,0
2026-09-01T17:05:00.000Z,"-902","4",16,0,0
2026-09-01T17:10:00.000Z,"-905","4",16,0,0
2026-09-01T17:15:00.000Z,"-907","4",16,0,0
2026-09-01T17:20:00.000Z,"-907","4",16,0,0
2026-09-01T17:25:00.000Z,"-907","4",16,0,0
2026-09-01T17:30:00.000Z,"-905","4",16,0,0
2026-09-01T17:35:00.000Z,"-911","4",16,0,0
2026-09-01T17:40:00.000Z,"-911","4",16,0,0
2026-09-01T17:45:00.000Z,"-909","4",16,0,0
2026-09-01T17:50:00.000Z,"-914","4",16,0,0
2026-09-01T17:55:00.000Z,"-906","4",16,0,0
2026-09-01T18:00:00.000Z,"-911","4",16,0,0
2026-09-01T18:05:00.000Z,"-904","4",16,0,0
2026-09-01T18:10:00.000Z,"-902","4",16,0,0
2026-09-01T18:15:00.000Z,"-905","4",16,0,0
2026-09-01T18:20:00.000Z,"-905","4",16,0,0
2026-09-01T18:25:00.000Z,"-905","4",16,0,0
2026-09-01T18:30:00.000Z,"-904","4",16,0,0
2026-09-01T18:35:00.000Z,"-902","4",16,0,0
2026-09-01T18:40:00.000Z,"-904","4",16,0,0
2026-09-01T18:45:00.000Z,"-900","4",16,0,0
2026-09-01T18:50:00.000Z,"-907","4",16,0,0
2026-09-01T18:55:00.000Z,"-901","4",16,0,0
2026-09-01T19:00:00.000Z,"-906","4",16,0,0
2026-09-01T19:05:00.000Z,"-901","4",16,0,0
2026-09-01T19:10:00.000Z,"-902","4",16,0,0
2026-09-01T19:15:00.000Z,"-905","4",16,0,0
2026-09-01T19:20:00.000Z,"-905","4",16,0,0
2026-09-01T19:25:00.000Z,"-907","4",16,0,0
2026-09-01T19:30:00.000Z,"-910","4",16,0,0
2026-09-01T19:35:00.000Z,"-907","4",16,0,0
2026-09-01T19:40:00.000Z,"-910","4",16,0,0
2026-09-01T19:45:00.000Z,"-909","4",16,0,0
2026-09-01T19:50:00.000Z,"-909","4",16,0,0
2026-09-01T19:55:00.000Z,"-911","4",16,0,0
2026-09-01T20:00:00.000Z,"-911","4",16,0,0
2026-09-01T20:05:00.000Z,"-907","4",16,0,0
2026-09-01T20:10:00.000Z,"-914","4",16,0,0
2026-09-01T20:15:00.000Z,"-910","4",16,0,0