"Date (TU)","Valeur (en mm)","Statut","Qualification","Méthode","Continuité"
2026-06-01T00:00:00.000Z,"300","8",16,0,0
2026-06-01T00:10:00.000Z,"297","8",16,0,0
2026-06-01T00:20:00.000Z,"293","8",16,0,0
2026-06-01T00:30:00.000Z,"290","8",16,0,0
2026-06-01T00:40:00.000Z,"289","8",16,0,0
2026-06-01T00:50:00.000Z,"300","8",16,0,0
2026-06-01T01:00:00.000Z,"301","8",16,0,0
2026-06-01T01:10:00.000Z,"302","8",16,0,0
2026-06-01T01:20:00.000Z,"301","8",16,0,0
2026-06-01T01:30:00.000Z,"299","8",16,0,0
2026-06-01T01:40:00.000Z,"296","8",16,0,0
2026-06-01T01:50:00.000Z,"296","8",16,0,0
2026-06-01T02:00:00.000Z,"293","8",16,0,0
2026-06-01T02:10:00.000Z,"294","8",16,0,0
2026-06-01T02:20:00.000Z,"293","8",16,0,0
2026-06-01T02:30:00.000Z,"293","8",16,0,0
2026-06-01T02:40:00.000Z,"292","8",16,0,0
2026-06-01T02:50:00.000Z,"292","8",16,0,0
2026-06-01T03:00:00.000Z,"291","8",16,0,0
2026-06-01T03:10:00.000Z,"291","8",16,0,0
2026-06-01T03:20:00.000Z,"291","8",16,0,0
2026-06-01T03:30:00.000Z,"294","8",16,0,0
2026-06-01T03:50:00.000Z,"302","8",16,0,0
2026-06-01T04:00:00.000Z,"309","8",16,0,0
2026-06-01T04:10:00.000Z,"318","8",16,0,0
2026-06-01T04:20:00.000Z,"321","8",16,0,0
2026-06-01T04:40:00.000Z,"312","8",16,0,0
2026-06-01T04:50:00.000Z,"321","8",16,0,0
2026-06-01T05:00:00.000Z,"321","8",16,0,0
2026-06-01T05:10:00.000Z,"325","8",16,0,0
2026-06-01T05:20:00.000Z,"339","8",16,0,0
2026-06-01T05:30:00.000Z,"342","8",16,0,0
2026-06-01T05:40:00.000Z,"333","8",16,0,0
2026-06-01T05:50:00.000Z,"333","8",16,0,0
2026-06-01T06:00:00.000Z,"345","8",16,0,0
2026-06-01T06:10:00.000Z,"333","8",16,0,0
2026-06-01T06:20:00.000Z,"331","8",16,0,0
2026-06-01T06:30:00.000Z,"324","8",16,0,0
2026-06-01T06:40:00.000Z,"327","8",16,0,0
2026-06-01T06:50:00.000Z,"339","8",16,0,0
2026-06-01T07:00:00.000Z,"331","8",16,0,0
2026-06-01T07:10:00.000Z,"334","8",16,0,0
2026-06-01T07:20:00.000Z,"333","8",16,0,0
2026-06-01T07:30:00.000Z,"365","8",16,0,0
2026-06-01T07:40:00.000Z,"356","8",16,0,0
2026-06-01T07:50:00.000Z,"361","8",16,0,0
2026-06-01T08:00:00.000Z,"360","8",16,0,0
2026-06-01T08:10:00.000Z,"367","8",16,0,0
2026-06-01T08:20:00.000Z,"367","8",16,0,0
2026-06-01T08:30:00.000Z,"385","8",16,0,0
2026-06-01T08:40:00.000Z,"382","8",16,0,0
2026-06-01T08:50:00.000Z,"384","8",16,0,0
2026-06-01T09:00:00.000Z,"386","8",16,0,0
2026-06-01T09:10:00.000Z,"390","8",16,0,0
2026-06-01T09:20:00.000Z,"389","8",16,0,0
2026-06-01T09:30:00.000Z,"368","8",16,0,0
2026-06-01T09:40:00.000Z,"389","8",16,0,0
2026-06-01T09:50:00.000Z,"399","8",16,0,0
2026-06-01T10:00:00.000Z,"393","8",16,0,0
2026-06-01T10:10:00.000Z,"401","8",16,0,0
2026-06-01T10:20:00.000Z,"400","8",16,0,0
2026-06-01T10:30:00.000Z,"399","8",16,0,0
2026-06-01T10:40:00.000Z,"403","8",16,0,0
2026-06-01T10:50:00.000Z,"406","8",16,0,0
2026-06-01T11:00:00.000Z,"428","8",16,0,0
2026-06-01T11:10:00.000Z,"423","8",16,0,0
2026-06-01T11:20:00.000Z,"414","8",16,0,0
2026-06-01T11:30:00.000Z,"414","8",16,0,0
2026-06-01T11:40:00.000Z,"418","8",16,0,0
2026-06-01T11:50:00.000Z,"411","8",16,0,0
2026-06-01T12:00:00.000Z,"441","8",16,0,0
2026-06-01T12:10:00.000Z,"429","8",16,0,0
2026-06-01T12:20:00.000Z,"431","8",16,0,0
2026-06-01T12:30:00.000Z,"398","8",16,0,0
2026-06-01T12:40:00.000Z,"424","8",16,0,0
2026-06-01T12:50:00.000Z,"447","8",16,0,0
2026-06-01T13:00:00.000Z,"439","8",16,0,0
2026-06-01T13:10:00.000Z,"439","8",16,0,0
2026-06-01T13:20:00.000Z,"424","8",16,0,0
2026-06-01T13:30:00.000Z,"431","8",16,0,0
2026-06-01T13:40:00.000Z,"439","8",16,0,0
2026-06-01T13:50:00.000Z,"439","8",16,0,0
2026-06-01T14:00:00.000Z,"438","8",16,0,0
2026-06-01T14:10:00.000Z,"436","8",16,0,0
2026-06-01T14:20:00.000Z,"439","8",16,0,0
2026-06-01T14:30:00.000Z,"441","8",16,0,0
2026-06-01T14:40:00.000Z,"443","8",16,0,0
2026-06-01T14:50:00.000Z,"446","8",16,0,0
2026-06-01T15:00:00.000Z,"446","8",16,0,0
2026-06-01T15:10:00.000Z,"453","8",16,0,0
2026-06-01T15:20:00.000Z,"448","8",16,0,0
2026-06-01T15:30:00.000Z,"453","8",16,0,0
2026-06-01T15:40:00.000Z,"456","8",16,0,0
2026-06-01T15:50:00.000Z,"461","8",16,0,0
2026-06-01T16:00:00.000Z,"461","8",16,0,0
2026-06-01T16:10:00.000Z,"461","8",16,0,0
2026-06-01T16:20:00.000Z,"481","8",16,0,0
2026-06-01T16:30:00.000Z,"465","8",16,0,0
2026-06-01T16:40:00.000Z,"461","8",16,0,0
2026-06-01T16:50:00.000Z,"424","8",16,0,0
2026-06-01T17:00:00.000Z,"447","8",16,0,0
2026-06-01T17:10:00.000Z,"441","8",16,0,0
2026-06-01T17:20:00.000Z,"441","8",16,0,0
2026-06-01T17:30:00.000Z,"431","8",16,0,0
2026-06-01T17:40:00.000Z,"434","8",16,0,0
2026-06-01T17:50:00.000Z,"439","8",16,0,0
2026-06-01T18:00:00.000Z,"433","8",16,0,0
2026-06-01T18:10:00.000Z,"421","8",16,0,0
2026-06-01T18:20:00.000Z,"416","8",16,0,0
2026-06-01T18:30:00.000Z,"413","8",16,0,0
2026-06-01T18:40:00.000Z,"411","8",16,0,0
2026-06-01T18:50:00.000Z,"409","8",16,0,0
2026-06-01T19:00:00.000Z,"422","8",16,0,0
2026-06-01T19:10:00.000Z,"408","8",16,0,0
2026-06-01T19:20:00.000Z,"403","8",16,0,0
2026-06-01T19:30:00.000Z,"391","8",16,0,0
2026-06-01T19:40:00.000Z,"393","8",16,0,0
2026-06-01T19:50:00.000Z,"391","8",16,0,0
2026-06-01T20:00:00.000Z,"388","8",16,0,0
2026-06-01T20:10:00.000Z,"386","8",16,0,0
2026-06-01T20:20:00.000Z,"385","8",16,0,0
2026-06-01T20:30:00.000Z,"375","8",16,0,0
2026-06-01T20:40:00.000Z,"378","8",16,0,0
2026-06-01T20:50:00.000Z,"369","8",16,0,0
2026-06-01T21:00:00.000Z,"366","8",16,0,0
2026-06-01T21:10:00.000Z,"361","8",16,0,0
2026-06-01T21:20:00.000Z,"354","8",16,0,0
2026-06-01T21:30:00.000Z,"352","8",16,0,0
2026-06-01T21:40:00.000Z,"345","8",16,0,0
2026-06-01T21:50:00.000Z,"338","8",16,0,0
2026-06-01T22:00:00.000Z,"339","8",16,0,0
2026-06-01T22:10:00.000Z,"333","8",16,0,0
2026-06-01T22:20:00.000Z,"329","8",16,0,0
2026-06-01T22:30:00.000Z,"324","8",16,0,0
2026-06-01T22:40:00.000Z,"314","8",16,0,0
2026-06-01T22:50:00.000Z,"320","8",16,0,0
2026-06-01T23:00:00.000Z,"318","8",16,0,0
2026-06-01T23:10:00.000Z,"317","8",16,0,0
2026-06-01T23:20:00.000Z,"270","8",16,0,0
2026-06-01T23:30:00.000Z,"305","8",16,0,0
2026-06-01T23:40:00.000Z,"300","8",16,0,0
2026-06-01T23:50:00.000Z,"300","8",16,0,0
2026-06-02T00:00:00.000Z,"296","8",16,0,0
2026-06-02T00:10:00.000Z,"291","8",16,0,0
2026-06-02T00:20:00.000Z,"284","8",16,0,0
2026-06-02T00:30:00.000Z,"278","8",16,0,0
2026-06-02T00:40:00.000Z,"270","8",16,0,0
2026-06-02T00:50:00.000Z,"261","8",16,0,0
2026-06-02T01:00:00.000Z,"254","8",16,0,0
2026-06-02T01:10:00.000Z,"248","8",16,0,0
2026-06-02T01:20:00.000Z,"238","8",16,0,0
2026-06-02T01:30:00.000Z,"229","8",16,0,0
2026-06-02T01:40:00.000Z,"224","8",16,0,0
2026-06-02T01:50:00.000Z,"218","8",16,0,0
2026-06-02T02:00:00.000Z,"214","8",16,0,0
2026-06-02T02:10:00.000Z,"213","8",16,0,0
2026-06-02T02:20:00.000Z,"213","8",16,0,0
2026-06-02T02:30:00.000Z,"213","8",16,0,0
2026-06-02T02:40:00.000Z,"214","8",16,0,0
2026-06-02T02:50:00.000Z,"213","8",16,0,0
2026-06-02T03:00:00.000Z,"211","8",16,0,0
2026-06-02T03:10:00.000Z,"210","8",16,0,0
2026-06-02T03:20:00.000Z,"211","8",16,0,0
2026-06-02T03:30:00.000Z,"211","8",16,0,0
2026-06-02T03:40:00.000Z,"210","8",16,0,0
2026-06-02T03:50:00.000Z,"209","8",16,0,0
2026-06-02T04:00:00.000Z,"211","8",16,0,0
2026-06-02T04:10:00.000Z,"215","8",16,0,0
2026-06-02T04:20:00.000Z,"220","8",16,0,0
2026-06-02T04:30:00.000Z,"225","8",16,0,0
2026-06-02T04:40:00.000Z,"231","8",16,0,0
2026-06-02T04:50:00.000Z,"237","8",16,0,0
2026-06-02T05:00:00.000Z,"276","8",16,0,0
2026-06-02T05:10:00.000Z,"269","8",16,0,0
2026-06-02T05:20:00.000Z,"283","8",16,0,0
2026-06-02T05:30:00.000Z,"277","8",16,0,0
2026-06-02T05:40:00.000Z,"286","8",16,0,0
2026-06-02T05:50:00.000Z,"291","8",16,0,0
2026-06-02T06:00:00.000Z,"299","8",16,0,0
2026-06-02T06:10:00.000Z,"308","8",16,0,0
2026-06-02T06:20:00.000Z,"314","8",16,0,0
2026-06-02T06:30:00.000Z,"321","8",16,0,0
2026-06-02T06:40:00.000Z,"329","8",16,0,0
2026-06-02T06:50:00.000Z,"338","8",16,0,0
2026-06-02T07:00:00.000Z,"347","8",16,0,0
2026-06-02T07:10:00.000Z,"355","8",16,0,0
2026-06-02T07:20:00.000Z,"362","8",16,0,0
2026-06-02T07:30:00.000Z,"346","8",16,0,0
2026-06-02T07:40:00.000Z,"375","8",16,0,0
2026-06-02T07:50:00.000Z,"383","8",16,0,0
2026-06-02T08:00:00.000Z,"388","8",16,0,0
2026-06-02T08:10:00.000Z,"398","8",16,0,0
2026-06-02T08:20:00.000Z,"404","8",16,0,0
2026-06-02T08:30:00.000Z,"414","8",16,0,0
2026-06-02T08:40:00.000Z,"421","8",16,0,0
2026-06-02T08:50:00.000Z,"431","8",16,0,0
2026-06-02T09:00:00.000Z,"438","8",16,0,0
2026-06-02T09:10:00.000Z,"447","8",16,0,0
2026-06-02T09:20:00.000Z,"456","8",16,0,0
2026-06-02T09:30:00.000Z,"462","8",16,0,0
2026-06-02T09:40:00.000Z,"470","8",16,0,0
2026-06-02T09:50:00.000Z,"477","8",16,0,0
2026-06-02T10:00:00.000Z,"483","8",16,0,0
2026-06-02T10:10:00.000Z,"489","8",16,0,0
2026-06-02T10:20:00.000Z,"498","8",16,0,0
2026-06-02T10:30:00.000Z,"505","8",16,0,0
2026-06-02T10:40:00.000Z,"509","8",16,0,0
2026-06-02T10:50:00.000Z,"514","8",16,0,0
2026-06-02T11:00:00.000Z,"533","8",16,0,0
2026-06-02T11:10:00.000Z,"522","8",16,0,0
2026-06-02T11:20:00.000Z,"518","8",16,0,0
2026-06-02T11:30:00.000Z,"506","8",16,0,0
2026-06-02T11:50:00.000Z,"475","8",16,0,0
2026-06-02T12:00:00.000Z,"499","8",16,0,0
2026-06-02T12:10:00.000Z,"496","8",16,0,0
2026-06-02T12:20:00.000Z,"503","8",16,0,0
2026-06-02T12:30:00.000Z,"466","8",16,0,0
2026-06-02T12:40:00.000Z,"479","8",16,0,0
2026-06-02T12:50:00.000Z,"472","8",16,0,0
2026-06-02T13:00:00.000Z,"452","8",16,0,0
2026-06-02T13:10:00.000Z,"467","8",16,0,0
2026-06-02T13:20:00.000Z,"470","8",16,0,0
2026-06-02T13:30:00.000Z,"449","8",16,0,0
2026-06-02T13:40:00.000Z,"437","8",16,0,0
2026-06-02T13:50:00.000Z,"411","8",16,0,0
2026-06-02T14:00:00.000Z,"431","8",16,0,0
2026-06-02T14:10:00.000Z,"418","8",16,0,0
2026-06-02T14:20:00.000Z,"413","8",16,0,0
2026-06-02T14:40:00.000Z,"404","8",16,0,0
2026-06-02T14:50:00.000Z,"391","8",16,0,0
2026-06-02T15:00:00.000Z,"400","8",16,0,0
2026-06-02T15:10:00.000Z,"391","8",16,0,0
2026-06-02T15:20:00.000Z,"391","8",16,0,0
2026-06-02T15:30:00.000Z,"402","8",16,0,0
2026-06-02T15:40:00.000Z,"388","8",16,0,0
2026-06-02T16:00:00.000Z,"381","8",16,0,0
2026-06-02T16:10:00.000Z,"387","8",16,0,0
2026-06-02T16:20:00.000Z,"381","8",16,0,0
2026-06-02T16:30:00.000Z,"389","8",16,0,0
2026-06-02T16:40:00.000Z,"387","8",16,0,0
2026-06-02T16:50:00.000Z,"391","8",16,0,0
2026-06-02T17:00:00.000Z,"347","8",16,0,0
2026-06-02T17:10:00.000Z,"392","8",16,0,0
2026-06-02T17:20:00.000Z,"387","8",16,0,0
2026-06-02T17:30:00.000Z,"377","8",16,0,0
2026-06-02T17:40:00.000Z,"377","8",16,0,0
2026-06-02T17:50:00.000Z,"381","8",16,0,0
2026-06-02T18:00:00.000Z,"394","8",16,0,0
2026-06-02T18:10:00.000Z,"400","8",16,0,0
2026-06-02T18:20:00.000Z,"399","8",16,0,0
2026-06-02T18:30:00.000Z,"393","8",16,0,0
2026-06-02T18:40:00.000Z,"391","8",16,0,0
2026-06-02T18:50:00.000Z,"381","8",16,0,0
2026-06-02T19:00:00.000Z,"379","8",16,0,0
2026-06-02T19:10:00.000Z,"359","8",16,0,0
2026-06-02T19:20:00.000Z,"360","8",16,0,0
2026-06-02T19:30:00.000Z,"360","8",16,0,0
2026-06-02T19:40:00.000Z,"355","8",16,0,0
2026-06-02T19:50:00.000Z,"347","8",16,0,0
2026-06-02T20:00:00.000Z,"345","8",16,0,0
2026-06-02T20:10:00.000Z,"345","8",16,0,0
2026-06-02T20:20:00.000Z,"335","8",16,0,0
2026-06-02T20:30:00.000Z,"333","8",16,0,0
2026-06-02T20:40:00.000Z,"325","8",16,0,0
2026-06-02T20:50:00.000Z,"342","8",16,0,0
2026-06-02T21:00:00.000Z,"325","8",16,0,0
2026-06-02T21:10:00.000Z,"319","8",16,0,0
2026-06-02T21:20:00.000Z,"302","8",16,0,0
2026-06-02T21:30:00.000Z,"301","8",16,0,0
2026-06-02T21:40:00.000Z,"303","8",16,0,0
2026-06-02T21:50:00.000Z,"299","8",16,0,0
2026-06-02T22:00:00.000Z,"297","8",16,0,0
2026-06-02T22:10:00.000Z,"296","8",16,0,0
2026-06-02T22:20:00.000Z,"292","8",16,0,0
2026-06-02T22:30:00.000Z,"290","8",16,0,0
2026-06-02T22:40:00.000Z,"284","8",16,0,0
2026-06-02T22:50:00.000Z,"281","8",16,0,0
2026-06-02T23:00:00.000Z,"274","8",16,0,0
2026-06-02T23:10:00.000Z,"271","8",16,0,0
2026-06-02T23:20:00.000Z,"269","8",16,0,0
2026-06-02T23:30:00.000Z,"266","8",16,0,0
2026-06-02T23:40:00.000Z,"264","8",16,0,0
2026-06-02T23:50:00.000Z,"259","8",16,0,0
2026-06-03T00:00:00.000Z,"256","8",16,0,0
2026-06-03T00:10:00.000Z,"252","8",16,0,0
2026-06-03T00:20:00.000Z,"241","8",16,0,0
2026-06-03T00:30:00.000Z,"244","8",16,0,0
2026-06-03T00:40:00.000Z,"241","8",16,0,0
2026-06-03T00:50:00.000Z,"238","8",16,0,0
2026-06-03T01:00:00.000Z,"194","8",16,0,0
2026-06-03T01:10:00.000Z,"229","8",16,0,0
2026-06-03T01:20:00.000Z,"225","8",16,0,0
2026-06-03T01:30:00.000Z,"220","8",16,0,0
2026-06-03T01:40:00.000Z,"217","8",16,0,0
2026-06-03T01:50:00.000Z,"214","8",16,0,0
2026-06-03T02:00:00.000Z,"213","8",16,0,0
2026-06-03T02:10:00.000Z,"211","8",16,0,0
2026-06-03T02:20:00.000Z,"210","8",16,0,0
2026-06-03T02:30:00.000Z,"215","8",16,0,0
2026-06-03T02:40:00.000Z,"219","8",16,0,0
2026-06-03T02:50:00.000Z,"221","8",16,0,0
2026-06-03T03:00:00.000Z,"222","8",16,0,0
2026-06-03T03:10:00.000Z,"222","8",16,0,0
2026-06-03T03:20:00.000Z,"220","8",16,0,0
2026-06-03T03:30:00.000Z,"221","8",16,0,0
2026-06-03T03:40:00.000Z,"225","8",16,0,0
2026-06-03T03:50:00.000Z,"230","8",16,0,0
2026-06-03T04:00:00.000Z,"226","8",16,0,0
2026-06-03T04:10:00.000Z,"240","8",16,0,0
2026-06-03T04:20:00.000Z,"217","8",16,0,0
2026-06-03T04:30:00.000Z,"244","8",16,0,0
2026-06-03T04:40:00.000Z,"242","8",16,0,0
2026-06-03T04:50:00.000Z,"252","8",16,0,0
2026-06-03T05:00:00.000Z,"259","8",16,0,0
2026-06-03T05:10:00.000Z,"261","8",16,0,0
2026-06-03T05:20:00.000Z,"258","8",16,0,0
2026-06-03T05:30:00.000Z,"259","8",16,0,0
2026-06-03T05:40:00.000Z,"261","8",16,0,0
2026-06-03T05:50:00.000Z,"264","8",16,0,0
2026-06-03T06:00:00.000Z,"282","8",16,0,0
2026-06-03T06:10:00.000Z,"284","8",16,0,0
2026-06-03T06:20:00.000Z,"291","8",16,0,0
2026-06-03T06:30:00.000Z,"281","8",16,0,0
2026-06-03T06:40:00.000Z,"289","8",16,0,0
2026-06-03T06:50:00.000Z,"281","8",16,0,0
2026-06-03T07:00:00.000Z,"304","8",16,0,0
2026-06-03T07:10:00.000Z,"286","8",16,0,0
2026-06-03T07:20:00.000Z,"289","8",16,0,0
2026-06-03T07:30:00.000Z,"254","8",16,0,0
2026-06-03T07:40:00.000Z,"281","8",16,0,0
2026-06-03T07:50:00.000Z,"294","8",16,0,0
2026-06-03T08:00:00.000Z,"306","8",16,0,0
2026-06-03T08:10:00.000Z,"310","8",16,0,0
2026-06-03T08:20:00.000Z,"317","8",16,0,0
2026-06-03T08:30:00.000Z,"319","8",16,0,0
2026-06-03T08:40:00.000Z,"316","8",16,0,0
2026-06-03T08:50:00.000Z,"326","8",16,0,0
2026-06-03T09:00:00.000Z,"318","8",16,0,0
2026-06-03T09:10:00.000Z,"325","8",16,0,0
2026-06-03T09:20:00.000Z,"311","8",16,0,0
2026-06-03T09:30:00.000Z,"310","8",16,0,0
2026-06-03T09:40:00.000Z,"279","8",16,0,0
2026-06-03T09:50:00.000Z,"291","8",16,0,0
2026-06-03T10:00:00.000Z,"309","8",16,0,0
2026-06-03T10:10:00.000Z,"310","8",16,0,0
2026-06-03T10:20:00.000Z,"307","8",16,0,0
2026-06-03T10:30:00.000Z,"296","8",16,0,0
2026-06-03T10:40:00.000Z,"311","8",16,0,0
2026-06-03T10:50:00.000Z,"314","8",16,0,0
2026-06-03T11:00:00.000Z,"313","8",16,0,0
2026-06-03T11:10:00.000Z,"339","8",16,0,0
2026-06-03T11:20:00.000Z,"323","8",16,0,0
2026-06-03T11:30:00.000Z,"335","8",16,0,0
2026-06-03T11:40:00.000Z,"310","8",16,0,0
2026-06-03T11:50:00.000Z,"327","8",16,0,0
2026-06-03T12:00:00.000Z,"331","8",16,0,0
2026-06-03T12:10:00.000Z,"330","8",16,0,0
2026-06-03T12:20:00.000Z,"344","8",16,0,0
2026-06-03T12:30:00.000Z,"324","8",16,0,0
2026-06-03T12:40:00.000Z,"317","8",16,0,0
2026-06-03T12:50:00.000Z,"261","8",16,0,0
2026-06-03T13:00:00.000Z,"299","8",16,0,0
2026-06-03T13:10:00.000Z,"269","8",16,0,0
2026-06-03T13:20:00.000Z,"256","8",16,0,0
2026-06-03T13:30:00.000Z,"258","8",16,0,0
2026-06-03T13:40:00.000Z,"274","8",16,0,0
2026-06-03T13:50:00.000Z,"266","8",16,0,0
2026-06-03T14:00:00.000Z,"277","8",16,0,0
2026-06-03T14:10:00.000Z,"285","8",16,0,0
2026-06-03T14:20:00.000Z,"306","8",16,0,0
2026-06-03T14:30:00.000Z,"304","8",16,0,0
2026-06-03T14:40:00.000Z,"311","8",16,0,0
2026-06-03T14:50:00.000Z,"320","8",16,0,0
2026-06-03T15:00:00.000Z,"316","8",16,0,0
2026-06-03T15:10:00.000Z,"329","8",16,0,0
2026-06-03T15:20:00.000Z,"340","8",16,0,0
2026-06-03T15:30:00.000Z,"335","8",16,0,0
2026-06-03T15:40:00.000Z,"371","8",16,0,0
2026-06-03T15:50:00.000Z,"385","8",16,0,0
2026-06-03T16:00:00.000Z,"395","8",16,0,0
2026-06-03T16:10:00.000Z,"407","8",16,0,0
2026-06-03T16:20:00.000Z,"418","8",16,0,0
2026-06-03T16:30:00.000Z,"434","8",16,0,0
2026-06-03T16:40:00.000Z,"444","8",16,0,0
2026-06-03T16:50:00.000Z,"441","8",16,0,0
2026-06-03T17:00:00.000Z,"434","8",16,0,0
2026-06-03T17:10:00.000Z,"431","8",16,0,0
2026-06-03T17:20:00.000Z,"434","8",16,0,0
2026-06-03T17:30:00.000Z,"436","8",16,0,0
2026-06-03T17:40:00.000Z,"439","8",16,0,0
2026-06-03T17:50:00.000Z,"436","8",16,0,0
2026-06-03T18:00:00.000Z,"434","8",16,0,0
2026-06-03T18:10:00.000Z,"428","8",16,0,0
2026-06-03T18:20:00.000Z,"414","8",16,0,0
2026-06-03T18:30:00.000Z,"426","8",16,0,0
2026-06-03T18:40:00.000Z,"439","8",16,0,0
2026-06-03T18:50:00.000Z,"470","8",16,0,0
2026-06-03T19:00:00.000Z,"463","8",16,0,0
2026-06-03T19:10:00.000Z,"472","8",16,0,0
2026-06-03T19:20:00.000Z,"438","8",16,0,0
2026-06-03T19:30:00.000Z,"481","8",16,0,0
2026-06-03T19:40:00.000Z,"480","8",16,0,0
2026-06-03T19:50:00.000Z,"489","8",16,0,0
2026-06-03T20:00:00.000Z,"498","8",16,0,0
2026-06-03T20:10:00.000Z,"516","8",16,0,0
2026-06-03T20:20:00.000Z,"518","8",16,0,0
2026-06-03T20:30:00.000Z,"516","8",16,0,0
2026-06-03T20:40:00.000Z,"518","8",16,0,0
2026-06-03T20:50:00.000Z,"516","8",16,0,0
2026-06-03T21:00:00.000Z,"523","8",16,0,0
2026-06-03T21:10:00.000Z,"532","8",16,0,0
2026-06-03T21:20:00.000Z,"534","8",16,0,0
2026-06-03T21:30:00.000Z,"541","8",16,0,0
2026-06-03T21:40:00.000Z,"544","8",16,0,0
2026-06-03T21:50:00.000Z,"549","8",16,0,0
2026-06-03T22:00:00.000Z,"545","8",16,0,0
2026-06-03T22:10:00.000Z,"546","8",16,0,0
2026-06-03T22:20:00.000Z,"539","8",16,0,0
2026-06-03T22:30:00.000Z,"544","8",16,0,0
2026-06-03T22:40:00.000Z,"544","8",16,0,0
2026-06-03T22:50:00.000Z,"546","8",16,0,0
2026-06-03T23:00:00.000Z,"545","8",16,0,0
2026-06-03T23:10:00.000Z,"544","8",16,0,0
2026-06-03T23:20:00.000Z,"549","8",16,0,0
2026-06-03T23:30:00.000Z,"544","8",16,0,0
2026-06-03T23:40:00.000Z,"545","8",16,0,0
2026-06-03T23:50:00.000Z,"545","8",16,0,0
2026-06-04T00:00:00.000Z,"545","8",16,0,0
2026-06-04T00:10:00.000Z,"544","8",16,0,0
2026-06-04T00:20:00.000Z,"546","8",16,0,0
2026-06-04T00:30:00.000Z,"544","8",16,0,0
2026-06-04T00:40:00.000Z,"545","8",16,0,0
2026-06-04T00:50:00.000Z,"543","8",16,0,0
2026-06-04T01:00:00.000Z,"541","8",16,0,0
2026-06-04T01:10:00.000Z,"541","8",16,0,0
2026-06-04T01:20:00.000Z,"540","8",16,0,0
2026-06-04T01:30:00.000Z,"541","8",16,0,0
2026-06-04T01:40:00.000Z,"541","8",16,0,0
2026-06-04T01:50:00.000Z,"539","8",16,0,0
2026-06-04T02:00:00.000Z,"537","8",16,0,0
2026-06-04T02:10:00.000Z,"535","8",16,0,0
2026-06-04T02:20:00.000Z,"535","8",16,0,0
2026-06-04T02:30:00.000Z,"535","8",16,0,0
2026-06-04T02:40:00.000Z,"534","8",16,0,0
2026-06-04T02:50:00.000Z,"533","8",16,0,0
2026-06-04T03:00:00.000Z,"529","8",16,0,0
2026-06-04T03:10:00.000Z,"529","8",16,0,0
2026-06-04T03:20:00.000Z,"527","8",16,0,0
2026-06-04T03:30:00.000Z,"528","8",16,0,0
2026-06-04T03:40:00.000Z,"526","8",16,0,0
2026-06-04T03:50:00.000Z,"529","8",16,0,0
2026-06-04T04:00:00.000Z,"532","8",16,0,0
2026-06-04T04:10:00.000Z,"537","8",16,0,0
2026-06-04T04:20:00.000Z,"537","8",16,0,0
2026-06-04T04:30:00.000Z,"539","8",16,0,0
2026-06-04T04:40:00.000Z,"540","8",16,0,0
2026-06-04T04:50:00.000Z,"544","8",16,0,0
2026-06-04T05:00:00.000Z,"547","8",16,0,0
2026-06-04T05:10:00.000Z,"547","8",16,0,0
2026-06-04T05:20:00.000Z,"548","8",16,0,0
2026-06-04T05:30:00.000Z,"550","8",16,0,0
2026-06-04T05:40:00.000Z,"553","8",16,0,0
2026-06-04T05:50:00.000Z,"554","8",16,0,0
2026-06-04T06:00:00.000Z,"579","8",16,0,0
2026-06-04T06:10:00.000Z,"568","8",16,0,0
2026-06-04T06:20:00.000Z,"569","8",16,0,0
2026-06-04T06:30:00.000Z,"566","8",16,0,0
2026-06-04T06:40:00.000Z,"565","8",16,0,0
2026-06-04T06:50:00.000Z,"563","8",16,0,0
2026-06-04T07:00:00.000Z,"566","8",16,0,0
2026-06-04T07:10:00.000Z,"566","8",16,0,0
2026-06-04T07:20:00.000Z,"568","8",16,0,0
2026-06-04T07:30:00.000Z,"569","8",16,0,0
2026-06-04T07:40:00.000Z,"569","8",16,0,0
2026-06-04T07:50:00.000Z,"571","8",16,0,0
2026-06-04T08:00:00.000Z,"593","8",16,0,0
2026-06-04T08:10:00.000Z,"581","8",16,0,0
2026-06-04T08:20:00.000Z,"581","8",16,0,0
2026-06-04T08:30:00.000Z,"573","8",16,0,0
2026-06-04T08:40:00.000Z,"574","8",16,0,0
2026-06-04T08:50:00.000Z,"576","8",16,0,0
2026-06-04T09:00:00.000Z,"578","8",16,0,0
2026-06-04T09:10:00.000Z,"586","8",16,0,0
2026-06-04T09:20:00.000Z,"575","8",16,0,0
2026-06-04T09:30:00.000Z,"537","8",16,0,0
2026-06-04T09:40:00.000Z,"578","8",16,0,0
2026-06-04T09:50:00.000Z,"586","8",16,0,0
2026-06-04T10:00:00.000Z,"572","8",16,0,0
2026-06-04T10:10:00.000Z,"567","8",16,0,0
2026-06-04T10:20:00.000Z,"558","8",16,0,0
2026-06-04T10:30:00.000Z,"551","8",16,0,0
2026-06-04T10:40:00.000Z,"544","8",16,0,0
2026-06-04T10:50:00.000Z,"534","8",16,0,0
2026-06-04T11:00:00.000Z,"519","8",16,0,0
2026-06-04T11:10:00.000Z,"514","8",16,0,0
2026-06-04T11:20:00.000Z,"507","8",16,0,0
2026-06-04T11:30:00.000Z,"501","8",16,0,0
2026-06-04T11:40:00.000Z,"499","8",16,0,0
2026-06-04T11:50:00.000Z,"463","8",16,0,0
2026-06-04T12:00:00.000Z,"454","8",16,0,0
2026-06-04T12:10:00.000Z,"430","8",16,0,0
2026-06-04T12:20:00.000Z,"432","8",16,0,0
2026-06-04T12:30:00.000Z,"396","8",16,0,0
2026-06-04T12:40:00.000Z,"415","8",16,0,0
2026-06-04T12:50:00.000Z,"411","8",16,0,0
2026-06-04T13:00:00.000Z,"417","8",16,0,0
2026-06-04T13:10:00.000Z,"404","8",16,0,0
2026-06-04T13:20:00.000Z,"406","8",16,0,0
2026-06-04T13:50:00.000Z,"384","8",16,0,0
2026-06-04T14:00:00.000Z,"383","8",16,0,0
2026-06-04T14:10:00.000Z,"383","8",16,0,0
2026-06-04T14:20:00.000Z,"381","8",16,0,0
2026-06-04T14:30:00.000Z,"364","8",16,0,0
2026-06-04T14:40:00.000Z,"348","8",16,0,0
2026-06-04T15:00:00.000Z,"340","8",16,0,0
2026-06-04T15:10:00.000Z,"351","8",16,0,0
2026-06-04T15:20:00.000Z,"352","8",16,0,0
2026-06-04T15:30:00.000Z,"359","8",16,0,0
2026-06-04T15:40:00.000Z,"366","8",16,0,0
2026-06-04T15:50:00.000Z,"396","8",16,0,0
2026-06-04T16:00:00.000Z,"381","8",16,0,0
2026-06-04T16:10:00.000Z,"381","8",16,0,0
2026-06-04T16:20:00.000Z,"404","8",16,0,0
2026-06-04T16:30:00.000Z,"420","8",16,0,0
2026-06-04T16:40:00.000Z,"433","8",16,0,0
2026-06-04T16:50:00.000Z,"458","8",16,0,0
2026-06-04T17:00:00.000Z,"396","8",16,0,0
2026-06-04T17:10:00.000Z,"455","8",16,0,0
2026-06-04T17:20:00.000Z,"436","8",16,0,0
2026-06-04T17:30:00.000Z,"463","8",16,0,0
2026-06-04T17:40:00.000Z,"463","8",16,0,0
2026-06-04T17:50:00.000Z,"458","8",16,0,0
2026-06-04T18:10:00.000Z,"413","8",16,0,0
2026-06-04T18:20:00.000Z,"484","8",16,0,0
2026-06-04T18:30:00.000Z,"483","8",16,0,0
2026-06-04T18:40:00.000Z,"484","8",16,0,0
2026-06-04T18:50:00.000Z,"474","8",16,0,0
2026-06-04T19:00:00.000Z,"473","8",16,0,0
2026-06-04T19:10:00.000Z,"486","8",16,0,0
2026-06-04T19:20:00.000Z,"478","8",16,0,0
2026-06-04T19:30:00.000Z,"478","8",16,0,0
2026-06-04T19:40:00.000Z,"476","8",16,0,0
2026-06-04T19:50:00.000Z,"471","8",16,0,0
2026-06-04T20:00:00.000Z,"506","8",16,0,0
2026-06-04T20:10:00.000Z,"493","8",16,0,0
2026-06-04T20:20:00.000Z,"501","8",16,0,0
2026-06-04T20:30:00.000Z,"494","8",16,0,0
2026-06-04T20:50:00.000Z,"502","8",16,0,0
2026-06-04T21:00:00.000Z,"504","8",16,0,0
2026-06-04T21:10:00.000Z,"508","8",16,0,0
2026-06-04T21:20:00.000Z,"513","8",16,0,0
2026-06-04T21:30:00.000Z,"515","8",16,0,0
2026-06-04T21:40:00.000Z,"519","8",16,0,0
2026-06-04T21:50:00.000Z,"523","8",16,0,0
2026-06-04T22:00:00.000Z,"524","8",16,0,0
2026-06-04T22:10:00.000Z,"525","8",16,0,0
2026-06-04T22:20:00.000Z,"526","8",16,0,0
2026-06-04T22:30:00.000Z,"530","8",16,0,0
2026-06-04T22:40:00.000Z,"531","8",16,0,0
2026-06-04T22:50:00.000Z,"533","8",16,0,0
2026-06-04T23:00:00.000Z,"535","8",16,0,0
2026-06-04T23:10:00.000Z,"539","8",16,0,0
2026-06-04T23:20:00.000Z,"543","8",16,0,0
2026-06-04T23:30:00.000Z,"547","8",16,0,0
2026-06-04T23:40:00.000Z,"549","8",16,0,0
2026-06-04T23:50:00.000Z,"551","8",16,0,0
2026-06-05T00:00:00.000Z,"553","8",16,0,0
2026-06-05T00:10:00.000Z,"552","8",16,0,0
2026-06-05T00:20:00.000Z,"552","8",16,0,0
2026-06-05T00:30:00.000Z,"552","8",16,0,0
2026-06-05T00:40:00.000Z,"553","8",16,0,0
2026-06-05T00:50:00.000Z,"550","8",16,0,0
2026-06-05T01:00:00.000Z,"545","8",16,0,0
2026-06-05T01:10:00.000Z,"541","8",16,0,0
2026-06-05T01:20:00.000Z,"536","8",16,0,0
2026-06-05T01:30:00.000Z,"533","8",16,0,0
2026-06-05T01:40:00.000Z,"527","8",16,0,0
2026-06-05T01:50:00.000Z,"525","8",16,0,0
2026-06-05T02:00:00.000Z,"521","8",16,0,0
2026-06-05T02:10:00.000Z,"518","8",16,0,0
2026-06-05T02:20:00.000Z,"515","8",16,0,0
2026-06-05T02:30:00.000Z,"510","8",16,0,0
2026-06-05T02:40:00.000Z,"507","8",16,0,0
2026-06-05T02:50:00.000Z,"504","8",16,0,0
2026-06-05T03:00:00.000Z,"501","8",16,0,0
2026-06-05T03:10:00.000Z,"498","8",16,0,0
2026-06-05T03:20:00.000Z,"494","8",16,0,0
2026-06-05T03:30:00.000Z,"489","8",16,0,0
2026-06-05T03:40:00.000Z,"489","8",16,0,0
2026-06-05T03:50:00.000Z,"504","8",16,0,0
2026-06-05T04:00:00.000Z,"451","8",16,0,0
2026-06-05T04:10:00.000Z,"479","8",16,0,0
2026-06-05T04:20:00.000Z,"459","8",16,0,0
2026-06-05T04:30:00.000Z,"471","8",16,0,0
2026-06-05T04:40:00.000Z,"466","8",16,0,0
2026-06-05T04:50:00.000Z,"464","8",16,0,0
2026-06-05T05:00:00.000Z,"459","8",16,0,0
2026-06-05T05:10:00.000Z,"456","8",16,0,0
2026-06-05T05:20:00.000Z,"446","8",16,0,0
2026-06-05T05:30:00.000Z,"449","8",16,0,0
2026-06-05T05:40:00.000Z,"443","8",16,0,0
2026-06-05T05:50:00.000Z,"438","8",16,0,0
2026-06-05T06:00:00.000Z,"436","8",16,0,0
2026-06-05T06:10:00.000Z,"433","8",16,0,0
2026-06-05T06:20:00.000Z,"419","8",16,0,0
2026-06-05T06:30:00.000Z,"423","8",16,0,0
2026-06-05T06:40:00.000Z,"425","8",16,0,0
2026-06-05T06:50:00.000Z,"426","8",16,0,0
2026-06-05T07:00:00.000Z,"426","8",16,0,0
2026-06-05T07:10:00.000Z,"435","8",16,0,0
2026-06-05T07:20:00.000Z,"453","8",16,0,0
2026-06-05T07:30:00.000Z,"451","8",16,0,0
2026-06-05T07:40:00.000Z,"455","8",16,0,0
2026-06-05T07:50:00.000Z,"453","8",16,0,0
2026-06-05T08:00:00.000Z,"453","8",16,0,0
2026-06-05T08:10:00.000Z,"458","8",16,0,0
2026-06-05T08:20:00.000Z,"464","8",16,0,0
2026-06-05T08:30:00.000Z,"467","8",16,0,0
2026-06-05T08:40:00.000Z,"469","8",16,0,0
2026-06-05T08:50:00.000Z,"478","8",16,0,0
2026-06-05T09:00:00.000Z,"482","8",16,0,0
2026-06-05T09:10:00.000Z,"489","8",16,0,0
2026-06-05T09:20:00.000Z,"494","8",16,0,0
2026-06-05T09:30:00.000Z,"518","8",16,0,0
2026-06-05T09:40:00.000Z,"519","8",16,0,0
2026-06-05T09:50:00.000Z,"518","8",16,0,0
2026-06-05T10:00:00.000Z,"525","8",16,0,0
2026-06-05T10:10:00.000Z,"532","8",16,0,0
2026-06-05T10:20:00.000Z,"539","8",16,0,0
2026-06-05T10:30:00.000Z,"571","8",16,0,0
2026-06-05T10:40:00.000Z,"523","8",16,0,0
2026-06-05T10:50:00.000Z,"574","8",16,0,0
2026-06-05T11:00:00.000Z,"578","8",16,0,0
2026-06-05T11:10:00.000Z,"588","8",16,0,0
2026-06-05T11:20:00.000Z,"592","8",16,0,0
2026-06-05T11:30:00.000Z,"621","8",16,0,0
2026-06-05T11:40:00.000Z,"658","8",16,0,0
2026-06-05T11:50:00.000Z,"679","8",16,0,0
2026-06-05T12:00:00.000Z,"655","8",16,0,0
2026-06-05T12:10:00.000Z,"640","8",16,0,0
2026-06-05T12:20:00.000Z,"625","8",16,0,0
2026-06-05T12:30:00.000Z,"623","8",16,0,0
2026-06-05T12:40:00.000Z,"624","8",16,0,0
2026-06-05T12:50:00.000Z,"625","8",16,0,0
2026-06-05T13:00:00.000Z,"628","8",16,0,0
2026-06-05T13:10:00.000Z,"625","8",16,0,0
2026-06-05T13:20:00.000Z,"623","8",16,0,0
2026-06-05T13:30:00.000Z,"622","8",16,0,0
2026-06-05T13:40:00.000Z,"630","8",16,0,0
2026-06-05T13:50:00.000Z,"626","8",16,0,0
2026-06-05T14:00:00.000Z,"622","8",16,0,0
2026-06-05T14:10:00.000Z,"615","8",16,0,0
2026-06-05T14:20:00.000Z,"613","8",16,0,0
2026-06-05T14:30:00.000Z,"616","8",16,0,0
2026-06-05T14:40:00.000Z,"620","8",16,0,0
2026-06-05T14:50:00.000Z,"623","8",16,0,0
2026-06-05T15:00:00.000Z,"626","8",16,0,0
2026-06-05T15:10:00.000Z,"591","8",16,0,0
2026-06-05T15:20:00.000Z,"642","8",16,0,0
2026-06-05T15:30:00.000Z,"651","8",16,0,0
2026-06-05T15:40:00.000Z,"655","8",16,0,0
2026-06-05T15:50:00.000Z,"657","8",16,0,0
2026-06-05T16:00:00.000Z,"683","8",16,0,0
2026-06-05T16:10:00.000Z,"676","8",16,0,0
2026-06-05T16:20:00.000Z,"682","8",16,0,0
2026-06-05T16:30:00.000Z,"676","8",16,0,0
2026-06-05T16:40:00.000Z,"675","8",16,0,0
2026-06-05T16:50:00.000Z,"698","8",16,0,0
2026-06-05T17:00:00.000Z,"689","8",16,0,0
2026-06-05T17:10:00.000Z,"683","8",16,0,0
2026-06-05T17:20:00.000Z,"675","8",16,0,0
2026-06-05T17:30:00.000Z,"671","8",16,0,0
2026-06-05T17:40:00.000Z,"660","8",16,0,0
2026-06-05T17:50:00.000Z,"664","8",16,0,0
2026-06-05T18:00:00.000Z,"647","8",16,0,0
2026-06-05T18:10:00.000Z,"626","8",16,0,0
2026-06-05T18:20:00.000Z,"608","8",16,0,0
2026-06-05T18:30:00.000Z,"600","8",16,0,0
2026-06-05T18:40:00.000Z,"588","8",16,0,0
2026-06-05T18:50:00.000Z,"568","8",16,0,0
2026-06-05T19:00:00.000Z,"554","8",16,0,0
2026-06-05T19:10:00.000Z,"542","8",16,0,0
2026-06-05T19:20:00.000Z,"523","8",16,0,0
2026-06-05T19:30:00.000Z,"503","8",16,0,0
2026-06-05T19:40:00.000Z,"488","8",16,0,0
2026-06-05T19:50:00.000Z,"468","8",16,0,0
2026-06-05T20:00:00.000Z,"451","8",16,0,0
2026-06-05T20:10:00.000Z,"435","8",16,0,0
2026-06-05T20:20:00.000Z,"418","8",16,0,0
2026-06-05T20:30:00.000Z,"401","8",16,0,0
2026-06-05T20:40:00.000Z,"401","8",16,0,0
2026-06-05T20:50:00.000Z,"398","8",16,0,0
2026-06-05T21:00:00.000Z,"399","8",16,0,0
2026-06-05T21:10:00.000Z,"396","8",16,0,0
2026-06-05T21:20:00.000Z,"392","8",16,0,0
2026-06-05T21:30:00.000Z,"389","8",16,0,0
2026-06-05T21:40:00.000Z,"384","8",16,0,0
2026-06-05T21:50:00.000Z,"381","8",16,0,0
2026-06-05T22:00:00.000Z,"376","8",16,0,0
2026-06-05T22:10:00.000Z,"372","8",16,0,0
2026-06-05T22:20:00.000Z,"365","8",16,0,0
2026-06-05T22:30:00.000Z,"355","8",16,0,0
2026-06-05T22:40:00.000Z,"352","8",16,0,0
2026-06-05T22:50:00.000Z,"342","8",16,0,0
2026-06-05T23:00:00.000Z,"339","8",16,0,0
2026-06-05T23:20:00.000Z,"319","8",16,0,0
2026-06-05T23:30:00.000Z,"320","8",16,0,0
2026-06-05T23:40:00.000Z,"313","8",16,0,0
2026-06-05T23:50:00.000Z,"307","8",16,0,0
2026-06-06T00:00:00.000Z,"304","8",16,0,0
2026-06-06T00:10:00.000Z,"309","8",16,0,0
2026-06-06T00:20:00.000Z,"304","8",16,0,0
2026-06-06T00:30:00.000Z,"304","8",16,0,0
2026-06-06T00:40:00.000Z,"299","8",16,0,0
2026-06-06T00:50:00.000Z,"296","8",16,0,0
2026-06-06T01:00:00.000Z,"289","8",16,0,0
2026-06-06T01:10:00.000Z,"284","8",16,0,0
2026-06-06T01:20:00.000Z,"281","8",16,0,0
2026-06-06T01:30:00.000Z,"278","8",16,0,0
2026-06-06T01:40:00.000Z,"273","8",16,0,0
2026-06-06T01:50:00.000Z,"276","8",16,0,0
2026-06-06T02:00:00.000Z,"276","8",16,0,0
2026-06-06T02:10:00.000Z,"277","8",16,0,0
2026-06-06T02:20:00.000Z,"278","8",16,0,0
2026-06-06T02:30:00.000Z,"279","8",16,0,0
2026-06-06T02:40:00.000Z,"281","8",16,0,0
2026-06-06T02:50:00.000Z,"282","8",16,0,0
2026-06-06T03:00:00.000Z,"286","8",16,0,0
2026-06-06T03:10:00.000Z,"284","8",16,0,0
2026-06-06T03:30:00.000Z,"283","8",16,0,0
2026-06-06T03:40:00.000Z,"277","8",16,0,0
2026-06-06T03:50:00.000Z,"289","8",16,0,0
2026-06-06T04:00:00.000Z,"286","8",16,0,0
2026-06-06T04:10:00.000Z,"294","8",16,0,0
2026-06-06T04:20:00.000Z,"299","8",16,0,0
2026-06-06T04:30:00.000Z,"301","8",16,0,0
2026-06-06T04:40:00.000Z,"306","8",16,0,0
2026-06-06T04:50:00.000Z,"310","8",16,0,0
2026-06-06T05:00:00.000Z,"314","8",16,0,0
2026-06-06T05:10:00.000Z,"318","8",16,0,0
2026-06-06T05:20:00.000Z,"351","8",16,0,0
2026-06-06T05:30:00.000Z,"344","8",16,0,0
2026-06-06T05:40:00.000Z,"352","8",16,0,0
2026-06-06T05:50:00.000Z,"347","8",16,0,0
2026-06-06T06:00:00.000Z,"356","8",16,0,0
2026-06-06T06:10:00.000Z,"356","8",16,0,0
2026-06-06T06:20:00.000Z,"366","8",16,0,0
2026-06-06T06:30:00.000Z,"371","8",16,0,0
2026-06-06T06:40:00.000Z,"376","8",16,0,0
2026-06-06T06:50:00.000Z,"381","8",16,0,0
2026-06-06T07:00:00.000Z,"384","8",16,0,0
2026-06-06T07:10:00.000Z,"390","8",16,0,0
2026-06-06T07:20:00.000Z,"388","8",16,0,0
2026-06-06T07:30:00.000Z,"394","8",16,0,0
2026-06-06T07:40:00.000Z,"403","8",16,0,0
2026-06-06T07:50:00.000Z,"412","8",16,0,0
2026-06-06T08:00:00.000Z,"422","8",16,0,0
2026-06-06T08:10:00.000Z,"432","8",16,0,0
2026-06-06T08:20:00.000Z,"444","8",16,0,0
2026-06-06T08:30:00.000Z,"454","8",16,0,0
2026-06-06T08:40:00.000Z,"463","8",16,0,0
2026-06-06T08:50:00.000Z,"476","8",16,0,0
2026-06-06T09:00:00.000Z,"450","8",16,0,0
2026-06-06T09:10:00.000Z,"504","8",16,0,0
2026-06-06T09:20:00.000Z,"516","8",16,0,0
2026-06-06T09:30:00.000Z,"528","8",16,0,0
2026-06-06T09:40:00.000Z,"539","8",16,0,0
2026-06-06T09:50:00.000Z,"524","8",16,0,0
2026-06-06T10:00:00.000Z,"546","8",16,0,0
2026-06-06T10:10:00.000Z,"559","8",16,0,0
2026-06-06T10:20:00.000Z,"561","8",16,0,0
2026-06-06T10:30:00.000Z,"556","8",16,0,0
2026-06-06T10:40:00.000Z,"546","8",16,0,0
2026-06-06T10:50:00.000Z,"548","8",16,0,0
2026-06-06T11:00:00.000Z,"527","8",16,0,0
2026-06-06T11:10:00.000Z,"510","8",16,0,0
2026-06-06T11:20:00.000Z,"492","8",16,0,0
2026-06-06T11:30:00.000Z,"483","8",16,0,0
2026-06-06T11:40:00.000Z,"474","8",16,0,0
2026-06-06T11:50:00.000Z,"467","8",16,0,0
2026-06-06T12:00:00.000Z,"446","8",16,0,0
2026-06-06T12:10:00.000Z,"369","8",16,0,0
2026-06-06T12:20:00.000Z,"421","8",16,0,0
2026-06-06T12:30:00.000Z,"434","8",16,0,0
2026-06-06T12:40:00.000Z,"418","8",16,0,0
2026-06-06T12:50:00.000Z,"412","8",16,0,0
2026-06-06T13:00:00.000Z,"394","8",16,0,0
2026-06-06T13:10:00.000Z,"401","8",16,0,0
2026-06-06T13:20:00.000Z,"394","8",16,0,0
2026-06-06T13:30:00.000Z,"381","8",16,0,0
2026-06-06T13:40:00.000Z,"373","8",16,0,0
2026-06-06T13:50:00.000Z,"378","8",16,0,0
2026-06-06T14:00:00.000Z,"369","8",16,0,0
2026-06-06T14:10:00.000Z,"348","8",16,0,0
2026-06-06T14:20:00.000Z,"324","8",16,0,0
2026-06-06T14:30:00.000Z,"308","8",16,0,0
2026-06-06T14:40:00.000Z,"318","8",16,0,0
2026-06-06T14:50:00.000Z,"317","8",16,0,0
2026-06-06T15:00:00.000Z,"318","8",16,0,0
2026-06-06T15:10:00.000Z,"319","8",16,0,0
2026-06-06T15:20:00.000Z,"319","8",16,0,0
2026-06-06T15:30:00.000Z,"312","8",16,0,0
2026-06-06T15:40:00.000Z,"306","8",16,0,0
2026-06-06T15:50:00.000Z,"293","8",16,0,0
2026-06-06T16:00:00.000Z,"281","8",16,0,0
2026-06-06T16:10:00.000Z,"276","8",16,0,0
2026-06-06T16:20:00.000Z,"271","8",16,0,0
2026-06-06T16:30:00.000Z,"288","8",16,0,0
2026-06-06T16:40:00.000Z,"274","8",16,0,0
2026-06-06T16:50:00.000Z,"268","8",16,0,0
2026-06-06T17:00:00.000Z,"259","8",16,0,0
2026-06-06T17:10:00.000Z,"282","8",16,0,0
2026-06-06T17:20:00.000Z,"258","8",16,0,0
2026-06-06T17:30:00.000Z,"256","8",16,0,0
2026-06-06T17:40:00.000Z,"236","8",16,0,0
2026-06-06T17:50:00.000Z,"237","8",16,0,0
2026-06-06T18:00:00.000Z,"225","8",16,0,0
2026-06-06T18:10:00.000Z,"225","8",16,0,0
2026-06-06T18:20:00.000Z,"211","8",16,0,0
2026-06-06T18:30:00.000Z,"212","8",16,0,0
2026-06-06T18:40:00.000Z,"209","8",16,0,0
2026-06-06T18:50:00.000Z,"214","8",16,0,0
2026-06-06T19:10:00.000Z,"208","8",16,0,0
2026-06-06T19:20:00.000Z,"204","8",16,0,0
2026-06-06T19:30:00.000Z,"199","8",16,0,0
2026-06-06T19:40:00.000Z,"193","8",16,0,0
2026-06-06T19:50:00.000Z,"191","8",16,0,0
2026-06-06T20:00:00.000Z,"188","8",16,0,0
2026-06-06T20:10:00.000Z,"185","8",16,0,0
2026-06-06T20:20:00.000Z,"181","8",16,0,0
2026-06-06T20:30:00.000Z,"175","8",16,0,0
2026-06-06T20:40:00.000Z,"173","8",16,0,0
2026-06-06T20:50:00.000Z,"194","8",16,0,0
2026-06-06T21:00:00.000Z,"174","8",16,0,0
2026-06-06T21:10:00.000Z,"170","8",16,0,0
2026-06-06T21:20:00.000Z,"163","8",16,0,0
2026-06-06T21:30:00.000Z,"161","8",16,0,0
2026-06-06T21:40:00.000Z,"156","8",16,0,0
2026-06-06T21:50:00.000Z,"154","8",16,0,0
2026-06-06T22:00:00.000Z,"146","8",16,0,0
2026-06-06T22:10:00.000Z,"153","8",16,0,0
2026-06-06T22:20:00.000Z,"148","8",16,0,0
2026-06-06T22:30:00.000Z,"146","8",16,0,0
2026-06-06T22:40:00.000Z,"127","8",16,0,0
2026-06-06T22:50:00.000Z,"129","8",16,0,0
2026-06-06T23:00:00.000Z,"147","8",16,0,0
2026-06-06T23:10:00.000Z,"153","8",16,0,0
2026-06-06T23:20:00.000Z,"158","8",16,0,0
2026-06-06T23:40:00.000Z,"145","8",16,0,0
2026-06-06T23:50:00.000Z,"203","8",16,0,0
2026-06-07T00:00:00.000Z,"206","8",16,0,0
2026-06-07T00:10:00.000Z,"232","8",16,0,0
2026-06-07T00:20:00.000Z,"259","8",16,0,0
2026-06-07T00:30:00.000Z,"259","8",16,0,0
2026-06-07T00:40:00.000Z,"269","8",16,0,0
2026-06-07T00:50:00.000Z,"287","8",16,0,0
2026-06-07T01:00:00.000Z,"308","8",16,0,0
2026-06-07T01:10:00.000Z,"319","8",16,0,0
2026-06-07T01:20:00.000Z,"335","8",16,0,0
2026-06-07T01:30:00.000Z,"345","8",16,0,0
2026-06-07T01:40:00.000Z,"330","8",16,0,0
2026-06-07T01:50:00.000Z,"316","8",16,0,0
2026-06-07T02:00:00.000Z,"312","8",16,0,0
2026-06-07T02:10:00.000Z,"311","8",16,0,0
2026-06-07T02:20:00.000Z,"316","8",16,0,0
2026-06-07T02:30:00.000Z,"318","8",16,0,0
2026-06-07T02:40:00.000Z,"317","8",16,0,0
2026-06-07T02:50:00.000Z,"314","8",16,0,0
2026-06-07T03:00:00.000Z,"312","8",16,0,0
2026-06-07T03:10:00.000Z,"314","8",16,0,0
2026-06-07T03:20:00.000Z,"308","8",16,0,0
2026-06-07T03:30:00.000Z,"306","8",16,0,0
2026-06-07T03:40:00.000Z,"302","8",16,0,0
2026-06-07T03:50:00.000Z,"299","8",16,0,0
2026-06-07T04:00:00.000Z,"296","8",16,0,0
2026-06-07T04:10:00.000Z,"294","8",16,0,0
2026-06-07T04:20:00.000Z,"291","8",16,0,0
2026-06-07T04:30:00.000Z,"286","8",16,0,0
2026-06-07T04:40:00.000Z,"276","8",16,0,0
2026-06-07T04:50:00.000Z,"281","8",16,0,0
2026-06-07T05:00:00.000Z,"274","8",16,0,0
2026-06-07T05:10:00.000Z,"286","8",16,0,0
2026-06-07T05:20:00.000Z,"293","8",16,0,0
2026-06-07T05:30:00.000Z,"296","8",16,0,0
2026-06-07T05:40:00.000Z,"296","8",16,0,0
2026-06-07T05:50:00.000Z,"289","8",16,0,0
2026-06-07T06:00:00.000Z,"289","8",16,0,0
2026-06-07T06:10:00.000Z,"289","8",16,0,0
2026-06-07T06:20:00.000Z,"288","8",16,0,0
2026-06-07T06:30:00.000Z,"286","8",16,0,0
2026-06-07T06:40:00.000Z,"288","8",16,0,0
2026-06-07T06:50:00.000Z,"286","8",16,0,0
2026-06-07T07:00:00.000Z,"281","8",16,0,0
2026-06-07T07:10:00.000Z,"286","8",16,0,0
2026-06-07T07:20:00.000Z,"288","8",16,0,0
2026-06-07T07:30:00.000Z,"288","8",16,0,0
2026-06-07T07:40:00.000Z,"288","8",16,0,0
2026-06-07T07:50:00.000Z,"296","8",16,0,0
2026-06-07T08:00:00.000Z,"299","8",16,0,0
2026-06-07T08:10:00.000Z,"314","8",16,0,0
2026-06-07T08:20:00.000Z,"289","8",16,0,0
2026-06-07T08:30:00.000Z,"286","8",16,0,0
2026-06-07T08:40:00.000Z,"277","8",16,0,0
2026-06-07T08:50:00.000Z,"279","8",16,0,0
2026-06-07T09:00:00.000Z,"279","8",16,0,0
2026-06-07T09:10:00.000Z,"273","8",16,0,0
2026-06-07T09:20:00.000Z,"281","8",16,0,0
2026-06-07T09:30:00.000Z,"281","8",16,0,0
2026-06-07T09:40:00.000Z,"284","8",16,0,0
2026-06-07T09:50:00.000Z,"294","8",16,0,0
2026-06-07T10:00:00.000Z,"261","8",16,0,0
2026-06-07T10:10:00.000Z,"248","8",16,0,0
2026-06-07T10:20:00.000Z,"220","8",16,0,0
2026-06-07T10:30:00.000Z,"225","8",16,0,0
2026-06-07T10:40:00.000Z,"217","8",16,0,0
2026-06-07T10:50:00.000Z,"217","8",16,0,0
2026-06-07T11:00:00.000Z,"217","8",16,0,0
2026-06-07T11:10:00.000Z,"213","8",16,0,0
2026-06-07T11:20:00.000Z,"233","8",16,0,0
2026-06-07T11:30:00.000Z,"251","8",16,0,0
2026-06-07T11:40:00.000Z,"277","8",16,0,0
2026-06-07T11:50:00.000Z,"286","8",16,0,0
2026-06-07T12:00:00.000Z,"284","8",16,0,0
2026-06-07T12:10:00.000Z,"279","8",16,0,0
2026-06-07T12:20:00.000Z,"274","8",16,0,0
2026-06-07T12:30:00.000Z,"286","8",16,0,0
2026-06-07T12:40:00.000Z,"284","8",16,0,0
2026-06-07T12:50:00.000Z,"274","8",16,0,0
2026-06-07T13:00:00.000Z,"277","8",16,0,0
2026-06-07T13:10:00.000Z,"286","8",16,0,0
2026-06-07T13:20:00.000Z,"305","8",16,0,0
2026-06-07T13:30:00.000Z,"305","8",16,0,0
2026-06-07T13:40:00.000Z,"309","8",16,0,0
2026-06-07T13:50:00.000Z,"308","8",16,0,0
2026-06-07T14:00:00.000Z,"293","8",16,0,0
2026-06-07T14:10:00.000Z,"312","8",16,0,0
2026-06-07T14:20:00.000Z,"305","8",16,0,0
2026-06-07T14:30:00.000Z,"160","8",16,0,0
2026-06-07T14:40:00.000Z,"286","8",16,0,0
2026-06-07T14:50:00.000Z,"287","8",16,0,0
2026-06-07T15:00:00.000Z,"303","8",16,0,0
2026-06-07T15:10:00.000Z,"294","8",16,0,0
2026-06-07T15:20:00.000Z,"286","8",16,0,0
2026-06-07T15:30:00.000Z,"285","8",16,0,0
2026-06-07T15:40:00.000Z,"277","8",16,0,0
2026-06-07T15:50:00.000Z,"283","8",16,0,0
2026-06-07T16:00:00.000Z,"279","8",16,0,0
2026-06-07T16:10:00.000Z,"281","8",16,0,0
2026-06-07T16:20:00.000Z,"282","8",16,0,0
2026-06-07T16:30:00.000Z,"264","8",16,0,0
2026-06-07T16:40:00.000Z,"276","8",16,0,0
2026-06-07T16:50:00.000Z,"273","8",16,0,0
2026-06-07T17:00:00.000Z,"274","8",16,0,0
2026-06-07T17:10:00.000Z,"268","8",16,0,0
2026-06-07T17:20:00.000Z,"264","8",16,0,0
2026-06-07T17:30:00.000Z,"267","8",16,0,0
2026-06-07T17:40:00.000Z,"271","8",16,0,0
2026-06-07T17:50:00.000Z,"265","8",16,0,0
2026-06-07T18:00:00.000Z,"267","8",16,0,0
2026-06-07T18:10:00.000Z,"261","8",16,0,0
2026-06-07T18:20:00.000Z,"232","8",16,0,0
2026-06-07T18:30:00.000Z,"259","8",16,0,0
2026-06-07T18:40:00.000Z,"260","8",16,0,0
2026-06-07T18:50:00.000Z,"259","8",16,0,0
2026-06-07T19:00:00.000Z,"258","8",16,0,0
2026-06-07T19:10:00.000Z,"258","8",16,0,0
2026-06-07T19:20:00.000Z,"251","8",16,0,0
2026-06-07T19:30:00.000Z,"273","8",16,0,0
2026-06-07T19:40:00.000Z,"260","8",16,0,0
2026-06-07T19:50:00.000Z,"254","8",16,0,0
2026-06-07T20:00:00.000Z,"229","8",16,0,0
2026-06-07T20:10:00.000Z,"248","8",16,0,0
2026-06-07T20:20:00.000Z,"260","8",16,0,0
2026-06-07T20:30:00.000Z,"241","8",16,0,0
2026-06-07T20:40:00.000Z,"229","8",16,0,0
2026-06-07T20:50:00.000Z,"229","8",16,0,0
2026-06-07T21:00:00.000Z,"226","8",16,0,0
2026-06-07T21:10:00.000Z,"224","8",16,0,0
2026-06-07T21:20:00.000Z,"224","8",16,0,0
2026-06-07T21:30:00.000Z,"221","8",16,0,0
2026-06-07T21:40:00.000Z,"219","8",16,0,0
2026-06-07T21:50:00.000Z,"214","8",16,0,0
2026-06-07T22:00:00.000Z,"212","8",16,0,0
2026-06-07T22:10:00.000Z,"207","8",16,0,0
2026-06-07T22:20:00.000Z,"197","8",16,0,0
2026-06-07T22:30:00.000Z,"189","8",16,0,0
2026-06-07T22:40:00.000Z,"173","8",16,0,0
2026-06-07T22:50:00.000Z,"164","8",16,0,0
2026-06-07T23:00:00.000Z,"159","8",16,0,0
2026-06-07T23:10:00.000Z,"155","8",16,0,0
2026-06-07T23:20:00.000Z,"150","8",16,0,0
2026-06-07T23:30:00.000Z,"146","8",16,0,0
2026-06-07T23:40:00.000Z,"143","8",16,0,0
2026-06-07T23:50:00.000Z,"201","8",16,0,0
2026-06-08T00:00:00.000Z,"196","8",16,0,0
2026-06-08T00:10:00.000Z,"218","8",16,0,0
2026-06-08T00:20:00.000Z,"219","8",16,0,0
2026-06-08T00:30:00.000Z,"226","8",16,0,0
2026-06-08T00:40:00.000Z,"238","8",16,0,0
2026-06-08T00:50:00.000Z,"250","8",16,0,0
2026-06-08T01:00:00.000Z,"268","8",16,0,0
2026-06-08T01:10:00.000Z,"271","8",16,0,0
2026-06-08T01:20:00.000Z,"280","8",16,0,0
2026-06-08T01:30:00.000Z,"289","8",16,0,0
2026-06-08T01:40:00.000Z,"298","8",16,0,0
2026-06-08T01:50:00.000Z,"306","8",16,0,0
2026-06-08T02:00:00.000Z,"318","8",16,0,0
2026-06-08T02:10:00.000Z,"337","8",16,0,0
2026-06-08T02:20:00.000Z,"321","8",16,0,0
2026-06-08T02:30:00.000Z,"312","8",16,0,0
2026-06-08T02:40:00.000Z,"317","8",16,0,0
2026-06-08T02:50:00.000Z,"316","8",16,0,0
2026-06-08T03:00:00.000Z,"320","8",16,0,0
2026-06-08T03:10:00.000Z,"318","8",16,0,0
2026-06-08T03:20:00.000Z,"310","8",16,0,0
2026-06-08T03:30:00.000Z,"303","8",16,0,0
2026-06-08T03:40:00.000Z,"304","8",16,0,0
2026-06-08T03:50:00.000Z,"240","8",16,0,0
2026-06-08T04:00:00.000Z,"291","8",16,0,0
2026-06-08T04:10:00.000Z,"288","8",16,0,0
2026-06-08T04:20:00.000Z,"286","8",16,0,0
2026-06-08T04:30:00.000Z,"282","8",16,0,0
2026-06-08T04:40:00.000Z,"279","8",16,0,0
2026-06-08T04:50:00.000Z,"236","8",16,0,0
2026-06-08T05:00:00.000Z,"261","8",16,0,0
2026-06-08T05:10:00.000Z,"254","8",16,0,0
2026-06-08T05:20:00.000Z,"251","8",16,0,0
2026-06-08T05:30:00.000Z,"246","8",16,0,0
2026-06-08T05:40:00.000Z,"239","8",16,0,0
2026-06-08T05:50:00.000Z,"242","8",16,0,0
2026-06-08T06:00:00.000Z,"231","8",16,0,0
2026-06-08T06:10:00.000Z,"228","8",16,0,0
2026-06-08T06:20:00.000Z,"223","8",16,0,0
2026-06-08T06:30:00.000Z,"219","8",16,0,0
2026-06-08T06:40:00.000Z,"211","8",16,0,0
2026-06-08T06:50:00.000Z,"208","8",16,0,0
2026-06-08T07:00:00.000Z,"204","8",16,0,0
2026-06-08T07:10:00.000Z,"199","8",16,0,0
2026-06-08T07:20:00.000Z,"195","8",16,0,0
2026-06-08T07:30:00.000Z,"218","8",16,0,0
2026-06-08T07:40:00.000Z,"193","8",16,0,0
2026-06-08T07:50:00.000Z,"185","8",16,0,0
2026-06-08T08:00:00.000Z,"178","8",16,0,0
2026-06-08T08:10:00.000Z,"176","8",16,0,0
2026-06-08T08:20:00.000Z,"183","8",16,0,0
2026-06-08T08:30:00.000Z,"189","8",16,0,0
2026-06-08T08:40:00.000Z,"193","8",16,0,0
2026-06-08T08:50:00.000Z,"195","8",16,0,0
2026-06-08T09:00:00.000Z,"196","8",16,0,0
2026-06-08T09:10:00.000Z,"196","8",16,0,0
2026-06-08T09:20:00.000Z,"217","8",16,0,0
2026-06-08T09:30:00.000Z,"215","8",16,0,0
2026-06-08T09:40:00.000Z,"222","8",16,0,0
2026-06-08T09:50:00.000Z,"223","8",16,0,0
2026-06-08T10:00:00.000Z,"227","8",16,0,0
2026-06-08T10:10:00.000Z,"245","8",16,0,0
2026-06-08T10:20:00.000Z,"239","8",16,0,0
2026-06-08T10:30:00.000Z,"141","8",16,0,0
2026-06-08T10:40:00.000Z,"261","8",16,0,0
2026-06-08T10:50:00.000Z,"263","8",16,0,0
2026-06-08T11:00:00.000Z,"271","8",16,0,0
2026-06-08T11:10:00.000Z,"271","8",16,0,0
2026-06-08T11:20:00.000Z,"276","8",16,0,0
2026-06-08T11:30:00.000Z,"285","8",16,0,0
2026-06-08T11:40:00.000Z,"291","8",16,0,0
2026-06-08T11:50:00.000Z,"296","8",16,0,0
2026-06-08T12:00:00.000Z,"302","8",16,0,0
2026-06-08T12:10:00.000Z,"312","8",16,0,0
2026-06-08T12:20:00.000Z,"320","8",16,0,0
2026-06-08T12:30:00.000Z,"329","8",16,0,0
2026-06-08T12:40:00.000Z,"329","8",16,0,0
2026-06-08T12:50:00.000Z,"333","8",16,0,0
2026-06-08T13:00:00.000Z,"335","8",16,0,0
2026-06-08T13:10:00.000Z,"347","8",16,0,0
2026-06-08T13:20:00.000Z,"340","8",16,0,0
2026-06-08T13:30:00.000Z,"356","8",16,0,0
2026-06-08T13:40:00.000Z,"293","8",16,0,0
2026-06-08T13:50:00.000Z,"345","8",16,0,0
2026-06-08T14:00:00.000Z,"246","8",16,0,0
2026-06-08T14:10:00.000Z,"329","8",16,0,0
2026-06-08T14:20:00.000Z,"338","8",16,0,0
2026-06-08T14:30:00.000Z,"342","8",16,0,0
2026-06-08T14:40:00.000Z,"327","8",16,0,0
2026-06-08T14:50:00.000Z,"322","8",16,0,0
2026-06-08T15:00:00.000Z,"317","8",16,0,0
2026-06-08T15:10:00.000Z,"314","8",16,0,0
2026-06-08T15:20:00.000Z,"316","8",16,0,0
2026-06-08T15:30:00.000Z,"317","8",16,0,0
2026-06-08T15:40:00.000Z,"314","8",16,0,0
2026-06-08T15:50:00.000Z,"312","8",16,0,0
2026-06-08T16:00:00.000Z,"309","8",16,0,0
2026-06-08T16:10:00.000Z,"302","8",16,0,0
2026-06-08T16:20:00.000Z,"178","8",16,0,0
2026-06-08T16:30:00.000Z,"178","8",16,0,0
2026-06-08T16:40:00.000Z,"284","8",16,0,0
2026-06-08T16:50:00.000Z,"292","8",16,0,0
2026-06-08T17:00:00.000Z,"295","8",16,0,0
2026-06-08T17:10:00.000Z,"296","8",16,0,0
2026-06-08T17:20:00.000Z,"311","8",16,0,0
2026-06-08T17:30:00.000Z,"297","8",16,0,0
2026-06-08T17:40:00.000Z,"264","8",16,0,0
2026-06-08T17:50:00.000Z,"290","8",16,0,0
2026-06-08T18:00:00.000Z,"290","8",16,0,0
2026-06-08T18:10:00.000Z,"285","8",16,0,0
2026-06-08T18:20:00.000Z,"283","8",16,0,0
2026-06-08T18:30:00.000Z,"280","8",16,0,0
2026-06-08T18:40:00.000Z,"314","8",16,0,0
2026-06-08T18:50:00.000Z,"282","8",16,0,0
2026-06-08T19:00:00.000Z,"210","8",16,0,0
2026-06-08T19:10:00.000Z,"246","8",16,0,0
2026-06-08T19:20:00.000Z,"254","8",16,0,0
2026-06-08T19:30:00.000Z,"251","8",16,0,0
2026-06-08T19:40:00.000Z,"256","8",16,0,0
2026-06-08T19:50:00.000Z,"256","8",16,0,0
2026-06-08T20:00:00.000Z,"261","8",16,0,0
2026-06-08T20:10:00.000Z,"248","8",16,0,0
2026-06-08T20:20:00.000Z,"246","8",16,0,0
2026-06-08T20:30:00.000Z,"266","8",16,0,0
2026-06-08T20:40:00.000Z,"249","8",16,0,0
2026-06-08T20:50:00.000Z,"246","8",16,0,0
2026-06-08T21:00:00.000Z,"229","8",16,0,0
2026-06-08T21:10:00.000Z,"224","8",16,0,0
2026-06-08T21:20:00.000Z,"223","8",16,0,0
2026-06-08T21:30:00.000Z,"223","8",16,0,0
2026-06-08T21:40:00.000Z,"220","8",16,0,0
2026-06-08T21:50:00.000Z,"225","8",16,0,0
2026-06-08T22:00:00.000Z,"241","8",16,0,0
2026-06-08T22:10:00.000Z,"258","8",16,0,0
2026-06-08T22:20:00.000Z,"271","8",16,0,0
2026-06-08T22:30:00.000Z,"271","8",16,0,0
2026-06-08T22:40:00.000Z,"274","8",16,0,0
2026-06-08T22:50:00.000Z,"273","8",16,0,0
2026-06-08T23:00:00.000Z,"266","8",16,0,0
2026-06-08T23:10:00.000Z,"266","8",16,0,0
2026-06-08T23:20:00.000Z,"266","8",16,0,0
2026-06-08T23:30:00.000Z,"266","8",16,0,0
2026-06-08T23:40:00.000Z,"274","8",16,0,0
2026-06-08T23:50:00.000Z,"208","8",16,0,0
2026-06-09T00:00:00.000Z,"271","8",16,0,0
2026-06-09T00:10:00.000Z,"277","8",16,0,0
2026-06-09T00:20:00.000Z,"281","8",16,0,0
2026-06-09T00:30:00.000Z,"284","8",16,0,0
2026-06-09T00:40:00.000Z,"286","8",16,0,0
2026-06-09T00:50:00.000Z,"289","8",16,0,0
2026-06-09T01:00:00.000Z,"282","8",16,0,0
2026-06-09T01:10:00.000Z,"281","8",16,0,0
2026-06-09T01:20:00.000Z,"279","8",16,0,0
2026-06-09T01:30:00.000Z,"276","8",16,0,0
2026-06-09T01:40:00.000Z,"306","8",16,0,0
2026-06-09T01:50:00.000Z,"298","8",16,0,0
2026-06-09T02:00:00.000Z,"302","8",16,0,0
2026-06-09T02:10:00.000Z,"206","8",16,0,0
2026-06-09T02:20:00.000Z,"299","8",16,0,0
2026-06-09T02:30:00.000Z,"289","8",16,0,0
2026-06-09T02:40:00.000Z,"299","8",16,0,0
2026-06-09T02:50:00.000Z,"299","8",16,0,0
2026-06-09T03:00:00.000Z,"316","8",16,0,0
2026-06-09T03:10:00.000Z,"314","8",16,0,0
2026-06-09T03:20:00.000Z,"314","8",16,0,0
2026-06-09T03:30:00.000Z,"269","8",16,0,0
2026-06-09T03:40:00.000Z,"306","8",16,0,0
2026-06-09T03:50:00.000Z,"310","8",16,0,0
2026-06-09T04:00:00.000Z,"310","8",16,0,0
2026-06-09T04:10:00.000Z,"313","8",16,0,0
2026-06-09T04:20:00.000Z,"316","8",16,0,0
2026-06-09T04:30:00.000Z,"320","8",16,0,0
2026-06-09T04:40:00.000Z,"320","8",16,0,0
2026-06-09T04:50:00.000Z,"321","8",16,0,0
2026-06-09T05:00:00.000Z,"317","8",16,0,0
2026-06-09T05:10:00.000Z,"316","8",16,0,0
2026-06-09T05:20:00.000Z,"320","8",16,0,0
2026-06-09T05:30:00.000Z,"321","8",16,0,0
2026-06-09T05:40:00.000Z,"323","8",16,0,0
2026-06-09T05:50:00.000Z,"326","8",16,0,0
2026-06-09T06:00:00.000Z,"326","8",16,0,0
2026-06-09T06:10:00.000Z,"325","8",16,0,0
2026-06-09T06:20:00.000Z,"329","8",16,0,0
2026-06-09T06:30:00.000Z,"329","8",16,0,0
2026-06-09T06:40:00.000Z,"329","8",16,0,0
2026-06-09T06:50:00.000Z,"322","8",16,0,0
2026-06-09T07:00:00.000Z,"321","8",16,0,0
2026-06-09T07:10:00.000Z,"346","8",16,0,0
2026-06-09T07:20:00.000Z,"328","8",16,0,0
2026-06-09T07:30:00.000Z,"329","8",16,0,0
2026-06-09T07:40:00.000Z,"318","8",16,0,0
2026-06-09T07:50:00.000Z,"319","8",16,0,0
2026-06-09T08:00:00.000Z,"314","8",16,0,0
2026-06-09T08:10:00.000Z,"308","8",16,0,0
2026-06-09T08:20:00.000Z,"311","8",16,0,0
2026-06-09T08:30:00.000Z,"316","8",16,0,0
2026-06-09T08:40:00.000Z,"316","8",16,0,0
2026-06-09T08:50:00.000Z,"317","8",16,0,0
2026-06-09T09:00:00.000Z,"312","8",16,0,0
2026-06-09T09:10:00.000Z,"307","8",16,0,0
2026-06-09T09:20:00.000Z,"309","8",16,0,0
2026-06-09T09:30:00.000Z,"308","8",16,0,0
2026-06-09T09:40:00.000Z,"307","8",16,0,0
2026-06-09T09:50:00.000Z,"311","8",16,0,0
2026-06-09T10:00:00.000Z,"314","8",16,0,0
2026-06-09T10:10:00.000Z,"314","8",16,0,0
2026-06-09T10:20:00.000Z,"317","8",16,0,0
2026-06-09T10:30:00.000Z,"322","8",16,0,0
2026-06-09T10:40:00.000Z,"299","8",16,0,0
2026-06-09T10:50:00.000Z,"234","8",16,0,0
2026-06-09T11:00:00.000Z,"307","8",16,0,0
2026-06-09T11:10:00.000Z,"296","8",16,0,0
2026-06-09T11:20:00.000Z,"271","8",16,0,0
2026-06-09T11:30:00.000Z,"136","8",16,0,0
2026-06-09T11:40:00.000Z,"261","8",16,0,0
2026-06-09T11:50:00.000Z,"259","8",16,0,0
2026-06-09T12:00:00.000Z,"256","8",16,0,0
2026-06-09T12:10:00.000Z,"234","8",16,0,0
2026-06-09T12:20:00.000Z,"233","8",16,0,0
2026-06-09T12:30:00.000Z,"213","8",16,0,0
2026-06-09T12:40:00.000Z,"193","8",16,0,0
2026-06-09T12:50:00.000Z,"183","8",16,0,0
2026-06-09T13:00:00.000Z,"174","8",16,0,0
2026-06-09T13:10:00.000Z,"171","8",16,0,0
2026-06-09T13:20:00.000Z,"158","8",16,0,0
2026-06-09T13:30:00.000Z,"154","8",16,0,0
2026-06-09T13:40:00.000Z,"124","8",16,0,0
2026-06-09T13:50:00.000Z,"128","8",16,0,0
2026-06-09T14:00:00.000Z,"149","8",16,0,0
2026-06-09T14:10:00.000Z,"170","8",16,0,0
2026-06-09T14:20:00.000Z,"173","8",16,0,0
2026-06-09T14:30:00.000Z,"119","8",16,0,0
2026-06-09T14:40:00.000Z,"170","8",16,0,0
2026-06-09T14:50:00.000Z,"238","8",16,0,0
2026-06-09T15:00:00.000Z,"240","8",16,0,0
2026-06-09T15:10:00.000Z,"266","8",16,0,0
2026-06-09T15:20:00.000Z,"274","8",16,0,0
2026-06-09T15:30:00.000Z,"289","8",16,0,0
2026-06-09T15:40:00.000Z,"327","8",16,0,0
2026-06-09T15:50:00.000Z,"329","8",16,0,0
2026-06-09T16:00:00.000Z,"335","8",16,0,0
2026-06-09T16:10:00.000Z,"355","8",16,0,0
2026-06-09T16:20:00.000Z,"376","8",16,0,0
2026-06-09T16:30:00.000Z,"289","8",16,0,0
2026-06-09T16:40:00.000Z,"399","8",16,0,0
2026-06-09T16:50:00.000Z,"376","8",16,0,0
2026-06-09T17:00:00.000Z,"372","8",16,0,0
2026-06-09T17:10:00.000Z,"358","8",16,0,0
2026-06-09T17:20:00.000Z,"367","8",16,0,0
2026-06-09T17:30:00.000Z,"353","8",16,0,0
2026-06-09T17:40:00.000Z,"368","8",16,0,0
2026-06-09T17:50:00.000Z,"340","8",16,0,0
2026-06-09T18:00:00.000Z,"332","8",16,0,0
2026-06-09T18:10:00.000Z,"324","8",16,0,0
2026-06-09T18:20:00.000Z,"314","8",16,0,0
2026-06-09T18:30:00.000Z,"330","8",16,0,0
2026-06-09T18:40:00.000Z,"304","8",16,0,0
2026-06-09T18:50:00.000Z,"299","8",16,0,0
2026-06-09T19:00:00.000Z,"291","8",16,0,0
2026-06-09T19:10:00.000Z,"284","8",16,0,0
2026-06-09T19:20:00.000Z,"269","8",16,0,0
2026-06-09T19:30:00.000Z,"273","8",16,0,0
2026-06-09T19:40:00.000Z,"263","8",16,0,0
2026-06-09T19:50:00.000Z,"261","8",16,0,0
2026-06-09T20:00:00.000Z,"252","8",16,0,0
2026-06-09T20:10:00.000Z,"245","8",16,0,0
2026-06-09T20:20:00.000Z,"236","8",16,0,0
2026-06-09T20:30:00.000Z,"229","8",16,0,0
2026-06-09T20:40:00.000Z,"227","8",16,0,0
2026-06-09T20:50:00.000Z,"225","8",16,0,0
2026-06-09T21:00:00.000Z,"220","8",16,0,0
2026-06-09T21:10:00.000Z,"215","8",16,0,0
2026-06-09T21:20:00.000Z,"218","8",16,0,0
2026-06-09T21:30:00.000Z,"214","8",16,0,0
2026-06-09T21:40:00.000Z,"210","8",16,0,0
2026-06-09T21:50:00.000Z,"206","8",16,0,0
2026-06-09T22:00:00.000Z,"211","8",16,0,0
2026-06-09T22:10:00.000Z,"209","8",16,0,0
2026-06-09T22:20:00.000Z,"194","8",16,0,0
2026-06-09T22:30:00.000Z,"102","8",16,0,0
2026-06-09T22:40:00.000Z,"189","8",16,0,0
2026-06-09T22:50:00.000Z,"186","8",16,0,0
2026-06-09T23:00:00.000Z,"191","8",16,0,0
2026-06-09T23:10:00.000Z,"190","8",16,0,0
2026-06-09T23:20:00.000Z,"188","8",16,0,0
2026-06-09T23:30:00.000Z,"179","8",16,0,0
2026-06-09T23:40:00.000Z,"179","8",16,0,0
2026-06-09T23:50:00.000Z,"178","8",16,0,0
2026-06-10T00:00:00.000Z,"174","8",16,0,0
2026-06-10T00:10:00.000Z,"166","8",16,0,0
2026-06-10T00:20:00.000Z,"164","8",16,0,0
2026-06-10T00:30:00.000Z,"168","8",16,0,0
2026-06-10T00:40:00.000Z,"164","8",16,0,0
2026-06-10T00:50:00.000Z,"158","8",16,0,0
2026-06-10T01:00:00.000Z,"141","8",16,0,0
2026-06-10T01:10:00.000Z,"131","8",16,0,0
2026-06-10T01:20:00.000Z,"126","8",16,0,0
2026-06-10T01:30:00.000Z,"141","8",16,0,0
2026-06-10T01:40:00.000Z,"61","8",16,0,0
2026-06-10T01:50:00.000Z,"193","8",16,0,0
2026-06-10T02:00:00.000Z,"237","8",16,0,0
2026-06-10T02:10:00.000Z,"215","8",16,0,0
2026-06-10T02:20:00.000Z,"223","8",16,0,0
2026-06-10T02:30:00.000Z,"237","8",16,0,0
2026-06-10T02:40:00.000Z,"254","8",16,0,0
2026-06-10T02:50:00.000Z,"189","8",16,0,0
2026-06-10T03:00:00.000Z,"274","8",16,0,0
2026-06-10T03:10:00.000Z,"293","8",16,0,0
2026-06-10T03:20:00.000Z,"321","8",16,0,0
2026-06-10T03:30:00.000Z,"344","8",16,0,0
2026-06-10T03:40:00.000Z,"343","8",16,0,0
2026-06-10T03:50:00.000Z,"376","8",16,0,0
2026-06-10T04:00:00.000Z,"389","8",16,0,0
2026-06-10T04:10:00.000Z,"357","8",16,0,0
2026-06-10T04:20:00.000Z,"369","8",16,0,0
2026-06-10T04:30:00.000Z,"358","8",16,0,0
2026-06-10T04:40:00.000Z,"349","8",16,0,0
2026-06-10T04:50:00.000Z,"346","8",16,0,0
2026-06-10T05:00:00.000Z,"344","8",16,0,0
2026-06-10T05:10:00.000Z,"343","8",16,0,0
2026-06-10T05:20:00.000Z,"335","8",16,0,0
2026-06-10T05:30:00.000Z,"334","8",16,0,0
2026-06-10T05:40:00.000Z,"335","8",16,0,0
2026-06-10T05:50:00.000Z,"339","8",16,0,0
2026-06-10T06:00:00.000Z,"337","8",16,0,0
2026-06-10T06:10:00.000Z,"330","8",16,0,0
2026-06-10T06:20:00.000Z,"344","8",16,0,0
2026-06-10T06:30:00.000Z,"374","8",16,0,0
2026-06-10T06:40:00.000Z,"373","8",16,0,0
2026-06-10T06:50:00.000Z,"376","8",16,0,0
2026-06-10T07:00:00.000Z,"373","8",16,0,0
2026-06-10T07:10:00.000Z,"371","8",16,0,0
2026-06-10T07:20:00.000Z,"374","8",16,0,0
2026-06-10T07:30:00.000Z,"373","8",16,0,0
2026-06-10T07:40:00.000Z,"344","8",16,0,0
2026-06-10T07:50:00.000Z,"314","8",16,0,0
2026-06-10T08:00:00.000Z,"304","8",16,0,0
2026-06-10T08:10:00.000Z,"301","8",16,0,0
2026-06-10T08:20:00.000Z,"301","8",16,0,0
2026-06-10T08:30:00.000Z,"317","8",16,0,0
2026-06-10T08:40:00.000Z,"324","8",16,0,0
2026-06-10T08:50:00.000Z,"329","8",16,0,0
2026-06-10T09:00:00.000Z,"319","8",16,0,0
2026-06-10T09:10:00.000Z,"336","8",16,0,0
2026-06-10T09:20:00.000Z,"343","8",16,0,0
2026-06-10T09:30:00.000Z,"373","8",16,0,0
2026-06-10T09:40:00.000Z,"369","8",16,0,0
2026-06-10T09:50:00.000Z,"381","8",16,0,0
2026-06-10T10:00:00.000Z,"394","8",16,0,0
2026-06-10T10:10:00.000Z,"410","8",16,0,0
2026-06-10T10:20:00.000Z,"426","8",16,0,0
2026-06-10T10:30:00.000Z,"438","8",16,0,0
2026-06-10T10:40:00.000Z,"455","8",16,0,0
2026-06-10T10:50:00.000Z,"475","8",16,0,0
2026-06-10T11:00:00.000Z,"471","8",16,0,0
2026-06-10T11:10:00.000Z,"456","8",16,0,0
2026-06-10T11:20:00.000Z,"445","8",16,0,0
2026-06-10T11:30:00.000Z,"435","8",16,0,0
2026-06-10T11:40:00.000Z,"366","8",16,0,0
2026-06-10T11:50:00.000Z,"414","8",16,0,0
2026-06-10T12:00:00.000Z,"408","8",16,0,0
2026-06-10T12:10:00.000Z,"404","8",16,0,0
2026-06-10T12:20:00.000Z,"401","8",16,0,0
2026-06-10T12:30:00.000Z,"396","8",16,0,0
2026-06-10T12:40:00.000Z,"404","8",16,0,0
2026-06-10T12:50:00.000Z,"389","8",16,0,0
2026-06-10T13:00:00.000Z,"390","8",16,0,0
2026-06-10T13:10:00.000Z,"411","8",16,0,0
2026-06-10T13:20:00.000Z,"398","8",16,0,0
2026-06-10T13:30:00.000Z,"394","8",16,0,0
2026-06-10T13:40:00.000Z,"388","8",16,0,0
2026-06-10T13:50:00.000Z,"408","8",16,0,0
2026-06-10T14:00:00.000Z,"398","8",16,0,0
2026-06-10T14:10:00.000Z,"384","8",16,0,0
2026-06-10T14:20:00.000Z,"386","8",16,0,0
2026-06-10T14:30:00.000Z,"389","8",16,0,0
2026-06-10T14:40:00.000Z,"389","8",16,0,0
2026-06-10T14:50:00.000Z,"383","8",16,0,0
2026-06-10T15:00:00.000Z,"355","8",16,0,0
2026-06-10T15:10:00.000Z,"353","8",16,0,0
2026-06-10T15:20:00.000Z,"320","8",16,0,0
2026-06-10T15:30:00.000Z,"308","8",16,0,0
2026-06-10T15:40:00.000Z,"296","8",16,0,0
2026-06-10T15:50:00.000Z,"293","8",16,0,0
2026-06-10T16:00:00.000Z,"289","8",16,0,0
2026-06-10T16:10:00.000Z,"284","8",16,0,0
2026-06-10T16:20:00.000Z,"295","8",16,0,0
2026-06-10T16:30:00.000Z,"277","8",16,0,0
2026-06-10T16:40:00.000Z,"263","8",16,0,0
2026-06-10T16:50:00.000Z,"242","8",16,0,0
2026-06-10T17:00:00.000Z,"244","8",16,0,0
2026-06-10T17:10:00.000Z,"236","8",16,0,0
2026-06-10T17:20:00.000Z,"205","8",16,0,0
2026-06-10T17:30:00.000Z,"219","8",16,0,0
2026-06-10T17:40:00.000Z,"211","8",16,0,0
2026-06-10T17:50:00.000Z,"211","8",16,0,0
2026-06-10T18:00:00.000Z,"196","8",16,0,0
2026-06-10T18:10:00.000Z,"173","8",16,0,0
2026-06-10T18:20:00.000Z,"180","8",16,0,0
2026-06-10T18:30:00.000Z,"154","8",16,0,0
2026-06-10T18:40:00.000Z,"148","8",16,0,0
2026-06-10T18:50:00.000Z,"75","8",16,0,0
2026-06-10T19:00:00.000Z,"134","8",16,0,0
2026-06-10T19:10:00.000Z,"131","8",16,0,0
2026-06-10T19:20:00.000Z,"159","8",16,0,0
2026-06-10T19:30:00.000Z,"117","8",16,0,0
2026-06-10T19:40:00.000Z,"117","8",16,0,0
2026-06-10T19:50:00.000Z,"51","8",16,0,0
2026-06-10T20:00:00.000Z,"176","8",16,0,0
2026-06-10T20:10:00.000Z,"199","8",16,0,0
2026-06-10T20:20:00.000Z,"182","8",16,0,0
2026-06-10T20:30:00.000Z,"210","8",16,0,0
2026-06-10T20:40:00.000Z,"226","8",16,0,0
2026-06-10T20:50:00.000Z,"239","8",16,0,0
2026-06-10T21:00:00.000Z,"256","8",16,0,0
2026-06-10T21:10:00.000Z,"252","8",16,0,0
2026-06-10T21:20:00.000Z,"269","8",16,0,0
2026-06-10T21:30:00.000Z,"273","8",16,0,0
2026-06-10T21:40:00.000Z,"291","8",16,0,0
2026-06-10T21:50:00.000Z,"299","8",16,0,0
2026-06-10T22:00:00.000Z,"303","8",16,0,0
2026-06-10T22:10:00.000Z,"306","8",16,0,0
2026-06-10T22:20:00.000Z,"314","8",16,0,0
2026-06-10T22:30:00.000Z,"327","8",16,0,0
2026-06-10T22:40:00.000Z,"327","8",16,0,0
2026-06-10T22:50:00.000Z,"344","8",16,0,0
2026-06-10T23:00:00.000Z,"352","8",16,0,0
2026-06-10T23:10:00.000Z,"364","8",16,0,0
2026-06-10T23:20:00.000Z,"366","8",16,0,0
2026-06-10T23:30:00.000Z,"338","8",16,0,0
2026-06-10T23:40:00.000Z,"321","8",16,0,0
2026-06-10T23:50:00.000Z,"306","8",16,0,0
2026-06-11T00:00:00.000Z,"296","8",16,0,0
2026-06-11T00:10:00.000Z,"289","8",16,0,0
2026-06-11T00:20:00.000Z,"254","8",16,0,0
2026-06-11T00:30:00.000Z,"262","8",16,0,0
2026-06-11T00:40:00.000Z,"252","8",16,0,0
2026-06-11T00:50:00.000Z,"252","8",16,0,0
2026-06-11T01:00:00.000Z,"244","8",16,0,0
2026-06-11T01:10:00.000Z,"240","8",16,0,0
2026-06-11T01:20:00.000Z,"230","8",16,0,0
2026-06-11T01:30:00.000Z,"219","8",16,0,0
2026-06-11T01:40:00.000Z,"211","8",16,0,0
2026-06-11T01:50:00.000Z,"203","8",16,0,0
2026-06-11T02:00:00.000Z,"195","8",16,0,0
2026-06-11T02:10:00.000Z,"188","8",16,0,0
2026-06-11T02:20:00.000Z,"179","8",16,0,0
2026-06-11T02:30:00.000Z,"189","8",16,0,0
2026-06-11T02:40:00.000Z,"185","8",16,0,0
2026-06-11T02:50:00.000Z,"198","8",16,0,0
2026-06-11T03:00:00.000Z,"198","8",16,0,0
2026-06-11T03:10:00.000Z,"201","8",16,0,0
2026-06-11T03:20:00.000Z,"214","8",16,0,0
2026-06-11T03:30:00.000Z,"216","8",16,0,0
2026-06-11T03:40:00.000Z,"215","8",16,0,0
2026-06-11T03:50:00.000Z,"215","8",16,0,0
2026-06-11T04:00:00.000Z,"216","8",16,0,0
2026-06-11T04:10:00.000Z,"218","8",16,0,0
2026-06-11T04:20:00.000Z,"223","8",16,0,0
2026-06-11T04:30:00.000Z,"225","8",16,0,0
2026-06-11T04:40:00.000Z,"229","8",16,0,0
2026-06-11T04:50:00.000Z,"234","8",16,0,0
2026-06-11T05:00:00.000Z,"236","8",16,0,0
2026-06-11T05:10:00.000Z,"242","8",16,0,0
2026-06-11T05:20:00.000Z,"264","8",16,0,0
2026-06-11T05:30:00.000Z,"265","8",16,0,0
2026-06-11T05:40:00.000Z,"269","8",16,0,0
2026-06-11T05:50:00.000Z,"249","8",16,0,0
2026-06-11T06:00:00.000Z,"273","8",16,0,0
2026-06-11T06:10:00.000Z,"277","8",16,0,0
2026-06-11T06:20:00.000Z,"281","8",16,0,0
2026-06-11T06:30:00.000Z,"281","8",16,0,0
2026-06-11T06:40:00.000Z,"288","8",16,0,0
2026-06-11T06:50:00.000Z,"289","8",16,0,0
2026-06-11T07:00:00.000Z,"296","8",16,0,0
2026-06-11T07:10:00.000Z,"303","8",16,0,0
2026-06-11T07:20:00.000Z,"306","8",16,0,0
2026-06-11T07:30:00.000Z,"293","8",16,0,0
2026-06-11T07:40:00.000Z,"309","8",16,0,0
2026-06-11T07:50:00.000Z,"313","8",16,0,0
2026-06-11T08:00:00.000Z,"311","8",16,0,0
2026-06-11T08:10:00.000Z,"323","8",16,0,0
2026-06-11T08:20:00.000Z,"326","8",16,0,0
2026-06-11T08:30:00.000Z,"328","8",16,0,0
2026-06-11T08:40:00.000Z,"329","8",16,0,0
2026-06-11T08:50:00.000Z,"326","8",16,0,0
2026-06-11T09:00:00.000Z,"333","8",16,0,0
2026-06-11T09:10:00.000Z,"136","8",16,0,0
2026-06-11T09:20:00.000Z,"283","8",16,0,0
2026-06-11T09:30:00.000Z,"330","8",16,0,0
2026-06-11T09:40:00.000Z,"352","8",16,0,0
2026-06-11T09:50:00.000Z,"336","8",16,0,0
2026-06-11T10:00:00.000Z,"342","8",16,0,0
2026-06-11T10:10:00.000Z,"337","8",16,0,0
2026-06-11T10:20:00.000Z,"344","8",16,0,0
2026-06-11T10:30:00.000Z,"341","8",16,0,0
2026-06-11T10:40:00.000Z,"342","8",16,0,0
2026-06-11T10:50:00.000Z,"343","8",16,0,0
2026-06-11T11:00:00.000Z,"352","8",16,0,0
2026-06-11T11:10:00.000Z,"348","8",16,0,0
2026-06-11T11:20:00.000Z,"353","8",16,0,0
2026-06-11T11:30:00.000Z,"351","8",16,0,0
2026-06-11T11:40:00.000Z,"355","8",16,0,0
2026-06-11T11:50:00.000Z,"356","8",16,0,0
2026-06-11T12:00:00.000Z,"355","8",16,0,0
2026-06-11T12:10:00.000Z,"358","8",16,0,0
2026-06-11T12:20:00.000Z,"358","8",16,0,0
2026-06-11T12:30:00.000Z,"344","8",16,0,0
2026-06-11T12:40:00.000Z,"340","8",16,0,0
2026-06-11T12:50:00.000Z,"335","8",16,0,0
2026-06-11T13:00:00.000Z,"335","8",16,0,0
2026-06-11T13:10:00.000Z,"336","8",16,0,0
2026-06-11T13:20:00.000Z,"334","8",16,0,0
2026-06-11T13:30:00.000Z,"314","8",16,0,0
2026-06-11T13:40:00.000Z,"311","8",16,0,0
2026-06-11T13:50:00.000Z,"301","8",16,0,0
2026-06-11T14:00:00.000Z,"299","8",16,0,0
2026-06-11T14:10:00.000Z,"276","8",16,0,0
2026-06-11T14:20:00.000Z,"266","8",16,0,0
2026-06-11T14:30:00.000Z,"259","8",16,0,0
2026-06-11T14:40:00.000Z,"250","8",16,0,0
2026-06-11T14:50:00.000Z,"245","8",16,0,0
2026-06-11T15:00:00.000Z,"244","8",16,0,0
2026-06-11T15:10:00.000Z,"226","8",16,0,0
2026-06-11T15:20:00.000Z,"229","8",16,0,0
2026-06-11T15:30:00.000Z,"152","8",16,0,0
2026-06-11T15:40:00.000Z,"203","8",16,0,0
2026-06-11T15:50:00.000Z,"186","8",16,0,0
2026-06-11T16:00:00.000Z,"173","8",16,0,0
2026-06-11T16:10:00.000Z,"153","8",16,0,0
2026-06-11T16:20:00.000Z,"129","8",16,0,0
2026-06-11T16:30:00.000Z,"117","8",16,0,0
2026-06-11T16:40:00.000Z,"96","8",16,0,0
2026-06-11T16:50:00.000Z,"89","8",16,0,0
2026-06-11T17:00:00.000Z,"71","8",16,0,0
2026-06-11T17:10:00.000Z,"63","8",16,0,0
2026-06-11T17:20:00.000Z,"36","8",16,0,0
2026-06-11T17:30:00.000Z,"18","8",16,0,0
2026-06-11T17:40:00.000Z,"88","8",16,0,0
2026-06-11T17:50:00.000Z,"119","8",16,0,0
2026-06-11T18:00:00.000Z,"154","8",16,0,0
2026-06-11T18:10:00.000Z,"138","8",16,0,0
2026-06-11T18:20:00.000Z,"139","8",16,0,0
2026-06-11T18:30:00.000Z,"135","8",16,0,0
2026-06-11T18:40:00.000Z,"148","8",16,0,0
2026-06-11T18:50:00.000Z,"140","8",16,0,0
2026-06-11T19:00:00.000Z,"176","8",16,0,0
2026-06-11T19:10:00.000Z,"159","8",16,0,0
2026-06-11T19:20:00.000Z,"165","8",16,0,0
2026-06-11T19:30:00.000Z,"158","8",16,0,0
2026-06-11T19:40:00.000Z,"166","8",16,0,0
2026-06-11T19:50:00.000Z,"149","8",16,0,0
2026-06-11T20:00:00.000Z,"150","8",16,0,0
2026-06-11T20:10:00.000Z,"155","8",16,0,0
2026-06-11T20:20:00.000Z,"168","8",16,0,0
2026-06-11T20:30:00.000Z,"124","8",16,0,0
2026-06-11T20:40:00.000Z,"173","8",16,0,0
2026-06-11T20:50:00.000Z,"176","8",16,0,0
2026-06-11T21:00:00.000Z,"173","8",16,0,0
2026-06-11T21:10:00.000Z,"178","8",16,0,0
2026-06-11T21:20:00.000Z,"178","8",16,0,0
2026-06-11T21:30:00.000Z,"184","8",16,0,0
2026-06-11T21:40:00.000Z,"188","8",16,0,0
2026-06-11T21:50:00.000Z,"21","8",16,0,0
2026-06-11T22:00:00.000Z,"163","8",16,0,0
2026-06-11T22:10:00.000Z,"208","8",16,0,0
2026-06-11T22:20:00.000Z,"196","8",16,0,0
2026-06-11T22:30:00.000Z,"196","8",16,0,0
2026-06-11T22:40:00.000Z,"191","8",16,0,0
2026-06-11T22:50:00.000Z,"195","8",16,0,0
2026-06-11T23:00:00.000Z,"212","8",16,0,0
2026-06-11T23:10:00.000Z,"243","8",16,0,0
2026-06-11T23:20:00.000Z,"274","8",16,0,0
2026-06-11T23:30:00.000Z,"271","8",16,0,0
2026-06-11T23:40:00.000Z,"286","8",16,0,0
2026-06-11T23:50:00.000Z,"297","8",16,0,0
2026-06-12T00:00:00.000Z,"326","8",16,0,0
2026-06-12T00:10:00.000Z,"343","8",16,0,0
2026-06-12T00:20:00.000Z,"359","8",16,0,0
2026-06-12T00:30:00.000Z,"372","8",16,0,0
2026-06-12T00:40:00.000Z,"388","8",16,0,0
2026-06-12T00:50:00.000Z,"403","8",16,0,0
2026-06-12T01:00:00.000Z,"409","8",16,0,0
2026-06-12T01:10:00.000Z,"358","8",16,0,0
2026-06-12T01:20:00.000Z,"369","8",16,0,0
2026-06-12T01:30:00.000Z,"365","8",16,0,0
2026-06-12T01:40:00.000Z,"377","8",16,0,0
2026-06-12T01:50:00.000Z,"340","8",16,0,0
2026-06-12T02:00:00.000Z,"360","8",16,0,0
2026-06-12T02:10:00.000Z,"368","8",16,0,0
2026-06-12T02:20:00.000Z,"365","8",16,0,0
2026-06-12T02:30:00.000Z,"368","8",16,0,0
2026-06-12T02:40:00.000Z,"371","8",16,0,0
2026-06-12T02:50:00.000Z,"369","8",16,0,0
2026-06-12T03:00:00.000Z,"369","8",16,0,0
2026-06-12T03:10:00.000Z,"373","8",16,0,0
2026-06-12T03:20:00.000Z,"374","8",16,0,0
2026-06-12T03:30:00.000Z,"374","8",16,0,0
2026-06-12T03:40:00.000Z,"376","8",16,0,0
2026-06-12T03:50:00.000Z,"376","8",16,0,0
2026-06-12T04:00:00.000Z,"376","8",16,0,0
2026-06-12T04:10:00.000Z,"376","8",16,0,0
2026-06-12T04:20:00.000Z,"378","8",16,0,0
2026-06-12T04:30:00.000Z,"379","8",16,0,0
2026-06-12T04:40:00.000Z,"394","8",16,0,0
2026-06-12T04:50:00.000Z,"384","8",16,0,0
2026-06-12T05:00:00.000Z,"384","8",16,0,0
2026-06-12T05:10:00.000Z,"374","8",16,0,0
2026-06-12T05:20:00.000Z,"384","8",16,0,0
2026-06-12T05:30:00.000Z,"386","8",16,0,0
2026-06-12T05:40:00.000Z,"384","8",16,0,0
2026-06-12T05:50:00.000Z,"386","8",16,0,0
2026-06-12T06:00:00.000Z,"392","8",16,0,0
2026-06-12T06:10:00.000Z,"388","8",16,0,0
2026-06-12T06:20:00.000Z,"389","8",16,0,0
2026-06-12T06:30:00.000Z,"383","8",16,0,0
2026-06-12T06:40:00.000Z,"389","8",16,0,0
2026-06-12T06:50:00.000Z,"388","8",16,0,0
2026-06-12T07:00:00.000Z,"391","8",16,0,0
2026-06-12T07:10:00.000Z,"391","8",16,0,0
2026-06-12T07:20:00.000Z,"384","8",16,0,0
2026-06-12T07:30:00.000Z,"379","8",16,0,0
2026-06-12T07:40:00.000Z,"376","8",16,0,0
2026-06-12T07:50:00.000Z,"378","8",16,0,0
2026-06-12T08:00:00.000Z,"379","8",16,0,0
2026-06-12T08:10:00.000Z,"318","8",16,0,0
2026-06-12T08:20:00.000Z,"366","8",16,0,0
2026-06-12T08:30:00.000Z,"366","8",16,0,0
2026-06-12T08:40:00.000Z,"362","8",16,0,0
2026-06-12T08:50:00.000Z,"359","8",16,0,0
2026-06-12T09:00:00.000Z,"358","8",16,0,0
2026-06-12T09:10:00.000Z,"383","8",16,0,0
2026-06-12T09:20:00.000Z,"365","8",16,0,0
2026-06-12T09:30:00.000Z,"362","8",16,0,0
2026-06-12T09:40:00.000Z,"351","8",16,0,0
2026-06-12T09:50:00.000Z,"348","8",16,0,0
2026-06-12T10:00:00.000Z,"347","8",16,0,0
2026-06-12T10:10:00.000Z,"349","8",16,0,0
2026-06-12T10:20:00.000Z,"345","8",16,0,0
2026-06-12T10:30:00.000Z,"346","8",16,0,0
2026-06-12T10:40:00.000Z,"339","8",16,0,0
2026-06-12T10:50:00.000Z,"329","8",16,0,0
2026-06-12T11:00:00.000Z,"325","8",16,0,0
2026-06-12T11:10:00.000Z,"320","8",16,0,0
2026-06-12T11:20:00.000Z,"321","8",16,0,0
2026-06-12T11:30:00.000Z,"303","8",16,0,0
2026-06-12T11:40:00.000Z,"296","8",16,0,0
2026-06-12T11:50:00.000Z,"289","8",16,0,0
2026-06-12T12:00:00.000Z,"314","8",16,0,0
2026-06-12T12:10:00.000Z,"291","8",16,0,0
2026-06-12T12:20:00.000Z,"290","8",16,0,0
2026-06-12T12:30:00.000Z,"269","8",16,0,0
2026-06-12T12:40:00.000Z,"271","8",16,0,0
2026-06-12T12:50:00.000Z,"264","8",16,0,0
2026-06-12T13:00:00.000Z,"261","8",16,0,0
2026-06-12T13:10:00.000Z,"254","8",16,0,0
2026-06-12T13:20:00.000Z,"252","8",16,0,0
2026-06-12T13:30:00.000Z,"249","8",16,0,0
2026-06-12T13:40:00.000Z,"226","8",16,0,0
2026-06-12T13:50:00.000Z,"202","8",16,0,0
2026-06-12T14:00:00.000Z,"210","8",16,0,0
2026-06-12T14:10:00.000Z,"188","8",16,0,0
2026-06-12T14:20:00.000Z,"6","8",16,0,0
2026-06-12T14:30:00.000Z,"124","8",16,0,0
2026-06-12T14:40:00.000Z,"144","8",16,0,0
2026-06-12T14:50:00.000Z,"111","8",16,0,0
2026-06-12T15:00:00.000Z,"119","8",16,0,0
2026-06-12T15:10:00.000Z,"127","8",16,0,0
2026-06-12T15:20:00.000Z,"158","8",16,0,0
2026-06-12T15:30:00.000Z,"166","8",16,0,0
2026-06-12T15:40:00.000Z,"175","8",16,0,0
2026-06-12T15:50:00.000Z,"155","8",16,0,0
2026-06-12T16:00:00.000Z,"159","8",16,0,0
2026-06-12T16:10:00.000Z,"171","8",16,0,0
2026-06-12T16:20:00.000Z,"186","8",16,0,0
2026-06-12T16:30:00.000Z,"213","8",16,0,0
2026-06-12T16:40:00.000Z,"204","8",16,0,0
2026-06-12T16:50:00.000Z,"195","8",16,0,0
2026-06-12T17:00:00.000Z,"188","8",16,0,0
2026-06-12T17:10:00.000Z,"189","8",16,0,0
2026-06-12T17:20:00.000Z,"199","8",16,0,0
2026-06-12T17:30:00.000Z,"203","8",16,0,0
2026-06-12T17:40:00.000Z,"184","8",16,0,0
2026-06-12T17:50:00.000Z,"70","8",16,0,0
2026-06-12T18:00:00.000Z,"185","8",16,0,0
2026-06-12T18:10:00.000Z,"218","8",16,0,0
2026-06-12T18:20:00.000Z,"203","8",16,0,0
2026-06-12T18:30:00.000Z,"71","8",16,0,0
2026-06-12T18:40:00.000Z,"211","8",16,0,0
2026-06-12T18:50:00.000Z,"234","8",16,0,0
2026-06-12T19:00:00.000Z,"241","8",16,0,0
2026-06-12T19:10:00.000Z,"236","8",16,0,0
2026-06-12T19:20:00.000Z,"248","8",16,0,0
2026-06-12T19:30:00.000Z,"259","8",16,0,0
2026-06-12T19:40:00.000Z,"241","8",16,0,0
2026-06-12T19:50:00.000Z,"270","8",16,0,0
2026-06-12T20:00:00.000Z,"277","8",16,0,0
2026-06-12T20:10:00.000Z,"285","8",16,0,0
2026-06-12T20:20:00.000Z,"282","8",16,0,0
2026-06-12T20:30:00.000Z,"302","8",16,0,0
2026-06-12T20:40:00.000Z,"300","8",16,0,0
2026-06-12T20:50:00.000Z,"316","8",16,0,0
2026-06-12T21:00:00.000Z,"312","8",16,0,0
2026-06-12T21:10:00.000Z,"325","8",16,0,0
2026-06-12T21:20:00.000Z,"335","8",16,0,0
2026-06-12T21:30:00.000Z,"344","8",16,0,0
2026-06-12T21:40:00.000Z,"352","8",16,0,0
2026-06-12T21:50:00.000Z,"356","8",16,0,0
2026-06-12T22:00:00.000Z,"354","8",16,0,0
2026-06-12T22:10:00.000Z,"366","8",16,0,0
2026-06-12T22:20:00.000Z,"385","8",16,0,0
2026-06-12T22:30:00.000Z,"360","8",16,0,0
2026-06-12T22:40:00.000Z,"333","8",16,0,0
2026-06-12T22:50:00.000Z,"263","8",16,0,0
2026-06-12T23:00:00.000Z,"296","8",16,0,0
2026-06-12T23:10:00.000Z,"290","8",16,0,0
2026-06-12T23:20:00.000Z,"296","8",16,0,0
2026-06-12T23:30:00.000Z,"291","8",16,0,0
2026-06-12T23:40:00.000Z,"285","8",16,0,0
2026-06-12T23:50:00.000Z,"280","8",16,0,0
2026-06-13T00:00:00.000Z,"271","8",16,0,0
2026-06-13T00:10:00.000Z,"268","8",16,0,0
2026-06-13T00:20:00.000Z,"261","8",16,0,0
2026-06-13T00:30:00.000Z,"261","8",16,0,0
2026-06-13T00:40:00.000Z,"258","8",16,0,0
2026-06-13T00:50:00.000Z,"254","8",16,0,0
2026-06-13T01:00:00.000Z,"251","8",16,0,0
2026-06-13T01:10:00.000Z,"246","8",16,0,0
2026-06-13T01:20:00.000Z,"240","8",16,0,0
2026-06-13T01:30:00.000Z,"234","8",16,0,0
2026-06-13T01:40:00.000Z,"228","8",16,0,0
2026-06-13T01:50:00.000Z,"224","8",16,0,0
2026-06-13T02:00:00.000Z,"221","8",16,0,0
2026-06-13T02:10:00.000Z,"217","8",16,0,0
2026-06-13T02:20:00.000Z,"213","8",16,0,0
2026-06-13T02:30:00.000Z,"209","8",16,0,0
2026-06-13T02:40:00.000Z,"213","8",16,0,0
2026-06-13T02:50:00.000Z,"211","8",16,0,0
2026-06-13T03:00:00.000Z,"208","8",16,0,0
2026-06-13T03:10:00.000Z,"212","8",16,0,0
2026-06-13T03:20:00.000Z,"213","8",16,0,0
2026-06-13T03:30:00.000Z,"215","8",16,0,0
2026-06-13T03:40:00.000Z,"211","8",16,0,0
2026-06-13T03:50:00.000Z,"206","8",16,0,0
2026-06-13T04:00:00.000Z,"214","8",16,0,0
2026-06-13T04:10:00.000Z,"214","8",16,0,0
2026-06-13T04:20:00.000Z,"217","8",16,0,0
2026-06-13T04:30:00.000Z,"216","8",16,0,0
2026-06-13T04:40:00.000Z,"216","8",16,0,0
2026-06-13T04:50:00.000Z,"215","8",16,0,0
2026-06-13T05:00:00.000Z,"214","8",16,0,0
2026-06-13T05:10:00.000Z,"212","8",16,0,0
2026-06-13T05:20:00.000Z,"214","8",16,0,0
2026-06-13T05:30:00.000Z,"213","8",16,0,0
2026-06-13T05:40:00.000Z,"215","8",16,0,0
2026-06-13T05:50:00.000Z,"216","8",16,0,0
2026-06-13T06:00:00.000Z,"217","8",16,0,0
2026-06-13T06:10:00.000Z,"217","8",16,0,0
2026-06-13T06:20:00.000Z,"210","8",16,0,0
2026-06-13T06:30:00.000Z,"215","8",16,0,0
2026-06-13T06:40:00.000Z,"213","8",16,0,0
2026-06-13T06:50:00.000Z,"214","8",16,0,0
2026-06-13T07:00:00.000Z,"215","8",16,0,0
2026-06-13T07:10:00.000Z,"213","8",16,0,0
2026-06-13T07:20:00.000Z,"214","8",16,0,0
2026-06-13T07:30:00.000Z,"240","8",16,0,0
2026-06-13T07:40:00.000Z,"222","8",16,0,0
2026-06-13T07:50:00.000Z,"223","8",16,0,0
2026-06-13T08:00:00.000Z,"196","8",16,0,0
2026-06-13T08:10:00.000Z,"217","8",16,0,0
2026-06-13T08:20:00.000Z,"214","8",16,0,0
2026-06-13T08:30:00.000Z,"219","8",16,0,0
2026-06-13T08:40:00.000Z,"211","8",16,0,0
2026-06-13T08:50:00.000Z,"220","8",16,0,0
2026-06-13T09:00:00.000Z,"219","8",16,0,0
2026-06-13T09:10:00.000Z,"215","8",16,0,0
2026-06-13T09:20:00.000Z,"199","8",16,0,0
2026-06-13T09:30:00.000Z,"194","8",16,0,0
2026-06-13T09:40:00.000Z,"205","8",16,0,0
2026-06-13T09:50:00.000Z,"183","8",16,0,0
2026-06-13T10:00:00.000Z,"173","8",16,0,0
2026-06-13T10:10:00.000Z,"159","8",16,0,0
2026-06-13T10:20:00.000Z,"151","8",16,0,0
2026-06-13T10:30:00.000Z,"139","8",16,0,0
2026-06-13T10:40:00.000Z,"154","8",16,0,0
2026-06-13T10:50:00.000Z,"118","8",16,0,0
2026-06-13T11:00:00.000Z,"138","8",16,0,0
2026-06-13T11:10:00.000Z,"164","8",16,0,0
2026-06-13T11:20:00.000Z,"169","8",16,0,0
2026-06-13T11:30:00.000Z,"188","8",16,0,0
2026-06-13T11:40:00.000Z,"186","8",16,0,0
2026-06-13T11:50:00.000Z,"188","8",16,0,0
2026-06-13T12:00:00.000Z,"211","8",16,0,0
2026-06-13T12:10:00.000Z,"241","8",16,0,0
2026-06-13T12:20:00.000Z,"241","8",16,0,0
2026-06-13T12:30:00.000Z,"233","8",16,0,0
2026-06-13T12:40:00.000Z,"161","8",16,0,0
2026-06-13T12:50:00.000Z,"224","8",16,0,0
2026-06-13T13:00:00.000Z,"243","8",16,0,0
2026-06-13T13:10:00.000Z,"246","8",16,0,0
2026-06-13T13:20:00.000Z,"256","8",16,0,0
2026-06-13T13:30:00.000Z,"269","8",16,0,0
2026-06-13T13:40:00.000Z,"269","8",16,0,0
2026-06-13T13:50:00.000Z,"277","8",16,0,0
2026-06-13T14:00:00.000Z,"285","8",16,0,0
2026-06-13T14:10:00.000Z,"285","8",16,0,0
2026-06-13T14:20:00.000Z,"287","8",16,0,0
2026-06-13T14:30:00.000Z,"332","8",16,0,0
2026-06-13T14:40:00.000Z,"309","8",16,0,0
2026-06-13T14:50:00.000Z,"320","8",16,0,0
2026-06-13T15:00:00.000Z,"317","8",16,0,0
2026-06-13T15:10:00.000Z,"330","8",16,0,0
2026-06-13T15:20:00.000Z,"331","8",16,0,0
2026-06-13T15:30:00.000Z,"331","8",16,0,0
2026-06-13T15:40:00.000Z,"337","8",16,0,0
2026-06-13T15:50:00.000Z,"346","8",16,0,0
2026-06-13T16:00:00.000Z,"347","8",16,0,0
2026-06-13T16:10:00.000Z,"352","8",16,0,0
2026-06-13T16:20:00.000Z,"364","8",16,0,0
2026-06-13T16:30:00.000Z,"374","8",16,0,0
2026-06-13T16:40:00.000Z,"373","8",16,0,0
2026-06-13T16:50:00.000Z,"377","8",16,0,0
2026-06-13T17:00:00.000Z,"376","8",16,0,0
2026-06-13T17:10:00.000Z,"378","8",16,0,0
2026-06-13T17:20:00.000Z,"375","8",16,0,0
2026-06-13T17:30:00.000Z,"372","8",16,0,0
2026-06-13T17:40:00.000Z,"375","8",16,0,0
2026-06-13T17:50:00.000Z,"379","8",16,0,0
2026-06-13T18:00:00.000Z,"383","8",16,0,0
2026-06-13T18:10:00.000Z,"372","8",16,0,0
2026-06-13T18:20:00.000Z,"369","8",16,0,0
2026-06-13T18:30:00.000Z,"366","8",16,0,0
2026-06-13T18:40:00.000Z,"368","8",16,0,0
2026-06-13T18:50:00.000Z,"370","8",16,0,0
2026-06-13T19:00:00.000Z,"358","8",16,0,0
2026-06-13T19:10:00.000Z,"354","8",16,0,0
2026-06-13T19:20:00.000Z,"352","8",16,0,0
2026-06-13T19:30:00.000Z,"349","8",16,0,0
2026-06-13T19:40:00.000Z,"348","8",16,0,0
2026-06-13T19:50:00.000Z,"346","8",16,0,0
2026-06-13T20:00:00.000Z,"343","8",16,0,0
2026-06-13T20:10:00.000Z,"341","8",16,0,0
2026-06-13T20:20:00.000Z,"336","8",16,0,0
2026-06-13T20:30:00.000Z,"333","8",16,0,0
2026-06-13T20:40:00.000Z,"328","8",16,0,0
2026-06-13T20:50:00.000Z,"326","8",16,0,0
2026-06-13T21:00:00.000Z,"322","8",16,0,0
2026-06-13T21:10:00.000Z,"319","8",16,0,0
2026-06-13T21:20:00.000Z,"309","8",16,0,0
2026-06-13T21:30:00.000Z,"302","8",16,0,0
2026-06-13T21:40:00.000Z,"296","8",16,0,0
2026-06-13T21:50:00.000Z,"296","8",16,0,0
2026-06-13T22:00:00.000Z,"288","8",16,0,0
2026-06-13T22:10:00.000Z,"296","8",16,0,0
2026-06-13T22:20:00.000Z,"294","8",16,0,0
2026-06-13T22:30:00.000Z,"295","8",16,0,0
2026-06-13T22:40:00.000Z,"279","8",16,0,0
2026-06-13T22:50:00.000Z,"264","8",16,0,0
2026-06-13T23:00:00.000Z,"298","8",16,0,0
2026-06-13T23:10:00.000Z,"303","8",16,0,0
2026-06-13T23:20:00.000Z,"284","8",16,0,0
2026-06-13T23:30:00.000Z,"298","8",16,0,0
2026-06-13T23:40:00.000Z,"313","8",16,0,0
2026-06-13T23:50:00.000Z,"322","8",16,0,0
2026-06-14T00:00:00.000Z,"321","8",16,0,0
2026-06-14T00:10:00.000Z,"307","8",16,0,0
2026-06-14T00:20:00.000Z,"311","8",16,0,0
2026-06-14T00:30:00.000Z,"335","8",16,0,0
2026-06-14T00:40:00.000Z,"312","8",16,0,0
2026-06-14T00:50:00.000Z,"312","8",16,0,0
2026-06-14T01:00:00.000Z,"254","8",16,0,0
2026-06-14T01:10:00.000Z,"319","8",16,0,0
2026-06-14T01:20:00.000Z,"312","8",16,0,0
2026-06-14T01:30:00.000Z,"316","8",16,0,0
2026-06-14T01:40:00.000Z,"309","8",16,0,0
2026-06-14T01:50:00.000Z,"319","8",16,0,0
2026-06-14T02:00:00.000Z,"311","8",16,0,0
2026-06-14T02:10:00.000Z,"312","8",16,0,0
2026-06-14T02:20:00.000Z,"308","8",16,0,0
2026-06-14T02:30:00.000Z,"305","8",16,0,0
2026-06-14T02:40:00.000Z,"304","8",16,0,0
2026-06-14T02:50:00.000Z,"314","8",16,0,0
2026-06-14T03:00:00.000Z,"318","8",16,0,0
2026-06-14T03:10:00.000Z,"309","8",16,0,0
2026-06-14T03:20:00.000Z,"312","8",16,0,0
2026-06-14T03:30:00.000Z,"308","8",16,0,0
2026-06-14T03:40:00.000Z,"305","8",16,0,0
2026-06-14T03:50:00.000Z,"319","8",16,0,0
2026-06-14T04:00:00.000Z,"320","8",16,0,0
2026-06-14T04:10:00.000Z,"321","8",16,0,0
2026-06-14T04:20:00.000Z,"327","8",16,0,0
2026-06-14T04:30:00.000Z,"340","8",16,0,0
2026-06-14T04:40:00.000Z,"334","8",16,0,0
2026-06-14T04:50:00.000Z,"336","8",16,0,0
2026-06-14T05:00:00.000Z,"328","8",16,0,0
2026-06-14T05:10:00.000Z,"343","8",16,0,0
2026-06-14T05:20:00.000Z,"345","8",16,0,0
2026-06-14T05:30:00.000Z,"347","8",16,0,0
2026-06-14T05:40:00.000Z,"349","8",16,0,0
2026-06-14T05:50:00.000Z,"348","8",16,0,0
2026-06-14T06:00:00.000Z,"347","8",16,0,0
2026-06-14T06:10:00.000Z,"374","8",16,0,0
2026-06-14T06:20:00.000Z,"377","8",16,0,0
2026-06-14T06:30:00.000Z,"392","8",16,0,0
2026-06-14T06:40:00.000Z,"396","8",16,0,0
2026-06-14T06:50:00.000Z,"401","8",16,0,0
2026-06-14T07:00:00.000Z,"401","8",16,0,0
2026-06-14T07:10:00.000Z,"391","8",16,0,0
2026-06-14T07:20:00.000Z,"381","8",16,0,0
2026-06-14T07:30:00.000Z,"379","8",16,0,0
2026-06-14T07:40:00.000Z,"383","8",16,0,0
2026-06-14T07:50:00.000Z,"379","8",16,0,0
2026-06-14T08:00:00.000Z,"388","8",16,0,0
2026-06-14T08:10:00.000Z,"398","8",16,0,0
2026-06-14T08:20:00.000Z,"212","8",16,0,0
2026-06-14T08:30:00.000Z,"358","8",16,0,0
2026-06-14T08:40:00.000Z,"352","8",16,0,0
2026-06-14T08:50:00.000Z,"378","8",16,0,0
2026-06-14T09:00:00.000Z,"358","8",16,0,0
2026-06-14T09:10:00.000Z,"357","8",16,0,0
2026-06-14T09:20:00.000Z,"339","8",16,0,0
2026-06-14T09:30:00.000Z,"333","8",16,0,0
2026-06-14T09:40:00.000Z,"321","8",16,0,0
2026-06-14T09:50:00.000Z,"321","8",16,0,0
2026-06-14T10:00:00.000Z,"336","8",16,0,0
2026-06-14T10:10:00.000Z,"325","8",16,0,0
2026-06-14T10:20:00.000Z,"312","8",16,0,0
2026-06-14T10:30:00.000Z,"291","8",16,0,0
2026-06-14T10:40:00.000Z,"299","8",16,0,0
2026-06-14T10:50:00.000Z,"292","8",16,0,0
2026-06-14T11:00:00.000Z,"293","8",16,0,0
2026-06-14T11:10:00.000Z,"281","8",16,0,0
2026-06-14T11:20:00.000Z,"297","8",16,0,0
2026-06-14T11:30:00.000Z,"284","8",16,0,0
2026-06-14T11:40:00.000Z,"287","8",16,0,0
2026-06-14T11:50:00.000Z,"278","8",16,0,0
2026-06-14T12:00:00.000Z,"278","8",16,0,0
2026-06-14T12:10:00.000Z,"278","8",16,0,0
2026-06-14T12:20:00.000Z,"279","8",16,0,0
2026-06-14T12:30:00.000Z,"281","8",16,0,0
2026-06-14T12:40:00.000Z,"266","8",16,0,0
2026-06-14T12:50:00.000Z,"272","8",16,0,0
2026-06-14T13:00:00.000Z,"271","8",16,0,0
2026-06-14T13:10:00.000Z,"275","8",16,0,0
2026-06-14T13:20:00.000Z,"266","8",16,0,0
2026-06-14T13:30:00.000Z,"265","8",16,0,0
2026-06-14T13:40:00.000Z,"263","8",16,0,0
2026-06-14T13:50:00.000Z,"269","8",16,0,0
2026-06-14T14:00:00.000Z,"269","8",16,0,0
2026-06-14T14:10:00.000Z,"173","8",16,0,0
2026-06-14T14:20:00.000Z,"282","8",16,0,0
2026-06-14T14:30:00.000Z,"282","8",16,0,0
2026-06-14T14:40:00.000Z,"295","8",16,0,0
2026-06-14T14:50:00.000Z,"294","8",16,0,0
2026-06-14T15:00:00.000Z,"288","8",16,0,0
2026-06-14T15:10:00.000Z,"281","8",16,0,0
2026-06-14T15:20:00.000Z,"269","8",16,0,0
2026-06-14T15:30:00.000Z,"281","8",16,0,0
2026-06-14T15:40:00.000Z,"278","8",16,0,0
2026-06-14T15:50:00.000Z,"286","8",16,0,0
2026-06-14T16:00:00.000Z,"300","8",16,0,0
2026-06-14T16:10:00.000Z,"306","8",16,0,0
2026-06-14T16:20:00.000Z,"226","8",16,0,0
2026-06-14T16:30:00.000Z,"326","8",16,0,0
2026-06-14T16:40:00.000Z,"333","8",16,0,0
2026-06-14T16:50:00.000Z,"328","8",16,0,0
2026-06-14T17:00:00.000Z,"327","8",16,0,0
2026-06-14T17:10:00.000Z,"326","8",16,0,0
2026-06-14T17:20:00.000Z,"326","8",16,0,0
2026-06-14T17:30:00.000Z,"341","8",16,0,0
2026-06-14T17:40:00.000Z,"338","8",16,0,0
2026-06-14T17:50:00.000Z,"341","8",16,0,0
2026-06-14T18:00:00.000Z,"341","8",16,0,0
2026-06-14T18:10:00.000Z,"322","8",16,0,0
2026-06-14T18:20:00.000Z,"313","8",16,0,0
2026-06-14T18:30:00.000Z,"312","8",16,0,0
2026-06-14T18:40:00.000Z,"305","8",16,0,0
2026-06-14T18:50:00.000Z,"321","8",16,0,0
2026-06-14T19:00:00.000Z,"318","8",16,0,0
2026-06-14T19:10:00.000Z,"319","8",16,0,0
2026-06-14T19:20:00.000Z,"323","8",16,0,0
2026-06-14T19:30:00.000Z,"318","8",16,0,0
2026-06-14T19:40:00.000Z,"280","8",16,0,0
2026-06-14T19:50:00.000Z,"308","8",16,0,0
2026-06-14T20:00:00.000Z,"309","8",16,0,0
2026-06-14T20:10:00.000Z,"296","8",16,0,0
2026-06-14T20:20:00.000Z,"307","8",16,0,0
2026-06-14T20:30:00.000Z,"305","8",16,0,0
2026-06-14T20:40:00.000Z,"295","8",16,0,0
2026-06-14T20:50:00.000Z,"295","8",16,0,0
2026-06-14T21:00:00.000Z,"300","8",16,0,0
2026-06-14T21:10:00.000Z,"300","8",16,0,0
2026-06-14T21:20:00.000Z,"296","8",16,0,0
2026-06-14T21:30:00.000Z,"281","8",16,0,0
2026-06-14T21:40:00.000Z,"295","8",16,0,0
2026-06-14T21:50:00.000Z,"311","8",16,0,0
2026-06-14T22:00:00.000Z,"249","8",16,0,0
2026-06-14T22:10:00.000Z,"293","8",16,0,0
2026-06-14T22:20:00.000Z,"292","8",16,0,0
2026-06-14T22:30:00.000Z,"290","8",16,0,0
2026-06-14T22:40:00.000Z,"285","8",16,0,0
2026-06-14T22:50:00.000Z,"297","8",16,0,0
2026-06-14T23:00:00.000Z,"307","8",16,0,0
2026-06-14T23:10:00.000Z,"310","8",16,0,0
2026-06-14T23:20:00.000Z,"335","8",16,0,0
2026-06-14T23:30:00.000Z,"317","8",16,0,0
2026-06-14T23:40:00.000Z,"319","8",16,0,0
2026-06-14T23:50:00.000Z,"316","8",16,0,0
2026-06-15T00:00:00.000Z,"319","8",16,0,0
2026-06-15T00:10:00.000Z,"314","8",16,0,0
2026-06-15T00:20:00.000Z,"320","8",16,0,0
2026-06-15T00:30:00.000Z,"314","8",16,0,0
2026-06-15T00:40:00.000Z,"317","8",16,0,0
2026-06-15T00:50:00.000Z,"309","8",16,0,0
2026-06-15T01:00:00.000Z,"310","8",16,0,0
2026-06-15T01:10:00.000Z,"308","8",16,0,0
2026-06-15T01:20:00.000Z,"309","8",16,0,0
2026-06-15T01:30:00.000Z,"300","8",16,0,0
2026-06-15T01:40:00.000Z,"301","8",16,0,0
2026-06-15T01:50:00.000Z,"307","8",16,0,0
2026-06-15T02:00:00.000Z,"314","8",16,0,0
2026-06-15T02:10:00.000Z,"312","8",16,0,0
2026-06-15T02:20:00.000Z,"285","8",16,0,0
2026-06-15T02:30:00.000Z,"301","8",16,0,0
2026-06-15T02:40:00.000Z,"293","8",16,0,0
2026-06-15T02:50:00.000Z,"301","8",16,0,0
2026-06-15T03:00:00.000Z,"301","8",16,0,0
2026-06-15T03:10:00.000Z,"335","8",16,0,0
2026-06-15T03:20:00.000Z,"320","8",16,0,0
2026-06-15T03:30:00.000Z,"329","8",16,0,0
2026-06-15T03:40:00.000Z,"316","8",16,0,0
2026-06-15T03:50:00.000Z,"184","8",16,0,0
2026-06-15T04:00:00.000Z,"309","8",16,0,0
2026-06-15T04:10:00.000Z,"312","8",16,0,0
2026-06-15T04:20:00.000Z,"312","8",16,0,0
2026-06-15T04:30:00.000Z,"318","8",16,0,0
2026-06-15T04:40:00.000Z,"314","8",16,0,0
2026-06-15T04:50:00.000Z,"336","8",16,0,0
2026-06-15T05:00:00.000Z,"321","8",16,0,0
2026-06-15T05:10:00.000Z,"318","8",16,0,0
2026-06-15T05:20:00.000Z,"314","8",16,0,0
2026-06-15T05:30:00.000Z,"319","8",16,0,0
2026-06-15T05:40:00.000Z,"317","8",16,0,0
2026-06-15T05:50:00.000Z,"319","8",16,0,0
2026-06-15T06:00:00.000Z,"311","8",16,0,0
2026-06-15T06:10:00.000Z,"316","8",16,0,0
2026-06-15T06:20:00.000Z,"299","8",16,0,0
2026-06-15T06:30:00.000Z,"308","8",16,0,0
2026-06-15T06:40:00.000Z,"307","8",16,0,0
2026-06-15T06:50:00.000Z,"309","8",16,0,0
2026-06-15T07:00:00.000Z,"308","8",16,0,0
2026-06-15T07:10:00.000Z,"308","8",16,0,0
2026-06-15T07:20:00.000Z,"305","8",16,0,0
2026-06-15T07:30:00.000Z,"269","8",16,0,0
2026-06-15T07:40:00.000Z,"297","8",16,0,0
2026-06-15T07:50:00.000Z,"298","8",16,0,0
2026-06-15T08:00:00.000Z,"300","8",16,0,0
2026-06-15T08:10:00.000Z,"299","8",16,0,0
2026-06-15T08:20:00.000Z,"299","8",16,0,0
2026-06-15T08:30:00.000Z,"296","8",16,0,0
2026-06-15T08:40:00.000Z,"294","8",16,0,0
2026-06-15T08:50:00.000Z,"319","8",16,0,0
2026-06-15T09:00:00.000Z,"303","8",16,0,0
2026-06-15T09:10:00.000Z,"304","8",16,0,0
2026-06-15T09:20:00.000Z,"294","8",16,0,0
2026-06-15T09:30:00.000Z,"294","8",16,0,0
2026-06-15T09:40:00.000Z,"283","8",16,0,0
2026-06-15T09:50:00.000Z,"299","8",16,0,0
2026-06-15T10:00:00.000Z,"302","8",16,0,0
2026-06-15T10:10:00.000Z,"300","8",16,0,0
2026-06-15T10:20:00.000Z,"296","8",16,0,0
2026-06-15T10:30:00.000Z,"287","8",16,0,0
2026-06-15T10:40:00.000Z,"284","8",16,0,0
2026-06-15T10:50:00.000Z,"281","8",16,0,0
2026-06-15T11:00:00.000Z,"284","8",16,0,0
2026-06-15T11:10:00.000Z,"288","8",16,0,0
2026-06-15T11:20:00.000Z,"293","8",16,0,0
2026-06-15T11:30:00.000Z,"314","8",16,0,0
2026-06-15T11:40:00.000Z,"309","8",16,0,0
2026-06-15T11:50:00.000Z,"323","8",16,0,0
2026-06-15T12:00:00.000Z,"327","8",16,0,0
2026-06-15T12:10:00.000Z,"333","8",16,0,0
2026-06-15T12:20:00.000Z,"336","8",16,0,0
2026-06-15T12:30:00.000Z,"339","8",16,0,0
2026-06-15T12:40:00.000Z,"338","8",16,0,0
2026-06-15T12:50:00.000Z,"336","8",16,0,0
2026-06-15T13:00:00.000Z,"321","8",16,0,0
2026-06-15T13:10:00.000Z,"327","8",16,0,0
2026-06-15T13:20:00.000Z,"347","8",16,0,0
2026-06-15T13:30:00.000Z,"350","8",16,0,0
2026-06-15T13:40:00.000Z,"343","8",16,0,0
2026-06-15T13:50:00.000Z,"283","8",16,0,0
2026-06-15T14:00:00.000Z,"363","8",16,0,0
2026-06-15T14:10:00.000Z,"369","8",16,0,0
2026-06-15T14:20:00.000Z,"384","8",16,0,0
2026-06-15T14:30:00.000Z,"369","8",16,0,0
2026-06-15T14:40:00.000Z,"372","8",16,0,0
2026-06-15T14:50:00.000Z,"372","8",16,0,0
2026-06-15T15:00:00.000Z,"368","8",16,0,0
2026-06-15T15:10:00.000Z,"366","8",16,0,0
2026-06-15T15:20:00.000Z,"360","8",16,0,0
2026-06-15T15:30:00.000Z,"359","8",16,0,0
2026-06-15T15:40:00.000Z,"379","8",16,0,0
2026-06-15T15:50:00.000Z,"365","8",16,0,0
2026-06-15T16:00:00.000Z,"335","8",16,0,0
2026-06-15T16:10:00.000Z,"341","8",16,0,0
2026-06-15T16:20:00.000Z,"329","8",16,0,0
2026-06-15T16:30:00.000Z,"326","8",16,0,0
2026-06-15T16:40:00.000Z,"321","8",16,0,0
2026-06-15T16:50:00.000Z,"341","8",16,0,0
2026-06-15T17:00:00.000Z,"312","8",16,0,0
2026-06-15T17:10:00.000Z,"351","8",16,0,0
2026-06-15T17:20:00.000Z,"291","8",16,0,0
2026-06-15T17:30:00.000Z,"343","8",16,0,0
2026-06-15T17:40:00.000Z,"336","8",16,0,0
2026-06-15T17:50:00.000Z,"333","8",16,0,0
2026-06-15T18:00:00.000Z,"358","8",16,0,0
2026-06-15T18:10:00.000Z,"328","8",16,0,0
2026-06-15T18:20:00.000Z,"333","8",16,0,0
2026-06-15T18:30:00.000Z,"318","8",16,0,0
2026-06-15T18:40:00.000Z,"341","8",16,0,0
2026-06-15T18:50:00.000Z,"308","8",16,0,0
2026-06-15T19:00:00.000Z,"297","8",16,0,0
2026-06-15T19:10:00.000Z,"276","8",16,0,0
2026-06-15T19:20:00.000Z,"278","8",16,0,0
2026-06-15T19:30:00.000Z,"303","8",16,0,0
2026-06-15T19:40:00.000Z,"286","8",16,0,0
2026-06-15T19:50:00.000Z,"280","8",16,0,0
2026-06-15T20:00:00.000Z,"240","8",16,0,0
2026-06-15T20:10:00.000Z,"268","8",16,0,0
2026-06-15T20:20:00.000Z,"267","8",16,0,0
2026-06-15T20:30:00.000Z,"265","8",16,0,0
2026-06-15T20:40:00.000Z,"255","8",16,0,0
2026-06-15T20:50:00.000Z,"263","8",16,0,0
2026-06-15T21:00:00.000Z,"256","8",16,0,0
2026-06-15T21:10:00.000Z,"244","8",16,0,0
2026-06-15T21:20:00.000Z,"250","8",16,0,0
2026-06-15T21:30:00.000Z,"243","8",16,0,0
2026-06-15T21:40:00.000Z,"245","8",16,0,0
2026-06-15T21:50:00.000Z,"242","8",16,0,0
2026-06-15T22:00:00.000Z,"239","8",16,0,0
2026-06-15T22:10:00.000Z,"231","8",16,0,0
2026-06-15T22:20:00.000Z,"262","8",16,0,0
2026-06-15T22:30:00.000Z,"244","8",16,0,0
2026-06-15T22:40:00.000Z,"236","8",16,0,0
2026-06-15T22:50:00.000Z,"213","8",16,0,0
2026-06-15T23:00:00.000Z,"221","8",16,0,0
2026-06-15T23:10:00.000Z,"221","8",16,0,0
2026-06-15T23:20:00.000Z,"218","8",16,0,0
2026-06-15T23:30:00.000Z,"216","8",16,0,0
2026-06-15T23:40:00.000Z,"218","8",16,0,0
2026-06-15T23:50:00.000Z,"218","8",16,0,0
2026-06-16T00:00:00.000Z,"214","8",16,0,0
2026-06-16T00:10:00.000Z,"211","8",16,0,0
2026-06-16T00:20:00.000Z,"196","8",16,0,0
2026-06-16T00:30:00.000Z,"203","8",16,0,0
2026-06-16T00:40:00.000Z,"198","8",16,0,0
2026-06-16T00:50:00.000Z,"199","8",16,0,0
2026-06-16T01:00:00.000Z,"197","8",16,0,0
2026-06-16T01:10:00.000Z,"193","8",16,0,0
2026-06-16T01:20:00.000Z,"191","8",16,0,0
2026-06-16T01:30:00.000Z,"198","8",16,0,0
2026-06-16T01:40:00.000Z,"204","8",16,0,0
2026-06-16T01:50:00.000Z,"204","8",16,0,0
2026-06-16T02:00:00.000Z,"206","8",16,0,0
2026-06-16T02:10:00.000Z,"202","8",16,0,0
2026-06-16T02:20:00.000Z,"199","8",16,0,0
2026-06-16T02:30:00.000Z,"195","8",16,0,0
2026-06-16T02:40:00.000Z,"196","8",16,0,0
2026-06-16T02:50:00.000Z,"197","8",16,0,0
2026-06-16T03:00:00.000Z,"198","8",16,0,0
2026-06-16T03:10:00.000Z,"194","8",16,0,0
2026-06-16T03:20:00.000Z,"191","8",16,0,0
2026-06-16T03:30:00.000Z,"188","8",16,0,0
2026-06-16T03:40:00.000Z,"189","8",16,0,0
2026-06-16T03:50:00.000Z,"200","8",16,0,0
2026-06-16T04:00:00.000Z,"202","8",16,0,0
2026-06-16T04:10:00.000Z,"207","8",16,0,0
2026-06-16T04:20:00.000Z,"208","8",16,0,0
2026-06-16T04:30:00.000Z,"211","8",16,0,0
2026-06-16T04:40:00.000Z,"225","8",16,0,0
2026-06-16T04:50:00.000Z,"234","8",16,0,0
2026-06-16T05:00:00.000Z,"234","8",16,0,0
2026-06-16T05:10:00.000Z,"239","8",16,0,0
2026-06-16T05:20:00.000Z,"241","8",16,0,0
2026-06-16T05:30:00.000Z,"246","8",16,0,0
2026-06-16T05:40:00.000Z,"263","8",16,0,0
2026-06-16T05:50:00.000Z,"256","8",16,0,0
2026-06-16T06:00:00.000Z,"259","8",16,0,0
2026-06-16T06:10:00.000Z,"261","8",16,0,0
2026-06-16T06:20:00.000Z,"269","8",16,0,0
2026-06-16T06:30:00.000Z,"269","8",16,0,0
2026-06-16T06:40:00.000Z,"274","8",16,0,0
2026-06-16T06:50:00.000Z,"271","8",16,0,0
2026-06-16T07:00:00.000Z,"279","8",16,0,0
2026-06-16T07:10:00.000Z,"276","8",16,0,0
2026-06-16T07:20:00.000Z,"281","8",16,0,0
2026-06-16T07:30:00.000Z,"281","8",16,0,0
2026-06-16T07:40:00.000Z,"284","8",16,0,0
2026-06-16T07:50:00.000Z,"284","8",16,0,0
2026-06-16T08:00:00.000Z,"286","8",16,0,0
2026-06-16T08:10:00.000Z,"288","8",16,0,0
2026-06-16T08:20:00.000Z,"290","8",16,0,0
2026-06-16T08:30:00.000Z,"292","8",16,0,0
2026-06-16T08:40:00.000Z,"285","8",16,0,0
2026-06-16T08:50:00.000Z,"294","8",16,0,0
2026-06-16T09:00:00.000Z,"294","8",16,0,0
2026-06-16T09:10:00.000Z,"296","8",16,0,0
2026-06-16T09:20:00.000Z,"298","8",16,0,0
2026-06-16T09:30:00.000Z,"299","8",16,0,0
2026-06-16T09:40:00.000Z,"300","8",16,0,0
2026-06-16T09:50:00.000Z,"330","8",16,0,0
2026-06-16T10:00:00.000Z,"309","8",16,0,0
2026-06-16T10:10:00.000Z,"310","8",16,0,0
2026-06-16T10:20:00.000Z,"302","8",16,0,0
2026-06-16T10:30:00.000Z,"312","8",16,0,0
2026-06-16T10:40:00.000Z,"312","8",16,0,0
2026-06-16T10:50:00.000Z,"252","8",16,0,0
2026-06-16T11:00:00.000Z,"314","8",16,0,0
2026-06-16T11:10:00.000Z,"321","8",16,0,0
2026-06-16T11:20:00.000Z,"337","8",16,0,0
2026-06-16T11:30:00.000Z,"343","8",16,0,0
2026-06-16T11:40:00.000Z,"343","8",16,0,0
2026-06-16T11:50:00.000Z,"339","8",16,0,0
2026-06-16T12:00:00.000Z,"330","8",16,0,0
2026-06-16T12:10:00.000Z,"357","8",16,0,0
2026-06-16T12:20:00.000Z,"354","8",16,0,0
2026-06-16T12:30:00.000Z,"351","8",16,0,0
2026-06-16T12:40:00.000Z,"312","8",16,0,0
2026-06-16T12:50:00.000Z,"356","8",16,0,0
2026-06-16T13:00:00.000Z,"356","8",16,0,0
2026-06-16T13:10:00.000Z,"374","8",16,0,0
2026-06-16T13:20:00.000Z,"372","8",16,0,0
2026-06-16T13:30:00.000Z,"368","8",16,0,0
2026-06-16T13:40:00.000Z,"388","8",16,0,0
2026-06-16T13:50:00.000Z,"376","8",16,0,0
2026-06-16T14:00:00.000Z,"369","8",16,0,0
2026-06-16T14:10:00.000Z,"329","8",16,0,0
2026-06-16T14:20:00.000Z,"364","8",16,0,0
2026-06-16T14:30:00.000Z,"364","8",16,0,0
2026-06-16T14:40:00.000Z,"361","8",16,0,0
2026-06-16T14:50:00.000Z,"363","8",16,0,0
2026-06-16T15:00:00.000Z,"363","8",16,0,0
2026-06-16T15:10:00.000Z,"358","8",16,0,0
2026-06-16T15:20:00.000Z,"354","8",16,0,0
2026-06-16T15:30:00.000Z,"359","8",16,0,0
2026-06-16T15:40:00.000Z,"388","8",16,0,0
2026-06-16T15:50:00.000Z,"363","8",16,0,0
2026-06-16T16:00:00.000Z,"362","8",16,0,0
2026-06-16T16:10:00.000Z,"343","8",16,0,0
2026-06-16T16:20:00.000Z,"351","8",16,0,0
2026-06-16T16:30:00.000Z,"346","8",16,0,0
2026-06-16T16:40:00.000Z,"372","8",16,0,0
2026-06-16T16:50:00.000Z,"349","8",16,0,0
2026-06-16T17:00:00.000Z,"341","8",16,0,0
2026-06-16T17:10:00.000Z,"346","8",16,0,0
2026-06-16T17:20:00.000Z,"351","8",16,0,0
2026-06-16T17:30:00.000Z,"344","8",16,0,0
2026-06-16T17:40:00.000Z,"330","8",16,0,0
2026-06-16T17:50:00.000Z,"252","8",16,0,0
2026-06-16T18:00:00.000Z,"336","8",16,0,0
2026-06-16T18:10:00.000Z,"354","8",16,0,0
2026-06-16T18:20:00.000Z,"276","8",16,0,0
2026-06-16T18:30:00.000Z,"331","8",16,0,0
2026-06-16T18:40:00.000Z,"301","8",16,0,0
2026-06-16T18:50:00.000Z,"298","8",16,0,0
2026-06-16T19:00:00.000Z,"288","8",16,0,0
2026-06-16T19:10:00.000Z,"303","8",16,0,0
2026-06-16T19:20:00.000Z,"290","8",16,0,0
2026-06-16T19:30:00.000Z,"286","8",16,0,0
2026-06-16T19:40:00.000Z,"278","8",16,0,0
2026-06-16T19:50:00.000Z,"274","8",16,0,0
2026-06-16T20:00:00.000Z,"268","8",16,0,0
2026-06-16T20:10:00.000Z,"290","8",16,0,0
2026-06-16T20:20:00.000Z,"263","8",16,0,0
2026-06-16T20:30:00.000Z,"263","8",16,0,0
2026-06-16T20:40:00.000Z,"255","8",16,0,0
2026-06-16T20:50:00.000Z,"250","8",16,0,0
2026-06-16T21:00:00.000Z,"244","8",16,0,0
2026-06-16T21:10:00.000Z,"242","8",16,0,0
2026-06-16T21:20:00.000Z,"234","8",16,0,0
2026-06-16T21:30:00.000Z,"237","8",16,0,0
2026-06-16T21:40:00.000Z,"234","8",16,0,0
2026-06-16T21:50:00.000Z,"234","8",16,0,0
2026-06-16T22:00:00.000Z,"202","8",16,0,0
2026-06-16T22:10:00.000Z,"221","8",16,0,0
2026-06-16T22:20:00.000Z,"221","8",16,0,0
2026-06-16T22:30:00.000Z,"219","8",16,0,0
2026-06-16T22:40:00.000Z,"223","8",16,0,0
2026-06-16T22:50:00.000Z,"237","8",16,0,0
2026-06-16T23:00:00.000Z,"239","8",16,0,0
2026-06-16T23:10:00.000Z,"242","8",16,0,0
2026-06-16T23:20:00.000Z,"255","8",16,0,0
2026-06-16T23:30:00.000Z,"256","8",16,0,0
2026-06-16T23:40:00.000Z,"251","8",16,0,0
2026-06-16T23:50:00.000Z,"255","8",16,0,0
2026-06-17T00:00:00.000Z,"255","8",16,0,0
2026-06-17T00:10:00.000Z,"263","8",16,0,0
2026-06-17T00:20:00.000Z,"163","8",16,0,0
2026-06-17T00:30:00.000Z,"265","8",16,0,0
2026-06-17T00:40:00.000Z,"261","8",16,0,0
2026-06-17T00:50:00.000Z,"262","8",16,0,0
2026-06-17T01:00:00.000Z,"259","8",16,0,0
2026-06-17T01:10:00.000Z,"261","8",16,0,0
2026-06-17T01:20:00.000Z,"261","8",16,0,0
2026-06-17T01:30:00.000Z,"261","8",16,0,0
2026-06-17T01:40:00.000Z,"284","8",16,0,0
2026-06-17T01:50:00.000Z,"293","8",16,0,0
2026-06-17T02:00:00.000Z,"312","8",16,0,0
2026-06-17T02:10:00.000Z,"314","8",16,0,0
2026-06-17T02:20:00.000Z,"338","8",16,0,0
2026-06-17T02:30:00.000Z,"331","8",16,0,0
2026-06-17T02:40:00.000Z,"336","8",16,0,0
2026-06-17T02:50:00.000Z,"318","8",16,0,0
2026-06-17T03:00:00.000Z,"321","8",16,0,0
2026-06-17T03:10:00.000Z,"320","8",16,0,0
2026-06-17T03:20:00.000Z,"318","8",16,0,0
2026-06-17T03:30:00.000Z,"283","8",16,0,0
2026-06-17T03:40:00.000Z,"249","8",16,0,0
2026-06-17T03:50:00.000Z,"273","8",16,0,0
2026-06-17T04:00:00.000Z,"281","8",16,0,0
2026-06-17T04:10:00.000Z,"266","8",16,0,0
2026-06-17T04:20:00.000Z,"271","8",16,0,0
2026-06-17T04:30:00.000Z,"268","8",16,0,0
2026-06-17T04:40:00.000Z,"284","8",16,0,0
2026-06-17T04:50:00.000Z,"269","8",16,0,0
2026-06-17T05:00:00.000Z,"263","8",16,0,0
2026-06-17T05:10:00.000Z,"256","8",16,0,0
2026-06-17T05:20:00.000Z,"246","8",16,0,0
2026-06-17T05:30:00.000Z,"241","8",16,0,0
2026-06-17T05:40:00.000Z,"241","8",16,0,0
2026-06-17T05:50:00.000Z,"237","8",16,0,0
2026-06-17T06:00:00.000Z,"238","8",16,0,0
2026-06-17T06:10:00.000Z,"231","8",16,0,0
2026-06-17T06:20:00.000Z,"230","8",16,0,0
2026-06-17T06:30:00.000Z,"223","8",16,0,0
2026-06-17T06:40:00.000Z,"217","8",16,0,0
2026-06-17T06:50:00.000Z,"212","8",16,0,0
2026-06-17T07:00:00.000Z,"223","8",16,0,0
2026-06-17T07:10:00.000Z,"210","8",16,0,0
2026-06-17T07:20:00.000Z,"198","8",16,0,0
2026-06-17T07:30:00.000Z,"191","8",16,0,0
2026-06-17T07:40:00.000Z,"107","8",16,0,0
2026-06-17T07:50:00.000Z,"203","8",16,0,0
2026-06-17T08:00:00.000Z,"205","8",16,0,0
2026-06-17T08:10:00.000Z,"197","8",16,0,0
2026-06-17T08:20:00.000Z,"197","8",16,0,0
2026-06-17T08:30:00.000Z,"104","8",16,0,0
2026-06-17T08:40:00.000Z,"190","8",16,0,0
2026-06-17T08:50:00.000Z,"192","8",16,0,0
2026-06-17T09:00:00.000Z,"192","8",16,0,0
2026-06-17T09:10:00.000Z,"199","8",16,0,0
2026-06-17T09:20:00.000Z,"200","8",16,0,0
2026-06-17T09:30:00.000Z,"194","8",16,0,0
2026-06-17T09:40:00.000Z,"185","8",16,0,0
2026-06-17T09:50:00.000Z,"182","8",16,0,0
2026-06-17T10:00:00.000Z,"204","8",16,0,0
2026-06-17T10:10:00.000Z,"182","8",16,0,0
2026-06-17T10:20:00.000Z,"182","8",16,0,0
2026-06-17T10:30:00.000Z,"178","8",16,0,0
2026-06-17T10:40:00.000Z,"179","8",16,0,0
2026-06-17T10:50:00.000Z,"176","8",16,0,0
2026-06-17T11:00:00.000Z,"179","8",16,0,0
2026-06-17T11:10:00.000Z,"173","8",16,0,0
2026-06-17T11:20:00.000Z,"171","8",16,0,0
2026-06-17T11:30:00.000Z,"173","8",16,0,0
2026-06-17T11:40:00.000Z,"173","8",16,0,0
2026-06-17T11:50:00.000Z,"180","8",16,0,0
2026-06-17T12:00:00.000Z,"183","8",16,0,0
2026-06-17T12:10:00.000Z,"187","8",16,0,0
2026-06-17T12:20:00.000Z,"200","8",16,0,0
2026-06-17T12:30:00.000Z,"195","8",16,0,0
2026-06-17T12:40:00.000Z,"198","8",16,0,0
2026-06-17T12:50:00.000Z,"195","8",16,0,0
2026-06-17T13:00:00.000Z,"198","8",16,0,0
2026-06-17T13:10:00.000Z,"226","8",16,0,0
2026-06-17T13:20:00.000Z,"209","8",16,0,0
2026-06-17T13:30:00.000Z,"211","8",16,0,0
2026-06-17T13:40:00.000Z,"229","8",16,0,0
2026-06-17T13:50:00.000Z,"228","8",16,0,0
2026-06-17T14:00:00.000Z,"236","8",16,0,0
2026-06-17T14:10:00.000Z,"160","8",16,0,0
2026-06-17T14:20:00.000Z,"241","8",16,0,0
2026-06-17T14:30:00.000Z,"256","8",16,0,0
2026-06-17T14:40:00.000Z,"261","8",16,0,0
2026-06-17T14:50:00.000Z,"260","8",16,0,0
2026-06-17T15:00:00.000Z,"266","8",16,0,0
2026-06-17T15:10:00.000Z,"272","8",16,0,0
2026-06-17T15:20:00.000Z,"272","8",16,0,0
2026-06-17T15:30:00.000Z,"279","8",16,0,0
2026-06-17T15:40:00.000Z,"286","8",16,0,0
2026-06-17T15:50:00.000Z,"221","8",16,0,0
2026-06-17T16:00:00.000Z,"274","8",16,0,0
2026-06-17T16:10:00.000Z,"285","8",16,0,0
2026-06-17T16:20:00.000Z,"295","8",16,0,0
2026-06-17T16:30:00.000Z,"307","8",16,0,0
2026-06-17T16:40:00.000Z,"313","8",16,0,0
2026-06-17T16:50:00.000Z,"303","8",16,0,0
2026-06-17T17:00:00.000Z,"318","8",16,0,0
2026-06-17T17:10:00.000Z,"336","8",16,0,0
2026-06-17T17:20:00.000Z,"331","8",16,0,0
2026-06-17T17:30:00.000Z,"328","8",16,0,0
2026-06-17T17:40:00.000Z,"301","8",16,0,0
2026-06-17T17:50:00.000Z,"334","8",16,0,0
2026-06-17T18:00:00.000Z,"334","8",16,0,0
2026-06-17T18:10:00.000Z,"342","8",16,0,0
2026-06-17T18:20:00.000Z,"286","8",16,0,0
2026-06-17T18:30:00.000Z,"353","8",16,0,0
2026-06-17T18:40:00.000Z,"352","8",16,0,0
2026-06-17T18:50:00.000Z,"301","8",16,0,0
2026-06-17T19:00:00.000Z,"366","8",16,0,0
2026-06-17T19:10:00.000Z,"377","8",16,0,0
2026-06-17T19:20:00.000Z,"374","8",16,0,0
2026-06-17T19:30:00.000Z,"363","8",16,0,0
2026-06-17T19:40:00.000Z,"346","8",16,0,0
2026-06-17T19:50:00.000Z,"348","8",16,0,0
2026-06-17T20:00:00.000Z,"348","8",16,0,0
2026-06-17T20:10:00.000Z,"371","8",16,0,0
2026-06-17T20:20:00.000Z,"357","8",16,0,0
2026-06-17T20:30:00.000Z,"361","8",16,0,0
2026-06-17T20:40:00.000Z,"348","8",16,0,0
2026-06-17T20:50:00.000Z,"343","8",16,0,0
2026-06-17T21:00:00.000Z,"318","8",16,0,0
2026-06-17T21:10:00.000Z,"328","8",16,0,0
2026-06-17T21:20:00.000Z,"326","8",16,0,0
2026-06-17T21:30:00.000Z,"332","8",16,0,0
2026-06-17T21:40:00.000Z,"333","8",16,0,0
2026-06-17T21:50:00.000Z,"358","8",16,0,0
2026-06-17T22:00:00.000Z,"339","8",16,0,0
2026-06-17T22:10:00.000Z,"193","8",16,0,0
2026-06-17T22:20:00.000Z,"326","8",16,0,0
2026-06-17T22:30:00.000Z,"339","8",16,0,0
2026-06-17T22:40:00.000Z,"341","8",16,0,0
2026-06-17T22:50:00.000Z,"336","8",16,0,0
2026-06-17T23:00:00.000Z,"343","8",16,0,0
2026-06-17T23:10:00.000Z,"346","8",16,0,0
2026-06-17T23:20:00.000Z,"344","8",16,0,0
2026-06-17T23:30:00.000Z,"348","8",16,0,0
2026-06-17T23:40:00.000Z,"344","8",16,0,0
2026-06-17T23:50:00.000Z,"345","8",16,0,0
2026-06-18T00:00:00.000Z,"346","8",16,0,0
2026-06-18T00:10:00.000Z,"348","8",16,0,0
2026-06-18T00:20:00.000Z,"348","8",16,0,0
2026-06-18T00:30:00.000Z,"349","8",16,0,0
2026-06-18T00:40:00.000Z,"348","8",16,0,0
2026-06-18T00:50:00.000Z,"348","8",16,0,0
2026-06-18T01:00:00.000Z,"348","8",16,0,0
2026-06-18T01:10:00.000Z,"349","8",16,0,0
2026-06-18T01:20:00.000Z,"351","8",16,0,0
2026-06-18T01:30:00.000Z,"351","8",16,0,0
2026-06-18T01:40:00.000Z,"351","8",16,0,0
2026-06-18T01:50:00.000Z,"351","8",16,0,0
2026-06-18T02:00:00.000Z,"351","8",16,0,0
2026-06-18T02:10:00.000Z,"350","8",16,0,0
2026-06-18T02:20:00.000Z,"350","8",16,0,0
2026-06-18T02:30:00.000Z,"351","8",16,0,0
2026-06-18T02:40:00.000Z,"349","8",16,0,0
2026-06-18T02:50:00.000Z,"348","8",16,0,0
2026-06-18T03:00:00.000Z,"345","8",16,0,0
2026-06-18T03:10:00.000Z,"343","8",16,0,0
2026-06-18T03:20:00.000Z,"340","8",16,0,0
2026-06-18T03:30:00.000Z,"339","8",16,0,0
2026-06-18T03:40:00.000Z,"351","8",16,0,0
2026-06-18T03:50:00.000Z,"348","8",16,0,0
2026-06-18T04:00:00.000Z,"345","8",16,0,0
2026-06-18T04:10:00.000Z,"316","8",16,0,0
2026-06-18T04:20:00.000Z,"332","8",16,0,0
2026-06-18T04:30:00.000Z,"345","8",16,0,0
2026-06-18T04:40:00.000Z,"336","8",16,0,0
2026-06-18T04:50:00.000Z,"324","8",16,0,0
2026-06-18T05:00:00.000Z,"323","8",16,0,0
2026-06-18T05:10:00.000Z,"326","8",16,0,0
2026-06-18T05:20:00.000Z,"321","8",16,0,0
2026-06-18T05:30:00.000Z,"322","8",16,0,0
2026-06-18T05:40:00.000Z,"318","8",16,0,0
2026-06-18T05:50:00.000Z,"320","8",16,0,0
2026-06-18T06:00:00.000Z,"301","8",16,0,0
2026-06-18T06:10:00.000Z,"305","8",16,0,0
2026-06-18T06:20:00.000Z,"296","8",16,0,0
2026-06-18T06:30:00.000Z,"295","8",16,0,0
2026-06-18T06:40:00.000Z,"291","8",16,0,0
2026-06-18T06:50:00.000Z,"289","8",16,0,0
2026-06-18T07:00:00.000Z,"304","8",16,0,0
2026-06-18T07:10:00.000Z,"290","8",16,0,0
2026-06-18T07:20:00.000Z,"280","8",16,0,0
2026-06-18T07:30:00.000Z,"254","8",16,0,0
2026-06-18T07:40:00.000Z,"244","8",16,0,0
2026-06-18T07:50:00.000Z,"224","8",16,0,0
2026-06-18T08:00:00.000Z,"219","8",16,0,0
2026-06-18T08:10:00.000Z,"211","8",16,0,0
2026-06-18T08:20:00.000Z,"215","8",16,0,0
2026-06-18T08:30:00.000Z,"204","8",16,0,0
2026-06-18T08:40:00.000Z,"199","8",16,0,0
2026-06-18T08:50:00.000Z,"196","8",16,0,0
2026-06-18T09:00:00.000Z,"195","8",16,0,0
2026-06-18T09:10:00.000Z,"91","8",16,0,0
2026-06-18T09:20:00.000Z,"175","8",16,0,0
2026-06-18T09:30:00.000Z,"174","8",16,0,0
2026-06-18T09:40:00.000Z,"176","8",16,0,0
2026-06-18T09:50:00.000Z,"186","8",16,0,0
2026-06-18T10:00:00.000Z,"164","8",16,0,0
2026-06-18T10:10:00.000Z,"163","8",16,0,0
2026-06-18T10:20:00.000Z,"157","8",16,0,0
2026-06-18T10:30:00.000Z,"139","8",16,0,0
2026-06-18T10:40:00.000Z,"145","8",16,0,0
2026-06-18T10:50:00.000Z,"149","8",16,0,0
2026-06-18T11:00:00.000Z,"153","8",16,0,0
2026-06-18T11:10:00.000Z,"173","8",16,0,0
2026-06-18T11:20:00.000Z,"161","8",16,0,0
2026-06-18T11:30:00.000Z,"153","8",16,0,0
2026-06-18T11:40:00.000Z,"145","8",16,0,0
2026-06-18T11:50:00.000Z,"143","8",16,0,0
2026-06-18T12:00:00.000Z,"138","8",16,0,0
2026-06-18T12:10:00.000Z,"138","8",16,0,0
2026-06-18T12:20:00.000Z,"136","8",16,0,0
2026-06-18T12:30:00.000Z,"140","8",16,0,0
2026-06-18T12:40:00.000Z,"135","8",16,0,0
2026-06-18T12:50:00.000Z,"133","8",16,0,0
2026-06-18T13:00:00.000Z,"130","8",16,0,0
2026-06-18T13:10:00.000Z,"128","8",16,0,0
2026-06-18T13:20:00.000Z,"125","8",16,0,0
2026-06-18T13:30:00.000Z,"151","8",16,0,0
2026-06-18T13:40:00.000Z,"130","8",16,0,0
2026-06-18T13:50:00.000Z,"130","8",16,0,0
2026-06-18T14:00:00.000Z,"121","8",16,0,0
2026-06-18T14:10:00.000Z,"118","8",16,0,0
2026-06-18T14:20:00.000Z,"116","8",16,0,0
2026-06-18T14:30:00.000Z,"115","8",16,0,0
2026-06-18T14:40:00.000Z,"111","8",16,0,0
2026-06-18T14:50:00.000Z,"128","8",16,0,0
2026-06-18T15:00:00.000Z,"108","8",16,0,0
2026-06-18T15:10:00.000Z,"81","8",16,0,0
2026-06-18T15:20:00.000Z,"105","8",16,0,0
2026-06-18T15:30:00.000Z,"94","8",16,0,0
2026-06-18T15:40:00.000Z,"98","8",16,0,0
2026-06-18T15:50:00.000Z,"98","8",16,0,0
2026-06-18T16:00:00.000Z,"86","8",16,0,0
2026-06-18T16:10:00.000Z,"93","8",16,0,0
2026-06-18T16:20:00.000Z,"91","8",16,0,0
2026-06-18T16:30:00.000Z,"91","8",16,0,0
2026-06-18T16:40:00.000Z,"84","8",16,0,0
2026-06-18T16:50:00.000Z,"42","8",16,0,0
2026-06-18T17:00:00.000Z,"138","8",16,0,0
2026-06-18T17:10:00.000Z,"159","8",16,0,0
2026-06-18T17:20:00.000Z,"204","8",16,0,0
2026-06-18T17:30:00.000Z,"189","8",16,0,0
2026-06-18T17:40:00.000Z,"194","8",16,0,0
2026-06-18T17:50:00.000Z,"203","8",16,0,0
2026-06-18T18:00:00.000Z,"236","8",16,0,0
2026-06-18T18:10:00.000Z,"251","8",16,0,0
2026-06-18T18:20:00.000Z,"254","8",16,0,0
2026-06-18T18:30:00.000Z,"272","8",16,0,0
2026-06-18T18:40:00.000Z,"293","8",16,0,0
2026-06-18T18:50:00.000Z,"328","8",16,0,0
2026-06-18T19:00:00.000Z,"332","8",16,0,0
2026-06-18T19:10:00.000Z,"344","8",16,0,0
2026-06-18T19:20:00.000Z,"352","8",16,0,0
2026-06-18T19:30:00.000Z,"336","8",16,0,0
2026-06-18T19:40:00.000Z,"373","8",16,0,0
2026-06-18T19:50:00.000Z,"388","8",16,0,0
2026-06-18T20:00:00.000Z,"400","8",16,0,0
2026-06-18T20:10:00.000Z,"380","8",16,0,0
2026-06-18T20:20:00.000Z,"371","8",16,0,0
2026-06-18T20:30:00.000Z,"366","8",16,0,0
2026-06-18T20:40:00.000Z,"358","8",16,0,0
2026-06-18T20:50:00.000Z,"361","8",16,0,0
2026-06-18T21:00:00.000Z,"371","8",16,0,0
2026-06-18T21:10:00.000Z,"365","8",16,0,0
2026-06-18T21:20:00.000Z,"378","8",16,0,0
2026-06-18T21:30:00.000Z,"361","8",16,0,0
2026-06-18T21:40:00.000Z,"363","8",16,0,0
2026-06-18T21:50:00.000Z,"323","8",16,0,0
2026-06-18T22:00:00.000Z,"354","8",16,0,0
2026-06-18T22:10:00.000Z,"377","8",16,0,0
2026-06-18T22:20:00.000Z,"363","8",16,0,0
2026-06-18T22:30:00.000Z,"247","8",16,0,0
2026-06-18T22:40:00.000Z,"349","8",16,0,0
2026-06-18T22:50:00.000Z,"341","8",16,0,0
2026-06-18T23:00:00.000Z,"343","8",16,0,0
2026-06-18T23:10:00.000Z,"341","8",16,0,0
2026-06-18T23:20:00.000Z,"339","8",16,0,0
2026-06-18T23:30:00.000Z,"344","8",16,0,0
2026-06-18T23:40:00.000Z,"338","8",16,0,0
2026-06-18T23:50:00.000Z,"338","8",16,0,0
2026-06-19T00:00:00.000Z,"334","8",16,0,0
2026-06-19T00:10:00.000Z,"333","8",16,0,0
2026-06-19T00:20:00.000Z,"328","8",16,0,0
2026-06-19T00:30:00.000Z,"328","8",16,0,0
2026-06-19T00:40:00.000Z,"326","8",16,0,0
2026-06-19T00:50:00.000Z,"324","8",16,0,0
2026-06-19T01:00:00.000Z,"322","8",16,0,0
2026-06-19T01:10:00.000Z,"320","8",16,0,0
2026-06-19T01:20:00.000Z,"318","8",16,0,0
2026-06-19T01:30:00.000Z,"318","8",16,0,0
2026-06-19T01:40:00.000Z,"318","8",16,0,0
2026-06-19T01:50:00.000Z,"323","8",16,0,0
2026-06-19T02:00:00.000Z,"323","8",16,0,0
2026-06-19T02:10:00.000Z,"322","8",16,0,0
2026-06-19T02:20:00.000Z,"320","8",16,0,0
2026-06-19T02:30:00.000Z,"319","8",16,0,0
2026-06-19T02:40:00.000Z,"317","8",16,0,0
2026-06-19T02:50:00.000Z,"317","8",16,0,0
2026-06-19T03:00:00.000Z,"312","8",16,0,0
2026-06-19T03:10:00.000Z,"306","8",16,0,0
2026-06-19T03:20:00.000Z,"304","8",16,0,0
2026-06-19T03:30:00.000Z,"302","8",16,0,0
2026-06-19T03:40:00.000Z,"300","8",16,0,0
2026-06-19T03:50:00.000Z,"299","8",16,0,0
2026-06-19T04:00:00.000Z,"296","8",16,0,0
2026-06-19T04:10:00.000Z,"296","8",16,0,0
2026-06-19T04:20:00.000Z,"292","8",16,0,0
2026-06-19T04:30:00.000Z,"286","8",16,0,0
2026-06-19T04:40:00.000Z,"285","8",16,0,0
2026-06-19T04:50:00.000Z,"285","8",16,0,0
2026-06-19T05:00:00.000Z,"283","8",16,0,0
2026-06-19T05:10:00.000Z,"280","8",16,0,0
2026-06-19T05:20:00.000Z,"278","8",16,0,0
2026-06-19T05:30:00.000Z,"274","8",16,0,0
2026-06-19T05:40:00.000Z,"265","8",16,0,0
2026-06-19T05:50:00.000Z,"270","8",16,0,0
2026-06-19T06:00:00.000Z,"266","8",16,0,0
2026-06-19T06:10:00.000Z,"272","8",16,0,0
2026-06-19T06:20:00.000Z,"266","8",16,0,0
2026-06-19T06:30:00.000Z,"271","8",16,0,0
2026-06-19T06:40:00.000Z,"270","8",16,0,0
2026-06-19T06:50:00.000Z,"276","8",16,0,0
2026-06-19T07:00:00.000Z,"279","8",16,0,0
2026-06-19T07:10:00.000Z,"279","8",16,0,0
2026-06-19T07:20:00.000Z,"269","8",16,0,0
2026-06-19T07:30:00.000Z,"275","8",16,0,0
2026-06-19T07:40:00.000Z,"274","8",16,0,0
2026-06-19T07:50:00.000Z,"276","8",16,0,0
2026-06-19T08:00:00.000Z,"275","8",16,0,0
2026-06-19T08:10:00.000Z,"282","8",16,0,0
2026-06-19T08:20:00.000Z,"292","8",16,0,0
2026-06-19T08:30:00.000Z,"296","8",16,0,0
2026-06-19T08:40:00.000Z,"297","8",16,0,0
2026-06-19T08:50:00.000Z,"295","8",16,0,0
2026-06-19T09:00:00.000Z,"300","8",16,0,0
2026-06-19T09:10:00.000Z,"302","8",16,0,0
2026-06-19T09:20:00.000Z,"306","8",16,0,0
2026-06-19T09:30:00.000Z,"311","8",16,0,0
2026-06-19T09:40:00.000Z,"319","8",16,0,0
2026-06-19T09:50:00.000Z,"324","8",16,0,0
2026-06-19T10:00:00.000Z,"329","8",16,0,0
2026-06-19T10:10:00.000Z,"330","8",16,0,0
2026-06-19T10:20:00.000Z,"328","8",16,0,0
2026-06-19T10:30:00.000Z,"336","8",16,0,0
2026-06-19T10:40:00.000Z,"336","8",16,0,0
2026-06-19T10:50:00.000Z,"348","8",16,0,0
2026-06-19T11:00:00.000Z,"338","8",16,0,0
2026-06-19T11:10:00.000Z,"371","8",16,0,0
2026-06-19T11:20:00.000Z,"358","8",16,0,0
2026-06-19T11:30:00.000Z,"338","8",16,0,0
2026-06-19T11:40:00.000Z,"323","8",16,0,0
2026-06-19T11:50:00.000Z,"324","8",16,0,0
2026-06-19T12:00:00.000Z,"341","8",16,0,0
2026-06-19T12:10:00.000Z,"333","8",16,0,0
2026-06-19T12:20:00.000Z,"316","8",16,0,0
2026-06-19T12:30:00.000Z,"314","8",16,0,0
2026-06-19T12:40:00.000Z,"319","8",16,0,0
2026-06-19T12:50:00.000Z,"308","8",16,0,0
2026-06-19T13:00:00.000Z,"313","8",16,0,0
2026-06-19T13:10:00.000Z,"311","8",16,0,0
2026-06-19T13:20:00.000Z,"318","8",16,0,0
2026-06-19T13:30:00.000Z,"309","8",16,0,0
2026-06-19T13:40:00.000Z,"308","8",16,0,0
2026-06-19T13:50:00.000Z,"305","8",16,0,0
2026-06-19T14:00:00.000Z,"289","8",16,0,0
2026-06-19T14:10:00.000Z,"308","8",16,0,0
2026-06-19T14:20:00.000Z,"309","8",16,0,0
2026-06-19T14:30:00.000Z,"201","8",16,0,0
2026-06-19T14:40:00.000Z,"296","8",16,0,0
2026-06-19T14:50:00.000Z,"295","8",16,0,0
2026-06-19T15:00:00.000Z,"294","8",16,0,0
2026-06-19T15:10:00.000Z,"290","8",16,0,0
2026-06-19T15:20:00.000Z,"277","8",16,0,0
2026-06-19T15:30:00.000Z,"268","8",16,0,0
2026-06-19T15:40:00.000Z,"276","8",16,0,0
2026-06-19T15:50:00.000Z,"284","8",16,0,0
2026-06-19T16:00:00.000Z,"272","8",16,0,0
2026-06-19T16:10:00.000Z,"201","8",16,0,0
2026-06-19T16:20:00.000Z,"264","8",16,0,0
2026-06-19T16:30:00.000Z,"265","8",16,0,0
2026-06-19T16:40:00.000Z,"256","8",16,0,0
2026-06-19T16:50:00.000Z,"261","8",16,0,0
2026-06-19T17:00:00.000Z,"248","8",16,0,0
2026-06-19T17:10:00.000Z,"246","8",16,0,0
2026-06-19T17:20:00.000Z,"30","8",16,0,0
2026-06-19T17:30:00.000Z,"169","8",16,0,0
2026-06-19T17:40:00.000Z,"231","8",16,0,0
2026-06-19T17:50:00.000Z,"229","8",16,0,0
2026-06-19T18:00:00.000Z,"224","8",16,0,0
2026-06-19T18:10:00.000Z,"250","8",16,0,0
2026-06-19T18:20:00.000Z,"226","8",16,0,0
2026-06-19T18:30:00.000Z,"209","8",16,0,0
2026-06-19T18:40:00.000Z,"160","8",16,0,0
2026-06-19T18:50:00.000Z,"198","8",16,0,0
2026-06-19T19:00:00.000Z,"189","8",16,0,0
2026-06-19T19:10:00.000Z,"194","8",16,0,0
2026-06-19T19:20:00.000Z,"171","8",16,0,0
2026-06-19T19:30:00.000Z,"120","8",16,0,0
2026-06-19T19:40:00.000Z,"41","8",16,0,0
2026-06-19T19:50:00.000Z,"123","8",16,0,0
2026-06-19T20:00:00.000Z,"131","8",16,0,0
2026-06-19T20:10:00.000Z,"133","8",16,0,0
2026-06-19T20:20:00.000Z,"130","8",16,0,0
2026-06-19T20:30:00.000Z,"137","8",16,0,0
2026-06-19T20:40:00.000Z,"138","8",16,0,0
2026-06-19T20:50:00.000Z,"148","8",16,0,0
2026-06-19T21:00:00.000Z,"146","8",16,0,0
2026-06-19T21:10:00.000Z,"146","8",16,0,0
2026-06-19T21:20:00.000Z,"138","8",16,0,0
2026-06-19T21:30:00.000Z,"135","8",16,0,0
2026-06-19T21:40:00.000Z,"130","8",16,0,0
2026-06-19T21:50:00.000Z,"120","8",16,0,0
2026-06-19T22:00:00.000Z,"105","8",16,0,0
2026-06-19T22:10:00.000Z,"98","8",16,0,0
2026-06-19T22:20:00.000Z,"93","8",16,0,0
2026-06-19T22:30:00.000Z,"90","8",16,0,0
2026-06-19T22:40:00.000Z,"87","8",16,0,0
2026-06-19T22:50:00.000Z,"84","8",16,0,0
2026-06-19T23:00:00.000Z,"89","8",16,0,0
2026-06-19T23:10:00.000Z,"99","8",16,0,0
2026-06-19T23:20:00.000Z,"102","8",16,0,0
2026-06-19T23:30:00.000Z,"101","8",16,0,0
2026-06-19T23:40:00.000Z,"97","8",16,0,0
2026-06-19T23:50:00.000Z,"93","8",16,0,0
2026-06-20T00:00:00.000Z,"89","8",16,0,0
2026-06-20T00:10:00.000Z,"84","8",16,0,0
2026-06-20T00:20:00.000Z,"81","8",16,0,0
2026-06-20T00:30:00.000Z,"81","8",16,0,0
2026-06-20T00:40:00.000Z,"135","8",16,0,0
2026-06-20T00:50:00.000Z,"136","8",16,0,0
2026-06-20T01:00:00.000Z,"164","8",16,0,0
2026-06-20T01:10:00.000Z,"173","8",16,0,0
2026-06-20T01:20:00.000Z,"184","8",16,0,0
2026-06-20T01:30:00.000Z,"196","8",16,0,0
2026-06-20T01:40:00.000Z,"214","8",16,0,0
2026-06-20T01:50:00.000Z,"224","8",16,0,0
2026-06-20T02:00:00.000Z,"243","8",16,0,0
2026-06-20T02:10:00.000Z,"262","8",16,0,0
2026-06-20T02:20:00.000Z,"281","8",16,0,0
2026-06-20T02:30:00.000Z,"246","8",16,0,0
2026-06-20T02:40:00.000Z,"314","8",16,0,0
2026-06-20T02:50:00.000Z,"334","8",16,0,0
2026-06-20T03:00:00.000Z,"352","8",16,0,0
2026-06-20T03:10:00.000Z,"372","8",16,0,0
2026-06-20T03:20:00.000Z,"401","8",16,0,0
2026-06-20T03:30:00.000Z,"419","8",16,0,0
2026-06-20T03:40:00.000Z,"430","8",16,0,0
2026-06-20T03:50:00.000Z,"438","8",16,0,0
2026-06-20T04:00:00.000Z,"403","8",16,0,0
2026-06-20T04:10:00.000Z,"403","8",16,0,0
2026-06-20T04:20:00.000Z,"389","8",16,0,0
2026-06-20T04:30:00.000Z,"387","8",16,0,0
2026-06-20T04:40:00.000Z,"386","8",16,0,0
2026-06-20T04:50:00.000Z,"386","8",16,0,0
2026-06-20T05:00:00.000Z,"380","8",16,0,0
2026-06-20T05:10:00.000Z,"372","8",16,0,0
2026-06-20T05:20:00.000Z,"376","8",16,0,0
2026-06-20T05:30:00.000Z,"377","8",16,0,0
2026-06-20T05:40:00.000Z,"365","8",16,0,0
2026-06-20T05:50:00.000Z,"369","8",16,0,0
2026-06-20T06:00:00.000Z,"367","8",16,0,0
2026-06-20T06:10:00.000Z,"368","8",16,0,0
2026-06-20T06:20:00.000Z,"360","8",16,0,0
2026-06-20T06:30:00.000Z,"387","8",16,0,0
2026-06-20T06:40:00.000Z,"371","8",16,0,0
2026-06-20T06:50:00.000Z,"371","8",16,0,0
2026-06-20T07:00:00.000Z,"368","8",16,0,0
2026-06-20T07:10:00.000Z,"348","8",16,0,0
2026-06-20T07:20:00.000Z,"372","8",16,0,0
2026-06-20T07:30:00.000Z,"371","8",16,0,0
2026-06-20T07:40:00.000Z,"371","8",16,0,0
2026-06-20T07:50:00.000Z,"378","8",16,0,0
2026-06-20T08:00:00.000Z,"376","8",16,0,0
2026-06-20T08:10:00.000Z,"395","8",16,0,0
2026-06-20T08:20:00.000Z,"376","8",16,0,0
2026-06-20T08:30:00.000Z,"385","8",16,0,0
2026-06-20T08:40:00.000Z,"379","8",16,0,0
2026-06-20T08:50:00.000Z,"380","8",16,0,0
2026-06-20T09:00:00.000Z,"390","8",16,0,0
2026-06-20T09:10:00.000Z,"388","8",16,0,0
2026-06-20T09:20:00.000Z,"384","8",16,0,0
2026-06-20T09:30:00.000Z,"408","8",16,0,0
2026-06-20T09:40:00.000Z,"395","8",16,0,0
2026-06-20T09:50:00.000Z,"395","8",16,0,0
2026-06-20T10:00:00.000Z,"390","8",16,0,0
2026-06-20T10:10:00.000Z,"389","8",16,0,0
2026-06-20T10:20:00.000Z,"392","8",16,0,0
2026-06-20T10:30:00.000Z,"393","8",16,0,0
2026-06-20T10:40:00.000Z,"391","8",16,0,0
2026-06-20T10:50:00.000Z,"397","8",16,0,0
2026-06-20T11:00:00.000Z,"401","8",16,0,0
2026-06-20T11:10:00.000Z,"398","8",16,0,0
2026-06-20T11:20:00.000Z,"399","8",16,0,0
2026-06-20T11:30:00.000Z,"408","8",16,0,0
2026-06-20T11:40:00.000Z,"406","8",16,0,0
2026-06-20T11:50:00.000Z,"258","8",16,0,0
2026-06-20T12:00:00.000Z,"397","8",16,0,0
2026-06-20T12:10:00.000Z,"401","8",16,0,0
2026-06-20T12:20:00.000Z,"399","8",16,0,0
2026-06-20T12:30:00.000Z,"403","8",16,0,0
2026-06-20T12:40:00.000Z,"403","8",16,0,0
2026-06-20T12:50:00.000Z,"409","8",16,0,0
2026-06-20T13:00:00.000Z,"410","8",16,0,0
2026-06-20T13:10:00.000Z,"414","8",16,0,0
2026-06-20T13:20:00.000Z,"407","8",16,0,0
2026-06-20T13:30:00.000Z,"413","8",16,0,0
2026-06-20T13:40:00.000Z,"412","8",16,0,0
2026-06-20T13:50:00.000Z,"422","8",16,0,0
2026-06-20T14:00:00.000Z,"419","8",16,0,0
2026-06-20T14:10:00.000Z,"401","8",16,0,0
2026-06-20T14:20:00.000Z,"396","8",16,0,0
2026-06-20T14:30:00.000Z,"390","8",16,0,0
2026-06-20T14:40:00.000Z,"392","8",16,0,0
2026-06-20T14:50:00.000Z,"394","8",16,0,0
2026-06-20T15:00:00.000Z,"379","8",16,0,0
2026-06-20T15:10:00.000Z,"366","8",16,0,0
2026-06-20T15:20:00.000Z,"346","8",16,0,0
2026-06-20T15:30:00.000Z,"334","8",16,0,0
2026-06-20T15:40:00.000Z,"328","8",16,0,0
2026-06-20T15:50:00.000Z,"318","8",16,0,0
2026-06-20T16:00:00.000Z,"343","8",16,0,0
2026-06-20T16:10:00.000Z,"320","8",16,0,0
2026-06-20T16:20:00.000Z,"308","8",16,0,0
2026-06-20T16:30:00.000Z,"262","8",16,0,0
2026-06-20T16:40:00.000Z,"271","8",16,0,0
2026-06-20T16:50:00.000Z,"299","8",16,0,0
2026-06-20T17:00:00.000Z,"282","8",16,0,0
2026-06-20T17:10:00.000Z,"281","8",16,0,0
2026-06-20T17:20:00.000Z,"289","8",16,0,0
2026-06-20T17:30:00.000Z,"264","8",16,0,0
2026-06-20T17:40:00.000Z,"291","8",16,0,0
2026-06-20T17:50:00.000Z,"261","8",16,0,0
2026-06-20T18:00:00.000Z,"256","8",16,0,0
2026-06-20T18:10:00.000Z,"237","8",16,0,0
2026-06-20T18:20:00.000Z,"238","8",16,0,0
2026-06-20T18:30:00.000Z,"224","8",16,0,0
2026-06-20T18:40:00.000Z,"224","8",16,0,0
2026-06-20T18:50:00.000Z,"216","8",16,0,0
2026-06-20T19:00:00.000Z,"214","8",16,0,0
2026-06-20T19:10:00.000Z,"206","8",16,0,0
2026-06-20T19:20:00.000Z,"226","8",16,0,0
2026-06-20T19:30:00.000Z,"198","8",16,0,0
2026-06-20T19:40:00.000Z,"189","8",16,0,0
2026-06-20T19:50:00.000Z,"176","8",16,0,0
2026-06-20T20:00:00.000Z,"170","8",16,0,0
2026-06-20T20:10:00.000Z,"160","8",16,0,0
2026-06-20T20:20:00.000Z,"179","8",16,0,0
2026-06-20T20:30:00.000Z,"193","8",16,0,0
2026-06-20T20:40:00.000Z,"206","8",16,0,0
2026-06-20T20:50:00.000Z,"163","8",16,0,0
2026-06-20T21:00:00.000Z,"199","8",16,0,0
2026-06-20T21:10:00.000Z,"194","8",16,0,0
2026-06-20T21:20:00.000Z,"194","8",16,0,0
2026-06-20T21:30:00.000Z,"186","8",16,0,0
2026-06-20T21:40:00.000Z,"201","8",16,0,0
2026-06-20T21:50:00.000Z,"199","8",16,0,0
2026-06-20T22:00:00.000Z,"203","8",16,0,0
2026-06-20T22:10:00.000Z,"206","8",16,0,0
2026-06-20T22:20:00.000Z,"209","8",16,0,0
2026-06-20T22:30:00.000Z,"252","8",16,0,0
2026-06-20T22:40:00.000Z,"232","8",16,0,0
2026-06-20T22:50:00.000Z,"240","8",16,0,0
2026-06-20T23:00:00.000Z,"234","8",16,0,0
2026-06-20T23:10:00.000Z,"236","8",16,0,0
2026-06-20T23:20:00.000Z,"234","8",16,0,0
2026-06-20T23:30:00.000Z,"237","8",16,0,0
2026-06-20T23:40:00.000Z,"241","8",16,0,0
2026-06-20T23:50:00.000Z,"251","8",16,0,0
2026-06-21T00:00:00.000Z,"256","8",16,0,0
2026-06-21T00:10:00.000Z,"267","8",16,0,0
2026-06-21T00:20:00.000Z,"270","8",16,0,0
2026-06-21T00:30:00.000Z,"271","8",16,0,0
2026-06-21T00:40:00.000Z,"271","8",16,0,0
2026-06-21T00:50:00.000Z,"282","8",16,0,0
2026-06-21T01:00:00.000Z,"286","8",16,0,0
2026-06-21T01:10:00.000Z,"305","8",16,0,0
2026-06-21T01:20:00.000Z,"308","8",16,0,0
2026-06-21T01:30:00.000Z,"303","8",16,0,0
2026-06-21T01:40:00.000Z,"301","8",16,0,0
2026-06-21T01:50:00.000Z,"290","8",16,0,0
2026-06-21T02:00:00.000Z,"289","8",16,0,0
2026-06-21T02:10:00.000Z,"292","8",16,0,0
2026-06-21T02:20:00.000Z,"284","8",16,0,0
2026-06-21T02:30:00.000Z,"284","8",16,0,0
2026-06-21T02:40:00.000Z,"278","8",16,0,0
2026-06-21T02:50:00.000Z,"271","8",16,0,0
2026-06-21T03:00:00.000Z,"269","8",16,0,0
2026-06-21T03:10:00.000Z,"265","8",16,0,0
2026-06-21T03:20:00.000Z,"264","8",16,0,0
2026-06-21T03:30:00.000Z,"260","8",16,0,0
2026-06-21T03:40:00.000Z,"258","8",16,0,0
2026-06-21T03:50:00.000Z,"258","8",16,0,0
2026-06-21T04:00:00.000Z,"258","8",16,0,0
2026-06-21T04:10:00.000Z,"251","8",16,0,0
2026-06-21T04:20:00.000Z,"246","8",16,0,0
2026-06-21T04:30:00.000Z,"241","8",16,0,0
2026-06-21T04:40:00.000Z,"239","8",16,0,0
2026-06-21T04:50:00.000Z,"236","8",16,0,0
2026-06-21T05:00:00.000Z,"246","8",16,0,0
2026-06-21T05:10:00.000Z,"244","8",16,0,0
2026-06-21T05:20:00.000Z,"237","8",16,0,0
2026-06-21T05:30:00.000Z,"231","8",16,0,0
2026-06-21T05:40:00.000Z,"219","8",16,0,0
2026-06-21T05:50:00.000Z,"226","8",16,0,0
2026-06-21T06:00:00.000Z,"231","8",16,0,0
2026-06-21T06:10:00.000Z,"234","8",16,0,0
2026-06-21T06:20:00.000Z,"237","8",16,0,0
2026-06-21T06:30:00.000Z,"234","8",16,0,0
2026-06-21T06:40:00.000Z,"234","8",16,0,0
2026-06-21T06:50:00.000Z,"236","8",16,0,0
2026-06-21T07:00:00.000Z,"237","8",16,0,0
2026-06-21T07:10:00.000Z,"243","8",16,0,0
2026-06-21T07:20:00.000Z,"260","8",16,0,0
2026-06-21T07:30:00.000Z,"249","8",16,0,0
2026-06-21T07:40:00.000Z,"251","8",16,0,0
2026-06-21T07:50:00.000Z,"252","8",16,0,0
2026-06-21T08:00:00.000Z,"262","8",16,0,0
2026-06-21T08:10:00.000Z,"261","8",16,0,0
2026-06-21T08:20:00.000Z,"264","8",16,0,0
2026-06-21T08:30:00.000Z,"265","8",16,0,0
2026-06-21T08:40:00.000Z,"273","8",16,0,0
2026-06-21T08:50:00.000Z,"269","8",16,0,0
2026-06-21T09:00:00.000Z,"274","8",16,0,0
2026-06-21T09:10:00.000Z,"272","8",16,0,0
2026-06-21T09:20:00.000Z,"268","8",16,0,0
2026-06-21T09:30:00.000Z,"271","8",16,0,0
2026-06-21T09:40:00.000Z,"282","8",16,0,0
2026-06-21T09:50:00.000Z,"286","8",16,0,0
2026-06-21T10:00:00.000Z,"314","8",16,0,0
2026-06-21T10:10:00.000Z,"296","8",16,0,0
2026-06-21T10:20:00.000Z,"301","8",16,0,0
2026-06-21T10:30:00.000Z,"298","8",16,0,0
2026-06-21T10:40:00.000Z,"297","8",16,0,0
2026-06-21T10:50:00.000Z,"295","8",16,0,0
2026-06-21T11:00:00.000Z,"301","8",16,0,0
2026-06-21T11:10:00.000Z,"298","8",16,0,0
2026-06-21T11:20:00.000Z,"306","8",16,0,0
2026-06-21T11:30:00.000Z,"306","8",16,0,0
2026-06-21T11:40:00.000Z,"309","8",16,0,0
2026-06-21T11:50:00.000Z,"309","8",16,0,0
2026-06-21T12:00:00.000Z,"311","8",16,0,0
2026-06-21T12:10:00.000Z,"311","8",16,0,0
2026-06-21T12:20:00.000Z,"318","8",16,0,0
2026-06-21T12:30:00.000Z,"260","8",16,0,0
2026-06-21T12:40:00.000Z,"317","8",16,0,0
2026-06-21T12:50:00.000Z,"319","8",16,0,0
2026-06-21T13:00:00.000Z,"318","8",16,0,0
2026-06-21T13:10:00.000Z,"302","8",16,0,0
2026-06-21T13:20:00.000Z,"292","8",16,0,0
2026-06-21T13:30:00.000Z,"282","8",16,0,0
2026-06-21T13:40:00.000Z,"272","8",16,0,0
2026-06-21T13:50:00.000Z,"271","8",16,0,0
2026-06-21T14:00:00.000Z,"258","8",16,0,0
2026-06-21T14:10:00.000Z,"251","8",16,0,0
2026-06-21T14:20:00.000Z,"245","8",16,0,0
2026-06-21T14:30:00.000Z,"240","8",16,0,0
2026-06-21T14:40:00.000Z,"238","8",16,0,0
2026-06-21T14:50:00.000Z,"240","8",16,0,0
2026-06-21T15:00:00.000Z,"229","8",16,0,0
2026-06-21T15:10:00.000Z,"253","8",16,0,0
2026-06-21T15:20:00.000Z,"226","8",16,0,0
2026-06-21T15:30:00.000Z,"204","8",16,0,0
2026-06-21T15:40:00.000Z,"204","8",16,0,0
2026-06-21T15:50:00.000Z,"208","8",16,0,0
2026-06-21T16:00:00.000Z,"209","8",16,0,0
2026-06-21T16:10:00.000Z,"214","8",16,0,0
2026-06-21T16:20:00.000Z,"206","8",16,0,0
2026-06-21T16:30:00.000Z,"206","8",16,0,0
2026-06-21T16:40:00.000Z,"196","8",16,0,0
2026-06-21T16:50:00.000Z,"196","8",16,0,0
2026-06-21T17:00:00.000Z,"191","8",16,0,0
2026-06-21T17:10:00.000Z,"186","8",16,0,0
2026-06-21T17:20:00.000Z,"201","8",16,0,0
2026-06-21T17:30:00.000Z,"206","8",16,0,0
2026-06-21T17:40:00.000Z,"208","8",16,0,0
2026-06-21T17:50:00.000Z,"105","8",16,0,0
2026-06-21T18:00:00.000Z,"217","8",16,0,0
2026-06-21T18:10:00.000Z,"209","8",16,0,0
2026-06-21T18:20:00.000Z,"211","8",16,0,0
2026-06-21T18:30:00.000Z,"169","8",16,0,0
2026-06-21T18:40:00.000Z,"203","8",16,0,0
2026-06-21T18:50:00.000Z,"213","8",16,0,0
2026-06-21T19:00:00.000Z,"209","8",16,0,0
2026-06-21T19:10:00.000Z,"199","8",16,0,0
2026-06-21T19:20:00.000Z,"209","8",16,0,0
2026-06-21T19:30:00.000Z,"199","8",16,0,0
2026-06-21T19:40:00.000Z,"198","8",16,0,0
2026-06-21T19:50:00.000Z,"194","8",16,0,0
2026-06-21T20:00:00.000Z,"191","8",16,0,0
2026-06-21T20:10:00.000Z,"191","8",16,0,0
2026-06-21T20:20:00.000Z,"191","8",16,0,0
2026-06-21T20:30:00.000Z,"184","8",16,0,0
2026-06-21T20:40:00.000Z,"191","8",16,0,0
2026-06-21T20:50:00.000Z,"189","8",16,0,0
2026-06-21T21:00:00.000Z,"201","8",16,0,0
2026-06-21T21:10:00.000Z,"208","8",16,0,0
2026-06-21T21:20:00.000Z,"218","8",16,0,0
2026-06-21T21:30:00.000Z,"223","8",16,0,0
2026-06-21T21:40:00.000Z,"223","8",16,0,0
2026-06-21T21:50:00.000Z,"225","8",16,0,0
2026-06-21T22:00:00.000Z,"230","8",16,0,0
2026-06-21T22:10:00.000Z,"231","8",16,0,0
2026-06-21T22:20:00.000Z,"234","8",16,0,0
2026-06-21T22:30:00.000Z,"238","8",16,0,0
2026-06-21T22:40:00.000Z,"272","8",16,0,0
2026-06-21T22:50:00.000Z,"262","8",16,0,0
2026-06-21T23:00:00.000Z,"265","8",16,0,0
2026-06-21T23:10:00.000Z,"241","8",16,0,0
2026-06-21T23:20:00.000Z,"258","8",16,0,0
2026-06-21T23:30:00.000Z,"263","8",16,0,0
2026-06-21T23:40:00.000Z,"271","8",16,0,0
2026-06-21T23:50:00.000Z,"295","8",16,0,0
2026-06-22T00:00:00.000Z,"287","8",16,0,0
2026-06-22T00:10:00.000Z,"295","8",16,0,0
2026-06-22T00:20:00.000Z,"289","8",16,0,0
2026-06-22T00:30:00.000Z,"292","8",16,0,0
2026-06-22T00:40:00.000Z,"293","8",16,0,0
2026-06-22T00:50:00.000Z,"291","8",16,0,0
2026-06-22T01:00:00.000Z,"291","8",16,0,0
2026-06-22T01:10:00.000Z,"293","8",16,0,0
2026-06-22T01:20:00.000Z,"298","8",16,0,0
2026-06-22T01:30:00.000Z,"297","8",16,0,0
2026-06-22T01:40:00.000Z,"297","8",16,0,0
2026-06-22T01:50:00.000Z,"297","8",16,0,0
2026-06-22T02:00:00.000Z,"297","8",16,0,0
2026-06-22T02:10:00.000Z,"298","8",16,0,0
2026-06-22T02:20:00.000Z,"300","8",16,0,0
2026-06-22T02:30:00.000Z,"298","8",16,0,0
2026-06-22T02:40:00.000Z,"295","8",16,0,0
2026-06-22T02:50:00.000Z,"296","8",16,0,0
2026-06-22T03:00:00.000Z,"294","8",16,0,0
2026-06-22T03:10:00.000Z,"293","8",16,0,0
2026-06-22T03:20:00.000Z,"292","8",16,0,0
2026-06-22T03:30:00.000Z,"290","8",16,0,0
2026-06-22T03:40:00.000Z,"312","8",16,0,0
2026-06-22T03:50:00.000Z,"146","8",16,0,0
2026-06-22T04:00:00.000Z,"239","8",16,0,0
2026-06-22T04:10:00.000Z,"282","8",16,0,0
2026-06-22T04:20:00.000Z,"312","8",16,0,0
2026-06-22T04:30:00.000Z,"309","8",16,0,0
2026-06-22T04:40:00.000Z,"322","8",16,0,0
2026-06-22T04:50:00.000Z,"338","8",16,0,0
2026-06-22T05:00:00.000Z,"346","8",16,0,0
2026-06-22T05:10:00.000Z,"253","8",16,0,0
2026-06-22T05:20:00.000Z,"348","8",16,0,0
2026-06-22T05:30:00.000Z,"345","8",16,0,0
2026-06-22T05:40:00.000Z,"345","8",16,0,0
2026-06-22T05:50:00.000Z,"347","8",16,0,0
2026-06-22T06:00:00.000Z,"349","8",16,0,0
2026-06-22T06:10:00.000Z,"352","8",16,0,0
2026-06-22T06:20:00.000Z,"357","8",16,0,0
2026-06-22T06:30:00.000Z,"357","8",16,0,0
2026-06-22T06:40:00.000Z,"359","8",16,0,0
2026-06-22T06:50:00.000Z,"357","8",16,0,0
2026-06-22T07:00:00.000Z,"379","8",16,0,0
2026-06-22T07:10:00.000Z,"368","8",16,0,0
2026-06-22T07:20:00.000Z,"347","8",16,0,0
2026-06-22T07:30:00.000Z,"343","8",16,0,0
2026-06-22T07:40:00.000Z,"338","8",16,0,0
2026-06-22T07:50:00.000Z,"332","8",16,0,0
2026-06-22T08:00:00.000Z,"343","8",16,0,0
2026-06-22T08:10:00.000Z,"341","8",16,0,0
2026-06-22T08:20:00.000Z,"343","8",16,0,0
2026-06-22T08:30:00.000Z,"339","8",16,0,0
2026-06-22T08:40:00.000Z,"346","8",16,0,0
2026-06-22T08:50:00.000Z,"336","8",16,0,0
2026-06-22T09:00:00.000Z,"320","8",16,0,0
2026-06-22T09:10:00.000Z,"343","8",16,0,0
2026-06-22T09:20:00.000Z,"356","8",16,0,0
2026-06-22T09:30:00.000Z,"357","8",16,0,0
2026-06-22T09:40:00.000Z,"352","8",16,0,0
2026-06-22T09:50:00.000Z,"339","8",16,0,0
2026-06-22T10:00:00.000Z,"363","8",16,0,0
2026-06-22T10:10:00.000Z,"351","8",16,0,0
2026-06-22T10:20:00.000Z,"338","8",16,0,0
2026-06-22T10:30:00.000Z,"351","8",16,0,0
2026-06-22T10:40:00.000Z,"351","8",16,0,0
2026-06-22T10:50:00.000Z,"343","8",16,0,0
2026-06-22T11:00:00.000Z,"336","8",16,0,0
2026-06-22T11:10:00.000Z,"341","8",16,0,0
2026-06-22T11:20:00.000Z,"348","8",16,0,0
2026-06-22T11:30:00.000Z,"348","8",16,0,0
2026-06-22T11:40:00.000Z,"351","8",16,0,0
2026-06-22T11:50:00.000Z,"346","8",16,0,0
2026-06-22T12:00:00.000Z,"351","8",16,0,0
2026-06-22T12:10:00.000Z,"346","8",16,0,0
2026-06-22T12:20:00.000Z,"351","8",16,0,0
2026-06-22T12:30:00.000Z,"357","8",16,0,0
2026-06-22T12:40:00.000Z,"344","8",16,0,0
2026-06-22T12:50:00.000Z,"358","8",16,0,0
2026-06-22T13:00:00.000Z,"356","8",16,0,0
2026-06-22T13:10:00.000Z,"363","8",16,0,0
2026-06-22T13:20:00.000Z,"363","8",16,0,0
2026-06-22T13:30:00.000Z,"357","8",16,0,0
2026-06-22T13:40:00.000Z,"364","8",16,0,0
2026-06-22T13:50:00.000Z,"368","8",16,0,0
2026-06-22T14:00:00.000Z,"368","8",16,0,0
2026-06-22T14:10:00.000Z,"371","8",16,0,0
2026-06-22T14:20:00.000Z,"366","8",16,0,0
2026-06-22T14:30:00.000Z,"369","8",16,0,0
2026-06-22T14:40:00.000Z,"374","8",16,0,0
2026-06-22T14:50:00.000Z,"374","8",16,0,0
2026-06-22T15:00:00.000Z,"379","8",16,0,0
2026-06-22T15:10:00.000Z,"382","8",16,0,0
2026-06-22T15:20:00.000Z,"361","8",16,0,0
2026-06-22T15:30:00.000Z,"380","8",16,0,0
2026-06-22T15:40:00.000Z,"380","8",16,0,0
2026-06-22T15:50:00.000Z,"382","8",16,0,0
2026-06-22T16:00:00.000Z,"379","8",16,0,0
2026-06-22T16:10:00.000Z,"383","8",16,0,0
2026-06-22T16:20:00.000Z,"380","8",16,0,0
2026-06-22T16:30:00.000Z,"379","8",16,0,0
2026-06-22T16:40:00.000Z,"392","8",16,0,0
2026-06-22T16:50:00.000Z,"394","8",16,0,0
2026-06-22T17:00:00.000Z,"351","8",16,0,0
2026-06-22T17:10:00.000Z,"272","8",16,0,0
2026-06-22T17:20:00.000Z,"391","8",16,0,0
2026-06-22T17:30:00.000Z,"388","8",16,0,0
2026-06-22T17:40:00.000Z,"411","8",16,0,0
2026-06-22T17:50:00.000Z,"388","8",16,0,0
2026-06-22T18:00:00.000Z,"276","8",16,0,0
2026-06-22T18:10:00.000Z,"384","8",16,0,0
2026-06-22T18:20:00.000Z,"389","8",16,0,0
2026-06-22T18:30:00.000Z,"388","8",16,0,0
2026-06-22T18:40:00.000Z,"392","8",16,0,0
2026-06-22T18:50:00.000Z,"389","8",16,0,0
2026-06-22T19:00:00.000Z,"406","8",16,0,0
2026-06-22T19:10:00.000Z,"393","8",16,0,0
2026-06-22T19:20:00.000Z,"393","8",16,0,0
2026-06-22T19:30:00.000Z,"386","8",16,0,0
2026-06-22T19:40:00.000Z,"388","8",16,0,0
2026-06-22T19:50:00.000Z,"383","8",16,0,0
2026-06-22T20:00:00.000Z,"383","8",16,0,0
2026-06-22T20:10:00.000Z,"378","8",16,0,0
2026-06-22T20:20:00.000Z,"365","8",16,0,0
2026-06-22T20:30:00.000Z,"350","8",16,0,0
2026-06-22T20:40:00.000Z,"333","8",16,0,0
2026-06-22T20:50:00.000Z,"333","8",16,0,0
2026-06-22T21:00:00.000Z,"311","8",16,0,0
2026-06-22T21:10:00.000Z,"326","8",16,0,0
2026-06-22T21:20:00.000Z,"321","8",16,0,0
2026-06-22T21:30:00.000Z,"343","8",16,0,0
2026-06-22T21:40:00.000Z,"318","8",16,0,0
2026-06-22T21:50:00.000Z,"316","8",16,0,0
2026-06-22T22:00:00.000Z,"252","8",16,0,0
2026-06-22T22:10:00.000Z,"288","8",16,0,0
2026-06-22T22:20:00.000Z,"282","8",16,0,0
2026-06-22T22:30:00.000Z,"279","8",16,0,0
2026-06-22T22:40:00.000Z,"272","8",16,0,0
2026-06-22T22:50:00.000Z,"273","8",16,0,0
2026-06-22T23:00:00.000Z,"265","8",16,0,0
2026-06-22T23:10:00.000Z,"256","8",16,0,0
2026-06-22T23:20:00.000Z,"252","8",16,0,0
2026-06-22T23:30:00.000Z,"245","8",16,0,0
2026-06-22T23:40:00.000Z,"244","8",16,0,0
2026-06-22T23:50:00.000Z,"229","8",16,0,0
2026-06-23T00:00:00.000Z,"223","8",16,0,0
2026-06-23T00:10:00.000Z,"218","8",16,0,0
2026-06-23T00:20:00.000Z,"216","8",16,0,0
2026-06-23T00:30:00.000Z,"208","8",16,0,0
2026-06-23T00:40:00.000Z,"204","8",16,0,0
2026-06-23T00:50:00.000Z,"199","8",16,0,0
2026-06-23T01:00:00.000Z,"195","8",16,0,0
2026-06-23T01:10:00.000Z,"144","8",16,0,0
2026-06-23T01:20:00.000Z,"169","8",16,0,0
2026-06-23T01:30:00.000Z,"161","8",16,0,0
2026-06-23T01:40:00.000Z,"161","8",16,0,0
2026-06-23T01:50:00.000Z,"152","8",16,0,0
2026-06-23T02:00:00.000Z,"138","8",16,0,0
2026-06-23T02:10:00.000Z,"129","8",16,0,0
2026-06-23T02:20:00.000Z,"120","8",16,0,0
2026-06-23T02:30:00.000Z,"115","8",16,0,0
2026-06-23T02:40:00.000Z,"113","8",16,0,0
2026-06-23T02:50:00.000Z,"108","8",16,0,0
2026-06-23T03:00:00.000Z,"104","8",16,0,0
2026-06-23T03:10:00.000Z,"94","8",16,0,0
2026-06-23T03:20:00.000Z,"88","8",16,0,0
2026-06-23T03:30:00.000Z,"79","8",16,0,0
2026-06-23T03:40:00.000Z,"73","8",16,0,0
2026-06-23T03:50:00.000Z,"62","8",16,0,0
2026-06-23T04:00:00.000Z,"56","8",16,0,0
2026-06-23T04:10:00.000Z,"52","8",16,0,0
2026-06-23T04:20:00.000Z,"6","8",16,0,0
2026-06-23T04:30:00.000Z,"41","8",16,0,0
2026-06-23T04:40:00.000Z,"36","8",16,0,0
2026-06-23T04:50:00.000Z,"93","8",16,0,0
2026-06-23T05:00:00.000Z,"92","8",16,0,0
2026-06-23T05:10:00.000Z,"116","8",16,0,0
2026-06-23T05:20:00.000Z,"126","8",16,0,0
2026-06-23T05:30:00.000Z,"133","8",16,0,0
2026-06-23T05:40:00.000Z,"149","8",16,0,0
2026-06-23T05:50:00.000Z,"161","8",16,0,0
2026-06-23T06:00:00.000Z,"181","8",16,0,0
2026-06-23T06:10:00.000Z,"189","8",16,0,0
2026-06-23T06:20:00.000Z,"188","8",16,0,0
2026-06-23T06:30:00.000Z,"201","8",16,0,0
2026-06-23T06:40:00.000Z,"211","8",16,0,0
2026-06-23T06:50:00.000Z,"226","8",16,0,0
2026-06-23T07:00:00.000Z,"241","8",16,0,0
2026-06-23T07:10:00.000Z,"255","8",16,0,0
2026-06-23T07:20:00.000Z,"273","8",16,0,0
2026-06-23T07:30:00.000Z,"279","8",16,0,0
2026-06-23T07:40:00.000Z,"288","8",16,0,0
2026-06-23T07:50:00.000Z,"296","8",16,0,0
2026-06-23T08:00:00.000Z,"316","8",16,0,0
2026-06-23T08:10:00.000Z,"298","8",16,0,0
2026-06-23T08:20:00.000Z,"341","8",16,0,0
2026-06-23T08:30:00.000Z,"357","8",16,0,0
2026-06-23T08:40:00.000Z,"374","8",16,0,0
2026-06-23T08:50:00.000Z,"346","8",16,0,0
2026-06-23T09:00:00.000Z,"351","8",16,0,0
2026-06-23T09:10:00.000Z,"330","8",16,0,0
2026-06-23T09:20:00.000Z,"322","8",16,0,0
2026-06-23T09:30:00.000Z,"326","8",16,0,0
2026-06-23T09:40:00.000Z,"328","8",16,0,0
2026-06-23T09:50:00.000Z,"319","8",16,0,0
2026-06-23T10:00:00.000Z,"314","8",16,0,0
2026-06-23T10:10:00.000Z,"338","8",16,0,0
2026-06-23T10:20:00.000Z,"322","8",16,0,0
2026-06-23T10:30:00.000Z,"321","8",16,0,0
2026-06-23T10:40:00.000Z,"314","8",16,0,0
2026-06-23T10:50:00.000Z,"312","8",16,0,0
2026-06-23T11:00:00.000Z,"309","8",16,0,0
2026-06-23T11:10:00.000Z,"306","8",16,0,0
2026-06-23T11:20:00.000Z,"301","8",16,0,0
2026-06-23T11:30:00.000Z,"313","8",16,0,0
2026-06-23T11:40:00.000Z,"302","8",16,0,0
2026-06-23T11:50:00.000Z,"269","8",16,0,0
2026-06-23T12:00:00.000Z,"249","8",16,0,0
2026-06-23T12:10:00.000Z,"318","8",16,0,0
2026-06-23T12:20:00.000Z,"296","8",16,0,0
2026-06-23T12:30:00.000Z,"307","8",16,0,0
2026-06-23T12:40:00.000Z,"306","8",16,0,0
2026-06-23T12:50:00.000Z,"298","8",16,0,0
2026-06-23T13:00:00.000Z,"300","8",16,0,0
2026-06-23T13:10:00.000Z,"314","8",16,0,0
2026-06-23T13:20:00.000Z,"320","8",16,0,0
2026-06-23T13:30:00.000Z,"323","8",16,0,0
2026-06-23T13:40:00.000Z,"354","8",16,0,0
2026-06-23T13:50:00.000Z,"341","8",16,0,0
2026-06-23T14:00:00.000Z,"346","8",16,0,0
2026-06-23T14:10:00.000Z,"336","8",16,0,0
2026-06-23T14:20:00.000Z,"376","8",16,0,0
2026-06-23T14:30:00.000Z,"359","8",16,0,0
2026-06-23T14:40:00.000Z,"358","8",16,0,0
2026-06-23T14:50:00.000Z,"290","8",16,0,0
2026-06-23T15:00:00.000Z,"364","8",16,0,0
2026-06-23T15:10:00.000Z,"369","8",16,0,0
2026-06-23T15:20:00.000Z,"374","8",16,0,0
2026-06-23T15:30:00.000Z,"377","8",16,0,0
2026-06-23T15:40:00.000Z,"376","8",16,0,0
2026-06-23T15:50:00.000Z,"378","8",16,0,0
2026-06-23T16:00:00.000Z,"380","8",16,0,0
2026-06-23T16:10:00.000Z,"397","8",16,0,0
2026-06-23T16:20:00.000Z,"376","8",16,0,0
2026-06-23T16:30:00.000Z,"379","8",16,0,0
2026-06-23T16:40:00.000Z,"381","8",16,0,0
2026-06-23T16:50:00.000Z,"400","8",16,0,0
2026-06-23T17:00:00.000Z,"406","8",16,0,0
2026-06-23T17:10:00.000Z,"406","8",16,0,0
2026-06-23T17:20:00.000Z,"405","8",16,0,0
2026-06-23T17:30:00.000Z,"410","8",16,0,0
2026-06-23T17:40:00.000Z,"410","8",16,0,0
2026-06-23T17:50:00.000Z,"413","8",16,0,0
2026-06-23T18:00:00.000Z,"411","8",16,0,0
2026-06-23T18:10:00.000Z,"408","8",16,0,0
2026-06-23T18:20:00.000Z,"408","8",16,0,0
2026-06-23T18:30:00.000Z,"398","8",16,0,0
2026-06-23T18:40:00.000Z,"403","8",16,0,0
2026-06-23T18:50:00.000Z,"393","8",16,0,0
2026-06-23T19:00:00.000Z,"392","8",16,0,0
2026-06-23T19:10:00.000Z,"386","8",16,0,0
2026-06-23T19:20:00.000Z,"371","8",16,0,0
2026-06-23T19:30:00.000Z,"365","8",16,0,0
2026-06-23T19:40:00.000Z,"361","8",16,0,0
2026-06-23T19:50:00.000Z,"378","8",16,0,0
2026-06-23T20:00:00.000Z,"349","8",16,0,0
2026-06-23T20:10:00.000Z,"344","8",16,0,0
2026-06-23T20:20:00.000Z,"325","8",16,0,0
2026-06-23T20:30:00.000Z,"316","8",16,0,0
2026-06-23T20:40:00.000Z,"309","8",16,0,0
2026-06-23T20:50:00.000Z,"303","8",16,0,0
2026-06-23T21:00:00.000Z,"298","8",16,0,0
2026-06-23T21:10:00.000Z,"297","8",16,0,0
2026-06-23T21:20:00.000Z,"289","8",16,0,0
2026-06-23T21:30:00.000Z,"282","8",16,0,0
2026-06-23T21:40:00.000Z,"273","8",16,0,0
2026-06-23T21:50:00.000Z,"262","8",16,0,0
2026-06-23T22:00:00.000Z,"255","8",16,0,0
2026-06-23T22:10:00.000Z,"239","8",16,0,0
2026-06-23T22:20:00.000Z,"245","8",16,0,0
2026-06-23T22:30:00.000Z,"243","8",16,0,0
2026-06-23T22:40:00.000Z,"236","8",16,0,0
2026-06-23T22:50:00.000Z,"219","8",16,0,0
2026-06-23T23:00:00.000Z,"220","8",16,0,0
2026-06-23T23:10:00.000Z,"221","8",16,0,0
2026-06-23T23:20:00.000Z,"230","8",16,0,0
2026-06-23T23:30:00.000Z,"230","8",16,0,0
2026-06-23T23:40:00.000Z,"234","8",16,0,0
2026-06-23T23:50:00.000Z,"211","8",16,0,0
2026-06-24T00:00:00.000Z,"226","8",16,0,0
2026-06-24T00:10:00.000Z,"229","8",16,0,0
2026-06-24T00:20:00.000Z,"224","8",16,0,0
2026-06-24T00:30:00.000Z,"239","8",16,0,0
2026-06-24T00:40:00.000Z,"219","8",16,0,0
2026-06-24T00:50:00.000Z,"211","8",16,0,0
2026-06-24T01:00:00.000Z,"213","8",16,0,0
2026-06-24T01:10:00.000Z,"216","8",16,0,0
2026-06-24T01:20:00.000Z,"214","8",16,0,0
2026-06-24T01:30:00.000Z,"219","8",16,0,0
2026-06-24T01:40:00.000Z,"244","8",16,0,0
2026-06-24T01:50:00.000Z,"232","8",16,0,0
2026-06-24T02:00:00.000Z,"231","8",16,0,0
2026-06-24T02:10:00.000Z,"230","8",16,0,0
2026-06-24T02:20:00.000Z,"226","8",16,0,0
2026-06-24T02:30:00.000Z,"224","8",16,0,0
2026-06-24T02:40:00.000Z,"224","8",16,0,0
2026-06-24T02:50:00.000Z,"233","8",16,0,0
2026-06-24T03:00:00.000Z,"242","8",16,0,0
2026-06-24T03:10:00.000Z,"244","8",16,0,0
2026-06-24T03:20:00.000Z,"245","8",16,0,0
2026-06-24T03:30:00.000Z,"243","8",16,0,0
2026-06-24T03:40:00.000Z,"269","8",16,0,0
2026-06-24T03:50:00.000Z,"252","8",16,0,0
2026-06-24T04:00:00.000Z,"254","8",16,0,0
2026-06-24T04:10:00.000Z,"230","8",16,0,0
2026-06-24T04:20:00.000Z,"250","8",16,0,0
2026-06-24T04:30:00.000Z,"250","8",16,0,0
2026-06-24T04:40:00.000Z,"254","8",16,0,0
2026-06-24T04:50:00.000Z,"249","8",16,0,0
2026-06-24T05:00:00.000Z,"252","8",16,0,0
2026-06-24T05:10:00.000Z,"242","8",16,0,0
2026-06-24T05:20:00.000Z,"244","8",16,0,0
2026-06-24T05:30:00.000Z,"243","8",16,0,0
2026-06-24T05:40:00.000Z,"239","8",16,0,0
2026-06-24T05:50:00.000Z,"240","8",16,0,0
2026-06-24T06:00:00.000Z,"237","8",16,0,0
2026-06-24T06:10:00.000Z,"228","8",16,0,0
2026-06-24T06:20:00.000Z,"239","8",16,0,0
2026-06-24T06:30:00.000Z,"242","8",16,0,0
2026-06-24T06:40:00.000Z,"246","8",16,0,0
2026-06-24T06:50:00.000Z,"216","8",16,0,0
2026-06-24T07:00:00.000Z,"244","8",16,0,0
2026-06-24T07:10:00.000Z,"242","8",16,0,0
2026-06-24T07:20:00.000Z,"242","8",16,0,0
2026-06-24T07:30:00.000Z,"242","8",16,0,0
2026-06-24T07:40:00.000Z,"241","8",16,0,0
2026-06-24T07:50:00.000Z,"268","8",16,0,0
2026-06-24T08:00:00.000Z,"244","8",16,0,0
2026-06-24T08:10:00.000Z,"251","8",16,0,0
2026-06-24T08:20:00.000Z,"243","8",16,0,0
2026-06-24T08:30:00.000Z,"245","8",16,0,0
2026-06-24T08:40:00.000Z,"268","8",16,0,0
2026-06-24T08:50:00.000Z,"248","8",16,0,0
2026-06-24T09:00:00.000Z,"194","8",16,0,0
2026-06-24T09:10:00.000Z,"268","8",16,0,0
2026-06-24T09:20:00.000Z,"280","8",16,0,0
2026-06-24T09:30:00.000Z,"258","8",16,0,0
2026-06-24T09:40:00.000Z,"277","8",16,0,0
2026-06-24T09:50:00.000Z,"271","8",16,0,0
2026-06-24T10:00:00.000Z,"284","8",16,0,0
2026-06-24T10:10:00.000Z,"279","8",16,0,0
2026-06-24T10:20:00.000Z,"310","8",16,0,0
2026-06-24T10:30:00.000Z,"284","8",16,0,0
2026-06-24T10:40:00.000Z,"286","8",16,0,0
2026-06-24T10:50:00.000Z,"281","8",16,0,0
2026-06-24T11:00:00.000Z,"286","8",16,0,0
2026-06-24T11:10:00.000Z,"281","8",16,0,0
2026-06-24T11:20:00.000Z,"289","8",16,0,0
2026-06-24T11:30:00.000Z,"285","8",16,0,0
2026-06-24T11:40:00.000Z,"321","8",16,0,0
2026-06-24T11:50:00.000Z,"302","8",16,0,0
2026-06-24T12:00:00.000Z,"306","8",16,0,0
2026-06-24T12:10:00.000Z,"311","8",16,0,0
2026-06-24T12:20:00.000Z,"331","8",16,0,0
2026-06-24T12:30:00.000Z,"333","8",16,0,0
2026-06-24T12:40:00.000Z,"336","8",16,0,0
2026-06-24T12:50:00.000Z,"318","8",16,0,0
2026-06-24T13:00:00.000Z,"318","8",16,0,0
2026-06-24T13:10:00.000Z,"314","8",16,0,0
2026-06-24T13:20:00.000Z,"328","8",16,0,0
2026-06-24T13:30:00.000Z,"336","8",16,0,0
2026-06-24T13:40:00.000Z,"334","8",16,0,0
2026-06-24T13:50:00.000Z,"344","8",16,0,0
2026-06-24T14:00:00.000Z,"342","8",16,0,0
2026-06-24T14:10:00.000Z,"346","8",16,0,0
2026-06-24T14:20:00.000Z,"338","8",16,0,0
2026-06-24T14:30:00.000Z,"366","8",16,0,0
2026-06-24T14:40:00.000Z,"194","8",16,0,0
2026-06-24T14:50:00.000Z,"342","8",16,0,0
2026-06-24T15:00:00.000Z,"381","8",16,0,0
2026-06-24T15:10:00.000Z,"379","8",16,0,0
2026-06-24T15:20:00.000Z,"366","8",16,0,0
2026-06-24T15:30:00.000Z,"371","8",16,0,0
2026-06-24T15:40:00.000Z,"373","8",16,0,0
2026-06-24T15:50:00.000Z,"373","8",16,0,0
2026-06-24T16:00:00.000Z,"377","8",16,0,0
2026-06-24T16:10:00.000Z,"378","8",16,0,0
2026-06-24T16:20:00.000Z,"384","8",16,0,0
2026-06-24T16:30:00.000Z,"407","8",16,0,0
2026-06-24T16:40:00.000Z,"389","8",16,0,0
2026-06-24T16:50:00.000Z,"388","8",16,0,0
2026-06-24T17:00:00.000Z,"381","8",16,0,0
2026-06-24T17:10:00.000Z,"381","8",16,0,0
2026-06-24T17:20:00.000Z,"384","8",16,0,0
2026-06-24T17:30:00.000Z,"397","8",16,0,0
2026-06-24T17:40:00.000Z,"388","8",16,0,0
2026-06-24T17:50:00.000Z,"389","8",16,0,0
2026-06-24T18:00:00.000Z,"356","8",16,0,0
2026-06-24T18:10:00.000Z,"366","8",16,0,0
2026-06-24T18:20:00.000Z,"354","8",16,0,0
2026-06-24T18:30:00.000Z,"349","8",16,0,0
2026-06-24T18:40:00.000Z,"356","8",16,0,0
2026-06-24T18:50:00.000Z,"351","8",16,0,0
2026-06-24T19:00:00.000Z,"331","8",16,0,0
2026-06-24T19:10:00.000Z,"296","8",16,0,0
2026-06-24T19:20:00.000Z,"316","8",16,0,0
2026-06-24T19:30:00.000Z,"316","8",16,0,0
2026-06-24T19:40:00.000Z,"305","8",16,0,0
2026-06-24T19:50:00.000Z,"299","8",16,0,0
2026-06-24T20:00:00.000Z,"291","8",16,0,0
2026-06-24T20:10:00.000Z,"286","8",16,0,0
2026-06-24T20:20:00.000Z,"272","8",16,0,0
2026-06-24T20:30:00.000Z,"262","8",16,0,0
2026-06-24T20:40:00.000Z,"256","8",16,0,0
2026-06-24T20:50:00.000Z,"253","8",16,0,0
2026-06-24T21:00:00.000Z,"256","8",16,0,0
2026-06-24T21:10:00.000Z,"259","8",16,0,0
2026-06-24T21:20:00.000Z,"258","8",16,0,0
2026-06-24T21:30:00.000Z,"251","8",16,0,0
2026-06-24T21:40:00.000Z,"249","8",16,0,0
2026-06-24T21:50:00.000Z,"250","8",16,0,0
2026-06-24T22:00:00.000Z,"247","8",16,0,0
2026-06-24T22:10:00.000Z,"246","8",16,0,0
2026-06-24T22:20:00.000Z,"241","8",16,0,0
2026-06-24T22:30:00.000Z,"236","8",16,0,0
2026-06-24T22:40:00.000Z,"232","8",16,0,0
2026-06-24T22:50:00.000Z,"229","8",16,0,0
2026-06-24T23:00:00.000Z,"230","8",16,0,0
2026-06-24T23:10:00.000Z,"228","8",16,0,0
2026-06-24T23:20:00.000Z,"226","8",16,0,0
2026-06-24T23:30:00.000Z,"226","8",16,0,0
2026-06-24T23:40:00.000Z,"226","8",16,0,0
2026-06-24T23:50:00.000Z,"224","8",16,0,0
2026-06-25T00:00:00.000Z,"226","8",16,0,0
2026-06-25T00:10:00.000Z,"223","8",16,0,0
2026-06-25T00:20:00.000Z,"224","8",16,0,0
2026-06-25T00:30:00.000Z,"221","8",16,0,0
2026-06-25T00:40:00.000Z,"221","8",16,0,0
2026-06-25T00:50:00.000Z,"221","8",16,0,0
2026-06-25T01:00:00.000Z,"226","8",16,0,0
2026-06-25T01:10:00.000Z,"224","8",16,0,0
2026-06-25T01:20:00.000Z,"223","8",16,0,0
2026-06-25T01:30:00.000Z,"219","8",16,0,0
2026-06-25T01:40:00.000Z,"216","8",16,0,0
2026-06-25T01:50:00.000Z,"209","8",16,0,0
2026-06-25T02:00:00.000Z,"203","8",16,0,0
2026-06-25T02:10:00.000Z,"204","8",16,0,0
2026-06-25T02:20:00.000Z,"203","8",16,0,0
2026-06-25T02:30:00.000Z,"206","8",16,0,0
2026-06-25T02:40:00.000Z,"206","8",16,0,0
2026-06-25T02:50:00.000Z,"206","8",16,0,0
2026-06-25T03:00:00.000Z,"204","8",16,0,0
2026-06-25T03:10:00.000Z,"216","8",16,0,0
2026-06-25T03:20:00.000Z,"219","8",16,0,0
2026-06-25T03:30:00.000Z,"224","8",16,0,0
2026-06-25T03:40:00.000Z,"224","8",16,0,0
2026-06-25T03:50:00.000Z,"253","8",16,0,0
2026-06-25T04:00:00.000Z,"234","8",16,0,0
2026-06-25T04:10:00.000Z,"232","8",16,0,0
2026-06-25T04:20:00.000Z,"223","8",16,0,0
2026-06-25T04:30:00.000Z,"226","8",16,0,0
2026-06-25T04:40:00.000Z,"228","8",16,0,0
2026-06-25T04:50:00.000Z,"234","8",16,0,0
2026-06-25T05:00:00.000Z,"236","8",16,0,0
2026-06-25T05:10:00.000Z,"243","8",16,0,0
2026-06-25T05:20:00.000Z,"243","8",16,0,0
2026-06-25T05:30:00.000Z,"246","8",16,0,0
2026-06-25T05:40:00.000Z,"245","8",16,0,0
2026-06-25T05:50:00.000Z,"247","8",16,0,0
2026-06-25T06:00:00.000Z,"239","8",16,0,0
2026-06-25T06:10:00.000Z,"246","8",16,0,0
2026-06-25T06:20:00.000Z,"248","8",16,0,0
2026-06-25T06:30:00.000Z,"251","8",16,0,0
2026-06-25T06:40:00.000Z,"253","8",16,0,0
2026-06-25T06:50:00.000Z,"246","8",16,0,0
2026-06-25T07:00:00.000Z,"262","8",16,0,0
2026-06-25T07:10:00.000Z,"267","8",16,0,0
2026-06-25T07:20:00.000Z,"276","8",16,0,0
2026-06-25T07:30:00.000Z,"286","8",16,0,0
2026-06-25T07:40:00.000Z,"280","8",16,0,0
2026-06-25T07:50:00.000Z,"301","8",16,0,0
2026-06-25T08:00:00.000Z,"302","8",16,0,0
2026-06-25T08:10:00.000Z,"312","8",16,0,0
2026-06-25T08:20:00.000Z,"310","8",16,0,0
2026-06-25T08:30:00.000Z,"319","8",16,0,0
2026-06-25T08:40:00.000Z,"320","8",16,0,0
2026-06-25T08:50:00.000Z,"333","8",16,0,0
2026-06-25T09:00:00.000Z,"338","8",16,0,0
2026-06-25T09:10:00.000Z,"346","8",16,0,0
2026-06-25T09:20:00.000Z,"378","8",16,0,0
2026-06-25T09:30:00.000Z,"352","8",16,0,0
2026-06-25T09:40:00.000Z,"365","8",16,0,0
2026-06-25T09:50:00.000Z,"358","8",16,0,0
2026-06-25T10:00:00.000Z,"364","8",16,0,0
2026-06-25T10:10:00.000Z,"364","8",16,0,0
2026-06-25T10:20:00.000Z,"367","8",16,0,0
2026-06-25T10:30:00.000Z,"367","8",16,0,0
2026-06-25T10:40:00.000Z,"368","8",16,0,0
2026-06-25T10:50:00.000Z,"377","8",16,0,0
2026-06-25T11:00:00.000Z,"383","8",16,0,0
2026-06-25T11:10:00.000Z,"363","8",16,0,0
2026-06-25T11:20:00.000Z,"333","8",16,0,0
2026-06-25T11:30:00.000Z,"321","8",16,0,0
2026-06-25T11:40:00.000Z,"308","8",16,0,0
2026-06-25T11:50:00.000Z,"300","8",16,0,0
2026-06-25T12:00:00.000Z,"298","8",16,0,0
2026-06-25T12:10:00.000Z,"286","8",16,0,0
2026-06-25T12:20:00.000Z,"290","8",16,0,0
2026-06-25T12:30:00.000Z,"279","8",16,0,0
2026-06-25T12:40:00.000Z,"284","8",16,0,0
2026-06-25T12:50:00.000Z,"286","8",16,0,0
2026-06-25T13:00:00.000Z,"233","8",16,0,0
2026-06-25T13:10:00.000Z,"276","8",16,0,0
2026-06-25T13:20:00.000Z,"264","8",16,0,0
2026-06-25T13:30:00.000Z,"290","8",16,0,0
2026-06-25T13:40:00.000Z,"260","8",16,0,0
2026-06-25T13:50:00.000Z,"267","8",16,0,0
2026-06-25T14:00:00.000Z,"240","8",16,0,0
2026-06-25T14:10:00.000Z,"286","8",16,0,0
2026-06-25T14:20:00.000Z,"261","8",16,0,0
2026-06-25T14:30:00.000Z,"167","8",16,0,0
2026-06-25T14:40:00.000Z,"246","8",16,0,0
2026-06-25T14:50:00.000Z,"259","8",16,0,0
2026-06-25T15:00:00.000Z,"254","8",16,0,0
2026-06-25T15:10:00.000Z,"258","8",16,0,0
2026-06-25T15:20:00.000Z,"250","8",16,0,0
2026-06-25T15:30:00.000Z,"258","8",16,0,0
2026-06-25T15:40:00.000Z,"262","8",16,0,0
2026-06-25T15:50:00.000Z,"252","8",16,0,0
2026-06-25T16:00:00.000Z,"97","8",16,0,0
2026-06-25T16:10:00.000Z,"234","8",16,0,0
2026-06-25T16:20:00.000Z,"241","8",16,0,0
2026-06-25T16:30:00.000Z,"254","8",16,0,0
2026-06-25T16:40:00.000Z,"234","8",16,0,0
2026-06-25T16:50:00.000Z,"242","8",16,0,0
2026-06-25T17:00:00.000Z,"207","8",16,0,0
2026-06-25T17:10:00.000Z,"196","8",16,0,0
2026-06-25T17:20:00.000Z,"231","8",16,0,0
2026-06-25T17:30:00.000Z,"234","8",16,0,0
2026-06-25T17:40:00.000Z,"240","8",16,0,0
2026-06-25T17:50:00.000Z,"245","8",16,0,0
2026-06-25T18:00:00.000Z,"237","8",16,0,0
2026-06-25T18:10:00.000Z,"239","8",16,0,0
2026-06-25T18:20:00.000Z,"236","8",16,0,0
2026-06-25T18:30:00.000Z,"237","8",16,0,0
2026-06-25T18:40:00.000Z,"229","8",16,0,0
2026-06-25T18:50:00.000Z,"231","8",16,0,0
2026-06-25T19:00:00.000Z,"239","8",16,0,0
2026-06-25T19:10:00.000Z,"247","8",16,0,0
2026-06-25T19:20:00.000Z,"243","8",16,0,0
2026-06-25T19:30:00.000Z,"233","8",16,0,0
2026-06-25T19:40:00.000Z,"229","8",16,0,0
2026-06-25T19:50:00.000Z,"228","8",16,0,0
2026-06-25T20:00:00.000Z,"231","8",16,0,0
2026-06-25T20:10:00.000Z,"231","8",16,0,0
2026-06-25T20:20:00.000Z,"257","8",16,0,0
2026-06-25T20:30:00.000Z,"264","8",16,0,0
2026-06-25T20:40:00.000Z,"264","8",16,0,0
2026-06-25T20:50:00.000Z,"257","8",16,0,0
2026-06-25T21:00:00.000Z,"246","8",16,0,0
2026-06-25T21:10:00.000Z,"258","8",16,0,0
2026-06-25T21:20:00.000Z,"274","8",16,0,0
2026-06-25T21:30:00.000Z,"290","8",16,0,0
2026-06-25T21:40:00.000Z,"268","8",16,0,0
2026-06-25T21:50:00.000Z,"289","8",16,0,0
2026-06-25T22:00:00.000Z,"293","8",16,0,0
2026-06-25T22:10:00.000Z,"294","8",16,0,0
2026-06-25T22:20:00.000Z,"294","8",16,0,0
2026-06-25T22:30:00.000Z,"328","8",16,0,0
2026-06-25T22:40:00.000Z,"313","8",16,0,0
2026-06-25T22:50:00.000Z,"321","8",16,0,0
2026-06-25T23:00:00.000Z,"316","8",16,0,0
2026-06-25T23:10:00.000Z,"316","8",16,0,0
2026-06-25T23:20:00.000Z,"309","8",16,0,0
2026-06-25T23:30:00.000Z,"312","8",16,0,0
2026-06-25T23:40:00.000Z,"312","8",16,0,0
2026-06-25T23:50:00.000Z,"319","8",16,0,0
2026-06-26T00:00:00.000Z,"318","8",16,0,0
2026-06-26T00:10:00.000Z,"316","8",16,0,0
2026-06-26T00:20:00.000Z,"308","8",16,0,0
2026-06-26T00:30:00.000Z,"306","8",16,0,0
2026-06-26T00:40:00.000Z,"306","8",16,0,0
2026-06-26T00:50:00.000Z,"306","8",16,0,0
2026-06-26T01:00:00.000Z,"316","8",16,0,0
2026-06-26T01:10:00.000Z,"303","8",16,0,0
2026-06-26T01:20:00.000Z,"295","8",16,0,0
2026-06-26T01:30:00.000Z,"286","8",16,0,0
2026-06-26T01:40:00.000Z,"281","8",16,0,0
2026-06-26T01:50:00.000Z,"264","8",16,0,0
2026-06-26T02:00:00.000Z,"262","8",16,0,0
2026-06-26T02:10:00.000Z,"252","8",16,0,0
2026-06-26T02:20:00.000Z,"246","8",16,0,0
2026-06-26T02:30:00.000Z,"209","8",16,0,0
2026-06-26T02:40:00.000Z,"233","8",16,0,0
2026-06-26T02:50:00.000Z,"229","8",16,0,0
2026-06-26T03:00:00.000Z,"224","8",16,0,0
2026-06-26T03:10:00.000Z,"219","8",16,0,0
2026-06-26T03:20:00.000Z,"214","8",16,0,0
2026-06-26T03:30:00.000Z,"216","8",16,0,0
2026-06-26T03:40:00.000Z,"218","8",16,0,0
2026-06-26T03:50:00.000Z,"139","8",16,0,0
2026-06-26T04:00:00.000Z,"218","8",16,0,0
2026-06-26T04:10:00.000Z,"216","8",16,0,0
2026-06-26T04:20:00.000Z,"188","8",16,0,0
2026-06-26T04:30:00.000Z,"204","8",16,0,0
2026-06-26T04:40:00.000Z,"226","8",16,0,0
2026-06-26T04:50:00.000Z,"216","8",16,0,0
2026-06-26T05:00:00.000Z,"213","8",16,0,0
2026-06-26T05:10:00.000Z,"204","8",16,0,0
2026-06-26T05:20:00.000Z,"201","8",16,0,0
2026-06-26T05:30:00.000Z,"197","8",16,0,0
2026-06-26T05:40:00.000Z,"198","8",16,0,0
2026-06-26T05:50:00.000Z,"195","8",16,0,0
2026-06-26T06:00:00.000Z,"197","8",16,0,0
2026-06-26T06:10:00.000Z,"201","8",16,0,0
2026-06-26T06:20:00.000Z,"198","8",16,0,0
2026-06-26T06:30:00.000Z,"213","8",16,0,0
2026-06-26T06:40:00.000Z,"214","8",16,0,0
2026-06-26T06:50:00.000Z,"216","8",16,0,0
2026-06-26T07:00:00.000Z,"216","8",16,0,0
2026-06-26T07:10:00.000Z,"246","8",16,0,0
2026-06-26T07:20:00.000Z,"237","8",16,0,0
2026-06-26T07:30:00.000Z,"246","8",16,0,0
2026-06-26T07:40:00.000Z,"239","8",16,0,0
2026-06-26T07:50:00.000Z,"233","8",16,0,0
2026-06-26T08:00:00.000Z,"242","8",16,0,0
2026-06-26T08:10:00.000Z,"246","8",16,0,0
2026-06-26T08:20:00.000Z,"250","8",16,0,0
2026-06-26T08:30:00.000Z,"257","8",16,0,0
2026-06-26T08:40:00.000Z,"265","8",16,0,0
2026-06-26T08:50:00.000Z,"265","8",16,0,0
2026-06-26T09:00:00.000Z,"286","8",16,0,0
2026-06-26T09:10:00.000Z,"288","8",16,0,0
2026-06-26T09:20:00.000Z,"290","8",16,0,0
2026-06-26T09:30:00.000Z,"284","8",16,0,0
2026-06-26T09:40:00.000Z,"288","8",16,0,0
2026-06-26T09:50:00.000Z,"255","8",16,0,0
2026-06-26T10:00:00.000Z,"292","8",16,0,0
2026-06-26T10:10:00.000Z,"296","8",16,0,0
2026-06-26T10:20:00.000Z,"307","8",16,0,0
2026-06-26T10:30:00.000Z,"313","8",16,0,0
2026-06-26T10:40:00.000Z,"346","8",16,0,0
2026-06-26T10:50:00.000Z,"304","8",16,0,0
2026-06-26T11:00:00.000Z,"313","8",16,0,0
2026-06-26T11:10:00.000Z,"304","8",16,0,0
2026-06-26T11:20:00.000Z,"307","8",16,0,0
2026-06-26T11:30:00.000Z,"301","8",16,0,0
2026-06-26T11:40:00.000Z,"314","8",16,0,0
2026-06-26T11:50:00.000Z,"289","8",16,0,0
2026-06-26T12:00:00.000Z,"280","8",16,0,0
2026-06-26T12:10:00.000Z,"289","8",16,0,0
2026-06-26T12:20:00.000Z,"294","8",16,0,0
2026-06-26T12:30:00.000Z,"289","8",16,0,0
2026-06-26T12:40:00.000Z,"288","8",16,0,0
2026-06-26T12:50:00.000Z,"285","8",16,0,0
2026-06-26T13:00:00.000Z,"306","8",16,0,0
2026-06-26T13:10:00.000Z,"277","8",16,0,0
2026-06-26T13:20:00.000Z,"282","8",16,0,0
2026-06-26T13:30:00.000Z,"270","8",16,0,0
2026-06-26T13:40:00.000Z,"86","8",16,0,0
2026-06-26T13:50:00.000Z,"234","8",16,0,0
2026-06-26T14:00:00.000Z,"221","8",16,0,0
2026-06-26T14:10:00.000Z,"256","8",16,0,0
2026-06-26T14:20:00.000Z,"250","8",16,0,0
2026-06-26T14:30:00.000Z,"251","8",16,0,0
2026-06-26T14:40:00.000Z,"268","8",16,0,0
2026-06-26T14:50:00.000Z,"264","8",16,0,0
2026-06-26T15:00:00.000Z,"194","8",16,0,0
2026-06-26T15:10:00.000Z,"293","8",16,0,0
2026-06-26T15:20:00.000Z,"268","8",16,0,0
2026-06-26T15:30:00.000Z,"270","8",16,0,0
2026-06-26T15:40:00.000Z,"253","8",16,0,0
2026-06-26T15:50:00.000Z,"260","8",16,0,0
2026-06-26T16:00:00.000Z,"262","8",16,0,0
2026-06-26T16:10:00.000Z,"269","8",16,0,0
2026-06-26T16:20:00.000Z,"274","8",16,0,0
2026-06-26T16:30:00.000Z,"299","8",16,0,0
2026-06-26T16:40:00.000Z,"281","8",16,0,0
2026-06-26T16:50:00.000Z,"281","8",16,0,0
2026-06-26T17:00:00.000Z,"274","8",16,0,0
2026-06-26T17:10:00.000Z,"275","8",16,0,0
2026-06-26T17:20:00.000Z,"266","8",16,0,0
2026-06-26T17:30:00.000Z,"275","8",16,0,0
2026-06-26T17:40:00.000Z,"274","8",16,0,0
2026-06-26T17:50:00.000Z,"278","8",16,0,0
2026-06-26T18:00:00.000Z,"281","8",16,0,0
2026-06-26T18:10:00.000Z,"276","8",16,0,0
2026-06-26T18:20:00.000Z,"277","8",16,0,0
2026-06-26T18:30:00.000Z,"275","8",16,0,0
2026-06-26T18:40:00.000Z,"279","8",16,0,0
2026-06-26T18:50:00.000Z,"282","8",16,0,0
2026-06-26T19:00:00.000Z,"298","8",16,0,0
2026-06-26T19:10:00.000Z,"289","8",16,0,0
2026-06-26T19:20:00.000Z,"293","8",16,0,0
2026-06-26T19:30:00.000Z,"293","8",16,0,0
2026-06-26T19:40:00.000Z,"296","8",16,0,0
2026-06-26T19:50:00.000Z,"296","8",16,0,0
2026-06-26T20:00:00.000Z,"298","8",16,0,0
2026-06-26T20:10:00.000Z,"299","8",16,0,0
2026-06-26T20:20:00.000Z,"301","8",16,0,0
2026-06-26T20:30:00.000Z,"291","8",16,0,0
2026-06-26T20:40:00.000Z,"289","8",16,0,0
2026-06-26T20:50:00.000Z,"288","8",16,0,0
2026-06-26T21:00:00.000Z,"289","8",16,0,0
2026-06-26T21:10:00.000Z,"288","8",16,0,0
2026-06-26T21:20:00.000Z,"291","8",16,0,0
2026-06-26T21:30:00.000Z,"293","8",16,0,0
2026-06-26T21:40:00.000Z,"291","8",16,0,0
2026-06-26T21:50:00.000Z,"289","8",16,0,0
2026-06-26T22:00:00.000Z,"288","8",16,0,0
2026-06-26T22:10:00.000Z,"287","8",16,0,0
2026-06-26T22:20:00.000Z,"285","8",16,0,0
2026-06-26T22:30:00.000Z,"282","8",16,0,0
2026-06-26T22:40:00.000Z,"282","8",16,0,0
2026-06-26T22:50:00.000Z,"282","8",16,0,0
2026-06-26T23:00:00.000Z,"281","8",16,0,0
2026-06-26T23:10:00.000Z,"281","8",16,0,0
2026-06-26T23:20:00.000Z,"281","8",16,0,0
2026-06-26T23:30:00.000Z,"280","8",16,0,0
2026-06-26T23:40:00.000Z,"280","8",16,0,0
2026-06-26T23:50:00.000Z,"279","8",16,0,0
2026-06-27T00:00:00.000Z,"279","8",16,0,0
2026-06-27T00:10:00.000Z,"280","8",16,0,0
2026-06-27T00:20:00.000Z,"280","8",16,0,0
2026-06-27T00:30:00.000Z,"279","8",16,0,0
2026-06-27T00:40:00.000Z,"277","8",16,0,0
2026-06-27T00:50:00.000Z,"270","8",16,0,0
2026-06-27T01:00:00.000Z,"275","8",16,0,0
2026-06-27T01:10:00.000Z,"273","8",16,0,0
2026-06-27T01:20:00.000Z,"274","8",16,0,0
2026-06-27T01:30:00.000Z,"280","8",16,0,0
2026-06-27T01:40:00.000Z,"272","8",16,0,0
2026-06-27T01:50:00.000Z,"280","8",16,0,0
2026-06-27T02:00:00.000Z,"281","8",16,0,0
2026-06-27T02:10:00.000Z,"281","8",16,0,0
2026-06-27T02:20:00.000Z,"219","8",16,0,0
2026-06-27T02:30:00.000Z,"302","8",16,0,0
2026-06-27T02:40:00.000Z,"169","8",16,0,0
2026-06-27T02:50:00.000Z,"297","8",16,0,0
2026-06-27T03:00:00.000Z,"301","8",16,0,0
2026-06-27T03:10:00.000Z,"304","8",16,0,0
2026-06-27T03:20:00.000Z,"305","8",16,0,0
2026-06-27T03:30:00.000Z,"321","8",16,0,0
2026-06-27T03:40:00.000Z,"312","8",16,0,0
2026-06-27T03:50:00.000Z,"312","8",16,0,0
2026-06-27T04:00:00.000Z,"328","8",16,0,0
2026-06-27T04:10:00.000Z,"302","8",16,0,0
2026-06-27T04:20:00.000Z,"294","8",16,0,0
2026-06-27T04:30:00.000Z,"294","8",16,0,0
2026-06-27T04:40:00.000Z,"294","8",16,0,0
2026-06-27T04:50:00.000Z,"299","8",16,0,0
2026-06-27T05:00:00.000Z,"301","8",16,0,0
2026-06-27T05:10:00.000Z,"329","8",16,0,0
2026-06-27T05:20:00.000Z,"305","8",16,0,0
2026-06-27T05:30:00.000Z,"305","8",16,0,0
2026-06-27T05:40:00.000Z,"297","8",16,0,0
2026-06-27T05:50:00.000Z,"298","8",16,0,0
2026-06-27T06:00:00.000Z,"294","8",16,0,0
2026-06-27T06:10:00.000Z,"294","8",16,0,0
2026-06-27T06:20:00.000Z,"290","8",16,0,0
2026-06-27T06:30:00.000Z,"296","8",16,0,0
2026-06-27T06:40:00.000Z,"296","8",16,0,0
2026-06-27T06:50:00.000Z,"296","8",16,0,0
2026-06-27T07:00:00.000Z,"307","8",16,0,0
2026-06-27T07:10:00.000Z,"296","8",16,0,0
2026-06-27T07:20:00.000Z,"293","8",16,0,0
2026-06-27T07:30:00.000Z,"286","8",16,0,0
2026-06-27T07:40:00.000Z,"290","8",16,0,0
2026-06-27T07:50:00.000Z,"289","8",16,0,0
2026-06-27T08:00:00.000Z,"289","8",16,0,0
2026-06-27T08:10:00.000Z,"289","8",16,0,0
2026-06-27T08:20:00.000Z,"292","8",16,0,0
2026-06-27T08:30:00.000Z,"289","8",16,0,0
2026-06-27T08:40:00.000Z,"290","8",16,0,0
2026-06-27T08:50:00.000Z,"286","8",16,0,0
2026-06-27T09:00:00.000Z,"277","8",16,0,0
2026-06-27T09:10:00.000Z,"258","8",16,0,0
2026-06-27T09:20:00.000Z,"252","8",16,0,0
2026-06-27T09:30:00.000Z,"246","8",16,0,0
2026-06-27T09:40:00.000Z,"244","8",16,0,0
2026-06-27T09:50:00.000Z,"243","8",16,0,0
2026-06-27T10:00:00.000Z,"243","8",16,0,0
2026-06-27T10:10:00.000Z,"249","8",16,0,0
2026-06-27T10:20:00.000Z,"252","8",16,0,0
2026-06-27T10:30:00.000Z,"248","8",16,0,0
2026-06-27T10:40:00.000Z,"244","8",16,0,0
2026-06-27T10:50:00.000Z,"241","8",16,0,0
2026-06-27T11:00:00.000Z,"237","8",16,0,0
2026-06-27T11:10:00.000Z,"235","8",16,0,0
2026-06-27T11:20:00.000Z,"226","8",16,0,0
2026-06-27T11:30:00.000Z,"255","8",16,0,0
2026-06-27T11:40:00.000Z,"234","8",16,0,0
2026-06-27T11:50:00.000Z,"169","8",16,0,0
2026-06-27T12:00:00.000Z,"179","8",16,0,0
2026-06-27T12:10:00.000Z,"219","8",16,0,0
2026-06-27T12:20:00.000Z,"214","8",16,0,0
2026-06-27T12:30:00.000Z,"219","8",16,0,0
2026-06-27T12:40:00.000Z,"229","8",16,0,0
2026-06-27T12:50:00.000Z,"222","8",16,0,0
2026-06-27T13:00:00.000Z,"232","8",16,0,0
2026-06-27T13:10:00.000Z,"226","8",16,0,0
2026-06-27T13:20:00.000Z,"218","8",16,0,0
2026-06-27T13:30:00.000Z,"206","8",16,0,0
2026-06-27T13:40:00.000Z,"216","8",16,0,0
2026-06-27T13:50:00.000Z,"213","8",16,0,0
2026-06-27T14:00:00.000Z,"221","8",16,0,0
2026-06-27T14:10:00.000Z,"217","8",16,0,0
2026-06-27T14:20:00.000Z,"227","8",16,0,0
2026-06-27T14:30:00.000Z,"220","8",16,0,0
2026-06-27T14:40:00.000Z,"220","8",16,0,0
2026-06-27T14:50:00.000Z,"214","8",16,0,0
2026-06-27T15:00:00.000Z,"218","8",16,0,0
2026-06-27T15:10:00.000Z,"225","8",16,0,0
2026-06-27T15:20:00.000Z,"219","8",16,0,0
2026-06-27T15:30:00.000Z,"226","8",16,0,0
2026-06-27T15:40:00.000Z,"154","8",16,0,0
2026-06-27T15:50:00.000Z,"249","8",16,0,0
2026-06-27T16:00:00.000Z,"235","8",16,0,0
2026-06-27T16:10:00.000Z,"225","8",16,0,0
2026-06-27T16:20:00.000Z,"156","8",16,0,0
2026-06-27T16:30:00.000Z,"197","8",16,0,0
2026-06-27T16:40:00.000Z,"203","8",16,0,0
2026-06-27T16:50:00.000Z,"216","8",16,0,0
2026-06-27T17:00:00.000Z,"162","8",16,0,0
2026-06-27T17:10:00.000Z,"222","8",16,0,0
2026-06-27T17:20:00.000Z,"219","8",16,0,0
2026-06-27T17:30:00.000Z,"211","8",16,0,0
2026-06-27T17:40:00.000Z,"216","8",16,0,0
2026-06-27T17:50:00.000Z,"194","8",16,0,0
2026-06-27T18:00:00.000Z,"204","8",16,0,0
2026-06-27T18:10:00.000Z,"181","8",16,0,0
2026-06-27T18:20:00.000Z,"189","8",16,0,0
2026-06-27T18:30:00.000Z,"184","8",16,0,0
2026-06-27T18:40:00.000Z,"208","8",16,0,0
2026-06-27T18:50:00.000Z,"185","8",16,0,0
2026-06-27T19:00:00.000Z,"176","8",16,0,0
2026-06-27T19:10:00.000Z,"164","8",16,0,0
2026-06-27T19:20:00.000Z,"178","8",16,0,0
2026-06-27T19:30:00.000Z,"166","8",16,0,0
2026-06-27T19:40:00.000Z,"168","8",16,0,0
2026-06-27T19:50:00.000Z,"174","8",16,0,0
2026-06-27T20:00:00.000Z,"186","8",16,0,0
2026-06-27T20:10:00.000Z,"181","8",16,0,0
2026-06-27T20:20:00.000Z,"179","8",16,0,0
2026-06-27T20:30:00.000Z,"176","8",16,0,0
2026-06-27T20:40:00.000Z,"173","8",16,0,0
2026-06-27T20:50:00.000Z,"173","8",16,0,0
2026-06-27T21:00:00.000Z,"186","8",16,0,0
2026-06-27T21:10:00.000Z,"194","8",16,0,0
2026-06-27T21:20:00.000Z,"196","8",16,0,0
2026-06-27T21:30:00.000Z,"197","8",16,0,0
2026-06-27T21:40:00.000Z,"196","8",16,0,0
2026-06-27T21:50:00.000Z,"191","8",16,0,0
2026-06-27T22:00:00.000Z,"199","8",16,0,0
2026-06-27T22:10:00.000Z,"203","8",16,0,0
2026-06-27T22:20:00.000Z,"208","8",16,0,0
2026-06-27T22:30:00.000Z,"213","8",16,0,0
2026-06-27T22:40:00.000Z,"218","8",16,0,0
2026-06-27T22:50:00.000Z,"229","8",16,0,0
2026-06-27T23:00:00.000Z,"232","8",16,0,0
2026-06-27T23:10:00.000Z,"235","8",16,0,0
2026-06-27T23:20:00.000Z,"236","8",16,0,0
2026-06-27T23:30:00.000Z,"244","8",16,0,0
2026-06-27T23:40:00.000Z,"258","8",16,0,0
2026-06-27T23:50:00.000Z,"266","8",16,0,0
2026-06-28T00:00:00.000Z,"270","8",16,0,0
2026-06-28T00:10:00.000Z,"279","8",16,0,0
2026-06-28T00:20:00.000Z,"290","8",16,0,0
2026-06-28T00:30:00.000Z,"298","8",16,0,0
2026-06-28T00:40:00.000Z,"305","8",16,0,0
2026-06-28T00:50:00.000Z,"306","8",16,0,0
2026-06-28T01:00:00.000Z,"310","8",16,0,0
2026-06-28T01:10:00.000Z,"314","8",16,0,0
2026-06-28T01:20:00.000Z,"322","8",16,0,0
2026-06-28T01:30:00.000Z,"328","8",16,0,0
2026-06-28T01:40:00.000Z,"341","8",16,0,0
2026-06-28T01:50:00.000Z,"344","8",16,0,0
2026-06-28T02:00:00.000Z,"349","8",16,0,0
2026-06-28T02:10:00.000Z,"352","8",16,0,0
2026-06-28T02:20:00.000Z,"356","8",16,0,0
2026-06-28T02:30:00.000Z,"361","8",16,0,0
2026-06-28T02:40:00.000Z,"363","8",16,0,0
2026-06-28T02:50:00.000Z,"351","8",16,0,0
2026-06-28T03:00:00.000Z,"348","8",16,0,0
2026-06-28T03:10:00.000Z,"346","8",16,0,0
2026-06-28T03:20:00.000Z,"346","8",16,0,0
2026-06-28T03:30:00.000Z,"346","8",16,0,0
2026-06-28T03:40:00.000Z,"346","8",16,0,0
2026-06-28T03:50:00.000Z,"343","8",16,0,0
2026-06-28T04:00:00.000Z,"341","8",16,0,0
2026-06-28T04:10:00.000Z,"367","8",16,0,0
2026-06-28T04:20:00.000Z,"356","8",16,0,0
2026-06-28T04:30:00.000Z,"351","8",16,0,0
2026-06-28T04:40:00.000Z,"344","8",16,0,0
2026-06-28T04:50:00.000Z,"346","8",16,0,0
2026-06-28T05:00:00.000Z,"338","8",16,0,0
2026-06-28T05:10:00.000Z,"338","8",16,0,0
2026-06-28T05:20:00.000Z,"336","8",16,0,0
2026-06-28T05:30:00.000Z,"343","8",16,0,0
2026-06-28T05:40:00.000Z,"336","8",16,0,0
2026-06-28T05:50:00.000Z,"341","8",16,0,0
2026-06-28T06:00:00.000Z,"338","8",16,0,0
2026-06-28T06:10:00.000Z,"338","8",16,0,0
2026-06-28T06:20:00.000Z,"338","8",16,0,0
2026-06-28T06:30:00.000Z,"310","8",16,0,0
2026-06-28T06:40:00.000Z,"336","8",16,0,0
2026-06-28T06:50:00.000Z,"359","8",16,0,0
2026-06-28T07:00:00.000Z,"353","8",16,0,0
2026-06-28T07:10:00.000Z,"349","8",16,0,0
2026-06-28T07:20:00.000Z,"344","8",16,0,0
2026-06-28T07:30:00.000Z,"348","8",16,0,0
2026-06-28T07:40:00.000Z,"261","8",16,0,0
2026-06-28T07:50:00.000Z,"346","8",16,0,0
2026-06-28T08:00:00.000Z,"346","8",16,0,0
2026-06-28T08:10:00.000Z,"354","8",16,0,0
2026-06-28T08:20:00.000Z,"354","8",16,0,0
2026-06-28T08:30:00.000Z,"357","8",16,0,0
2026-06-28T08:40:00.000Z,"368","8",16,0,0
2026-06-28T08:50:00.000Z,"371","8",16,0,0
2026-06-28T09:00:00.000Z,"368","8",16,0,0
2026-06-28T09:10:00.000Z,"351","8",16,0,0
2026-06-28T09:20:00.000Z,"344","8",16,0,0
2026-06-28T09:30:00.000Z,"341","8",16,0,0
2026-06-28T09:40:00.000Z,"339","8",16,0,0
2026-06-28T09:50:00.000Z,"333","8",16,0,0
2026-06-28T10:00:00.000Z,"352","8",16,0,0
2026-06-28T10:10:00.000Z,"330","8",16,0,0
2026-06-28T10:20:00.000Z,"322","8",16,0,0
2026-06-28T10:30:00.000Z,"318","8",16,0,0
2026-06-28T10:40:00.000Z,"311","8",16,0,0
2026-06-28T10:50:00.000Z,"309","8",16,0,0
2026-06-28T11:00:00.000Z,"304","8",16,0,0
2026-06-28T11:10:00.000Z,"288","8",16,0,0
2026-06-28T11:20:00.000Z,"282","8",16,0,0
2026-06-28T11:30:00.000Z,"256","8",16,0,0
2026-06-28T11:40:00.000Z,"267","8",16,0,0
2026-06-28T11:50:00.000Z,"272","8",16,0,0
2026-06-28T12:00:00.000Z,"274","8",16,0,0
2026-06-28T12:10:00.000Z,"274","8",16,0,0
2026-06-28T12:20:00.000Z,"274","8",16,0,0
2026-06-28T12:30:00.000Z,"268","8",16,0,0
2026-06-28T12:40:00.000Z,"266","8",16,0,0
2026-06-28T12:50:00.000Z,"289","8",16,0,0
2026-06-28T13:00:00.000Z,"289","8",16,0,0
2026-06-28T13:10:00.000Z,"298","8",16,0,0
2026-06-28T13:20:00.000Z,"298","8",16,0,0
2026-06-28T13:30:00.000Z,"299","8",16,0,0
2026-06-28T13:40:00.000Z,"309","8",16,0,0
2026-06-28T13:50:00.000Z,"312","8",16,0,0
2026-06-28T14:00:00.000Z,"316","8",16,0,0
2026-06-28T14:10:00.000Z,"331","8",16,0,0
2026-06-28T14:20:00.000Z,"322","8",16,0,0
2026-06-28T14:30:00.000Z,"303","8",16,0,0
2026-06-28T14:40:00.000Z,"321","8",16,0,0
2026-06-28T14:50:00.000Z,"316","8",16,0,0
2026-06-28T15:00:00.000Z,"314","8",16,0,0
2026-06-28T15:10:00.000Z,"321","8",16,0,0
2026-06-28T15:20:00.000Z,"321","8",16,0,0
2026-06-28T15:30:00.000Z,"318","8",16,0,0
2026-06-28T15:40:00.000Z,"298","8",16,0,0
2026-06-28T15:50:00.000Z,"299","8",16,0,0
2026-06-28T16:00:00.000Z,"290","8",16,0,0
2026-06-28T16:10:00.000Z,"289","8",16,0,0
2026-06-28T16:20:00.000Z,"226","8",16,0,0
2026-06-28T16:30:00.000Z,"281","8",16,0,0
2026-06-28T16:40:00.000Z,"278","8",16,0,0
2026-06-28T16:50:00.000Z,"279","8",16,0,0
2026-06-28T17:00:00.000Z,"270","8",16,0,0
2026-06-28T17:10:00.000Z,"263","8",16,0,0
2026-06-28T17:20:00.000Z,"278","8",16,0,0
2026-06-28T17:30:00.000Z,"260","8",16,0,0
2026-06-28T17:40:00.000Z,"260","8",16,0,0
2026-06-28T17:50:00.000Z,"262","8",16,0,0
2026-06-28T18:00:00.000Z,"271","8",16,0,0
2026-06-28T18:10:00.000Z,"232","8",16,0,0
2026-06-28T18:20:00.000Z,"275","8",16,0,0
2026-06-28T18:30:00.000Z,"235","8",16,0,0
2026-06-28T18:40:00.000Z,"162","8",16,0,0
2026-06-28T18:50:00.000Z,"242","8",16,0,0
2026-06-28T19:00:00.000Z,"244","8",16,0,0
2026-06-28T19:10:00.000Z,"239","8",16,0,0
2026-06-28T19:20:00.000Z,"272","8",16,0,0
2026-06-28T19:30:00.000Z,"240","8",16,0,0
2026-06-28T19:40:00.000Z,"241","8",16,0,0
2026-06-28T19:50:00.000Z,"226","8",16,0,0
2026-06-28T20:00:00.000Z,"224","8",16,0,0
2026-06-28T20:10:00.000Z,"211","8",16,0,0
2026-06-28T20:20:00.000Z,"210","8",16,0,0
2026-06-28T20:30:00.000Z,"205","8",16,0,0
2026-06-28T20:40:00.000Z,"209","8",16,0,0
2026-06-28T20:50:00.000Z,"203","8",16,0,0
2026-06-28T21:00:00.000Z,"205","8",16,0,0
2026-06-28T21:10:00.000Z,"193","8",16,0,0
2026-06-28T21:20:00.000Z,"194","8",16,0,0
2026-06-28T21:30:00.000Z,"199","8",16,0,0
2026-06-28T21:40:00.000Z,"209","8",16,0,0
2026-06-28T21:50:00.000Z,"167","8",16,0,0
2026-06-28T22:00:00.000Z,"204","8",16,0,0
2026-06-28T22:10:00.000Z,"208","8",16,0,0
2026-06-28T22:20:00.000Z,"199","8",16,0,0
2026-06-28T22:30:00.000Z,"204","8",16,0,0
2026-06-28T22:40:00.000Z,"198","8",16,0,0
2026-06-28T22:50:00.000Z,"201","8",16,0,0
2026-06-28T23:00:00.000Z,"199","8",16,0,0
2026-06-28T23:10:00.000Z,"206","8",16,0,0
2026-06-28T23:20:00.000Z,"201","8",16,0,0
2026-06-28T23:30:00.000Z,"201","8",16,0,0
2026-06-28T23:40:00.000Z,"201","8",16,0,0
2026-06-28T23:50:00.000Z,"214","8",16,0,0
2026-06-29T00:00:00.000Z,"219","8",16,0,0
2026-06-29T00:10:00.000Z,"223","8",16,0,0
2026-06-29T00:20:00.000Z,"219","8",16,0,0
2026-06-29T00:30:00.000Z,"211","8",16,0,0
2026-06-29T00:40:00.000Z,"209","8",16,0,0
2026-06-29T00:50:00.000Z,"206","8",16,0,0
2026-06-29T01:00:00.000Z,"208","8",16,0,0
2026-06-29T01:10:00.000Z,"211","8",16,0,0
2026-06-29T01:20:00.000Z,"216","8",16,0,0
2026-06-29T01:30:00.000Z,"218","8",16,0,0
2026-06-29T01:40:00.000Z,"219","8",16,0,0
2026-06-29T01:50:00.000Z,"218","8",16,0,0
2026-06-29T02:00:00.000Z,"218","8",16,0,0
2026-06-29T02:10:00.000Z,"218","8",16,0,0
2026-06-29T02:20:00.000Z,"219","8",16,0,0
2026-06-29T02:30:00.000Z,"221","8",16,0,0
2026-06-29T02:40:00.000Z,"223","8",16,0,0
2026-06-29T02:50:00.000Z,"221","8",16,0,0
2026-06-29T03:00:00.000Z,"221","8",16,0,0
2026-06-29T03:10:00.000Z,"229","8",16,0,0
2026-06-29T03:20:00.000Z,"231","8",16,0,0
2026-06-29T03:30:00.000Z,"234","8",16,0,0
2026-06-29T03:40:00.000Z,"234","8",16,0,0
2026-06-29T03:50:00.000Z,"240","8",16,0,0
2026-06-29T04:00:00.000Z,"64","8",16,0,0
2026-06-29T04:10:00.000Z,"209","8",16,0,0
2026-06-29T04:20:00.000Z,"272","8",16,0,0
2026-06-29T04:30:00.000Z,"284","8",16,0,0
2026-06-29T04:40:00.000Z,"292","8",16,0,0
2026-06-29T04:50:00.000Z,"313","8",16,0,0
2026-06-29T05:00:00.000Z,"299","8",16,0,0
2026-06-29T05:10:00.000Z,"285","8",16,0,0
2026-06-29T05:20:00.000Z,"290","8",16,0,0
2026-06-29T05:30:00.000Z,"309","8",16,0,0
2026-06-29T05:40:00.000Z,"322","8",16,0,0
2026-06-29T05:50:00.000Z,"336","8",16,0,0
2026-06-29T06:00:00.000Z,"326","8",16,0,0
2026-06-29T06:10:00.000Z,"326","8",16,0,0
2026-06-29T06:20:00.000Z,"322","8",16,0,0
2026-06-29T06:30:00.000Z,"328","8",16,0,0
2026-06-29T06:40:00.000Z,"328","8",16,0,0
2026-06-29T06:50:00.000Z,"320","8",16,0,0
2026-06-29T07:00:00.000Z,"323","8",16,0,0
2026-06-29T07:10:00.000Z,"322","8",16,0,0
2026-06-29T07:20:00.000Z,"328","8",16,0,0
2026-06-29T07:30:00.000Z,"328","8",16,0,0
2026-06-29T07:40:00.000Z,"326","8",16,0,0
2026-06-29T07:50:00.000Z,"311","8",16,0,0
2026-06-29T08:00:00.000Z,"309","8",16,0,0
2026-06-29T08:10:00.000Z,"304","8",16,0,0
2026-06-29T08:20:00.000Z,"304","8",16,0,0
2026-06-29T08:30:00.000Z,"303","8",16,0,0
2026-06-29T08:40:00.000Z,"291","8",16,0,0
2026-06-29T08:50:00.000Z,"295","8",16,0,0
2026-06-29T09:00:00.000Z,"288","8",16,0,0
2026-06-29T09:10:00.000Z,"286","8",16,0,0
2026-06-29T09:20:00.000Z,"292","8",16,0,0
2026-06-29T09:30:00.000Z,"296","8",16,0,0
2026-06-29T09:40:00.000Z,"312","8",16,0,0
2026-06-29T09:50:00.000Z,"314","8",16,0,0
2026-06-29T10:00:00.000Z,"314","8",16,0,0
2026-06-29T10:10:00.000Z,"313","8",16,0,0
2026-06-29T10:20:00.000Z,"339","8",16,0,0
2026-06-29T10:30:00.000Z,"316","8",16,0,0
2026-06-29T10:40:00.000Z,"319","8",16,0,0
2026-06-29T10:50:00.000Z,"306","8",16,0,0
2026-06-29T11:00:00.000Z,"311","8",16,0,0
2026-06-29T11:10:00.000Z,"308","8",16,0,0
2026-06-29T11:20:00.000Z,"314","8",16,0,0
2026-06-29T11:30:00.000Z,"140","8",16,0,0
2026-06-29T11:40:00.000Z,"281","8",16,0,0
2026-06-29T11:50:00.000Z,"308","8",16,0,0
2026-06-29T12:00:00.000Z,"293","8",16,0,0
2026-06-29T12:10:00.000Z,"330","8",16,0,0
2026-06-29T12:20:00.000Z,"313","8",16,0,0
2026-06-29T12:30:00.000Z,"313","8",16,0,0
2026-06-29T12:40:00.000Z,"298","8",16,0,0
2026-06-29T12:50:00.000Z,"305","8",16,0,0
2026-06-29T13:00:00.000Z,"310","8",16,0,0
2026-06-29T13:10:00.000Z,"300","8",16,0,0
2026-06-29T13:20:00.000Z,"328","8",16,0,0
2026-06-29T13:30:00.000Z,"307","8",16,0,0
2026-06-29T13:40:00.000Z,"304","8",16,0,0
2026-06-29T13:50:00.000Z,"298","8",16,0,0
2026-06-29T14:00:00.000Z,"297","8",16,0,0
2026-06-29T14:10:00.000Z,"289","8",16,0,0
2026-06-29T14:20:00.000Z,"296","8",16,0,0
2026-06-29T14:30:00.000Z,"280","8",16,0,0
2026-06-29T14:40:00.000Z,"316","8",16,0,0
2026-06-29T14:50:00.000Z,"280","8",16,0,0
2026-06-29T15:00:00.000Z,"299","8",16,0,0
2026-06-29T15:10:00.000Z,"298","8",16,0,0
2026-06-29T15:20:00.000Z,"298","8",16,0,0
2026-06-29T15:30:00.000Z,"302","8",16,0,0
2026-06-29T15:40:00.000Z,"301","8",16,0,0
2026-06-29T15:50:00.000Z,"296","8",16,0,0
2026-06-29T16:00:00.000Z,"300","8",16,0,0
2026-06-29T16:10:00.000Z,"295","8",16,0,0
2026-06-29T16:20:00.000Z,"288","8",16,0,0
2026-06-29T16:30:00.000Z,"290","8",16,0,0
2026-06-29T16:40:00.000Z,"313","8",16,0,0
2026-06-29T16:50:00.000Z,"299","8",16,0,0
2026-06-29T17:00:00.000Z,"301","8",16,0,0
2026-06-29T17:10:00.000Z,"224","8",16,0,0
2026-06-29T17:20:00.000Z,"288","8",16,0,0
2026-06-29T17:30:00.000Z,"303","8",16,0,0
2026-06-29T17:40:00.000Z,"298","8",16,0,0
2026-06-29T17:50:00.000Z,"286","8",16,0,0
2026-06-29T18:00:00.000Z,"276","8",16,0,0
2026-06-29T18:10:00.000Z,"284","8",16,0,0
2026-06-29T18:20:00.000Z,"284","8",16,0,0
2026-06-29T18:30:00.000Z,"288","8",16,0,0
2026-06-29T18:40:00.000Z,"262","8",16,0,0
2026-06-29T18:50:00.000Z,"308","8",16,0,0
2026-06-29T19:00:00.000Z,"288","8",16,0,0
2026-06-29T19:10:00.000Z,"295","8",16,0,0
2026-06-29T19:20:00.000Z,"277","8",16,0,0
2026-06-29T19:30:00.000Z,"282","8",16,0,0
2026-06-29T19:40:00.000Z,"277","8",16,0,0
2026-06-29T19:50:00.000Z,"300","8",16,0,0
2026-06-29T20:00:00.000Z,"290","8",16,0,0
2026-06-29T20:10:00.000Z,"274","8",16,0,0
2026-06-29T20:20:00.000Z,"293","8",16,0,0
2026-06-29T20:30:00.000Z,"289","8",16,0,0
2026-06-29T20:40:00.000Z,"291","8",16,0,0
2026-06-29T20:50:00.000Z,"292","8",16,0,0
2026-06-29T21:00:00.000Z,"292","8",16,0,0
2026-06-29T21:10:00.000Z,"298","8",16,0,0
2026-06-29T21:20:00.000Z,"293","8",16,0,0
2026-06-29T21:30:00.000Z,"297","8",16,0,0
2026-06-29T21:40:00.000Z,"295","8",16,0,0
2026-06-29T21:50:00.000Z,"295","8",16,0,0
2026-06-29T22:00:00.000Z,"289","8",16,0,0
2026-06-29T22:10:00.000Z,"293","8",16,0,0
2026-06-29T22:20:00.000Z,"293","8",16,0,0
2026-06-29T22:30:00.000Z,"296","8",16,0,0
2026-06-29T22:40:00.000Z,"295","8",16,0,0
2026-06-29T22:50:00.000Z,"299","8",16,0,0
2026-06-29T23:00:00.000Z,"294","8",16,0,0
2026-06-29T23:10:00.000Z,"288","8",16,0,0
2026-06-29T23:20:00.000Z,"284","8",16,0,0
2026-06-29T23:30:00.000Z,"276","8",16,0,0
2026-06-29T23:40:00.000Z,"274","8",16,0,0
2026-06-29T23:50:00.000Z,"273","8",16,0,0
2026-06-30T00:00:00.000Z,"274","8",16,0,0
2026-06-30T00:10:00.000Z,"270","8",16,0,0
2026-06-30T00:20:00.000Z,"262","8",16,0,0
2026-06-30T00:30:00.000Z,"257","8",16,0,0
2026-06-30T00:40:00.000Z,"251","8",16,0,0
2026-06-30T00:50:00.000Z,"257","8",16,0,0
2026-06-30T01:00:00.000Z,"247","8",16,0,0
2026-06-30T01:10:00.000Z,"256","8",16,0,0
2026-06-30T01:20:00.000Z,"254","8",16,0,0
2026-06-30T01:30:00.000Z,"254","8",16,0,0
2026-06-30T01:40:00.000Z,"248","8",16,0,0
2026-06-30T01:50:00.000Z,"244","8",16,0,0
2026-06-30T02:00:00.000Z,"236","8",16,0,0
2026-06-30T02:10:00.000Z,"226","8",16,0,0
2026-06-30T02:20:00.000Z,"226","8",16,0,0
2026-06-30T02:30:00.000Z,"219","8",16,0,0
2026-06-30T02:40:00.000Z,"219","8",16,0,0
2026-06-30T02:50:00.000Z,"218","8",16,0,0
2026-06-30T03:00:00.000Z,"219","8",16,0,0
2026-06-30T03:10:00.000Z,"219","8",16,0,0
2026-06-30T03:20:00.000Z,"218","8",16,0,0
2026-06-30T03:30:00.000Z,"216","8",16,0,0
2026-06-30T03:40:00.000Z,"214","8",16,0,0
2026-06-30T03:50:00.000Z,"207","8",16,0,0
2026-06-30T04:00:00.000Z,"204","8",16,0,0
2026-06-30T04:10:00.000Z,"201","8",16,0,0
2026-06-30T04:20:00.000Z,"203","8",16,0,0
2026-06-30T04:30:00.000Z,"202","8",16,0,0
2026-06-30T04:40:00.000Z,"203","8",16,0,0
2026-06-30T04:50:00.000Z,"201","8",16,0,0
2026-06-30T05:00:00.000Z,"231","8",16,0,0
2026-06-30T05:10:00.000Z,"207","8",16,0,0
2026-06-30T05:20:00.000Z,"211","8",16,0,0
2026-06-30T05:30:00.000Z,"205","8",16,0,0
2026-06-30T05:40:00.000Z,"211","8",16,0,0
2026-06-30T05:50:00.000Z,"211","8",16,0,0
2026-06-30T06:00:00.000Z,"212","8",16,0,0
2026-06-30T06:10:00.000Z,"210","8",16,0,0
2026-06-30T06:20:00.000Z,"207","8",16,0,0
2026-06-30T06:30:00.000Z,"213","8",16,0,0
2026-06-30T06:40:00.000Z,"211","8",16,0,0
2026-06-30T06:50:00.000Z,"213","8",16,0,0
2026-06-30T07:00:00.000Z,"216","8",16,0,0
2026-06-30T07:10:00.000Z,"234","8",16,0,0
2026-06-30T07:20:00.000Z,"237","8",16,0,0
2026-06-30T07:30:00.000Z,"242","8",16,0,0
2026-06-30T07:40:00.000Z,"246","8",16,0,0
2026-06-30T07:50:00.000Z,"246","8",16,0,0
2026-06-30T08:00:00.000Z,"246","8",16,0,0
2026-06-30T08:10:00.000Z,"246","8",16,0,0
2026-06-30T08:20:00.000Z,"249","8",16,0,0
2026-06-30T08:30:00.000Z,"248","8",16,0,0
2026-06-30T08:40:00.000Z,"249","8",16,0,0
2026-06-30T08:50:00.000Z,"240","8",16,0,0
2026-06-30T09:00:00.000Z,"239","8",16,0,0
2026-06-30T09:10:00.000Z,"234","8",16,0,0
2026-06-30T09:20:00.000Z,"258","8",16,0,0
2026-06-30T09:30:00.000Z,"248","8",16,0,0
2026-06-30T09:40:00.000Z,"248","8",16,0,0
2026-06-30T09:50:00.000Z,"236","8",16,0,0
2026-06-30T10:00:00.000Z,"234","8",16,0,0
2026-06-30T10:10:00.000Z,"231","8",16,0,0
2026-06-30T10:20:00.000Z,"231","8",16,0,0
2026-06-30T10:30:00.000Z,"260","8",16,0,0
2026-06-30T10:40:00.000Z,"243","8",16,0,0
2026-06-30T10:50:00.000Z,"249","8",16,0,0
2026-06-30T11:00:00.000Z,"241","8",16,0,0
2026-06-30T11:10:00.000Z,"234","8",16,0,0
2026-06-30T11:20:00.000Z,"231","8",16,0,0
2026-06-30T11:30:00.000Z,"233","8",16,0,0
2026-06-30T11:40:00.000Z,"231","8",16,0,0
2026-06-30T11:50:00.000Z,"242","8",16,0,0
2026-06-30T12:00:00.000Z,"257","8",16,0,0
2026-06-30T12:10:00.000Z,"243","8",16,0,0
2026-06-30T12:20:00.000Z,"253","8",16,0,0
2026-06-30T12:30:00.000Z,"165","8",16,0,0
2026-06-30T12:40:00.000Z,"254","8",16,0,0
2026-06-30T12:50:00.000Z,"263","8",16,0,0
2026-06-30T13:00:00.000Z,"266","8",16,0,0
2026-06-30T13:10:00.000Z,"278","8",16,0,0
2026-06-30T13:20:00.000Z,"272","8",16,0,0
2026-06-30T13:30:00.000Z,"268","8",16,0,0
2026-06-30T13:40:00.000Z,"276","8",16,0,0
2026-06-30T13:50:00.000Z,"298","8",16,0,0
2026-06-30T14:00:00.000Z,"290","8",16,0,0
2026-06-30T14:10:00.000Z,"257","8",16,0,0
2026-06-30T14:20:00.000Z,"282","8",16,0,0
2026-06-30T14:30:00.000Z,"280","8",16,0,0
2026-06-30T14:40:00.000Z,"273","8",16,0,0
2026-06-30T14:50:00.000Z,"276","8",16,0,0
2026-06-30T15:00:00.000Z,"270","8",16,0,0
2026-06-30T15:10:00.000Z,"296","8",16,0,0
2026-06-30T15:20:00.000Z,"287","8",16,0,0
2026-06-30T15:30:00.000Z,"280","8",16,0,0
2026-06-30T15:40:00.000Z,"271","8",16,0,0
2026-06-30T15:50:00.000Z,"193","8",16,0,0
2026-06-30T16:00:00.000Z,"271","8",16,0,0
2026-06-30T16:10:00.000Z,"269","8",16,0,0
2026-06-30T16:20:00.000Z,"213","8",16,0,0
2026-06-30T16:30:00.000Z,"270","8",16,0,0
2026-06-30T16:40:00.000Z,"267","8",16,0,0
2026-06-30T16:50:00.000Z,"280","8",16,0,0
2026-06-30T17:00:00.000Z,"256","8",16,0,0
2026-06-30T17:10:00.000Z,"191","8",16,0,0
2026-06-30T17:20:00.000Z,"255","8",16,0,0
2026-06-30T17:30:00.000Z,"260","8",16,0,0
2026-06-30T17:40:00.000Z,"276","8",16,0,0
2026-06-30T17:50:00.000Z,"257","8",16,0,0
2026-06-30T18:00:00.000Z,"256","8",16,0,0
2026-06-30T18:10:00.000Z,"251","8",16,0,0
2026-06-30T18:20:00.000Z,"270","8",16,0,0
2026-06-30T18:30:00.000Z,"258","8",16,0,0
2026-06-30T18:40:00.000Z,"245","8",16,0,0
2026-06-30T18:50:00.000Z,"250","8",16,0,0
2026-06-30T19:00:00.000Z,"260","8",16,0,0
2026-06-30T19:10:00.000Z,"258","8",16,0,0
2026-06-30T19:20:00.000Z,"264","8",16,0,0
2026-06-30T19:30:00.000Z,"256","8",16,0,0
2026-06-30T19:40:00.000Z,"263","8",16,0,0
2026-06-30T19:50:00.000Z,"260","8",16,0,0
2026-06-30T20:00:00.000Z,"268","8",16,0,0
2026-06-30T20:10:00.000Z,"270","8",16,0,0
2026-06-30T20:20:00.000Z,"270","8",16,0,0
2026-06-30T20:30:00.000Z,"282","8",16,0,0
2026-06-30T20:40:00.000Z,"286","8",16,0,0
2026-06-30T20:50:00.000Z,"281","8",16,0,0
2026-06-30T21:00:00.000Z,"274","8",16,0,0
2026-06-30T21:10:00.000Z,"289","8",16,0,0
2026-06-30T21:20:00.000Z,"287","8",16,0,0
2026-06-30T21:30:00.000Z,"289","8",16,0,0
2026-06-30T21:40:00.000Z,"263","8",16,0,0
2026-06-30T21:50:00.000Z,"245","8",16,0,0
2026-06-30T22:00:00.000Z,"288","8",16,0,0
2026-06-30T22:10:00.000Z,"286","8",16,0,0
2026-06-30T22:20:00.000Z,"269","8",16,0,0
2026-06-30T22:30:00.000Z,"289","8",16,0,0
2026-06-30T22:40:00.000Z,"294","8",16,0,0
2026-06-30T22:50:00.000Z,"293","8",16,0,0
2026-06-30T23:00:00.000Z,"289","8",16,0,0
2026-06-30T23:10:00.000Z,"295","8",16,0,0
2026-06-30T23:20:00.000Z,"295","8",16,0,0
2026-06-30T23:30:00.000Z,"294","8",16,0,0
2026-06-30T23:40:00.000Z,"297","8",16,0,0
2026-06-30T23:50:00.000Z,"292","8",16,0,0
2026-07-01T00:00:00.000Z,"304","8",16,0,0
2026-07-01T00:10:00.000Z,"316","8",16,0,0
2026-07-01T00:20:00.000Z,"309","8",16,0,0
2026-07-01T00:30:00.000Z,"303","8",16,0,0
2026-07-01T00:40:00.000Z,"302","8",16,0,0
2026-07-01T00:50:00.000Z,"293","8",16,0,0
2026-07-01T01:00:00.000Z,"289","8",16,0,0
2026-07-01T01:10:00.000Z,"289","8",16,0,0
2026-07-01T01:20:00.000Z,"296","8",16,0,0
2026-07-01T01:30:00.000Z,"301","8",16,0,0
2026-07-01T01:40:00.000Z,"295","8",16,0,0
2026-07-01T01:50:00.000Z,"292","8",16,0,0
2026-07-01T02:00:00.000Z,"292","8",16,0,0
2026-07-01T02:10:00.000Z,"298","8",16,0,0
2026-07-01T02:20:00.000Z,"298","8",16,0,0
2026-07-01T02:30:00.000Z,"301","8",16,0,0
2026-07-01T02:40:00.000Z,"305","8",16,0,0
2026-07-01T02:50:00.000Z,"308","8",16,0,0
2026-07-01T03:00:00.000Z,"312","8",16,0,0
2026-07-01T03:10:00.000Z,"320","8",16,0,0
2026-07-01T03:20:00.000Z,"323","8",16,0,0
2026-07-01T03:30:00.000Z,"330","8",16,0,0
2026-07-01T03:40:00.000Z,"324","8",16,0,0
2026-07-01T03:50:00.000Z,"305","8",16,0,0
2026-07-01T04:00:00.000Z,"187","8",16,0,0
2026-07-01T04:10:00.000Z,"286","8",16,0,0
2026-07-01T04:20:00.000Z,"296","8",16,0,0
2026-07-01T04:30:00.000Z,"298","8",16,0,0
2026-07-01T04:40:00.000Z,"293","8",16,0,0
2026-07-01T04:50:00.000Z,"302","8",16,0,0
2026-07-01T05:00:00.000Z,"293","8",16,0,0
2026-07-01T05:10:00.000Z,"279","8",16,0,0
2026-07-01T05:20:00.000Z,"269","8",16,0,0
2026-07-01T05:30:00.000Z,"270","8",16,0,0
2026-07-01T05:40:00.000Z,"271","8",16,0,0
2026-07-01T05:50:00.000Z,"263","8",16,0,0
2026-07-01T06:00:00.000Z,"264","8",16,0,0
2026-07-01T06:10:00.000Z,"266","8",16,0,0
2026-07-01T06:20:00.000Z,"266","8",16,0,0
2026-07-01T06:30:00.000Z,"266","8",16,0,0
2026-07-01T06:40:00.000Z,"202","8",16,0,0
2026-07-01T06:50:00.000Z,"266","8",16,0,0
2026-07-01T07:00:00.000Z,"264","8",16,0,0
2026-07-01T07:10:00.000Z,"266","8",16,0,0
2026-07-01T07:20:00.000Z,"257","8",16,0,0
2026-07-01T07:30:00.000Z,"264","8",16,0,0
2026-07-01T07:40:00.000Z,"262","8",16,0,0
2026-07-01T07:50:00.000Z,"264","8",16,0,0
2026-07-01T08:00:00.000Z,"263","8",16,0,0
2026-07-01T08:10:00.000Z,"251","8",16,0,0
2026-07-01T08:20:00.000Z,"258","8",16,0,0
2026-07-01T08:30:00.000Z,"257","8",16,0,0
2026-07-01T08:40:00.000Z,"260","8",16,0,0
2026-07-01T08:50:00.000Z,"282","8",16,0,0
2026-07-01T09:00:00.000Z,"256","8",16,0,0
2026-07-01T09:10:00.000Z,"261","8",16,0,0
2026-07-01T09:20:00.000Z,"241","8",16,0,0
2026-07-01T09:30:00.000Z,"262","8",16,0,0
2026-07-01T09:40:00.000Z,"241","8",16,0,0
2026-07-01T09:50:00.000Z,"231","8",16,0,0
2026-07-01T10:00:00.000Z,"224","8",16,0,0
2026-07-01T10:10:00.000Z,"226","8",16,0,0
2026-07-01T10:20:00.000Z,"221","8",16,0,0
2026-07-01T10:30:00.000Z,"216","8",16,0,0
2026-07-01T10:40:00.000Z,"211","8",16,0,0
2026-07-01T10:50:00.000Z,"209","8",16,0,0
2026-07-01T11:00:00.000Z,"204","8",16,0,0
2026-07-01T11:10:00.000Z,"206","8",16,0,0
2026-07-01T11:20:00.000Z,"186","8",16,0,0
2026-07-01T11:30:00.000Z,"195","8",16,0,0
2026-07-01T11:40:00.000Z,"188","8",16,0,0
2026-07-01T11:50:00.000Z,"199","8",16,0,0
2026-07-01T12:00:00.000Z,"181","8",16,0,0
2026-07-01T12:10:00.000Z,"221","8",16,0,0
2026-07-01T12:20:00.000Z,"191","8",16,0,0
2026-07-01T12:30:00.000Z,"199","8",16,0,0
2026-07-01T12:40:00.000Z,"190","8",16,0,0
2026-07-01T12:50:00.000Z,"194","8",16,0,0
2026-07-01T13:00:00.000Z,"194","8",16,0,0
2026-07-01T13:10:00.000Z,"199","8",16,0,0
2026-07-01T13:20:00.000Z,"201","8",16,0,0
2026-07-01T13:30:00.000Z,"211","8",16,0,0
2026-07-01T13:40:00.000Z,"211","8",16,0,0
2026-07-01T13:50:00.000Z,"216","8",16,0,0
2026-07-01T14:00:00.000Z,"160","8",16,0,0
2026-07-01T14:10:00.000Z,"209","8",16,0,0
2026-07-01T14:20:00.000Z,"214","8",16,0,0
2026-07-01T14:30:00.000Z,"221","8",16,0,0
2026-07-01T14:40:00.000Z,"224","8",16,0,0
2026-07-01T14:50:00.000Z,"257","8",16,0,0
2026-07-01T15:00:00.000Z,"249","8",16,0,0
2026-07-01T15:10:00.000Z,"261","8",16,0,0
2026-07-01T15:20:00.000Z,"239","8",16,0,0
2026-07-01T15:30:00.000Z,"259","8",16,0,0
2026-07-01T15:40:00.000Z,"260","8",16,0,0
2026-07-01T15:50:00.000Z,"264","8",16,0,0
2026-07-01T16:00:00.000Z,"270","8",16,0,0
2026-07-01T16:10:00.000Z,"293","8",16,0,0
2026-07-01T16:20:00.000Z,"288","8",16,0,0
2026-07-01T16:30:00.000Z,"239","8",16,0,0
2026-07-01T16:40:00.000Z,"291","8",16,0,0
2026-07-01T16:50:00.000Z,"290","8",16,0,0
2026-07-01T17:00:00.000Z,"310","8",16,0,0
2026-07-01T17:10:00.000Z,"334","8",16,0,0
2026-07-01T17:20:00.000Z,"328","8",16,0,0
2026-07-01T17:30:00.000Z,"338","8",16,0,0
2026-07-01T17:40:00.000Z,"349","8",16,0,0
2026-07-01T17:50:00.000Z,"346","8",16,0,0
2026-07-01T18:00:00.000Z,"339","8",16,0,0
2026-07-01T18:10:00.000Z,"341","8",16,0,0
2026-07-01T18:20:00.000Z,"336","8",16,0,0
2026-07-01T18:30:00.000Z,"333","8",16,0,0
2026-07-01T18:40:00.000Z,"336","8",16,0,0
2026-07-01T18:50:00.000Z,"328","8",16,0,0
2026-07-01T19:00:00.000Z,"320","8",16,0,0
2026-07-01T19:10:00.000Z,"322","8",16,0,0
2026-07-01T19:20:00.000Z,"328","8",16,0,0
2026-07-01T19:30:00.000Z,"316","8",16,0,0
2026-07-01T19:40:00.000Z,"284","8",16,0,0
2026-07-01T19:50:00.000Z,"308","8",16,0,0
2026-07-01T20:00:00.000Z,"303","8",16,0,0
2026-07-01T20:10:00.000Z,"305","8",16,0,0
2026-07-01T20:20:00.000Z,"298","8",16,0,0
2026-07-01T20:30:00.000Z,"303","8",16,0,0
2026-07-01T20:40:00.000Z,"304","8",16,0,0
2026-07-01T20:50:00.000Z,"303","8",16,0,0
2026-07-01T21:00:00.000Z,"296","8",16,0,0
2026-07-01T21:10:00.000Z,"294","8",16,0,0
2026-07-01T21:20:00.000Z,"288","8",16,0,0
2026-07-01T21:30:00.000Z,"288","8",16,0,0
2026-07-01T21:40:00.000Z,"281","8",16,0,0
2026-07-01T21:50:00.000Z,"301","8",16,0,0
2026-07-01T22:00:00.000Z,"286","8",16,0,0
2026-07-01T22:10:00.000Z,"281","8",16,0,0
2026-07-01T22:20:00.000Z,"275","8",16,0,0
2026-07-01T22:30:00.000Z,"284","8",16,0,0
2026-07-01T22:40:00.000Z,"277","8",16,0,0
2026-07-01T22:50:00.000Z,"279","8",16,0,0
2026-07-01T23:00:00.000Z,"269","8",16,0,0
2026-07-01T23:10:00.000Z,"269","8",16,0,0
2026-07-01T23:20:00.000Z,"268","8",16,0,0
2026-07-01T23:30:00.000Z,"267","8",16,0,0
2026-07-01T23:40:00.000Z,"265","8",16,0,0
2026-07-01T23:50:00.000Z,"265","8",16,0,0
2026-07-02T00:00:00.000Z,"265","8",16,0,0
2026-07-02T00:10:00.000Z,"259","8",16,0,0
2026-07-02T00:20:00.000Z,"263","8",16,0,0
2026-07-02T00:30:00.000Z,"261","8",16,0,0
2026-07-02T00:40:00.000Z,"260","8",16,0,0
2026-07-02T00:50:00.000Z,"261","8",16,0,0
2026-07-02T01:00:00.000Z,"258","8",16,0,0
2026-07-02T01:10:00.000Z,"255","8",16,0,0
2026-07-02T01:20:00.000Z,"259","8",16,0,0
2026-07-02T01:30:00.000Z,"259","8",16,0,0
2026-07-02T01:40:00.000Z,"260","8",16,0,0
2026-07-02T01:50:00.000Z,"260","8",16,0,0
2026-07-02T02:00:00.000Z,"259","8",16,0,0
2026-07-02T02:10:00.000Z,"259","8",16,0,0
2026-07-02T02:20:00.000Z,"254","8",16,0,0
2026-07-02T02:30:00.000Z,"263","8",16,0,0
2026-07-02T02:40:00.000Z,"258","8",16,0,0
2026-07-02T02:50:00.000Z,"249","8",16,0,0
2026-07-02T03:00:00.000Z,"248","8",16,0,0
2026-07-02T03:10:00.000Z,"231","8",16,0,0
2026-07-02T03:20:00.000Z,"241","8",16,0,0
2026-07-02T03:30:00.000Z,"239","8",16,0,0
2026-07-02T03:40:00.000Z,"239","8",16,0,0
2026-07-02T03:50:00.000Z,"244","8",16,0,0
2026-07-02T04:00:00.000Z,"244","8",16,0,0
2026-07-02T04:10:00.000Z,"246","8",16,0,0
2026-07-02T04:20:00.000Z,"248","8",16,0,0
2026-07-02T04:30:00.000Z,"249","8",16,0,0
2026-07-02T04:40:00.000Z,"249","8",16,0,0
2026-07-02T04:50:00.000Z,"249","8",16,0,0
2026-07-02T05:00:00.000Z,"244","8",16,0,0
2026-07-02T05:10:00.000Z,"239","8",16,0,0
2026-07-02T05:20:00.000Z,"241","8",16,0,0
2026-07-02T05:30:00.000Z,"239","8",16,0,0
2026-07-02T05:40:00.000Z,"238","8",16,0,0
2026-07-02T05:50:00.000Z,"237","8",16,0,0
2026-07-02T06:00:00.000Z,"237","8",16,0,0
2026-07-02T06:10:00.000Z,"259","8",16,0,0
2026-07-02T06:20:00.000Z,"241","8",16,0,0
2026-07-02T06:30:00.000Z,"244","8",16,0,0
2026-07-02T06:40:00.000Z,"239","8",16,0,0
2026-07-02T06:50:00.000Z,"237","8",16,0,0
2026-07-02T07:00:00.000Z,"261","8",16,0,0
2026-07-02T07:10:00.000Z,"249","8",16,0,0
2026-07-02T07:20:00.000Z,"241","8",16,0,0
2026-07-02T07:30:00.000Z,"246","8",16,0,0
2026-07-02T07:40:00.000Z,"246","8",16,0,0
2026-07-02T07:50:00.000Z,"248","8",16,0,0
2026-07-02T08:00:00.000Z,"269","8",16,0,0
2026-07-02T08:10:00.000Z,"259","8",16,0,0
2026-07-02T08:20:00.000Z,"261","8",16,0,0
2026-07-02T08:30:00.000Z,"251","8",16,0,0
2026-07-02T08:40:00.000Z,"259","8",16,0,0
2026-07-02T08:50:00.000Z,"254","8",16,0,0
2026-07-02T09:00:00.000Z,"246","8",16,0,0
2026-07-02T09:10:00.000Z,"248","8",16,0,0
2026-07-02T09:20:00.000Z,"246","8",16,0,0
2026-07-02T09:30:00.000Z,"251","8",16,0,0
2026-07-02T09:40:00.000Z,"274","8",16,0,0
2026-07-02T09:50:00.000Z,"261","8",16,0,0
2026-07-02T10:00:00.000Z,"264","8",16,0,0
2026-07-02T10:10:00.000Z,"261","8",16,0,0
2026-07-02T10:20:00.000Z,"259","8",16,0,0
2026-07-02T10:30:00.000Z,"261","8",16,0,0
2026-07-02T10:40:00.000Z,"263","8",16,0,0
2026-07-02T10:50:00.000Z,"252","8",16,0,0
2026-07-02T11:00:00.000Z,"254","8",16,0,0
2026-07-02T11:10:00.000Z,"246","8",16,0,0
2026-07-02T11:20:00.000Z,"251","8",16,0,0
2026-07-02T11:30:00.000Z,"252","8",16,0,0
2026-07-02T11:40:00.000Z,"241","8",16,0,0
2026-07-02T11:50:00.000Z,"251","8",16,0,0
2026-07-02T12:00:00.000Z,"254","8",16,0,0
2026-07-02T12:10:00.000Z,"278","8",16,0,0
2026-07-02T12:20:00.000Z,"259","8",16,0,0
2026-07-02T12:30:00.000Z,"259","8",16,0,0
2026-07-02T12:40:00.000Z,"254","8",16,0,0
2026-07-02T12:50:00.000Z,"252","8",16,0,0
2026-07-02T13:00:00.000Z,"252","8",16,0,0
2026-07-02T13:10:00.000Z,"252","8",16,0,0
2026-07-02T13:20:00.000Z,"252","8",16,0,0
2026-07-02T13:30:00.000Z,"249","8",16,0,0
2026-07-02T13:40:00.000Z,"251","8",16,0,0
2026-07-02T13:50:00.000Z,"234","8",16,0,0
2026-07-02T14:00:00.000Z,"229","8",16,0,0
2026-07-02T14:10:00.000Z,"216","8",16,0,0
2026-07-02T14:20:00.000Z,"216","8",16,0,0
2026-07-02T14:30:00.000Z,"206","8",16,0,0
2026-07-02T14:40:00.000Z,"206","8",16,0,0
2026-07-02T14:50:00.000Z,"196","8",16,0,0
2026-07-02T15:00:00.000Z,"185","8",16,0,0
2026-07-02T15:10:00.000Z,"168","8",16,0,0
2026-07-02T15:20:00.000Z,"175","8",16,0,0
2026-07-02T15:30:00.000Z,"173","8",16,0,0
2026-07-02T15:40:00.000Z,"184","8",16,0,0
2026-07-02T15:50:00.000Z,"164","8",16,0,0
2026-07-02T16:00:00.000Z,"159","8",16,0,0
2026-07-02T16:10:00.000Z,"62","8",16,0,0
2026-07-02T16:20:00.000Z,"157","8",16,0,0
2026-07-02T16:30:00.000Z,"140","8",16,0,0
2026-07-02T16:40:00.000Z,"122","8",16,0,0
2026-07-02T16:50:00.000Z,"128","8",16,0,0
2026-07-02T17:00:00.000Z,"134","8",16,0,0
2026-07-02T17:10:00.000Z,"128","8",16,0,0
2026-07-02T17:20:00.000Z,"126","8",16,0,0
2026-07-02T17:30:00.000Z,"126","8",16,0,0
2026-07-02T17:40:00.000Z,"137","8",16,0,0
2026-07-02T17:50:00.000Z,"139","8",16,0,0
2026-07-02T18:00:00.000Z,"163","8",16,0,0
2026-07-02T18:10:00.000Z,"149","8",16,0,0
2026-07-02T18:20:00.000Z,"143","8",16,0,0
2026-07-02T18:30:00.000Z,"142","8",16,0,0
2026-07-02T18:40:00.000Z,"143","8",16,0,0
2026-07-02T18:50:00.000Z,"144","8",16,0,0
2026-07-02T19:00:00.000Z,"6","8",16,0,0
2026-07-02T19:10:00.000Z,"135","8",16,0,0
2026-07-02T19:20:00.000Z,"157","8",16,0,0
2026-07-02T19:30:00.000Z,"160","8",16,0,0
2026-07-02T19:40:00.000Z,"166","8",16,0,0
2026-07-02T19:50:00.000Z,"114","8",16,0,0
2026-07-02T20:00:00.000Z,"163","8",16,0,0
2026-07-02T20:10:00.000Z,"170","8",16,0,0
2026-07-02T20:20:00.000Z,"174","8",16,0,0
2026-07-02T20:30:00.000Z,"176","8",16,0,0
2026-07-02T20:40:00.000Z,"183","8",16,0,0
2026-07-02T20:50:00.000Z,"186","8",16,0,0
2026-07-02T21:00:00.000Z,"204","8",16,0,0
2026-07-02T21:10:00.000Z,"206","8",16,0,0
2026-07-02T21:20:00.000Z,"198","8",16,0,0
2026-07-02T21:30:00.000Z,"164","8",16,0,0
2026-07-02T21:40:00.000Z,"201","8",16,0,0
2026-07-02T21:50:00.000Z,"204","8",16,0,0
2026-07-02T22:00:00.000Z,"206","8",16,0,0
2026-07-02T22:10:00.000Z,"209","8",16,0,0
2026-07-02T22:20:00.000Z,"214","8",16,0,0
2026-07-02T22:30:00.000Z,"211","8",16,0,0
2026-07-02T22:40:00.000Z,"216","8",16,0,0
2026-07-02T22:50:00.000Z,"221","8",16,0,0
2026-07-02T23:00:00.000Z,"234","8",16,0,0
2026-07-02T23:10:00.000Z,"234","8",16,0,0
2026-07-02T23:20:00.000Z,"230","8",16,0,0
2026-07-02T23:30:00.000Z,"224","8",16,0,0
2026-07-02T23:40:00.000Z,"232","8",16,0,0
2026-07-02T23:50:00.000Z,"234","8",16,0,0
2026-07-03T00:00:00.000Z,"236","8",16,0,0
2026-07-03T00:10:00.000Z,"234","8",16,0,0
2026-07-03T00:20:00.000Z,"236","8",16,0,0
2026-07-03T00:30:00.000Z,"244","8",16,0,0
2026-07-03T00:40:00.000Z,"246","8",16,0,0
2026-07-03T00:50:00.000Z,"248","8",16,0,0
2026-07-03T01:00:00.000Z,"246","8",16,0,0
2026-07-03T01:10:00.000Z,"249","8",16,0,0
2026-07-03T01:20:00.000Z,"249","8",16,0,0
2026-07-03T01:30:00.000Z,"253","8",16,0,0
2026-07-03T01:40:00.000Z,"254","8",16,0,0
2026-07-03T01:50:00.000Z,"249","8",16,0,0
2026-07-03T02:00:00.000Z,"243","8",16,0,0
2026-07-03T02:10:00.000Z,"241","8",16,0,0
2026-07-03T02:20:00.000Z,"242","8",16,0,0
2026-07-03T02:30:00.000Z,"241","8",16,0,0
2026-07-03T02:40:00.000Z,"244","8",16,0,0
2026-07-03T02:50:00.000Z,"246","8",16,0,0
2026-07-03T03:00:00.000Z,"249","8",16,0,0
2026-07-03T03:10:00.000Z,"248","8",16,0,0
2026-07-03T03:20:00.000Z,"249","8",16,0,0
2026-07-03T03:30:00.000Z,"251","8",16,0,0
2026-07-03T03:40:00.000Z,"249","8",16,0,0
2026-07-03T03:50:00.000Z,"254","8",16,0,0
2026-07-03T04:00:00.000Z,"234","8",16,0,0
2026-07-03T04:10:00.000Z,"211","8",16,0,0
2026-07-03T04:20:00.000Z,"228","8",16,0,0
2026-07-03T04:30:00.000Z,"226","8",16,0,0
2026-07-03T04:40:00.000Z,"221","8",16,0,0
2026-07-03T04:50:00.000Z,"219","8",16,0,0
2026-07-03T05:00:00.000Z,"236","8",16,0,0
2026-07-03T05:10:00.000Z,"224","8",16,0,0
2026-07-03T05:20:00.000Z,"221","8",16,0,0
2026-07-03T05:30:00.000Z,"27","8",16,0,0
2026-07-03T05:40:00.000Z,"154","8",16,0,0
2026-07-03T05:50:00.000Z,"203","8",16,0,0
2026-07-03T06:00:00.000Z,"212","8",16,0,0
2026-07-03T06:10:00.000Z,"202","8",16,0,0
2026-07-03T06:20:00.000Z,"197","8",16,0,0
2026-07-03T06:30:00.000Z,"195","8",16,0,0
2026-07-03T06:40:00.000Z,"201","8",16,0,0
2026-07-03T06:50:00.000Z,"191","8",16,0,0
2026-07-03T07:00:00.000Z,"183","8",16,0,0
2026-07-03T07:10:00.000Z,"173","8",16,0,0
2026-07-03T07:20:00.000Z,"171","8",16,0,0
2026-07-03T07:30:00.000Z,"173","8",16,0,0
2026-07-03T07:40:00.000Z,"170","8",16,0,0
2026-07-03T07:50:00.000Z,"166","8",16,0,0
2026-07-03T08:00:00.000Z,"171","8",16,0,0
2026-07-03T08:10:00.000Z,"192","8",16,0,0
2026-07-03T08:20:00.000Z,"173","8",16,0,0
2026-07-03T08:30:00.000Z,"170","8",16,0,0
2026-07-03T08:40:00.000Z,"161","8",16,0,0
2026-07-03T08:50:00.000Z,"155","8",16,0,0
2026-07-03T09:00:00.000Z,"157","8",16,0,0
2026-07-03T09:10:00.000Z,"158","8",16,0,0
2026-07-03T09:20:00.000Z,"155","8",16,0,0
2026-07-03T09:30:00.000Z,"157","8",16,0,0
2026-07-03T09:40:00.000Z,"158","8",16,0,0
2026-07-03T09:50:00.000Z,"160","8",16,0,0
2026-07-03T10:00:00.000Z,"156","8",16,0,0
2026-07-03T10:10:00.000Z,"151","8",16,0,0
2026-07-03T10:20:00.000Z,"153","8",16,0,0
2026-07-03T10:30:00.000Z,"154","8",16,0,0
2026-07-03T10:40:00.000Z,"150","8",16,0,0
2026-07-03T10:50:00.000Z,"148","8",16,0,0
2026-07-03T11:00:00.000Z,"150","8",16,0,0
2026-07-03T11:10:00.000Z,"149","8",16,0,0
2026-07-03T11:20:00.000Z,"150","8",16,0,0
2026-07-03T11:30:00.000Z,"161","8",16,0,0
2026-07-03T11:40:00.000Z,"153","8",16,0,0
2026-07-03T11:50:00.000Z,"103","8",16,0,0
2026-07-03T12:00:00.000Z,"138","8",16,0,0
2026-07-03T12:10:00.000Z,"151","8",16,0,0
2026-07-03T12:20:00.000Z,"134","8",16,0,0
2026-07-03T12:30:00.000Z,"127","8",16,0,0
2026-07-03T12:40:00.000Z,"118","8",16,0,0
2026-07-03T12:50:00.000Z,"60","8",16,0,0
2026-07-03T13:00:00.000Z,"148","8",16,0,0
2026-07-03T13:10:00.000Z,"170","8",16,0,0
2026-07-03T13:20:00.000Z,"172","8",16,0,0
2026-07-03T13:30:00.000Z,"179","8",16,0,0
2026-07-03T13:40:00.000Z,"184","8",16,0,0
2026-07-03T13:50:00.000Z,"21","8",16,0,0
2026-07-03T14:00:00.000Z,"113","8",16,0,0
2026-07-03T14:10:00.000Z,"209","8",16,0,0
2026-07-03T14:20:00.000Z,"116","8",16,0,0
2026-07-03T14:30:00.000Z,"216","8",16,0,0
2026-07-03T14:40:00.000Z,"218","8",16,0,0
2026-07-03T14:50:00.000Z,"219","8",16,0,0
2026-07-03T15:00:00.000Z,"224","8",16,0,0
2026-07-03T15:10:00.000Z,"233","8",16,0,0
2026-07-03T15:20:00.000Z,"240","8",16,0,0
2026-07-03T15:30:00.000Z,"245","8",16,0,0
2026-07-03T15:40:00.000Z,"252","8",16,0,0
2026-07-03T15:50:00.000Z,"234","8",16,0,0
2026-07-03T16:00:00.000Z,"258","8",16,0,0
2026-07-03T16:10:00.000Z,"247","8",16,0,0
2026-07-03T16:20:00.000Z,"263","8",16,0,0
2026-07-03T16:30:00.000Z,"265","8",16,0,0
2026-07-03T16:40:00.000Z,"297","8",16,0,0
2026-07-03T16:50:00.000Z,"280","8",16,0,0
2026-07-03T17:00:00.000Z,"288","8",16,0,0
2026-07-03T17:10:00.000Z,"209","8",16,0,0
2026-07-03T17:20:00.000Z,"219","8",16,0,0
2026-07-03T17:30:00.000Z,"284","8",16,0,0
2026-07-03T17:40:00.000Z,"298","8",16,0,0
2026-07-03T17:50:00.000Z,"294","8",16,0,0
2026-07-03T18:00:00.000Z,"274","8",16,0,0
2026-07-03T18:10:00.000Z,"308","8",16,0,0
2026-07-03T18:20:00.000Z,"308","8",16,0,0
2026-07-03T18:30:00.000Z,"308","8",16,0,0
2026-07-03T18:40:00.000Z,"310","8",16,0,0
2026-07-03T18:50:00.000Z,"308","8",16,0,0
2026-07-03T19:00:00.000Z,"310","8",16,0,0
2026-07-03T19:10:00.000Z,"334","8",16,0,0
2026-07-03T19:20:00.000Z,"339","8",16,0,0
2026-07-03T19:30:00.000Z,"334","8",16,0,0
2026-07-03T19:40:00.000Z,"341","8",16,0,0
2026-07-03T19:50:00.000Z,"328","8",16,0,0
2026-07-03T20:00:00.000Z,"296","8",16,0,0
2026-07-03T20:10:00.000Z,"326","8",16,0,0
2026-07-03T20:20:00.000Z,"336","8",16,0,0
2026-07-03T20:30:00.000Z,"334","8",16,0,0
2026-07-03T20:40:00.000Z,"333","8",16,0,0
2026-07-03T20:50:00.000Z,"326","8",16,0,0
2026-07-03T21:00:00.000Z,"320","8",16,0,0
2026-07-03T21:10:00.000Z,"306","8",16,0,0
2026-07-03T21:20:00.000Z,"306","8",16,0,0
2026-07-03T21:30:00.000Z,"301","8",16,0,0
2026-07-03T21:40:00.000Z,"307","8",16,0,0
2026-07-03T21:50:00.000Z,"303","8",16,0,0
2026-07-03T22:00:00.000Z,"300","8",16,0,0
2026-07-03T22:10:00.000Z,"295","8",16,0,0
2026-07-03T22:20:00.000Z,"291","8",16,0,0
2026-07-03T22:30:00.000Z,"295","8",16,0,0
2026-07-03T22:40:00.000Z,"295","8",16,0,0
2026-07-03T22:50:00.000Z,"288","8",16,0,0
2026-07-03T23:00:00.000Z,"292","8",16,0,0
2026-07-03T23:10:00.000Z,"288","8",16,0,0
2026-07-03T23:20:00.000Z,"285","8",16,0,0
2026-07-03T23:30:00.000Z,"284","8",16,0,0
2026-07-03T23:40:00.000Z,"282","8",16,0,0
2026-07-03T23:50:00.000Z,"279","8",16,0,0
2026-07-04T00:00:00.000Z,"279","8",16,0,0
2026-07-04T00:10:00.000Z,"278","8",16,0,0
2026-07-04T00:20:00.000Z,"276","8",16,0,0
2026-07-04T00:30:00.000Z,"276","8",16,0,0
2026-07-04T00:40:00.000Z,"276","8",16,0,0
2026-07-04T00:50:00.000Z,"273","8",16,0,0
2026-07-04T01:00:00.000Z,"272","8",16,0,0
2026-07-04T01:10:00.000Z,"269","8",16,0,0
2026-07-04T01:20:00.000Z,"267","8",16,0,0
2026-07-04T01:30:00.000Z,"263","8",16,0,0
2026-07-04T01:40:00.000Z,"260","8",16,0,0
2026-07-04T01:50:00.000Z,"259","8",16,0,0
2026-07-04T02:00:00.000Z,"257","8",16,0,0
2026-07-04T02:10:00.000Z,"252","8",16,0,0
2026-07-04T02:20:00.000Z,"246","8",16,0,0
2026-07-04T02:30:00.000Z,"248","8",16,0,0
2026-07-04T02:40:00.000Z,"244","8",16,0,0
2026-07-04T02:50:00.000Z,"229","8",16,0,0
2026-07-04T03:00:00.000Z,"99","8",16,0,0
2026-07-04T03:10:00.000Z,"228","8",16,0,0
2026-07-04T03:20:00.000Z,"228","8",16,0,0
2026-07-04T03:30:00.000Z,"233","8",16,0,0
2026-07-04T03:40:00.000Z,"231","8",16,0,0
2026-07-04T03:50:00.000Z,"234","8",16,0,0
2026-07-04T04:00:00.000Z,"222","8",16,0,0
2026-07-04T04:10:00.000Z,"226","8",16,0,0
2026-07-04T04:20:00.000Z,"226","8",16,0,0
2026-07-04T04:30:00.000Z,"224","8",16,0,0
2026-07-04T04:40:00.000Z,"223","8",16,0,0
2026-07-04T04:50:00.000Z,"221","8",16,0,0
2026-07-04T05:00:00.000Z,"246","8",16,0,0
2026-07-04T05:10:00.000Z,"226","8",16,0,0
2026-07-04T05:20:00.000Z,"226","8",16,0,0
2026-07-04T05:30:00.000Z,"209","8",16,0,0
2026-07-04T05:40:00.000Z,"213","8",16,0,0
2026-07-04T05:50:00.000Z,"209","8",16,0,0
2026-07-04T06:00:00.000Z,"211","8",16,0,0
2026-07-04T06:10:00.000Z,"209","8",16,0,0
2026-07-04T06:20:00.000Z,"210","8",16,0,0
2026-07-04T06:30:00.000Z,"203","8",16,0,0
2026-07-04T06:40:00.000Z,"205","8",16,0,0
2026-07-04T06:50:00.000Z,"205","8",16,0,0
2026-07-04T07:00:00.000Z,"207","8",16,0,0
2026-07-04T07:10:00.000Z,"204","8",16,0,0
2026-07-04T07:20:00.000Z,"187","8",16,0,0
2026-07-04T07:30:00.000Z,"203","8",16,0,0
2026-07-04T07:40:00.000Z,"219","8",16,0,0
2026-07-04T07:50:00.000Z,"224","8",16,0,0
2026-07-04T08:00:00.000Z,"231","8",16,0,0
2026-07-04T08:10:00.000Z,"133","8",16,0,0
2026-07-04T08:20:00.000Z,"234","8",16,0,0
2026-07-04T08:30:00.000Z,"239","8",16,0,0
2026-07-04T08:40:00.000Z,"239","8",16,0,0
2026-07-04T08:50:00.000Z,"236","8",16,0,0
2026-07-04T09:00:00.000Z,"239","8",16,0,0
2026-07-04T09:10:00.000Z,"239","8",16,0,0
2026-07-04T09:20:00.000Z,"244","8",16,0,0
2026-07-04T09:30:00.000Z,"246","8",16,0,0
2026-07-04T09:40:00.000Z,"263","8",16,0,0
2026-07-04T09:50:00.000Z,"261","8",16,0,0
2026-07-04T10:00:00.000Z,"249","8",16,0,0
2026-07-04T10:10:00.000Z,"259","8",16,0,0
2026-07-04T10:20:00.000Z,"276","8",16,0,0
2026-07-04T10:30:00.000Z,"274","8",16,0,0
2026-07-04T10:40:00.000Z,"274","8",16,0,0
2026-07-04T10:50:00.000Z,"268","8",16,0,0
2026-07-04T11:00:00.000Z,"263","8",16,0,0
2026-07-04T11:10:00.000Z,"285","8",16,0,0
2026-07-04T11:20:00.000Z,"275","8",16,0,0
2026-07-04T11:30:00.000Z,"272","8",16,0,0
2026-07-04T11:40:00.000Z,"180","8",16,0,0
2026-07-04T11:50:00.000Z,"273","8",16,0,0
2026-07-04T12:00:00.000Z,"292","8",16,0,0
2026-07-04T12:10:00.000Z,"281","8",16,0,0
2026-07-04T12:20:00.000Z,"285","8",16,0,0
2026-07-04T12:30:00.000Z,"274","8",16,0,0
2026-07-04T12:40:00.000Z,"278","8",16,0,0
2026-07-04T12:50:00.000Z,"279","8",16,0,0
2026-07-04T13:00:00.000Z,"239","8",16,0,0
2026-07-04T13:10:00.000Z,"283","8",16,0,0
2026-07-04T13:20:00.000Z,"310","8",16,0,0
2026-07-04T13:30:00.000Z,"294","8",16,0,0
2026-07-04T13:40:00.000Z,"288","8",16,0,0
2026-07-04T13:50:00.000Z,"272","8",16,0,0
2026-07-04T14:00:00.000Z,"267","8",16,0,0
2026-07-04T14:10:00.000Z,"265","8",16,0,0
2026-07-04T14:20:00.000Z,"267","8",16,0,0
2026-07-04T14:30:00.000Z,"265","8",16,0,0
2026-07-04T14:40:00.000Z,"267","8",16,0,0
2026-07-04T14:50:00.000Z,"269","8",16,0,0
2026-07-04T15:00:00.000Z,"255","8",16,0,0
2026-07-04T15:10:00.000Z,"249","8",16,0,0
2026-07-04T15:20:00.000Z,"250","8",16,0,0
2026-07-04T15:30:00.000Z,"248","8",16,0,0
2026-07-04T15:40:00.000Z,"250","8",16,0,0
2026-07-04T15:50:00.000Z,"244","8",16,0,0
2026-07-04T16:00:00.000Z,"250","8",16,0,0
2026-07-04T16:10:00.000Z,"250","8",16,0,0
2026-07-04T16:20:00.000Z,"245","8",16,0,0
2026-07-04T16:30:00.000Z,"231","8",16,0,0
2026-07-04T16:40:00.000Z,"216","8",16,0,0
2026-07-04T16:50:00.000Z,"208","8",16,0,0
2026-07-04T17:00:00.000Z,"206","8",16,0,0
2026-07-04T17:10:00.000Z,"209","8",16,0,0
2026-07-04T17:20:00.000Z,"214","8",16,0,0
2026-07-04T17:30:00.000Z,"216","8",16,0,0
2026-07-04T17:40:00.000Z,"213","8",16,0,0
2026-07-04T17:50:00.000Z,"219","8",16,0,0
2026-07-04T18:00:00.000Z,"226","8",16,0,0
2026-07-04T18:10:00.000Z,"231","8",16,0,0
2026-07-04T18:20:00.000Z,"234","8",16,0,0
2026-07-04T18:30:00.000Z,"236","8",16,0,0
2026-07-04T18:40:00.000Z,"254","8",16,0,0
2026-07-04T18:50:00.000Z,"258","8",16,0,0
2026-07-04T19:00:00.000Z,"267","8",16,0,0
2026-07-04T19:10:00.000Z,"264","8",16,0,0
2026-07-04T19:20:00.000Z,"174","8",16,0,0
2026-07-04T19:30:00.000Z,"257","8",16,0,0
2026-07-04T19:40:00.000Z,"252","8",16,0,0
2026-07-04T19:50:00.000Z,"230","8",16,0,0
2026-07-04T20:00:00.000Z,"236","8",16,0,0
2026-07-04T20:10:00.000Z,"240","8",16,0,0
2026-07-04T20:20:00.000Z,"237","8",16,0,0
2026-07-04T20:30:00.000Z,"248","8",16,0,0
2026-07-04T20:40:00.000Z,"253","8",16,0,0
2026-07-04T20:50:00.000Z,"203","8",16,0,0
2026-07-04T21:00:00.000Z,"262","8",16,0,0
2026-07-04T21:10:00.000Z,"253","8",16,0,0
2026-07-04T21:20:00.000Z,"242","8",16,0,0
2026-07-04T21:30:00.000Z,"239","8",16,0,0
2026-07-04T21:40:00.000Z,"243","8",16,0,0
2026-07-04T21:50:00.000Z,"231","8",16,0,0
2026-07-04T22:00:00.000Z,"234","8",16,0,0
2026-07-04T22:10:00.000Z,"239","8",16,0,0
2026-07-04T22:20:00.000Z,"242","8",16,0,0
2026-07-04T22:30:00.000Z,"253","8",16,0,0
2026-07-04T22:40:00.000Z,"239","8",16,0,0
2026-07-04T22:50:00.000Z,"245","8",16,0,0
2026-07-04T23:00:00.000Z,"236","8",16,0,0
2026-07-04T23:10:00.000Z,"201","8",16,0,0
2026-07-04T23:20:00.000Z,"226","8",16,0,0
2026-07-04T23:30:00.000Z,"254","8",16,0,0
2026-07-04T23:40:00.000Z,"145","8",16,0,0
2026-07-04T23:50:00.000Z,"243","8",16,0,0
2026-07-05T00:00:00.000Z,"241","8",16,0,0
2026-07-05T00:10:00.000Z,"240","8",16,0,0
2026-07-05T00:20:00.000Z,"237","8",16,0,0
2026-07-05T00:30:00.000Z,"242","8",16,0,0
2026-07-05T00:40:00.000Z,"266","8",16,0,0
2026-07-05T00:50:00.000Z,"255","8",16,0,0
2026-07-05T01:00:00.000Z,"242","8",16,0,0
2026-07-05T01:10:00.000Z,"243","8",16,0,0
2026-07-05T01:20:00.000Z,"270","8",16,0,0
2026-07-05T01:30:00.000Z,"246","8",16,0,0
2026-07-05T01:40:00.000Z,"224","8",16,0,0
2026-07-05T01:50:00.000Z,"237","8",16,0,0
2026-07-05T02:00:00.000Z,"246","8",16,0,0
2026-07-05T02:10:00.000Z,"243","8",16,0,0
2026-07-05T02:20:00.000Z,"249","8",16,0,0
2026-07-05T02:30:00.000Z,"247","8",16,0,0
2026-07-05T02:40:00.000Z,"255","8",16,0,0
2026-07-05T02:50:00.000Z,"249","8",16,0,0
2026-07-05T03:00:00.000Z,"254","8",16,0,0
2026-07-05T03:10:00.000Z,"249","8",16,0,0
2026-07-05T03:20:00.000Z,"249","8",16,0,0
2026-07-05T03:30:00.000Z,"254","8",16,0,0
2026-07-05T03:40:00.000Z,"259","8",16,0,0
2026-07-05T03:50:00.000Z,"254","8",16,0,0
2026-07-05T04:00:00.000Z,"245","8",16,0,0
2026-07-05T04:10:00.000Z,"244","8",16,0,0
2026-07-05T04:20:00.000Z,"246","8",16,0,0
2026-07-05T04:30:00.000Z,"246","8",16,0,0
2026-07-05T04:40:00.000Z,"234","8",16,0,0
2026-07-05T04:50:00.000Z,"237","8",16,0,0
2026-07-05T05:00:00.000Z,"237","8",16,0,0
2026-07-05T05:10:00.000Z,"239","8",16,0,0
2026-07-05T05:20:00.000Z,"246","8",16,0,0
2026-07-05T05:30:00.000Z,"252","8",16,0,0
2026-07-05T05:40:00.000Z,"256","8",16,0,0
2026-07-05T05:50:00.000Z,"252","8",16,0,0
2026-07-05T06:00:00.000Z,"258","8",16,0,0
2026-07-05T06:10:00.000Z,"276","8",16,0,0
2026-07-05T06:20:00.000Z,"267","8",16,0,0
2026-07-05T06:30:00.000Z,"264","8",16,0,0
2026-07-05T06:40:00.000Z,"261","8",16,0,0
2026-07-05T06:50:00.000Z,"263","8",16,0,0
2026-07-05T07:00:00.000Z,"261","8",16,0,0
2026-07-05T07:10:00.000Z,"264","8",16,0,0
2026-07-05T07:20:00.000Z,"264","8",16,0,0
2026-07-05T07:30:00.000Z,"274","8",16,0,0
2026-07-05T07:40:00.000Z,"292","8",16,0,0
2026-07-05T07:50:00.000Z,"282","8",16,0,0
2026-07-05T08:00:00.000Z,"280","8",16,0,0
2026-07-05T08:10:00.000Z,"301","8",16,0,0
2026-07-05T08:20:00.000Z,"287","8",16,0,0
2026-07-05T08:30:00.000Z,"289","8",16,0,0
2026-07-05T08:40:00.000Z,"288","8",16,0,0
2026-07-05T08:50:00.000Z,"289","8",16,0,0
2026-07-05T09:00:00.000Z,"295","8",16,0,0
2026-07-05T09:10:00.000Z,"295","8",16,0,0
2026-07-05T09:20:00.000Z,"296","8",16,0,0
2026-07-05T09:30:00.000Z,"304","8",16,0,0
2026-07-05T09:40:00.000Z,"307","8",16,0,0
2026-07-05T09:50:00.000Z,"206","8",16,0,0
2026-07-05T10:00:00.000Z,"316","8",16,0,0
2026-07-05T10:10:00.000Z,"318","8",16,0,0
2026-07-05T10:20:00.000Z,"321","8",16,0,0
2026-07-05T10:30:00.000Z,"326","8",16,0,0
2026-07-05T10:40:00.000Z,"331","8",16,0,0
2026-07-05T10:50:00.000Z,"326","8",16,0,0
2026-07-05T11:00:00.000Z,"328","8",16,0,0
2026-07-05T11:10:00.000Z,"327","8",16,0,0
2026-07-05T11:20:00.000Z,"329","8",16,0,0
2026-07-05T11:30:00.000Z,"328","8",16,0,0
2026-07-05T11:40:00.000Z,"330","8",16,0,0
2026-07-05T11:50:00.000Z,"326","8",16,0,0
2026-07-05T12:00:00.000Z,"323","8",16,0,0
2026-07-05T12:10:00.000Z,"313","8",16,0,0
2026-07-05T12:20:00.000Z,"332","8",16,0,0
2026-07-05T12:30:00.000Z,"314","8",16,0,0
2026-07-05T12:40:00.000Z,"290","8",16,0,0
2026-07-05T12:50:00.000Z,"303","8",16,0,0
2026-07-05T13:00:00.000Z,"290","8",16,0,0
2026-07-05T13:10:00.000Z,"300","8",16,0,0
2026-07-05T13:20:00.000Z,"292","8",16,0,0
2026-07-05T13:30:00.000Z,"284","8",16,0,0
2026-07-05T13:40:00.000Z,"313","8",16,0,0
2026-07-05T13:50:00.000Z,"289","8",16,0,0
2026-07-05T14:00:00.000Z,"275","8",16,0,0
2026-07-05T14:10:00.000Z,"186","8",16,0,0
2026-07-05T14:20:00.000Z,"262","8",16,0,0
2026-07-05T14:30:00.000Z,"268","8",16,0,0
2026-07-05T14:40:00.000Z,"270","8",16,0,0
2026-07-05T14:50:00.000Z,"283","8",16,0,0
2026-07-05T15:00:00.000Z,"257","8",16,0,0
2026-07-05T15:10:00.000Z,"282","8",16,0,0
2026-07-05T15:20:00.000Z,"281","8",16,0,0
2026-07-05T15:30:00.000Z,"282","8",16,0,0
2026-07-05T15:40:00.000Z,"274","8",16,0,0
2026-07-05T15:50:00.000Z,"277","8",16,0,0
2026-07-05T16:00:00.000Z,"268","8",16,0,0
2026-07-05T16:10:00.000Z,"305","8",16,0,0
2026-07-05T16:20:00.000Z,"262","8",16,0,0
2026-07-05T16:30:00.000Z,"277","8",16,0,0
2026-07-05T16:40:00.000Z,"105","8",16,0,0
2026-07-05T16:50:00.000Z,"235","8",16,0,0
2026-07-05T17:00:00.000Z,"266","8",16,0,0
2026-07-05T17:10:00.000Z,"274","8",16,0,0
2026-07-05T17:20:00.000Z,"279","8",16,0,0
2026-07-05T17:30:00.000Z,"277","8",16,0,0
2026-07-05T17:40:00.000Z,"284","8",16,0,0
2026-07-05T17:50:00.000Z,"282","8",16,0,0
2026-07-05T18:00:00.000Z,"333","8",16,0,0
2026-07-05T18:10:00.000Z,"301","8",16,0,0
2026-07-05T18:20:00.000Z,"306","8",16,0,0
2026-07-05T18:30:00.000Z,"296","8",16,0,0
2026-07-05T18:40:00.000Z,"328","8",16,0,0
2026-07-05T18:50:00.000Z,"301","8",16,0,0
2026-07-05T19:00:00.000Z,"299","8",16,0,0
2026-07-05T19:10:00.000Z,"288","8",16,0,0
2026-07-05T19:20:00.000Z,"345","8",16,0,0
2026-07-05T19:30:00.000Z,"314","8",16,0,0
2026-07-05T19:40:00.000Z,"189","8",16,0,0
2026-07-05T19:50:00.000Z,"304","8",16,0,0
2026-07-05T20:00:00.000Z,"301","8",16,0,0
2026-07-05T20:10:00.000Z,"303","8",16,0,0
2026-07-05T20:20:00.000Z,"308","8",16,0,0
2026-07-05T20:30:00.000Z,"336","8",16,0,0
2026-07-05T20:40:00.000Z,"323","8",16,0,0
2026-07-05T20:50:00.000Z,"321","8",16,0,0
2026-07-05T21:00:00.000Z,"309","8",16,0,0
2026-07-05T21:10:00.000Z,"313","8",16,0,0
2026-07-05T21:20:00.000Z,"306","8",16,0,0
2026-07-05T21:30:00.000Z,"312","8",16,0,0
2026-07-05T21:40:00.000Z,"304","8",16,0,0
2026-07-05T21:50:00.000Z,"306","8",16,0,0
2026-07-05T22:00:00.000Z,"290","8",16,0,0
2026-07-05T22:10:00.000Z,"294","8",16,0,0
2026-07-05T22:20:00.000Z,"285","8",16,0,0
2026-07-05T22:30:00.000Z,"282","8",16,0,0
2026-07-05T22:40:00.000Z,"276","8",16,0,0
2026-07-05T22:50:00.000Z,"270","8",16,0,0
2026-07-05T23:00:00.000Z,"252","8",16,0,0
2026-07-05T23:10:00.000Z,"223","8",16,0,0
2026-07-05T23:20:00.000Z,"206","8",16,0,0
2026-07-05T23:30:00.000Z,"194","8",16,0,0
2026-07-05T23:40:00.000Z,"184","8",16,0,0
2026-07-05T23:50:00.000Z,"203","8",16,0,0
2026-07-06T00:00:00.000Z,"206","8",16,0,0
2026-07-06T00:10:00.000Z,"211","8",16,0,0
2026-07-06T00:20:00.000Z,"201","8",16,0,0
2026-07-06T00:30:00.000Z,"188","8",16,0,0
2026-07-06T00:40:00.000Z,"179","8",16,0,0
2026-07-06T00:50:00.000Z,"183","8",16,0,0
2026-07-06T01:00:00.000Z,"183","8",16,0,0
2026-07-06T01:10:00.000Z,"184","8",16,0,0
2026-07-06T01:20:00.000Z,"193","8",16,0,0
2026-07-06T01:30:00.000Z,"189","8",16,0,0
2026-07-06T01:40:00.000Z,"189","8",16,0,0
2026-07-06T01:50:00.000Z,"204","8",16,0,0
2026-07-06T02:00:00.000Z,"209","8",16,0,0
2026-07-06T02:10:00.000Z,"209","8",16,0,0
2026-07-06T02:20:00.000Z,"208","8",16,0,0
2026-07-06T02:30:00.000Z,"208","8",16,0,0
2026-07-06T02:40:00.000Z,"209","8",16,0,0
2026-07-06T02:50:00.000Z,"209","8",16,0,0
2026-07-06T03:00:00.000Z,"219","8",16,0,0
2026-07-06T03:10:00.000Z,"231","8",16,0,0
2026-07-06T03:20:00.000Z,"234","8",16,0,0
2026-07-06T03:30:00.000Z,"243","8",16,0,0
2026-07-06T03:40:00.000Z,"243","8",16,0,0
2026-07-06T03:50:00.000Z,"160","8",16,0,0
2026-07-06T04:00:00.000Z,"241","8",16,0,0
2026-07-06T04:10:00.000Z,"246","8",16,0,0
2026-07-06T04:20:00.000Z,"252","8",16,0,0
2026-07-06T04:30:00.000Z,"275","8",16,0,0
2026-07-06T04:40:00.000Z,"259","8",16,0,0
2026-07-06T04:50:00.000Z,"265","8",16,0,0
2026-07-06T05:00:00.000Z,"260","8",16,0,0
2026-07-06T05:10:00.000Z,"261","8",16,0,0
2026-07-06T05:20:00.000Z,"259","8",16,0,0
2026-07-06T05:30:00.000Z,"265","8",16,0,0
2026-07-06T05:40:00.000Z,"264","8",16,0,0
2026-07-06T05:50:00.000Z,"265","8",16,0,0
2026-07-06T06:00:00.000Z,"264","8",16,0,0
2026-07-06T06:10:00.000Z,"266","8",16,0,0
2026-07-06T06:20:00.000Z,"265","8",16,0,0
2026-07-06T06:30:00.000Z,"267","8",16,0,0
2026-07-06T06:40:00.000Z,"267","8",16,0,0
2026-07-06T06:50:00.000Z,"289","8",16,0,0
2026-07-06T07:00:00.000Z,"287","8",16,0,0
2026-07-06T07:10:00.000Z,"286","8",16,0,0
2026-07-06T07:20:00.000Z,"284","8",16,0,0
2026-07-06T07:30:00.000Z,"286","8",16,0,0
2026-07-06T07:40:00.000Z,"285","8",16,0,0
2026-07-06T07:50:00.000Z,"273","8",16,0,0
2026-07-06T08:00:00.000Z,"269","8",16,0,0
2026-07-06T08:10:00.000Z,"267","8",16,0,0
2026-07-06T08:20:00.000Z,"277","8",16,0,0
2026-07-06T08:30:00.000Z,"283","8",16,0,0
2026-07-06T08:40:00.000Z,"278","8",16,0,0
2026-07-06T08:50:00.000Z,"244","8",16,0,0
2026-07-06T09:00:00.000Z,"287","8",16,0,0
2026-07-06T09:10:00.000Z,"269","8",16,0,0
2026-07-06T09:20:00.000Z,"270","8",16,0,0
2026-07-06T09:30:00.000Z,"261","8",16,0,0
2026-07-06T09:40:00.000Z,"261","8",16,0,0
2026-07-06T09:50:00.000Z,"261","8",16,0,0
2026-07-06T10:00:00.000Z,"264","8",16,0,0
2026-07-06T10:10:00.000Z,"262","8",16,0,0
2026-07-06T10:20:00.000Z,"261","8",16,0,0
2026-07-06T10:30:00.000Z,"257","8",16,0,0
2026-07-06T10:40:00.000Z,"256","8",16,0,0
2026-07-06T10:50:00.000Z,"257","8",16,0,0
2026-07-06T11:00:00.000Z,"270","8",16,0,0
2026-07-06T11:10:00.000Z,"268","8",16,0,0
2026-07-06T11:20:00.000Z,"292","8",16,0,0
2026-07-06T11:30:00.000Z,"262","8",16,0,0
2026-07-06T11:40:00.000Z,"255","8",16,0,0
2026-07-06T11:50:00.000Z,"265","8",16,0,0
2026-07-06T12:00:00.000Z,"263","8",16,0,0
2026-07-06T12:10:00.000Z,"267","8",16,0,0
2026-07-06T12:20:00.000Z,"279","8",16,0,0
2026-07-06T12:30:00.000Z,"281","8",16,0,0
2026-07-06T12:40:00.000Z,"279","8",16,0,0
2026-07-06T12:50:00.000Z,"286","8",16,0,0
2026-07-06T13:00:00.000Z,"308","8",16,0,0
2026-07-06T13:10:00.000Z,"290","8",16,0,0
2026-07-06T13:20:00.000Z,"290","8",16,0,0
2026-07-06T13:30:00.000Z,"286","8",16,0,0
2026-07-06T13:40:00.000Z,"292","8",16,0,0
2026-07-06T13:50:00.000Z,"293","8",16,0,0
2026-07-06T14:00:00.000Z,"297","8",16,0,0
2026-07-06T14:10:00.000Z,"186","8",16,0,0
2026-07-06T14:20:00.000Z,"301","8",16,0,0
2026-07-06T14:30:00.000Z,"300","8",16,0,0
2026-07-06T14:40:00.000Z,"299","8",16,0,0
2026-07-06T14:50:00.000Z,"305","8",16,0,0
2026-07-06T15:00:00.000Z,"302","8",16,0,0
2026-07-06T15:10:00.000Z,"306","8",16,0,0
2026-07-06T15:20:00.000Z,"339","8",16,0,0
2026-07-06T15:30:00.000Z,"312","8",16,0,0
2026-07-06T15:40:00.000Z,"326","8",16,0,0
2026-07-06T15:50:00.000Z,"321","8",16,0,0
2026-07-06T16:00:00.000Z,"329","8",16,0,0
2026-07-06T16:10:00.000Z,"324","8",16,0,0
2026-07-06T16:20:00.000Z,"353","8",16,0,0
2026-07-06T16:30:00.000Z,"329","8",16,0,0
2026-07-06T16:40:00.000Z,"333","8",16,0,0
2026-07-06T16:50:00.000Z,"326","8",16,0,0
2026-07-06T17:00:00.000Z,"328","8",16,0,0
2026-07-06T17:10:00.000Z,"323","8",16,0,0
2026-07-06T17:20:00.000Z,"356","8",16,0,0
2026-07-06T17:30:00.000Z,"176","8",16,0,0
2026-07-06T17:40:00.000Z,"324","8",16,0,0
2026-07-06T17:50:00.000Z,"301","8",16,0,0
2026-07-06T18:00:00.000Z,"342","8",16,0,0
2026-07-06T18:10:00.000Z,"326","8",16,0,0
2026-07-06T18:20:00.000Z,"278","8",16,0,0
2026-07-06T18:30:00.000Z,"355","8",16,0,0
2026-07-06T18:40:00.000Z,"184","8",16,0,0
2026-07-06T18:50:00.000Z,"325","8",16,0,0
2026-07-06T19:00:00.000Z,"339","8",16,0,0
2026-07-06T19:10:00.000Z,"358","8",16,0,0
2026-07-06T19:20:00.000Z,"344","8",16,0,0
2026-07-06T19:30:00.000Z,"341","8",16,0,0
2026-07-06T19:40:00.000Z,"336","8",16,0,0
2026-07-06T19:50:00.000Z,"333","8",16,0,0
2026-07-06T20:00:00.000Z,"326","8",16,0,0
2026-07-06T20:10:00.000Z,"328","8",16,0,0
2026-07-06T20:20:00.000Z,"326","8",16,0,0
2026-07-06T20:30:00.000Z,"326","8",16,0,0
2026-07-06T20:40:00.000Z,"328","8",16,0,0
2026-07-06T20:50:00.000Z,"324","8",16,0,0
2026-07-06T21:00:00.000Z,"323","8",16,0,0
2026-07-06T21:10:00.000Z,"311","8",16,0,0
2026-07-06T21:20:00.000Z,"311","8",16,0,0
2026-07-06T21:30:00.000Z,"303","8",16,0,0
2026-07-06T21:40:00.000Z,"303","8",16,0,0
2026-07-06T21:50:00.000Z,"300","8",16,0,0
2026-07-06T22:00:00.000Z,"298","8",16,0,0
2026-07-06T22:10:00.000Z,"297","8",16,0,0
2026-07-06T22:20:00.000Z,"288","8",16,0,0
2026-07-06T22:30:00.000Z,"282","8",16,0,0
2026-07-06T22:40:00.000Z,"276","8",16,0,0
2026-07-06T22:50:00.000Z,"277","8",16,0,0
2026-07-06T23:00:00.000Z,"276","8",16,0,0
2026-07-06T23:10:00.000Z,"274","8",16,0,0
2026-07-06T23:20:00.000Z,"272","8",16,0,0
2026-07-06T23:30:00.000Z,"270","8",16,0,0
2026-07-06T23:40:00.000Z,"267","8",16,0,0
2026-07-06T23:50:00.000Z,"291","8",16,0,0
2026-07-07T00:00:00.000Z,"269","8",16,0,0
2026-07-07T00:10:00.000Z,"277","8",16,0,0
2026-07-07T00:20:00.000Z,"266","8",16,0,0
2026-07-07T00:30:00.000Z,"266","8",16,0,0
2026-07-07T00:40:00.000Z,"264","8",16,0,0
2026-07-07T00:50:00.000Z,"268","8",16,0,0
2026-07-07T01:00:00.000Z,"268","8",16,0,0
2026-07-07T01:10:00.000Z,"272","8",16,0,0
2026-07-07T01:20:00.000Z,"271","8",16,0,0
2026-07-07T01:30:00.000Z,"270","8",16,0,0
2026-07-07T01:40:00.000Z,"269","8",16,0,0
2026-07-07T01:50:00.000Z,"268","8",16,0,0
2026-07-07T02:00:00.000Z,"267","8",16,0,0
2026-07-07T02:10:00.000Z,"270","8",16,0,0
2026-07-07T02:20:00.000Z,"274","8",16,0,0
2026-07-07T02:30:00.000Z,"276","8",16,0,0
2026-07-07T02:40:00.000Z,"276","8",16,0,0
2026-07-07T02:50:00.000Z,"277","8",16,0,0
2026-07-07T03:00:00.000Z,"277","8",16,0,0
2026-07-07T03:10:00.000Z,"277","8",16,0,0
2026-07-07T03:20:00.000Z,"293","8",16,0,0
2026-07-07T03:30:00.000Z,"298","8",16,0,0
2026-07-07T03:40:00.000Z,"290","8",16,0,0
2026-07-07T03:50:00.000Z,"295","8",16,0,0
2026-07-07T04:00:00.000Z,"296","8",16,0,0
2026-07-07T04:10:00.000Z,"301","8",16,0,0
2026-07-07T04:20:00.000Z,"303","8",16,0,0
2026-07-07T04:30:00.000Z,"306","8",16,0,0
2026-07-07T04:40:00.000Z,"307","8",16,0,0
2026-07-07T04:50:00.000Z,"305","8",16,0,0
2026-07-07T05:00:00.000Z,"302","8",16,0,0
2026-07-07T05:10:00.000Z,"293","8",16,0,0
2026-07-07T05:20:00.000Z,"296","8",16,0,0
2026-07-07T05:30:00.000Z,"293","8",16,0,0
2026-07-07T05:40:00.000Z,"295","8",16,0,0
2026-07-07T05:50:00.000Z,"291","8",16,0,0
2026-07-07T06:00:00.000Z,"284","8",16,0,0
2026-07-07T06:10:00.000Z,"287","8",16,0,0
2026-07-07T06:20:00.000Z,"283","8",16,0,0
2026-07-07T06:30:00.000Z,"283","8",16,0,0
2026-07-07T06:40:00.000Z,"279","8",16,0,0
2026-07-07T06:50:00.000Z,"267","8",16,0,0
2026-07-07T07:00:00.000Z,"271","8",16,0,0
2026-07-07T07:10:00.000Z,"266","8",16,0,0
2026-07-07T07:20:00.000Z,"277","8",16,0,0
2026-07-07T07:30:00.000Z,"272","8",16,0,0
2026-07-07T07:40:00.000Z,"277","8",16,0,0
2026-07-07T07:50:00.000Z,"291","8",16,0,0
2026-07-07T08:00:00.000Z,"302","8",16,0,0
2026-07-07T08:10:00.000Z,"306","8",16,0,0
2026-07-07T08:20:00.000Z,"275","8",16,0,0
2026-07-07T08:30:00.000Z,"257","8",16,0,0
2026-07-07T08:40:00.000Z,"251","8",16,0,0
2026-07-07T08:50:00.000Z,"268","8",16,0,0
2026-07-07T09:00:00.000Z,"272","8",16,0,0
2026-07-07T09:10:00.000Z,"285","8",16,0,0
2026-07-07T09:20:00.000Z,"290","8",16,0,0
2026-07-07T09:30:00.000Z,"313","8",16,0,0
2026-07-07T09:40:00.000Z,"296","8",16,0,0
2026-07-07T09:50:00.000Z,"298","8",16,0,0
2026-07-07T10:00:00.000Z,"297","8",16,0,0
2026-07-07T10:10:00.000Z,"302","8",16,0,0
2026-07-07T10:20:00.000Z,"304","8",16,0,0
2026-07-07T10:30:00.000Z,"311","8",16,0,0
2026-07-07T10:40:00.000Z,"305","8",16,0,0
2026-07-07T10:50:00.000Z,"295","8",16,0,0
2026-07-07T11:00:00.000Z,"298","8",16,0,0
2026-07-07T11:10:00.000Z,"302","8",16,0,0
2026-07-07T11:20:00.000Z,"338","8",16,0,0
2026-07-07T11:30:00.000Z,"322","8",16,0,0
2026-07-07T11:40:00.000Z,"351","8",16,0,0
2026-07-07T11:50:00.000Z,"344","8",16,0,0
2026-07-07T12:00:00.000Z,"348","8",16,0,0
2026-07-07T12:10:00.000Z,"360","8",16,0,0
2026-07-07T12:20:00.000Z,"346","8",16,0,0
2026-07-07T12:30:00.000Z,"343","8",16,0,0
2026-07-07T12:40:00.000Z,"357","8",16,0,0
2026-07-07T12:50:00.000Z,"352","8",16,0,0
2026-07-07T13:00:00.000Z,"382","8",16,0,0
2026-07-07T13:10:00.000Z,"363","8",16,0,0
2026-07-07T13:20:00.000Z,"365","8",16,0,0
2026-07-07T13:30:00.000Z,"352","8",16,0,0
2026-07-07T13:40:00.000Z,"343","8",16,0,0
2026-07-07T13:50:00.000Z,"364","8",16,0,0
2026-07-07T14:00:00.000Z,"328","8",16,0,0
2026-07-07T14:10:00.000Z,"263","8",16,0,0
2026-07-07T14:20:00.000Z,"338","8",16,0,0
2026-07-07T14:30:00.000Z,"330","8",16,0,0
2026-07-07T14:40:00.000Z,"328","8",16,0,0
2026-07-07T14:50:00.000Z,"287","8",16,0,0
2026-07-07T15:00:00.000Z,"318","8",16,0,0
2026-07-07T15:10:00.000Z,"243","8",16,0,0
2026-07-07T15:20:00.000Z,"311","8",16,0,0
2026-07-07T15:30:00.000Z,"324","8",16,0,0
2026-07-07T15:40:00.000Z,"160","8",16,0,0
2026-07-07T15:50:00.000Z,"201","8",16,0,0
2026-07-07T16:00:00.000Z,"277","8",16,0,0
2026-07-07T16:10:00.000Z,"277","8",16,0,0
2026-07-07T16:20:00.000Z,"276","8",16,0,0
2026-07-07T16:30:00.000Z,"269","8",16,0,0
2026-07-07T16:40:00.000Z,"269","8",16,0,0
2026-07-07T16:50:00.000Z,"262","8",16,0,0
2026-07-07T17:00:00.000Z,"266","8",16,0,0
2026-07-07T17:10:00.000Z,"248","8",16,0,0
2026-07-07T17:20:00.000Z,"271","8",16,0,0
2026-07-07T17:30:00.000Z,"252","8",16,0,0
2026-07-07T17:40:00.000Z,"174","8",16,0,0
2026-07-07T17:50:00.000Z,"235","8",16,0,0
2026-07-07T18:00:00.000Z,"255","8",16,0,0
2026-07-07T18:10:00.000Z,"250","8",16,0,0
2026-07-07T18:20:00.000Z,"247","8",16,0,0
2026-07-07T18:30:00.000Z,"241","8",16,0,0
2026-07-07T18:40:00.000Z,"260","8",16,0,0
2026-07-07T18:50:00.000Z,"245","8",16,0,0
2026-07-07T19:00:00.000Z,"248","8",16,0,0
2026-07-07T19:10:00.000Z,"231","8",16,0,0
2026-07-07T19:20:00.000Z,"243","8",16,0,0
2026-07-07T19:30:00.000Z,"233","8",16,0,0
2026-07-07T19:40:00.000Z,"240","8",16,0,0
2026-07-07T19:50:00.000Z,"233","8",16,0,0
2026-07-07T20:00:00.000Z,"250","8",16,0,0
2026-07-07T20:10:00.000Z,"238","8",16,0,0
2026-07-07T20:20:00.000Z,"228","8",16,0,0
2026-07-07T20:30:00.000Z,"223","8",16,0,0
2026-07-07T20:40:00.000Z,"218","8",16,0,0
2026-07-07T20:50:00.000Z,"209","8",16,0,0
2026-07-07T21:00:00.000Z,"211","8",16,0,0
2026-07-07T21:10:00.000Z,"214","8",16,0,0
2026-07-07T21:20:00.000Z,"219","8",16,0,0
2026-07-07T21:30:00.000Z,"214","8",16,0,0
2026-07-07T21:40:00.000Z,"206","8",16,0,0
2026-07-07T21:50:00.000Z,"214","8",16,0,0
2026-07-07T22:00:00.000Z,"213","8",16,0,0
2026-07-07T22:10:00.000Z,"206","8",16,0,0
2026-07-07T22:20:00.000Z,"193","8",16,0,0
2026-07-07T22:30:00.000Z,"203","8",16,0,0
2026-07-07T22:40:00.000Z,"194","8",16,0,0
2026-07-07T22:50:00.000Z,"199","8",16,0,0
2026-07-07T23:00:00.000Z,"199","8",16,0,0
2026-07-07T23:10:00.000Z,"206","8",16,0,0
2026-07-07T23:20:00.000Z,"206","8",16,0,0
2026-07-07T23:30:00.000Z,"199","8",16,0,0
2026-07-07T23:40:00.000Z,"199","8",16,0,0
2026-07-07T23:50:00.000Z,"194","8",16,0,0
2026-07-08T00:00:00.000Z,"194","8",16,0,0
2026-07-08T00:10:00.000Z,"194","8",16,0,0
2026-07-08T00:20:00.000Z,"193","8",16,0,0
2026-07-08T00:30:00.000Z,"193","8",16,0,0
2026-07-08T00:40:00.000Z,"221","8",16,0,0
2026-07-08T00:50:00.000Z,"188","8",16,0,0
2026-07-08T01:00:00.000Z,"196","8",16,0,0
2026-07-08T01:10:00.000Z,"99","8",16,0,0
2026-07-08T01:20:00.000Z,"181","8",16,0,0
2026-07-08T01:30:00.000Z,"183","8",16,0,0
2026-07-08T01:40:00.000Z,"184","8",16,0,0
2026-07-08T01:50:00.000Z,"181","8",16,0,0
2026-07-08T02:00:00.000Z,"188","8",16,0,0
2026-07-08T02:10:00.000Z,"186","8",16,0,0
2026-07-08T02:20:00.000Z,"186","8",16,0,0
2026-07-08T02:30:00.000Z,"184","8",16,0,0
2026-07-08T02:40:00.000Z,"180","8",16,0,0
2026-07-08T02:50:00.000Z,"179","8",16,0,0
2026-07-08T03:00:00.000Z,"186","8",16,0,0
2026-07-08T03:10:00.000Z,"189","8",16,0,0
2026-07-08T03:20:00.000Z,"189","8",16,0,0
2026-07-08T03:30:00.000Z,"188","8",16,0,0
2026-07-08T03:40:00.000Z,"187","8",16,0,0
2026-07-08T03:50:00.000Z,"191","8",16,0,0
2026-07-08T04:00:00.000Z,"199","8",16,0,0
2026-07-08T04:10:00.000Z,"211","8",16,0,0
2026-07-08T04:20:00.000Z,"216","8",16,0,0
2026-07-08T04:30:00.000Z,"209","8",16,0,0
2026-07-08T04:40:00.000Z,"219","8",16,0,0
2026-07-08T04:50:00.000Z,"216","8",16,0,0
2026-07-08T05:00:00.000Z,"221","8",16,0,0
2026-07-08T05:10:00.000Z,"213","8",16,0,0
2026-07-08T05:20:00.000Z,"214","8",16,0,0
2026-07-08T05:30:00.000Z,"202","8",16,0,0
2026-07-08T05:40:00.000Z,"208","8",16,0,0
2026-07-08T05:50:00.000Z,"190","8",16,0,0
2026-07-08T06:00:00.000Z,"205","8",16,0,0
2026-07-08T06:10:00.000Z,"201","8",16,0,0
2026-07-08T06:20:00.000Z,"203","8",16,0,0
2026-07-08T06:30:00.000Z,"204","8",16,0,0
2026-07-08T06:40:00.000Z,"201","8",16,0,0
2026-07-08T06:50:00.000Z,"203","8",16,0,0
2026-07-08T07:00:00.000Z,"204","8",16,0,0
2026-07-08T07:10:00.000Z,"201","8",16,0,0
2026-07-08T07:20:00.000Z,"204","8",16,0,0
2026-07-08T07:30:00.000Z,"203","8",16,0,0
2026-07-08T07:40:00.000Z,"219","8",16,0,0
2026-07-08T07:50:00.000Z,"208","8",16,0,0
2026-07-08T08:00:00.000Z,"204","8",16,0,0
2026-07-08T08:10:00.000Z,"201","8",16,0,0
2026-07-08T08:20:00.000Z,"229","8",16,0,0
2026-07-08T08:30:00.000Z,"209","8",16,0,0
2026-07-08T08:40:00.000Z,"209","8",16,0,0
2026-07-08T08:50:00.000Z,"88","8",16,0,0
2026-07-08T09:00:00.000Z,"214","8",16,0,0
2026-07-08T09:10:00.000Z,"213","8",16,0,0
2026-07-08T09:20:00.000Z,"216","8",16,0,0
2026-07-08T09:30:00.000Z,"208","8",16,0,0
2026-07-08T09:40:00.000Z,"214","8",16,0,0
2026-07-08T09:50:00.000Z,"216","8",16,0,0
2026-07-08T10:00:00.000Z,"196","8",16,0,0
2026-07-08T10:10:00.000Z,"214","8",16,0,0
2026-07-08T10:20:00.000Z,"214","8",16,0,0
2026-07-08T10:30:00.000Z,"244","8",16,0,0
2026-07-08T10:40:00.000Z,"236","8",16,0,0
2026-07-08T10:50:00.000Z,"236","8",16,0,0
2026-07-08T11:00:00.000Z,"231","8",16,0,0
2026-07-08T11:10:00.000Z,"233","8",16,0,0
2026-07-08T11:20:00.000Z,"237","8",16,0,0
2026-07-08T11:30:00.000Z,"243","8",16,0,0
2026-07-08T11:40:00.000Z,"242","8",16,0,0
2026-07-08T11:50:00.000Z,"221","8",16,0,0
2026-07-08T12:00:00.000Z,"237","8",16,0,0
2026-07-08T12:10:00.000Z,"232","8",16,0,0
2026-07-08T12:20:00.000Z,"239","8",16,0,0
2026-07-08T12:30:00.000Z,"239","8",16,0,0
2026-07-08T12:40:00.000Z,"261","8",16,0,0
2026-07-08T12:50:00.000Z,"254","8",16,0,0
2026-07-08T13:00:00.000Z,"247","8",16,0,0
2026-07-08T13:10:00.000Z,"248","8",16,0,0
2026-07-08T13:20:00.000Z,"253","8",16,0,0
2026-07-08T13:30:00.000Z,"226","8",16,0,0
2026-07-08T13:40:00.000Z,"244","8",16,0,0
2026-07-08T13:50:00.000Z,"250","8",16,0,0
2026-07-08T14:00:00.000Z,"254","8",16,0,0
2026-07-08T14:10:00.000Z,"256","8",16,0,0
2026-07-08T14:20:00.000Z,"256","8",16,0,0
2026-07-08T14:30:00.000Z,"255","8",16,0,0
2026-07-08T14:40:00.000Z,"259","8",16,0,0
2026-07-08T14:50:00.000Z,"261","8",16,0,0
2026-07-08T15:00:00.000Z,"262","8",16,0,0
2026-07-08T15:10:00.000Z,"263","8",16,0,0
2026-07-08T15:20:00.000Z,"267","8",16,0,0
2026-07-08T15:30:00.000Z,"267","8",16,0,0
2026-07-08T15:40:00.000Z,"268","8",16,0,0
2026-07-08T15:50:00.000Z,"244","8",16,0,0
2026-07-08T16:00:00.000Z,"260","8",16,0,0
2026-07-08T16:10:00.000Z,"254","8",16,0,0
2026-07-08T16:20:00.000Z,"266","8",16,0,0
2026-07-08T16:30:00.000Z,"270","8",16,0,0
2026-07-08T16:40:00.000Z,"264","8",16,0,0
2026-07-08T16:50:00.000Z,"257","8",16,0,0
2026-07-08T17:00:00.000Z,"253","8",16,0,0
2026-07-08T17:10:00.000Z,"277","8",16,0,0
2026-07-08T17:20:00.000Z,"266","8",16,0,0
2026-07-08T17:30:00.000Z,"238","8",16,0,0
2026-07-08T17:40:00.000Z,"250","8",16,0,0
2026-07-08T17:50:00.000Z,"248","8",16,0,0
2026-07-08T18:00:00.000Z,"243","8",16,0,0
2026-07-08T18:10:00.000Z,"247","8",16,0,0
2026-07-08T18:20:00.000Z,"244","8",16,0,0
2026-07-08T18:30:00.000Z,"248","8",16,0,0
2026-07-08T18:40:00.000Z,"244","8",16,0,0
2026-07-08T18:50:00.000Z,"245","8",16,0,0
2026-07-08T19:00:00.000Z,"235","8",16,0,0
2026-07-08T19:10:00.000Z,"233","8",16,0,0
2026-07-08T19:20:00.000Z,"229","8",16,0,0
2026-07-08T19:30:00.000Z,"229","8",16,0,0
2026-07-08T19:40:00.000Z,"227","8",16,0,0
2026-07-08T19:50:00.000Z,"249","8",16,0,0
2026-07-08T20:00:00.000Z,"236","8",16,0,0
2026-07-08T20:10:00.000Z,"239","8",16,0,0
2026-07-08T20:20:00.000Z,"211","8",16,0,0
2026-07-08T20:30:00.000Z,"227","8",16,0,0
2026-07-08T20:40:00.000Z,"223","8",16,0,0
2026-07-08T20:50:00.000Z,"217","8",16,0,0
2026-07-08T21:00:00.000Z,"214","8",16,0,0
2026-07-08T21:10:00.000Z,"218","8",16,0,0
2026-07-08T21:20:00.000Z,"214","8",16,0,0
2026-07-08T21:30:00.000Z,"214","8",16,0,0
2026-07-08T21:40:00.000Z,"211","8",16,0,0
2026-07-08T21:50:00.000Z,"208","8",16,0,0
2026-07-08T22:00:00.000Z,"204","8",16,0,0
2026-07-08T22:10:00.000Z,"204","8",16,0,0
2026-07-08T22:20:00.000Z,"203","8",16,0,0
2026-07-08T22:30:00.000Z,"201","8",16,0,0
2026-07-08T22:40:00.000Z,"199","8",16,0,0
2026-07-08T22:50:00.000Z,"199","8",16,0,0
2026-07-08T23:00:00.000Z,"199","8",16,0,0
2026-07-08T23:10:00.000Z,"201","8",16,0,0
2026-07-08T23:20:00.000Z,"199","8",16,0,0
2026-07-08T23:30:00.000Z,"201","8",16,0,0
2026-07-08T23:40:00.000Z,"199","8",16,0,0
2026-07-08T23:50:00.000Z,"199","8",16,0,0
2026-07-09T00:00:00.000Z,"201","8",16,0,0
2026-07-09T00:10:00.000Z,"199","8",16,0,0
2026-07-09T00:20:00.000Z,"199","8",16,0,0
2026-07-09T00:30:00.000Z,"198","8",16,0,0
2026-07-09T00:40:00.000Z,"198","8",16,0,0
2026-07-09T00:50:00.000Z,"198","8",16,0,0
2026-07-09T01:00:00.000Z,"196","8",16,0,0
2026-07-09T01:10:00.000Z,"199","8",16,0,0
2026-07-09T01:20:00.000Z,"206","8",16,0,0
2026-07-09T01:30:00.000Z,"209","8",16,0,0
2026-07-09T01:40:00.000Z,"211","8",16,0,0
2026-07-09T01:50:00.000Z,"204","8",16,0,0
2026-07-09T02:00:00.000Z,"200","8",16,0,0
2026-07-09T02:10:00.000Z,"196","8",16,0,0
2026-07-09T02:20:00.000Z,"196","8",16,0,0
2026-07-09T02:30:00.000Z,"195","8",16,0,0
2026-07-09T02:40:00.000Z,"194","8",16,0,0
2026-07-09T02:50:00.000Z,"186","8",16,0,0
2026-07-09T03:00:00.000Z,"184","8",16,0,0
2026-07-09T03:10:00.000Z,"184","8",16,0,0
2026-07-09T03:20:00.000Z,"185","8",16,0,0
2026-07-09T03:30:00.000Z,"184","8",16,0,0
2026-07-09T03:40:00.000Z,"181","8",16,0,0
2026-07-09T03:50:00.000Z,"180","8",16,0,0
2026-07-09T04:00:00.000Z,"180","8",16,0,0
2026-07-09T04:10:00.000Z,"178","8",16,0,0
2026-07-09T04:20:00.000Z,"177","8",16,0,0
2026-07-09T04:30:00.000Z,"175","8",16,0,0
2026-07-09T04:40:00.000Z,"173","8",16,0,0
2026-07-09T04:50:00.000Z,"176","8",16,0,0
2026-07-09T05:00:00.000Z,"175","8",16,0,0
2026-07-09T05:10:00.000Z,"175","8",16,0,0
2026-07-09T05:20:00.000Z,"173","8",16,0,0
2026-07-09T05:30:00.000Z,"173","8",16,0,0
2026-07-09T05:40:00.000Z,"172","8",16,0,0
2026-07-09T05:50:00.000Z,"173","8",16,0,0
2026-07-09T06:00:00.000Z,"173","8",16,0,0
2026-07-09T06:10:00.000Z,"161","8",16,0,0
2026-07-09T06:20:00.000Z,"177","8",16,0,0
2026-07-09T06:30:00.000Z,"9","8",16,0,0
2026-07-09T06:40:00.000Z,"153","8",16,0,0
2026-07-09T06:50:00.000Z,"165","8",16,0,0
2026-07-09T07:00:00.000Z,"159","8",16,0,0
2026-07-09T07:10:00.000Z,"170","8",16,0,0
2026-07-09T07:20:00.000Z,"176","8",16,0,0
2026-07-09T07:30:00.000Z,"174","8",16,0,0
2026-07-09T07:40:00.000Z,"175","8",16,0,0
2026-07-09T07:50:00.000Z,"199","8",16,0,0
2026-07-09T08:00:00.000Z,"184","8",16,0,0
2026-07-09T08:10:00.000Z,"193","8",16,0,0
2026-07-09T08:20:00.000Z,"188","8",16,0,0
2026-07-09T08:30:00.000Z,"191","8",16,0,0
2026-07-09T08:40:00.000Z,"198","8",16,0,0
2026-07-09T08:50:00.000Z,"196","8",16,0,0
2026-07-09T09:00:00.000Z,"256","8",16,0,0
2026-07-09T09:10:00.000Z,"264","8",16,0,0
2026-07-09T09:20:00.000Z,"281","8",16,0,0
2026-07-09T09:30:00.000Z,"278","8",16,0,0
2026-07-09T09:40:00.000Z,"282","8",16,0,0
2026-07-09T09:50:00.000Z,"281","8",16,0,0
2026-07-09T10:00:00.000Z,"280","8",16,0,0
2026-07-09T10:10:00.000Z,"282","8",16,0,0
2026-07-09T10:20:00.000Z,"267","8",16,0,0
2026-07-09T10:30:00.000Z,"277","8",16,0,0
2026-07-09T10:40:00.000Z,"267","8",16,0,0
2026-07-09T10:50:00.000Z,"267","8",16,0,0
2026-07-09T11:00:00.000Z,"262","8",16,0,0
2026-07-09T11:10:00.000Z,"272","8",16,0,0
2026-07-09T11:20:00.000Z,"283","8",16,0,0
2026-07-09T11:30:00.000Z,"294","8",16,0,0
2026-07-09T11:40:00.000Z,"304","8",16,0,0
2026-07-09T11:50:00.000Z,"299","8",16,0,0
2026-07-09T12:00:00.000Z,"307","8",16,0,0
2026-07-09T12:10:00.000Z,"316","8",16,0,0
2026-07-09T12:20:00.000Z,"316","8",16,0,0
2026-07-09T12:30:00.000Z,"316","8",16,0,0
2026-07-09T12:40:00.000Z,"316","8",16,0,0
2026-07-09T12:50:00.000Z,"321","8",16,0,0
2026-07-09T13:00:00.000Z,"328","8",16,0,0
2026-07-09T13:10:00.000Z,"328","8",16,0,0
2026-07-09T13:20:00.000Z,"333","8",16,0,0
2026-07-09T13:30:00.000Z,"363","8",16,0,0
2026-07-09T13:40:00.000Z,"343","8",16,0,0
2026-07-09T13:50:00.000Z,"351","8",16,0,0
2026-07-09T14:00:00.000Z,"346","8",16,0,0
2026-07-09T14:10:00.000Z,"346","8",16,0,0
2026-07-09T14:20:00.000Z,"235","8",16,0,0
2026-07-09T14:30:00.000Z,"348","8",16,0,0
2026-07-09T14:40:00.000Z,"356","8",16,0,0
2026-07-09T14:50:00.000Z,"363","8",16,0,0
2026-07-09T15:00:00.000Z,"365","8",16,0,0
2026-07-09T15:10:00.000Z,"361","8",16,0,0
2026-07-09T15:20:00.000Z,"382","8",16,0,0
2026-07-09T15:30:00.000Z,"364","8",16,0,0
2026-07-09T15:40:00.000Z,"333","8",16,0,0
2026-07-09T15:50:00.000Z,"326","8",16,0,0
2026-07-09T16:00:00.000Z,"303","8",16,0,0
2026-07-09T16:10:00.000Z,"310","8",16,0,0
2026-07-09T16:20:00.000Z,"291","8",16,0,0
2026-07-09T16:30:00.000Z,"251","8",16,0,0
2026-07-09T16:40:00.000Z,"272","8",16,0,0
2026-07-09T16:50:00.000Z,"260","8",16,0,0
2026-07-09T17:00:00.000Z,"289","8",16,0,0
2026-07-09T17:10:00.000Z,"260","8",16,0,0
2026-07-09T17:20:00.000Z,"256","8",16,0,0
2026-07-09T17:30:00.000Z,"239","8",16,0,0
2026-07-09T17:40:00.000Z,"162","8",16,0,0
2026-07-09T17:50:00.000Z,"224","8",16,0,0
2026-07-09T18:00:00.000Z,"231","8",16,0,0
2026-07-09T18:10:00.000Z,"227","8",16,0,0
2026-07-09T18:20:00.000Z,"227","8",16,0,0
2026-07-09T18:30:00.000Z,"216","8",16,0,0
2026-07-09T18:40:00.000Z,"208","8",16,0,0
2026-07-09T18:50:00.000Z,"198","8",16,0,0
2026-07-09T19:00:00.000Z,"191","8",16,0,0
2026-07-09T19:10:00.000Z,"183","8",16,0,0
2026-07-09T19:20:00.000Z,"178","8",16,0,0
2026-07-09T19:30:00.000Z,"174","8",16,0,0
2026-07-09T19:40:00.000Z,"169","8",16,0,0
2026-07-09T19:50:00.000Z,"168","8",16,0,0
2026-07-09T20:00:00.000Z,"162","8",16,0,0
2026-07-09T20:10:00.000Z,"158","8",16,0,0
2026-07-09T20:20:00.000Z,"154","8",16,0,0
2026-07-09T20:30:00.000Z,"151","8",16,0,0
2026-07-09T20:40:00.000Z,"149","8",16,0,0
2026-07-09T20:50:00.000Z,"144","8",16,0,0
2026-07-09T21:00:00.000Z,"139","8",16,0,0
2026-07-09T21:10:00.000Z,"134","8",16,0,0
2026-07-09T21:20:00.000Z,"128","8",16,0,0
2026-07-09T21:30:00.000Z,"126","8",16,0,0
2026-07-09T21:40:00.000Z,"125","8",16,0,0
2026-07-09T21:50:00.000Z,"120","8",16,0,0
2026-07-09T22:00:00.000Z,"118","8",16,0,0
2026-07-09T22:10:00.000Z,"115","8",16,0,0
2026-07-09T22:20:00.000Z,"113","8",16,0,0
2026-07-09T22:30:00.000Z,"109","8",16,0,0
2026-07-09T22:40:00.000Z,"108","8",16,0,0
2026-07-09T22:50:00.000Z,"103","8",16,0,0
2026-07-09T23:00:00.000Z,"106","8",16,0,0
2026-07-09T23:10:00.000Z,"106","8",16,0,0
2026-07-09T23:20:00.000Z,"108","8",16,0,0
2026-07-09T23:30:00.000Z,"106","8",16,0,0
2026-07-09T23:40:00.000Z,"106","8",16,0,0
2026-07-09T23:50:00.000Z,"105","8",16,0,0
2026-07-10T00:00:00.000Z,"105","8",16,0,0
2026-07-10T00:10:00.000Z,"123","8",16,0,0
2026-07-10T00:20:00.000Z,"121","8",16,0,0
2026-07-10T00:30:00.000Z,"113","8",16,0,0
2026-07-10T00:40:00.000Z,"106","8",16,0,0
2026-07-10T00:50:00.000Z,"110","8",16,0,0
2026-07-10T01:00:00.000Z,"110","8",16,0,0
2026-07-10T01:10:00.000Z,"115","8",16,0,0
2026-07-10T01:20:00.000Z,"119","8",16,0,0
2026-07-10T01:30:00.000Z,"126","8",16,0,0
2026-07-10T01:40:00.000Z,"125","8",16,0,0
2026-07-10T01:50:00.000Z,"128","8",16,0,0
2026-07-10T02:00:00.000Z,"128","8",16,0,0
2026-07-10T02:10:00.000Z,"129","8",16,0,0
2026-07-10T02:20:00.000Z,"130","8",16,0,0
2026-07-10T02:30:00.000Z,"133","8",16,0,0
2026-07-10T02:40:00.000Z,"136","8",16,0,0
2026-07-10T02:50:00.000Z,"138","8",16,0,0
2026-07-10T03:00:00.000Z,"139","8",16,0,0
2026-07-10T03:10:00.000Z,"140","8",16,0,0
2026-07-10T03:20:00.000Z,"141","8",16,0,0
2026-07-10T03:30:00.000Z,"146","8",16,0,0
2026-07-10T03:40:00.000Z,"148","8",16,0,0
2026-07-10T03:50:00.000Z,"133","8",16,0,0
2026-07-10T04:00:00.000Z,"149","8",16,0,0
2026-07-10T04:10:00.000Z,"151","8",16,0,0
2026-07-10T04:20:00.000Z,"154","8",16,0,0
2026-07-10T04:30:00.000Z,"158","8",16,0,0
2026-07-10T04:40:00.000Z,"169","8",16,0,0
2026-07-10T04:50:00.000Z,"173","8",16,0,0
2026-07-10T05:00:00.000Z,"176","8",16,0,0
2026-07-10T05:10:00.000Z,"194","8",16,0,0
2026-07-10T05:20:00.000Z,"198","8",16,0,0
2026-07-10T05:30:00.000Z,"203","8",16,0,0
2026-07-10T05:40:00.000Z,"196","8",16,0,0
2026-07-10T05:50:00.000Z,"233","8",16,0,0
2026-07-10T06:00:00.000Z,"216","8",16,0,0
2026-07-10T06:10:00.000Z,"223","8",16,0,0
2026-07-10T06:20:00.000Z,"209","8",16,0,0
2026-07-10T06:30:00.000Z,"114","8",16,0,0
2026-07-10T06:40:00.000Z,"221","8",16,0,0
2026-07-10T06:50:00.000Z,"226","8",16,0,0
2026-07-10T07:00:00.000Z,"252","8",16,0,0
2026-07-10T07:10:00.000Z,"204","8",16,0,0
2026-07-10T07:20:00.000Z,"230","8",16,0,0
2026-07-10T07:30:00.000Z,"231","8",16,0,0
2026-07-10T07:40:00.000Z,"240","8",16,0,0
2026-07-10T07:50:00.000Z,"241","8",16,0,0
2026-07-10T08:00:00.000Z,"244","8",16,0,0
2026-07-10T08:10:00.000Z,"234","8",16,0,0
2026-07-10T08:20:00.000Z,"245","8",16,0,0
2026-07-10T08:30:00.000Z,"253","8",16,0,0
2026-07-10T08:40:00.000Z,"255","8",16,0,0
2026-07-10T08:50:00.000Z,"283","8",16,0,0
2026-07-10T09:00:00.000Z,"266","8",16,0,0
2026-07-10T09:10:00.000Z,"265","8",16,0,0
2026-07-10T09:20:00.000Z,"255","8",16,0,0
2026-07-10T09:30:00.000Z,"257","8",16,0,0
2026-07-10T09:40:00.000Z,"254","8",16,0,0
2026-07-10T09:50:00.000Z,"264","8",16,0,0
2026-07-10T10:00:00.000Z,"254","8",16,0,0
2026-07-10T10:10:00.000Z,"253","8",16,0,0
2026-07-10T10:20:00.000Z,"243","8",16,0,0
2026-07-10T10:30:00.000Z,"246","8",16,0,0
2026-07-10T10:40:00.000Z,"234","8",16,0,0
2026-07-10T10:50:00.000Z,"236","8",16,0,0
2026-07-10T11:00:00.000Z,"245","8",16,0,0
2026-07-10T11:10:00.000Z,"236","8",16,0,0
2026-07-10T11:20:00.000Z,"209","8",16,0,0
2026-07-10T11:30:00.000Z,"201","8",16,0,0
2026-07-10T11:40:00.000Z,"187","8",16,0,0
2026-07-10T11:50:00.000Z,"185","8",16,0,0
2026-07-10T12:00:00.000Z,"206","8",16,0,0
2026-07-10T12:10:00.000Z,"186","8",16,0,0
2026-07-10T12:20:00.000Z,"196","8",16,0,0
2026-07-10T12:30:00.000Z,"178","8",16,0,0
2026-07-10T12:40:00.000Z,"175","8",16,0,0
2026-07-10T12:50:00.000Z,"172","8",16,0,0
2026-07-10T13:00:00.000Z,"171","8",16,0,0
2026-07-10T13:10:00.000Z,"159","8",16,0,0
2026-07-10T13:20:00.000Z,"175","8",16,0,0
2026-07-10T13:30:00.000Z,"6","8",16,0,0
2026-07-10T13:40:00.000Z,"138","8",16,0,0
2026-07-10T13:50:00.000Z,"169","8",16,0,0
2026-07-10T14:00:00.000Z,"177","8",16,0,0
2026-07-10T14:10:00.000Z,"177","8",16,0,0
2026-07-10T14:20:00.000Z,"155","8",16,0,0
2026-07-10T14:30:00.000Z,"94","8",16,0,0
2026-07-10T14:40:00.000Z,"156","8",16,0,0
2026-07-10T14:50:00.000Z,"173","8",16,0,0
2026-07-10T15:00:00.000Z,"159","8",16,0,0
2026-07-10T15:10:00.000Z,"163","8",16,0,0
2026-07-10T15:20:00.000Z,"169","8",16,0,0
2026-07-10T15:30:00.000Z,"174","8",16,0,0
2026-07-10T15:40:00.000Z,"204","8",16,0,0
2026-07-10T15:50:00.000Z,"186","8",16,0,0
2026-07-10T16:00:00.000Z,"181","8",16,0,0
2026-07-10T16:10:00.000Z,"171","8",16,0,0
2026-07-10T16:20:00.000Z,"171","8",16,0,0
2026-07-10T16:30:00.000Z,"169","8",16,0,0
2026-07-10T16:40:00.000Z,"174","8",16,0,0
2026-07-10T16:50:00.000Z,"176","8",16,0,0
2026-07-10T17:00:00.000Z,"181","8",16,0,0
2026-07-10T17:10:00.000Z,"181","8",16,0,0
2026-07-10T17:20:00.000Z,"179","8",16,0,0
2026-07-10T17:30:00.000Z,"177","8",16,0,0
2026-07-10T17:40:00.000Z,"201","8",16,0,0
2026-07-10T17:50:00.000Z,"193","8",16,0,0
2026-07-10T18:00:00.000Z,"189","8",16,0,0
2026-07-10T18:10:00.000Z,"155","8",16,0,0
2026-07-10T18:20:00.000Z,"201","8",16,0,0
2026-07-10T18:30:00.000Z,"209","8",16,0,0
2026-07-10T18:40:00.000Z,"214","8",16,0,0
2026-07-10T18:50:00.000Z,"211","8",16,0,0
2026-07-10T19:00:00.000Z,"218","8",16,0,0
2026-07-10T19:10:00.000Z,"214","8",16,0,0
2026-07-10T19:20:00.000Z,"208","8",16,0,0
2026-07-10T19:30:00.000Z,"199","8",16,0,0
2026-07-10T19:40:00.000Z,"208","8",16,0,0
2026-07-10T19:50:00.000Z,"213","8",16,0,0
2026-07-10T20:00:00.000Z,"219","8",16,0,0
2026-07-10T20:10:00.000Z,"181","8",16,0,0
2026-07-10T20:20:00.000Z,"224","8",16,0,0
2026-07-10T20:30:00.000Z,"228","8",16,0,0
2026-07-10T20:40:00.000Z,"226","8",16,0,0
2026-07-10T20:50:00.000Z,"224","8",16,0,0
2026-07-10T21:00:00.000Z,"231","8",16,0,0
2026-07-10T21:10:00.000Z,"231","8",16,0,0
2026-07-10T21:20:00.000Z,"230","8",16,0,0
2026-07-10T21:30:00.000Z,"234","8",16,0,0
2026-07-10T21:40:00.000Z,"236","8",16,0,0
2026-07-10T21:50:00.000Z,"234","8",16,0,0
2026-07-10T22:00:00.000Z,"240","8",16,0,0
2026-07-10T22:10:00.000Z,"242","8",16,0,0
2026-07-10T22:20:00.000Z,"243","8",16,0,0
2026-07-10T22:30:00.000Z,"249","8",16,0,0
2026-07-10T22:40:00.000Z,"253","8",16,0,0
2026-07-10T22:50:00.000Z,"254","8",16,0,0
2026-07-10T23:00:00.000Z,"282","8",16,0,0
2026-07-10T23:10:00.000Z,"263","8",16,0,0
2026-07-10T23:20:00.000Z,"263","8",16,0,0
2026-07-10T23:30:00.000Z,"209","8",16,0,0
2026-07-10T23:40:00.000Z,"260","8",16,0,0
2026-07-10T23:50:00.000Z,"257","8",16,0,0
2026-07-11T00:00:00.000Z,"265","8",16,0,0
2026-07-11T00:10:00.000Z,"265","8",16,0,0
2026-07-11T00:20:00.000Z,"268","8",16,0,0
2026-07-11T00:30:00.000Z,"259","8",16,0,0
2026-07-11T00:40:00.000Z,"274","8",16,0,0
2026-07-11T00:50:00.000Z,"257","8",16,0,0
2026-07-11T01:00:00.000Z,"255","8",16,0,0
2026-07-11T01:10:00.000Z,"240","8",16,0,0
2026-07-11T01:20:00.000Z,"243","8",16,0,0
2026-07-11T01:30:00.000Z,"252","8",16,0,0
2026-07-11T01:40:00.000Z,"262","8",16,0,0
2026-07-11T01:50:00.000Z,"259","8",16,0,0
2026-07-11T02:00:00.000Z,"256","8",16,0,0
2026-07-11T02:10:00.000Z,"258","8",16,0,0
2026-07-11T02:20:00.000Z,"253","8",16,0,0
2026-07-11T02:30:00.000Z,"258","8",16,0,0
2026-07-11T02:40:00.000Z,"254","8",16,0,0
2026-07-11T02:50:00.000Z,"255","8",16,0,0
2026-07-11T03:00:00.000Z,"260","8",16,0,0
2026-07-11T03:10:00.000Z,"276","8",16,0,0
2026-07-11T03:20:00.000Z,"262","8",16,0,0
2026-07-11T03:30:00.000Z,"262","8",16,0,0
2026-07-11T03:40:00.000Z,"256","8",16,0,0
2026-07-11T03:50:00.000Z,"257","8",16,0,0
2026-07-11T04:00:00.000Z,"270","8",16,0,0
2026-07-11T04:10:00.000Z,"264","8",16,0,0
2026-07-11T04:20:00.000Z,"259","8",16,0,0
2026-07-11T04:30:00.000Z,"250","8",16,0,0
2026-07-11T04:40:00.000Z,"234","8",16,0,0
2026-07-11T04:50:00.000Z,"246","8",16,0,0
2026-07-11T05:00:00.000Z,"250","8",16,0,0
2026-07-11T05:10:00.000Z,"246","8",16,0,0
2026-07-11T05:20:00.000Z,"249","8",16,0,0
2026-07-11T05:30:00.000Z,"256","8",16,0,0
2026-07-11T05:40:00.000Z,"254","8",16,0,0
2026-07-11T05:50:00.000Z,"246","8",16,0,0
2026-07-11T06:00:00.000Z,"248","8",16,0,0
2026-07-11T06:10:00.000Z,"244","8",16,0,0
2026-07-11T06:20:00.000Z,"245","8",16,0,0
2026-07-11T06:30:00.000Z,"240","8",16,0,0
2026-07-11T06:40:00.000Z,"272","8",16,0,0
2026-07-11T06:50:00.000Z,"246","8",16,0,0
2026-07-11T07:00:00.000Z,"255","8",16,0,0
2026-07-11T07:10:00.000Z,"248","8",16,0,0
2026-07-11T07:20:00.000Z,"248","8",16,0,0
2026-07-11T07:30:00.000Z,"244","8",16,0,0
2026-07-11T07:40:00.000Z,"249","8",16,0,0
2026-07-11T07:50:00.000Z,"281","8",16,0,0
2026-07-11T08:00:00.000Z,"278","8",16,0,0
2026-07-11T08:10:00.000Z,"285","8",16,0,0
2026-07-11T08:20:00.000Z,"281","8",16,0,0
2026-07-11T08:30:00.000Z,"252","8",16,0,0
2026-07-11T08:40:00.000Z,"280","8",16,0,0
2026-07-11T08:50:00.000Z,"318","8",16,0,0
2026-07-11T09:00:00.000Z,"300","8",16,0,0
2026-07-11T09:10:00.000Z,"306","8",16,0,0
2026-07-11T09:20:00.000Z,"307","8",16,0,0
2026-07-11T09:30:00.000Z,"306","8",16,0,0
2026-07-11T09:40:00.000Z,"328","8",16,0,0
2026-07-11T09:50:00.000Z,"323","8",16,0,0
2026-07-11T10:00:00.000Z,"318","8",16,0,0
2026-07-11T10:10:00.000Z,"327","8",16,0,0
2026-07-11T10:20:00.000Z,"328","8",16,0,0
2026-07-11T10:30:00.000Z,"334","8",16,0,0
2026-07-11T10:40:00.000Z,"336","8",16,0,0
2026-07-11T10:50:00.000Z,"331","8",16,0,0
2026-07-11T11:00:00.000Z,"324","8",16,0,0
2026-07-11T11:10:00.000Z,"339","8",16,0,0
2026-07-11T11:20:00.000Z,"319","8",16,0,0
2026-07-11T11:30:00.000Z,"289","8",16,0,0
2026-07-11T11:40:00.000Z,"343","8",16,0,0
2026-07-11T11:50:00.000Z,"326","8",16,0,0
2026-07-11T12:00:00.000Z,"320","8",16,0,0
2026-07-11T12:10:00.000Z,"264","8",16,0,0
2026-07-11T12:20:00.000Z,"288","8",16,0,0
2026-07-11T12:30:00.000Z,"276","8",16,0,0
2026-07-11T12:40:00.000Z,"273","8",16,0,0
2026-07-11T12:50:00.000Z,"278","8",16,0,0
2026-07-11T13:00:00.000Z,"301","8",16,0,0
2026-07-11T13:10:00.000Z,"286","8",16,0,0
2026-07-11T13:20:00.000Z,"272","8",16,0,0
2026-07-11T13:30:00.000Z,"265","8",16,0,0
2026-07-11T13:40:00.000Z,"261","8",16,0,0
2026-07-11T13:50:00.000Z,"260","8",16,0,0
2026-07-11T14:00:00.000Z,"273","8",16,0,0
2026-07-11T14:10:00.000Z,"268","8",16,0,0
2026-07-11T14:20:00.000Z,"270","8",16,0,0
2026-07-11T14:30:00.000Z,"274","8",16,0,0
2026-07-11T14:40:00.000Z,"263","8",16,0,0
2026-07-11T14:50:00.000Z,"276","8",16,0,0
2026-07-11T15:00:00.000Z,"271","8",16,0,0
2026-07-11T15:10:00.000Z,"276","8",16,0,0
2026-07-11T15:20:00.000Z,"279","8",16,0,0
2026-07-11T15:30:00.000Z,"280","8",16,0,0
2026-07-11T15:40:00.000Z,"281","8",16,0,0
2026-07-11T15:50:00.000Z,"270","8",16,0,0
2026-07-11T16:00:00.000Z,"270","8",16,0,0
2026-07-11T16:10:00.000Z,"270","8",16,0,0
2026-07-11T16:20:00.000Z,"272","8",16,0,0
2026-07-11T16:30:00.000Z,"272","8",16,0,0
2026-07-11T16:40:00.000Z,"276","8",16,0,0
2026-07-11T16:50:00.000Z,"277","8",16,0,0
2026-07-11T17:00:00.000Z,"277","8",16,0,0
2026-07-11T17:10:00.000Z,"264","8",16,0,0
2026-07-11T17:20:00.000Z,"272","8",16,0,0
2026-07-11T17:30:00.000Z,"267","8",16,0,0
2026-07-11T17:40:00.000Z,"267","8",16,0,0
2026-07-11T17:50:00.000Z,"270","8",16,0,0
2026-07-11T18:00:00.000Z,"268","8",16,0,0
2026-07-11T18:10:00.000Z,"263","8",16,0,0
2026-07-11T18:20:00.000Z,"261","8",16,0,0
2026-07-11T18:30:00.000Z,"265","8",16,0,0
2026-07-11T18:40:00.000Z,"265","8",16,0,0
2026-07-11T18:50:00.000Z,"270","8",16,0,0
2026-07-11T19:00:00.000Z,"268","8",16,0,0
2026-07-11T19:10:00.000Z,"240","8",16,0,0
2026-07-11T19:20:00.000Z,"264","8",16,0,0
2026-07-11T19:30:00.000Z,"260","8",16,0,0
2026-07-11T19:40:00.000Z,"264","8",16,0,0
2026-07-11T19:50:00.000Z,"261","8",16,0,0
2026-07-11T20:00:00.000Z,"261","8",16,0,0
2026-07-11T20:10:00.000Z,"259","8",16,0,0
2026-07-11T20:20:00.000Z,"260","8",16,0,0
2026-07-11T20:30:00.000Z,"258","8",16,0,0
2026-07-11T20:40:00.000Z,"257","8",16,0,0
2026-07-11T20:50:00.000Z,"274","8",16,0,0
2026-07-11T21:00:00.000Z,"270","8",16,0,0
2026-07-11T21:10:00.000Z,"267","8",16,0,0
2026-07-11T21:20:00.000Z,"257","8",16,0,0
2026-07-11T21:30:00.000Z,"255","8",16,0,0
2026-07-11T21:40:00.000Z,"257","8",16,0,0
2026-07-11T21:50:00.000Z,"252","8",16,0,0
2026-07-11T22:00:00.000Z,"246","8",16,0,0
2026-07-11T22:10:00.000Z,"254","8",16,0,0
2026-07-11T22:20:00.000Z,"262","8",16,0,0
2026-07-11T22:30:00.000Z,"262","8",16,0,0
2026-07-11T22:40:00.000Z,"257","8",16,0,0
2026-07-11T22:50:00.000Z,"249","8",16,0,0
2026-07-11T23:00:00.000Z,"244","8",16,0,0
2026-07-11T23:10:00.000Z,"249","8",16,0,0
2026-07-11T23:20:00.000Z,"251","8",16,0,0
2026-07-11T23:30:00.000Z,"253","8",16,0,0
2026-07-11T23:40:00.000Z,"206","8",16,0,0
2026-07-11T23:50:00.000Z,"243","8",16,0,0
2026-07-12T00:00:00.000Z,"248","8",16,0,0
2026-07-12T00:10:00.000Z,"277","8",16,0,0
2026-07-12T00:20:00.000Z,"255","8",16,0,0
2026-07-12T00:30:00.000Z,"258","8",16,0,0
2026-07-12T00:40:00.000Z,"250","8",16,0,0
2026-07-12T00:50:00.000Z,"250","8",16,0,0
2026-07-12T01:00:00.000Z,"246","8",16,0,0
2026-07-12T01:10:00.000Z,"250","8",16,0,0
2026-07-12T01:20:00.000Z,"247","8",16,0,0
2026-07-12T01:30:00.000Z,"255","8",16,0,0
2026-07-12T01:40:00.000Z,"262","8",16,0,0
2026-07-12T01:50:00.000Z,"267","8",16,0,0
2026-07-12T02:00:00.000Z,"265","8",16,0,0
2026-07-12T02:10:00.000Z,"262","8",16,0,0
2026-07-12T02:20:00.000Z,"262","8",16,0,0
2026-07-12T02:30:00.000Z,"262","8",16,0,0
2026-07-12T02:40:00.000Z,"265","8",16,0,0
2026-07-12T02:50:00.000Z,"263","8",16,0,0
2026-07-12T03:00:00.000Z,"267","8",16,0,0
2026-07-12T03:10:00.000Z,"267","8",16,0,0
2026-07-12T03:20:00.000Z,"270","8",16,0,0
2026-07-12T03:30:00.000Z,"277","8",16,0,0
2026-07-12T03:40:00.000Z,"282","8",16,0,0
2026-07-12T03:50:00.000Z,"303","8",16,0,0
2026-07-12T04:00:00.000Z,"290","8",16,0,0
2026-07-12T04:10:00.000Z,"292","8",16,0,0
2026-07-12T04:20:00.000Z,"282","8",16,0,0
2026-07-12T04:30:00.000Z,"206","8",16,0,0
2026-07-12T04:40:00.000Z,"301","8",16,0,0
2026-07-12T04:50:00.000Z,"301","8",16,0,0
2026-07-12T05:00:00.000Z,"321","8",16,0,0
2026-07-12T05:10:00.000Z,"338","8",16,0,0
2026-07-12T05:20:00.000Z,"339","8",16,0,0
2026-07-12T05:30:00.000Z,"343","8",16,0,0
2026-07-12T05:40:00.000Z,"331","8",16,0,0
2026-07-12T05:50:00.000Z,"330","8",16,0,0
2026-07-12T06:00:00.000Z,"331","8",16,0,0
2026-07-12T06:10:00.000Z,"338","8",16,0,0
2026-07-12T06:20:00.000Z,"345","8",16,0,0
2026-07-12T06:30:00.000Z,"339","8",16,0,0
2026-07-12T06:40:00.000Z,"330","8",16,0,0
2026-07-12T06:50:00.000Z,"333","8",16,0,0
2026-07-12T07:00:00.000Z,"336","8",16,0,0
2026-07-12T07:10:00.000Z,"341","8",16,0,0
2026-07-12T07:20:00.000Z,"339","8",16,0,0
2026-07-12T07:30:00.000Z,"328","8",16,0,0
2026-07-12T07:40:00.000Z,"334","8",16,0,0
2026-07-12T07:50:00.000Z,"331","8",16,0,0
2026-07-12T08:00:00.000Z,"338","8",16,0,0
2026-07-12T08:10:00.000Z,"327","8",16,0,0
2026-07-12T08:20:00.000Z,"331","8",16,0,0
2026-07-12T08:30:00.000Z,"336","8",16,0,0
2026-07-12T08:40:00.000Z,"336","8",16,0,0
2026-07-12T08:50:00.000Z,"366","8",16,0,0
2026-07-12T09:00:00.000Z,"328","8",16,0,0
2026-07-12T09:10:00.000Z,"343","8",16,0,0
2026-07-12T09:20:00.000Z,"336","8",16,0,0
2026-07-12T09:30:00.000Z,"343","8",16,0,0
2026-07-12T09:40:00.000Z,"336","8",16,0,0
2026-07-12T09:50:00.000Z,"354","8",16,0,0
2026-07-12T10:00:00.000Z,"341","8",16,0,0
2026-07-12T10:10:00.000Z,"355","8",16,0,0
2026-07-12T10:20:00.000Z,"343","8",16,0,0
2026-07-12T10:30:00.000Z,"338","8",16,0,0
2026-07-12T10:40:00.000Z,"325","8",16,0,0
2026-07-12T10:50:00.000Z,"318","8",16,0,0
2026-07-12T11:00:00.000Z,"339","8",16,0,0
2026-07-12T11:10:00.000Z,"321","8",16,0,0
2026-07-12T11:20:00.000Z,"328","8",16,0,0
2026-07-12T11:30:00.000Z,"318","8",16,0,0
2026-07-12T11:40:00.000Z,"274","8",16,0,0
2026-07-12T11:50:00.000Z,"302","8",16,0,0
2026-07-12T12:00:00.000Z,"291","8",16,0,0
2026-07-12T12:10:00.000Z,"300","8",16,0,0
2026-07-12T12:20:00.000Z,"314","8",16,0,0
2026-07-12T12:30:00.000Z,"314","8",16,0,0
2026-07-12T12:40:00.000Z,"316","8",16,0,0
2026-07-12T12:50:00.000Z,"328","8",16,0,0
2026-07-12T13:00:00.000Z,"310","8",16,0,0
2026-07-12T13:10:00.000Z,"308","8",16,0,0
2026-07-12T13:20:00.000Z,"306","8",16,0,0
2026-07-12T13:30:00.000Z,"312","8",16,0,0
2026-07-12T13:40:00.000Z,"309","8",16,0,0
2026-07-12T13:50:00.000Z,"300","8",16,0,0
2026-07-12T14:00:00.000Z,"296","8",16,0,0
2026-07-12T14:10:00.000Z,"303","8",16,0,0
2026-07-12T14:20:00.000Z,"302","8",16,0,0
2026-07-12T14:30:00.000Z,"303","8",16,0,0
2026-07-12T14:40:00.000Z,"292","8",16,0,0
2026-07-12T14:50:00.000Z,"289","8",16,0,0
2026-07-12T15:00:00.000Z,"323","8",16,0,0
2026-07-12T15:10:00.000Z,"297","8",16,0,0
2026-07-12T15:20:00.000Z,"286","8",16,0,0
2026-07-12T15:30:00.000Z,"289","8",16,0,0
2026-07-12T15:40:00.000Z,"286","8",16,0,0
2026-07-12T15:50:00.000Z,"281","8",16,0,0
2026-07-12T16:00:00.000Z,"273","8",16,0,0
2026-07-12T16:10:00.000Z,"277","8",16,0,0
2026-07-12T16:20:00.000Z,"289","8",16,0,0
2026-07-12T16:30:00.000Z,"289","8",16,0,0
2026-07-12T16:40:00.000Z,"291","8",16,0,0
2026-07-12T16:50:00.000Z,"288","8",16,0,0
2026-07-12T17:00:00.000Z,"287","8",16,0,0
2026-07-12T17:10:00.000Z,"308","8",16,0,0
2026-07-12T17:20:00.000Z,"316","8",16,0,0
2026-07-12T17:30:00.000Z,"316","8",16,0,0
2026-07-12T17:40:00.000Z,"318","8",16,0,0
2026-07-12T17:50:00.000Z,"159","8",16,0,0
2026-07-12T18:00:00.000Z,"309","8",16,0,0
2026-07-12T18:10:00.000Z,"318","8",16,0,0
2026-07-12T18:20:00.000Z,"316","8",16,0,0
2026-07-12T18:30:00.000Z,"314","8",16,0,0
2026-07-12T18:40:00.000Z,"335","8",16,0,0
2026-07-12T18:50:00.000Z,"325","8",16,0,0
2026-07-12T19:00:00.000Z,"323","8",16,0,0
2026-07-12T19:10:00.000Z,"317","8",16,0,0
2026-07-12T19:20:00.000Z,"318","8",16,0,0
2026-07-12T19:30:00.000Z,"320","8",16,0,0
2026-07-12T19:40:00.000Z,"340","8",16,0,0
2026-07-12T19:50:00.000Z,"326","8",16,0,0
2026-07-12T20:00:00.000Z,"326","8",16,0,0
2026-07-12T20:10:00.000Z,"328","8",16,0,0
2026-07-12T20:20:00.000Z,"324","8",16,0,0
2026-07-12T20:30:00.000Z,"314","8",16,0,0
2026-07-12T20:40:00.000Z,"306","8",16,0,0
2026-07-12T20:50:00.000Z,"306","8",16,0,0
2026-07-12T21:00:00.000Z,"314","8",16,0,0
2026-07-12T21:10:00.000Z,"328","8",16,0,0
2026-07-12T21:20:00.000Z,"318","8",16,0,0
2026-07-12T21:30:00.000Z,"308","8",16,0,0
2026-07-12T21:40:00.000Z,"297","8",16,0,0
2026-07-12T21:50:00.000Z,"277","8",16,0,0
2026-07-12T22:00:00.000Z,"285","8",16,0,0
2026-07-12T22:10:00.000Z,"285","8",16,0,0
2026-07-12T22:20:00.000Z,"285","8",16,0,0
2026-07-12T22:30:00.000Z,"288","8",16,0,0
2026-07-12T22:40:00.000Z,"289","8",16,0,0
2026-07-12T22:50:00.000Z,"282","8",16,0,0
2026-07-12T23:00:00.000Z,"281","8",16,0,0
2026-07-12T23:10:00.000Z,"279","8",16,0,0
2026-07-12T23:20:00.000Z,"274","8",16,0,0
2026-07-12T23:30:00.000Z,"274","8",16,0,0
2026-07-12T23:40:00.000Z,"272","8",16,0,0
2026-07-12T23:50:00.000Z,"268","8",16,0,0
2026-07-13T00:00:00.000Z,"266","8",16,0,0
2026-07-13T00:10:00.000Z,"265","8",16,0,0
2026-07-13T00:20:00.000Z,"264","8",16,0,0
2026-07-13T00:30:00.000Z,"262","8",16,0,0
2026-07-13T00:40:00.000Z,"258","8",16,0,0
2026-07-13T00:50:00.000Z,"250","8",16,0,0
2026-07-13T01:00:00.000Z,"255","8",16,0,0
2026-07-13T01:10:00.000Z,"257","8",16,0,0
2026-07-13T01:20:00.000Z,"252","8",16,0,0
2026-07-13T01:30:00.000Z,"240","8",16,0,0
2026-07-13T01:40:00.000Z,"245","8",16,0,0
2026-07-13T01:50:00.000Z,"248","8",16,0,0
2026-07-13T02:00:00.000Z,"255","8",16,0,0
2026-07-13T02:10:00.000Z,"257","8",16,0,0
2026-07-13T02:20:00.000Z,"262","8",16,0,0
2026-07-13T02:30:00.000Z,"264","8",16,0,0
2026-07-13T02:40:00.000Z,"261","8",16,0,0
2026-07-13T02:50:00.000Z,"259","8",16,0,0
2026-07-13T03:00:00.000Z,"257","8",16,0,0
2026-07-13T03:10:00.000Z,"258","8",16,0,0
2026-07-13T03:20:00.000Z,"259","8",16,0,0
2026-07-13T03:30:00.000Z,"266","8",16,0,0
2026-07-13T03:40:00.000Z,"273","8",16,0,0
2026-07-13T03:50:00.000Z,"274","8",16,0,0
2026-07-13T04:00:00.000Z,"204","8",16,0,0
2026-07-13T04:10:00.000Z,"276","8",16,0,0
2026-07-13T04:20:00.000Z,"276","8",16,0,0
2026-07-13T04:30:00.000Z,"276","8",16,0,0
2026-07-13T04:40:00.000Z,"274","8",16,0,0
2026-07-13T04:50:00.000Z,"301","8",16,0,0
2026-07-13T05:00:00.000Z,"284","8",16,0,0
2026-07-13T05:10:00.000Z,"286","8",16,0,0
2026-07-13T05:20:00.000Z,"281","8",16,0,0
2026-07-13T05:30:00.000Z,"283","8",16,0,0
2026-07-13T05:40:00.000Z,"282","8",16,0,0
2026-07-13T05:50:00.000Z,"288","8",16,0,0
2026-07-13T06:00:00.000Z,"301","8",16,0,0
2026-07-13T06:10:00.000Z,"312","8",16,0,0
2026-07-13T06:20:00.000Z,"313","8",16,0,0
2026-07-13T06:30:00.000Z,"311","8",16,0,0
2026-07-13T06:40:00.000Z,"322","8",16,0,0
2026-07-13T06:50:00.000Z,"322","8",16,0,0
2026-07-13T07:00:00.000Z,"328","8",16,0,0
2026-07-13T07:10:00.000Z,"330","8",16,0,0
2026-07-13T07:20:00.000Z,"339","8",16,0,0
2026-07-13T07:30:00.000Z,"333","8",16,0,0
2026-07-13T07:40:00.000Z,"341","8",16,0,0
2026-07-13T07:50:00.000Z,"338","8",16,0,0
2026-07-13T08:00:00.000Z,"338","8",16,0,0
2026-07-13T08:10:00.000Z,"338","8",16,0,0
2026-07-13T08:20:00.000Z,"367","8",16,0,0
2026-07-13T08:30:00.000Z,"338","8",16,0,0
2026-07-13T08:40:00.000Z,"346","8",16,0,0
2026-07-13T08:50:00.000Z,"336","8",16,0,0
2026-07-13T09:00:00.000Z,"341","8",16,0,0
2026-07-13T09:10:00.000Z,"334","8",16,0,0
2026-07-13T09:20:00.000Z,"338","8",16,0,0
2026-07-13T09:30:00.000Z,"346","8",16,0,0
2026-07-13T09:40:00.000Z,"346","8",16,0,0
2026-07-13T09:50:00.000Z,"343","8",16,0,0
2026-07-13T10:00:00.000Z,"339","8",16,0,0
2026-07-13T10:10:00.000Z,"329","8",16,0,0
2026-07-13T10:20:00.000Z,"321","8",16,0,0
2026-07-13T10:30:00.000Z,"320","8",16,0,0
2026-07-13T10:40:00.000Z,"339","8",16,0,0
2026-07-13T10:50:00.000Z,"334","8",16,0,0
2026-07-13T11:00:00.000Z,"316","8",16,0,0
2026-07-13T11:10:00.000Z,"309","8",16,0,0
2026-07-13T11:20:00.000Z,"316","8",16,0,0
2026-07-13T11:30:00.000Z,"318","8",16,0,0
2026-07-13T11:40:00.000Z,"316","8",16,0,0
2026-07-13T11:50:00.000Z,"339","8",16,0,0
2026-07-13T12:00:00.000Z,"324","8",16,0,0
2026-07-13T12:10:00.000Z,"328","8",16,0,0
2026-07-13T12:20:00.000Z,"319","8",16,0,0
2026-07-13T12:30:00.000Z,"348","8",16,0,0
2026-07-13T12:40:00.000Z,"299","8",16,0,0
2026-07-13T12:50:00.000Z,"309","8",16,0,0
2026-07-13T13:00:00.000Z,"264","8",16,0,0
2026-07-13T13:10:00.000Z,"307","8",16,0,0
2026-07-13T13:20:00.000Z,"298","8",16,0,0
2026-07-13T13:30:00.000Z,"300","8",16,0,0
2026-07-13T13:40:00.000Z,"277","8",16,0,0
2026-07-13T13:50:00.000Z,"297","8",16,0,0
2026-07-13T14:00:00.000Z,"304","8",16,0,0
2026-07-13T14:10:00.000Z,"301","8",16,0,0
2026-07-13T14:20:00.000Z,"295","8",16,0,0
2026-07-13T14:30:00.000Z,"305","8",16,0,0
2026-07-13T14:40:00.000Z,"297","8",16,0,0
2026-07-13T14:50:00.000Z,"286","8",16,0,0
2026-07-13T15:00:00.000Z,"287","8",16,0,0
2026-07-13T15:10:00.000Z,"288","8",16,0,0
2026-07-13T15:20:00.000Z,"289","8",16,0,0
2026-07-13T15:30:00.000Z,"284","8",16,0,0
2026-07-13T15:40:00.000Z,"277","8",16,0,0
2026-07-13T15:50:00.000Z,"290","8",16,0,0
2026-07-13T16:00:00.000Z,"308","8",16,0,0
2026-07-13T16:10:00.000Z,"94","8",16,0,0
2026-07-13T16:20:00.000Z,"233","8",16,0,0
2026-07-13T16:30:00.000Z,"274","8",16,0,0
2026-07-13T16:40:00.000Z,"267","8",16,0,0
2026-07-13T16:50:00.000Z,"269","8",16,0,0
2026-07-13T17:00:00.000Z,"298","8",16,0,0
2026-07-13T17:10:00.000Z,"282","8",16,0,0
2026-07-13T17:20:00.000Z,"285","8",16,0,0
2026-07-13T17:30:00.000Z,"199","8",16,0,0
2026-07-13T17:40:00.000Z,"280","8",16,0,0
2026-07-13T17:50:00.000Z,"263","8",16,0,0
2026-07-13T18:00:00.000Z,"306","8",16,0,0
2026-07-13T18:10:00.000Z,"276","8",16,0,0
2026-07-13T18:20:00.000Z,"289","8",16,0,0
2026-07-13T18:30:00.000Z,"228","8",16,0,0
2026-07-13T18:40:00.000Z,"277","8",16,0,0
2026-07-13T18:50:00.000Z,"273","8",16,0,0
2026-07-13T19:00:00.000Z,"277","8",16,0,0
2026-07-13T19:10:00.000Z,"276","8",16,0,0
2026-07-13T19:20:00.000Z,"286","8",16,0,0
2026-07-13T19:30:00.000Z,"298","8",16,0,0
2026-07-13T19:40:00.000Z,"272","8",16,0,0
2026-07-13T19:50:00.000Z,"249","8",16,0,0
2026-07-13T20:00:00.000Z,"286","8",16,0,0
2026-07-13T20:10:00.000Z,"286","8",16,0,0
2026-07-13T20:20:00.000Z,"273","8",16,0,0
2026-07-13T20:30:00.000Z,"236","8",16,0,0
2026-07-13T20:40:00.000Z,"272","8",16,0,0
2026-07-13T20:50:00.000Z,"272","8",16,0,0
2026-07-13T21:00:00.000Z,"275","8",16,0,0
2026-07-13T21:10:00.000Z,"271","8",16,0,0
2026-07-13T21:20:00.000Z,"274","8",16,0,0
2026-07-13T21:30:00.000Z,"276","8",16,0,0
2026-07-13T21:40:00.000Z,"276","8",16,0,0
2026-07-13T21:50:00.000Z,"278","8",16,0,0
2026-07-13T22:00:00.000Z,"277","8",16,0,0
2026-07-13T22:10:00.000Z,"270","8",16,0,0
2026-07-13T22:20:00.000Z,"274","8",16,0,0
2026-07-13T22:30:00.000Z,"271","8",16,0,0
2026-07-13T22:40:00.000Z,"274","8",16,0,0
2026-07-13T22:50:00.000Z,"272","8",16,0,0
2026-07-13T23:00:00.000Z,"265","8",16,0,0
2026-07-13T23:10:00.000Z,"270","8",16,0,0
2026-07-13T23:20:00.000Z,"272","8",16,0,0
2026-07-13T23:30:00.000Z,"274","8",16,0,0
2026-07-13T23:40:00.000Z,"271","8",16,0,0
2026-07-13T23:50:00.000Z,"272","8",16,0,0
2026-07-14T00:00:00.000Z,"271","8",16,0,0
2026-07-14T00:10:00.000Z,"272","8",16,0,0
2026-07-14T00:20:00.000Z,"274","8",16,0,0
2026-07-14T00:30:00.000Z,"273","8",16,0,0
2026-07-14T00:40:00.000Z,"276","8",16,0,0
2026-07-14T00:50:00.000Z,"272","8",16,0,0
2026-07-14T01:00:00.000Z,"273","8",16,0,0
2026-07-14T01:10:00.000Z,"272","8",16,0,0
2026-07-14T01:20:00.000Z,"274","8",16,0,0
2026-07-14T01:30:00.000Z,"272","8",16,0,0
2026-07-14T01:40:00.000Z,"272","8",16,0,0
2026-07-14T01:50:00.000Z,"273","8",16,0,0
2026-07-14T02:00:00.000Z,"273","8",16,0,0
2026-07-14T02:10:00.000Z,"273","8",16,0,0
2026-07-14T02:20:00.000Z,"275","8",16,0,0
2026-07-14T02:30:00.000Z,"277","8",16,0,0
2026-07-14T02:40:00.000Z,"277","8",16,0,0
2026-07-14T02:50:00.000Z,"274","8",16,0,0
2026-07-14T03:00:00.000Z,"274","8",16,0,0
2026-07-14T03:10:00.000Z,"271","8",16,0,0
2026-07-14T03:20:00.000Z,"273","8",16,0,0
2026-07-14T03:30:00.000Z,"273","8",16,0,0
2026-07-14T03:40:00.000Z,"277","8",16,0,0
2026-07-14T03:50:00.000Z,"286","8",16,0,0
2026-07-14T04:00:00.000Z,"290","8",16,0,0
2026-07-14T04:10:00.000Z,"299","8",16,0,0
2026-07-14T04:20:00.000Z,"302","8",16,0,0
2026-07-14T04:30:00.000Z,"306","8",16,0,0
2026-07-14T04:40:00.000Z,"305","8",16,0,0
2026-07-14T04:50:00.000Z,"303","8",16,0,0
2026-07-14T05:00:00.000Z,"303","8",16,0,0
2026-07-14T05:10:00.000Z,"305","8",16,0,0
2026-07-14T05:20:00.000Z,"307","8",16,0,0
2026-07-14T05:30:00.000Z,"311","8",16,0,0
2026-07-14T05:40:00.000Z,"314","8",16,0,0
2026-07-14T05:50:00.000Z,"316","8",16,0,0
2026-07-14T06:00:00.000Z,"318","8",16,0,0
2026-07-14T06:10:00.000Z,"320","8",16,0,0
2026-07-14T06:20:00.000Z,"325","8",16,0,0
2026-07-14T06:30:00.000Z,"326","8",16,0,0
2026-07-14T06:40:00.000Z,"328","8",16,0,0
2026-07-14T06:50:00.000Z,"330","8",16,0,0
2026-07-14T07:00:00.000Z,"329","8",16,0,0
2026-07-14T07:10:00.000Z,"362","8",16,0,0
2026-07-14T07:20:00.000Z,"341","8",16,0,0
2026-07-14T07:30:00.000Z,"344","8",16,0,0
2026-07-14T07:40:00.000Z,"322","8",16,0,0
2026-07-14T07:50:00.000Z,"341","8",16,0,0
2026-07-14T08:00:00.000Z,"345","8",16,0,0
2026-07-14T08:10:00.000Z,"352","8",16,0,0
2026-07-14T08:20:00.000Z,"348","8",16,0,0
2026-07-14T08:30:00.000Z,"377","8",16,0,0
2026-07-14T08:40:00.000Z,"357","8",16,0,0
2026-07-14T08:50:00.000Z,"361","8",16,0,0
2026-07-14T09:00:00.000Z,"357","8",16,0,0
2026-07-14T09:10:00.000Z,"363","8",16,0,0
2026-07-14T09:20:00.000Z,"357","8",16,0,0
2026-07-14T09:30:00.000Z,"361","8",16,0,0
2026-07-14T09:40:00.000Z,"357","8",16,0,0
2026-07-14T09:50:00.000Z,"363","8",16,0,0
2026-07-14T10:00:00.000Z,"371","8",16,0,0
2026-07-14T10:10:00.000Z,"377","8",16,0,0
2026-07-14T10:20:00.000Z,"368","8",16,0,0
2026-07-14T10:30:00.000Z,"369","8",16,0,0
2026-07-14T10:40:00.000Z,"367","8",16,0,0
2026-07-14T10:50:00.000Z,"369","8",16,0,0
2026-07-14T11:00:00.000Z,"368","8",16,0,0
2026-07-14T11:10:00.000Z,"374","8",16,0,0
2026-07-14T11:20:00.000Z,"328","8",16,0,0
2026-07-14T11:30:00.000Z,"364","8",16,0,0
2026-07-14T11:40:00.000Z,"334","8",16,0,0
2026-07-14T11:50:00.000Z,"359","8",16,0,0
2026-07-14T12:00:00.000Z,"362","8",16,0,0
2026-07-14T12:10:00.000Z,"356","8",16,0,0
2026-07-14T12:20:00.000Z,"344","8",16,0,0
2026-07-14T12:30:00.000Z,"341","8",16,0,0
2026-07-14T12:40:00.000Z,"334","8",16,0,0
2026-07-14T12:50:00.000Z,"338","8",16,0,0
2026-07-14T13:00:00.000Z,"333","8",16,0,0
2026-07-14T13:10:00.000Z,"356","8",16,0,0
2026-07-14T13:20:00.000Z,"333","8",16,0,0
2026-07-14T13:30:00.000Z,"336","8",16,0,0
2026-07-14T13:40:00.000Z,"313","8",16,0,0
2026-07-14T13:50:00.000Z,"323","8",16,0,0
2026-07-14T14:00:00.000Z,"312","8",16,0,0
2026-07-14T14:10:00.000Z,"316","8",16,0,0
2026-07-14T14:20:00.000Z,"308","8",16,0,0
2026-07-14T14:30:00.000Z,"314","8",16,0,0
2026-07-14T14:40:00.000Z,"316","8",16,0,0
2026-07-14T14:50:00.000Z,"309","8",16,0,0
2026-07-14T15:00:00.000Z,"318","8",16,0,0
2026-07-14T15:10:00.000Z,"312","8",16,0,0
2026-07-14T15:20:00.000Z,"306","8",16,0,0
2026-07-14T15:30:00.000Z,"331","8",16,0,0
2026-07-14T15:40:00.000Z,"323","8",16,0,0
2026-07-14T15:50:00.000Z,"311","8",16,0,0
2026-07-14T16:00:00.000Z,"297","8",16,0,0
2026-07-14T16:10:00.000Z,"314","8",16,0,0
2026-07-14T16:20:00.000Z,"316","8",16,0,0
2026-07-14T16:30:00.000Z,"326","8",16,0,0
2026-07-14T16:40:00.000Z,"339","8",16,0,0
2026-07-14T16:50:00.000Z,"333","8",16,0,0
2026-07-14T17:00:00.000Z,"369","8",16,0,0
2026-07-14T17:10:00.000Z,"352","8",16,0,0
2026-07-14T17:20:00.000Z,"357","8",16,0,0
2026-07-14T17:30:00.000Z,"349","8",16,0,0
2026-07-14T17:40:00.000Z,"333","8",16,0,0
2026-07-14T17:50:00.000Z,"355","8",16,0,0
2026-07-14T18:00:00.000Z,"338","8",16,0,0
2026-07-14T18:10:00.000Z,"334","8",16,0,0
2026-07-14T18:20:00.000Z,"332","8",16,0,0
2026-07-14T18:30:00.000Z,"333","8",16,0,0
2026-07-14T18:40:00.000Z,"332","8",16,0,0
2026-07-14T18:50:00.000Z,"334","8",16,0,0
2026-07-14T19:00:00.000Z,"332","8",16,0,0
2026-07-14T19:10:00.000Z,"336","8",16,0,0
2026-07-14T19:20:00.000Z,"321","8",16,0,0
2026-07-14T19:30:00.000Z,"324","8",16,0,0
2026-07-14T19:40:00.000Z,"312","8",16,0,0
2026-07-14T19:50:00.000Z,"314","8",16,0,0
2026-07-14T20:00:00.000Z,"211","8",16,0,0
2026-07-14T20:10:00.000Z,"308","8",16,0,0
2026-07-14T20:20:00.000Z,"309","8",16,0,0
2026-07-14T20:30:00.000Z,"301","8",16,0,0
2026-07-14T20:40:00.000Z,"308","8",16,0,0
2026-07-14T20:50:00.000Z,"312","8",16,0,0
2026-07-14T21:00:00.000Z,"321","8",16,0,0
2026-07-14T21:10:00.000Z,"264","8",16,0,0
2026-07-14T21:20:00.000Z,"316","8",16,0,0
2026-07-14T21:30:00.000Z,"316","8",16,0,0
2026-07-14T21:40:00.000Z,"326","8",16,0,0
2026-07-14T21:50:00.000Z,"333","8",16,0,0
2026-07-14T22:00:00.000Z,"331","8",16,0,0
2026-07-14T22:10:00.000Z,"324","8",16,0,0
2026-07-14T22:20:00.000Z,"321","8",16,0,0
2026-07-14T22:30:00.000Z,"323","8",16,0,0
2026-07-14T22:40:00.000Z,"326","8",16,0,0
2026-07-14T22:50:00.000Z,"328","8",16,0,0
2026-07-14T23:00:00.000Z,"352","8",16,0,0
2026-07-14T23:10:00.000Z,"336","8",16,0,0
2026-07-14T23:20:00.000Z,"332","8",16,0,0
2026-07-14T23:30:00.000Z,"326","8",16,0,0
2026-07-14T23:40:00.000Z,"324","8",16,0,0
2026-07-14T23:50:00.000Z,"318","8",16,0,0
2026-07-15T00:00:00.000Z,"321","8",16,0,0
2026-07-15T00:10:00.000Z,"318","8",16,0,0
2026-07-15T00:20:00.000Z,"328","8",16,0,0
2026-07-15T00:30:00.000Z,"321","8",16,0,0
2026-07-15T00:40:00.000Z,"322","8",16,0,0
2026-07-15T00:50:00.000Z,"318","8",16,0,0
2026-07-15T01:00:00.000Z,"318","8",16,0,0
2026-07-15T01:10:00.000Z,"316","8",16,0,0
2026-07-15T01:20:00.000Z,"310","8",16,0,0
2026-07-15T01:30:00.000Z,"305","8",16,0,0
2026-07-15T01:40:00.000Z,"298","8",16,0,0
2026-07-15T01:50:00.000Z,"295","8",16,0,0
2026-07-15T02:00:00.000Z,"292","8",16,0,0
2026-07-15T02:10:00.000Z,"272","8",16,0,0
2026-07-15T02:20:00.000Z,"288","8",16,0,0
2026-07-15T02:30:00.000Z,"291","8",16,0,0
2026-07-15T02:40:00.000Z,"289","8",16,0,0
2026-07-15T02:50:00.000Z,"286","8",16,0,0
2026-07-15T03:00:00.000Z,"278","8",16,0,0
2026-07-15T03:10:00.000Z,"280","8",16,0,0
2026-07-15T03:20:00.000Z,"290","8",16,0,0
2026-07-15T03:30:00.000Z,"300","8",16,0,0
2026-07-15T03:40:00.000Z,"303","8",16,0,0
2026-07-15T03:50:00.000Z,"303","8",16,0,0
2026-07-15T04:00:00.000Z,"298","8",16,0,0
2026-07-15T04:10:00.000Z,"310","8",16,0,0
2026-07-15T04:20:00.000Z,"308","8",16,0,0
2026-07-15T04:30:00.000Z,"291","8",16,0,0
2026-07-15T04:40:00.000Z,"199","8",16,0,0
2026-07-15T04:50:00.000Z,"292","8",16,0,0
2026-07-15T05:00:00.000Z,"296","8",16,0,0
2026-07-15T05:10:00.000Z,"296","8",16,0,0
2026-07-15T05:20:00.000Z,"299","8",16,0,0
2026-07-15T05:30:00.000Z,"303","8",16,0,0
2026-07-15T05:40:00.000Z,"302","8",16,0,0
2026-07-15T05:50:00.000Z,"300","8",16,0,0
2026-07-15T06:00:00.000Z,"300","8",16,0,0
2026-07-15T06:10:00.000Z,"298","8",16,0,0
2026-07-15T06:20:00.000Z,"298","8",16,0,0
2026-07-15T06:30:00.000Z,"298","8",16,0,0
2026-07-15T06:40:00.000Z,"296","8",16,0,0
2026-07-15T06:50:00.000Z,"298","8",16,0,0
2026-07-15T07:00:00.000Z,"296","8",16,0,0
2026-07-15T07:10:00.000Z,"298","8",16,0,0
2026-07-15T07:20:00.000Z,"295","8",16,0,0
2026-07-15T07:30:00.000Z,"298","8",16,0,0
2026-07-15T07:40:00.000Z,"295","8",16,0,0
2026-07-15T07:50:00.000Z,"288","8",16,0,0
2026-07-15T08:00:00.000Z,"296","8",16,0,0
2026-07-15T08:10:00.000Z,"290","8",16,0,0
2026-07-15T08:20:00.000Z,"295","8",16,0,0
2026-07-15T08:30:00.000Z,"291","8",16,0,0
2026-07-15T08:40:00.000Z,"326","8",16,0,0
2026-07-15T08:50:00.000Z,"295","8",16,0,0
2026-07-15T09:00:00.000Z,"302","8",16,0,0
2026-07-15T09:10:00.000Z,"294","8",16,0,0
2026-07-15T09:20:00.000Z,"293","8",16,0,0
2026-07-15T09:30:00.000Z,"297","8",16,0,0
2026-07-15T09:40:00.000Z,"292","8",16,0,0
2026-07-15T09:50:00.000Z,"290","8",16,0,0
2026-07-15T10:00:00.000Z,"297","8",16,0,0
2026-07-15T10:10:00.000Z,"296","8",16,0,0
2026-07-15T10:20:00.000Z,"307","8",16,0,0
2026-07-15T10:30:00.000Z,"310","8",16,0,0
2026-07-15T10:40:00.000Z,"329","8",16,0,0
2026-07-15T10:50:00.000Z,"307","8",16,0,0
2026-07-15T11:00:00.000Z,"304","8",16,0,0
2026-07-15T11:10:00.000Z,"296","8",16,0,0
2026-07-15T11:20:00.000Z,"300","8",16,0,0
2026-07-15T11:30:00.000Z,"302","8",16,0,0
2026-07-15T11:40:00.000Z,"305","8",16,0,0
2026-07-15T11:50:00.000Z,"304","8",16,0,0
2026-07-15T12:00:00.000Z,"309","8",16,0,0
2026-07-15T12:10:00.000Z,"298","8",16,0,0
2026-07-15T12:20:00.000Z,"304","8",16,0,0
2026-07-15T12:30:00.000Z,"304","8",16,0,0
2026-07-15T12:40:00.000Z,"298","8",16,0,0
2026-07-15T12:50:00.000Z,"300","8",16,0,0
2026-07-15T13:00:00.000Z,"321","8",16,0,0
2026-07-15T13:10:00.000Z,"309","8",16,0,0
2026-07-15T13:20:00.000Z,"314","8",16,0,0
2026-07-15T13:30:00.000Z,"314","8",16,0,0
2026-07-15T13:40:00.000Z,"320","8",16,0,0
2026-07-15T13:50:00.000Z,"352","8",16,0,0
2026-07-15T14:00:00.000Z,"341","8",16,0,0
2026-07-15T14:10:00.000Z,"341","8",16,0,0
2026-07-15T14:20:00.000Z,"346","8",16,0,0
2026-07-15T14:30:00.000Z,"336","8",16,0,0
2026-07-15T14:40:00.000Z,"338","8",16,0,0
2026-07-15T14:50:00.000Z,"344","8",16,0,0
2026-07-15T15:00:00.000Z,"341","8",16,0,0
2026-07-15T15:10:00.000Z,"346","8",16,0,0
2026-07-15T15:20:00.000Z,"345","8",16,0,0
2026-07-15T15:30:00.000Z,"348","8",16,0,0
2026-07-15T15:40:00.000Z,"349","8",16,0,0
2026-07-15T15:50:00.000Z,"349","8",16,0,0
2026-07-15T16:00:00.000Z,"345","8",16,0,0
2026-07-15T16:10:00.000Z,"346","8",16,0,0
2026-07-15T16:20:00.000Z,"346","8",16,0,0
2026-07-15T16:30:00.000Z,"344","8",16,0,0
2026-07-15T16:40:00.000Z,"346","8",16,0,0
2026-07-15T16:50:00.000Z,"345","8",16,0,0
2026-07-15T17:00:00.000Z,"360","8",16,0,0
2026-07-15T17:10:00.000Z,"339","8",16,0,0
2026-07-15T17:20:00.000Z,"346","8",16,0,0
2026-07-15T17:30:00.000Z,"338","8",16,0,0
2026-07-15T17:40:00.000Z,"345","8",16,0,0
2026-07-15T17:50:00.000Z,"204","8",16,0,0
2026-07-15T18:00:00.000Z,"333","8",16,0,0
2026-07-15T18:10:00.000Z,"333","8",16,0,0
2026-07-15T18:20:00.000Z,"366","8",16,0,0
2026-07-15T18:30:00.000Z,"338","8",16,0,0
2026-07-15T18:40:00.000Z,"341","8",16,0,0
2026-07-15T18:50:00.000Z,"272","8",16,0,0
2026-07-15T19:00:00.000Z,"357","8",16,0,0
2026-07-15T19:10:00.000Z,"334","8",16,0,0
2026-07-15T19:20:00.000Z,"346","8",16,0,0
2026-07-15T19:30:00.000Z,"326","8",16,0,0
2026-07-15T19:40:00.000Z,"327","8",16,0,0
2026-07-15T19:50:00.000Z,"320","8",16,0,0
2026-07-15T20:00:00.000Z,"338","8",16,0,0
2026-07-15T20:10:00.000Z,"338","8",16,0,0
2026-07-15T20:20:00.000Z,"328","8",16,0,0
2026-07-15T20:30:00.000Z,"201","8",16,0,0
2026-07-15T20:40:00.000Z,"317","8",16,0,0
2026-07-15T20:50:00.000Z,"305","8",16,0,0
2026-07-15T21:00:00.000Z,"295","8",16,0,0
2026-07-15T21:10:00.000Z,"301","8",16,0,0
2026-07-15T21:20:00.000Z,"310","8",16,0,0
2026-07-15T21:30:00.000Z,"316","8",16,0,0
2026-07-15T21:40:00.000Z,"302","8",16,0,0
2026-07-15T21:50:00.000Z,"288","8",16,0,0
2026-07-15T22:00:00.000Z,"286","8",16,0,0
2026-07-15T22:10:00.000Z,"282","8",16,0,0
2026-07-15T22:20:00.000Z,"281","8",16,0,0
2026-07-15T22:30:00.000Z,"285","8",16,0,0
2026-07-15T22:40:00.000Z,"292","8",16,0,0
2026-07-15T22:50:00.000Z,"291","8",16,0,0
2026-07-15T23:00:00.000Z,"295","8",16,0,0
2026-07-15T23:10:00.000Z,"292","8",16,0,0
2026-07-15T23:20:00.000Z,"286","8",16,0,0
2026-07-15T23:30:00.000Z,"285","8",16,0,0
2026-07-15T23:40:00.000Z,"289","8",16,0,0
2026-07-15T23:50:00.000Z,"298","8",16,0,0
2026-07-16T00:00:00.000Z,"305","8",16,0,0
2026-07-16T00:10:00.000Z,"307","8",16,0,0
2026-07-16T00:20:00.000Z,"308","8",16,0,0
2026-07-16T00:30:00.000Z,"308","8",16,0,0
2026-07-16T00:40:00.000Z,"310","8",16,0,0
2026-07-16T00:50:00.000Z,"309","8",16,0,0
2026-07-16T01:00:00.000Z,"310","8",16,0,0
2026-07-16T01:10:00.000Z,"311","8",16,0,0
2026-07-16T01:20:00.000Z,"316","8",16,0,0
2026-07-16T01:30:00.000Z,"321","8",16,0,0
2026-07-16T01:40:00.000Z,"325","8",16,0,0
2026-07-16T01:50:00.000Z,"335","8",16,0,0
2026-07-16T02:00:00.000Z,"338","8",16,0,0
2026-07-16T02:10:00.000Z,"341","8",16,0,0
2026-07-16T02:20:00.000Z,"341","8",16,0,0
2026-07-16T02:30:00.000Z,"341","8",16,0,0
2026-07-16T02:40:00.000Z,"343","8",16,0,0
2026-07-16T02:50:00.000Z,"342","8",16,0,0
2026-07-16T03:00:00.000Z,"343","8",16,0,0
2026-07-16T03:10:00.000Z,"348","8",16,0,0
2026-07-16T03:20:00.000Z,"341","8",16,0,0
2026-07-16T03:30:00.000Z,"343","8",16,0,0
2026-07-16T03:40:00.000Z,"345","8",16,0,0
2026-07-16T03:50:00.000Z,"346","8",16,0,0
2026-07-16T04:00:00.000Z,"346","8",16,0,0
2026-07-16T04:10:00.000Z,"348","8",16,0,0
2026-07-16T04:20:00.000Z,"347","8",16,0,0
2026-07-16T04:30:00.000Z,"348","8",16,0,0
2026-07-16T04:40:00.000Z,"348","8",16,0,0
2026-07-16T04:50:00.000Z,"349","8",16,0,0
2026-07-16T05:00:00.000Z,"349","8",16,0,0
2026-07-16T05:10:00.000Z,"350","8",16,0,0
2026-07-16T05:20:00.000Z,"349","8",16,0,0
2026-07-16T05:30:00.000Z,"351","8",16,0,0
2026-07-16T05:40:00.000Z,"351","8",16,0,0
2026-07-16T05:50:00.000Z,"352","8",16,0,0
2026-07-16T06:00:00.000Z,"352","8",16,0,0
2026-07-16T06:10:00.000Z,"352","8",16,0,0
2026-07-16T06:20:00.000Z,"354","8",16,0,0
2026-07-16T06:30:00.000Z,"354","8",16,0,0
2026-07-16T06:40:00.000Z,"355","8",16,0,0
2026-07-16T06:50:00.000Z,"345","8",16,0,0
2026-07-16T07:00:00.000Z,"354","8",16,0,0
2026-07-16T07:10:00.000Z,"354","8",16,0,0
2026-07-16T07:20:00.000Z,"370","8",16,0,0
2026-07-16T07:30:00.000Z,"348","8",16,0,0
2026-07-16T07:40:00.000Z,"345","8",16,0,0
2026-07-16T07:50:00.000Z,"339","8",16,0,0
2026-07-16T08:00:00.000Z,"339","8",16,0,0
2026-07-16T08:10:00.000Z,"340","8",16,0,0
2026-07-16T08:20:00.000Z,"344","8",16,0,0
2026-07-16T08:30:00.000Z,"343","8",16,0,0
2026-07-16T08:40:00.000Z,"348","8",16,0,0
2026-07-16T08:50:00.000Z,"368","8",16,0,0
2026-07-16T09:00:00.000Z,"347","8",16,0,0
2026-07-16T09:10:00.000Z,"345","8",16,0,0
2026-07-16T09:20:00.000Z,"337","8",16,0,0
2026-07-16T09:30:00.000Z,"335","8",16,0,0
2026-07-16T09:40:00.000Z,"333","8",16,0,0
2026-07-16T09:50:00.000Z,"335","8",16,0,0
2026-07-16T10:00:00.000Z,"332","8",16,0,0
2026-07-16T10:10:00.000Z,"336","8",16,0,0
2026-07-16T10:20:00.000Z,"333","8",16,0,0
2026-07-16T10:30:00.000Z,"334","8",16,0,0
2026-07-16T10:40:00.000Z,"332","8",16,0,0
2026-07-16T10:50:00.000Z,"335","8",16,0,0
2026-07-16T11:00:00.000Z,"345","8",16,0,0
2026-07-16T11:10:00.000Z,"345","8",16,0,0
2026-07-16T11:20:00.000Z,"338","8",16,0,0
2026-07-16T11:30:00.000Z,"321","8",16,0,0
2026-07-16T11:40:00.000Z,"336","8",16,0,0
2026-07-16T11:50:00.000Z,"330","8",16,0,0
2026-07-16T12:00:00.000Z,"336","8",16,0,0
2026-07-16T12:10:00.000Z,"311","8",16,0,0
2026-07-16T12:20:00.000Z,"366","8",16,0,0
2026-07-16T12:30:00.000Z,"336","8",16,0,0
2026-07-16T12:40:00.000Z,"339","8",16,0,0
2026-07-16T12:50:00.000Z,"324","8",16,0,0
2026-07-16T13:00:00.000Z,"333","8",16,0,0
2026-07-16T13:10:00.000Z,"341","8",16,0,0
2026-07-16T13:20:00.000Z,"337","8",16,0,0
2026-07-16T13:30:00.000Z,"345","8",16,0,0
2026-07-16T13:40:00.000Z,"345","8",16,0,0
2026-07-16T13:50:00.000Z,"332","8",16,0,0
2026-07-16T14:00:00.000Z,"339","8",16,0,0
2026-07-16T14:10:00.000Z,"338","8",16,0,0
2026-07-16T14:20:00.000Z,"343","8",16,0,0
2026-07-16T14:30:00.000Z,"343","8",16,0,0
2026-07-16T14:40:00.000Z,"339","8",16,0,0
2026-07-16T14:50:00.000Z,"344","8",16,0,0
2026-07-16T15:00:00.000Z,"347","8",16,0,0
2026-07-16T15:10:00.000Z,"283","8",16,0,0
2026-07-16T15:20:00.000Z,"348","8",16,0,0
2026-07-16T15:30:00.000Z,"341","8",16,0,0
2026-07-16T15:40:00.000Z,"338","8",16,0,0
2026-07-16T15:50:00.000Z,"352","8",16,0,0
2026-07-16T16:00:00.000Z,"355","8",16,0,0
2026-07-16T16:10:00.000Z,"360","8",16,0,0
2026-07-16T16:20:00.000Z,"348","8",16,0,0
2026-07-16T16:30:00.000Z,"334","8",16,0,0
2026-07-16T16:40:00.000Z,"339","8",16,0,0
2026-07-16T16:50:00.000Z,"355","8",16,0,0
2026-07-16T17:00:00.000Z,"385","8",16,0,0
2026-07-16T17:10:00.000Z,"334","8",16,0,0
2026-07-16T17:20:00.000Z,"352","8",16,0,0
2026-07-16T17:30:00.000Z,"368","8",16,0,0
2026-07-16T17:40:00.000Z,"362","8",16,0,0
2026-07-16T17:50:00.000Z,"236","8",16,0,0
2026-07-16T18:00:00.000Z,"354","8",16,0,0
2026-07-16T18:10:00.000Z,"346","8",16,0,0
2026-07-16T18:20:00.000Z,"383","8",16,0,0
2026-07-16T18:30:00.000Z,"366","8",16,0,0
2026-07-16T18:40:00.000Z,"368","8",16,0,0
2026-07-16T18:50:00.000Z,"307","8",16,0,0
2026-07-16T19:00:00.000Z,"355","8",16,0,0
2026-07-16T19:10:00.000Z,"354","8",16,0,0
2026-07-16T19:20:00.000Z,"362","8",16,0,0
2026-07-16T19:30:00.000Z,"373","8",16,0,0
2026-07-16T19:40:00.000Z,"366","8",16,0,0
2026-07-16T19:50:00.000Z,"366","8",16,0,0
2026-07-16T20:00:00.000Z,"383","8",16,0,0
2026-07-16T20:10:00.000Z,"369","8",16,0,0
2026-07-16T20:20:00.000Z,"358","8",16,0,0
2026-07-16T20:30:00.000Z,"344","8",16,0,0
2026-07-16T20:40:00.000Z,"337","8",16,0,0
2026-07-16T20:50:00.000Z,"361","8",16,0,0
2026-07-16T21:00:00.000Z,"376","8",16,0,0
2026-07-16T21:10:00.000Z,"388","8",16,0,0
2026-07-16T21:20:00.000Z,"390","8",16,0,0
2026-07-16T21:30:00.000Z,"395","8",16,0,0
2026-07-16T21:40:00.000Z,"414","8",16,0,0
2026-07-16T21:50:00.000Z,"443","8",16,0,0
2026-07-16T22:00:00.000Z,"458","8",16,0,0
2026-07-16T22:10:00.000Z,"475","8",16,0,0
2026-07-16T22:20:00.000Z,"485","8",16,0,0
2026-07-16T22:30:00.000Z,"496","8",16,0,0
2026-07-16T22:40:00.000Z,"508","8",16,0,0
2026-07-16T22:50:00.000Z,"509","8",16,0,0
2026-07-16T23:00:00.000Z,"522","8",16,0,0
2026-07-16T23:10:00.000Z,"533","8",16,0,0
2026-07-16T23:20:00.000Z,"527","8",16,0,0
2026-07-16T23:30:00.000Z,"486","8",16,0,0
2026-07-16T23:40:00.000Z,"470","8",16,0,0
2026-07-16T23:50:00.000Z,"446","8",16,0,0
2026-07-17T00:00:00.000Z,"429","8",16,0,0
2026-07-17T00:10:00.000Z,"374","8",16,0,0
2026-07-17T00:20:00.000Z,"435","8",16,0,0
2026-07-17T00:30:00.000Z,"401","8",16,0,0
2026-07-17T00:40:00.000Z,"378","8",16,0,0
2026-07-17T00:50:00.000Z,"364","8",16,0,0
2026-07-17T01:00:00.000Z,"373","8",16,0,0
2026-07-17T01:10:00.000Z,"366","8",16,0,0
2026-07-17T01:20:00.000Z,"355","8",16,0,0
2026-07-17T01:30:00.000Z,"359","8",16,0,0
2026-07-17T01:40:00.000Z,"379","8",16,0,0
2026-07-17T01:50:00.000Z,"389","8",16,0,0
2026-07-17T02:00:00.000Z,"396","8",16,0,0
2026-07-17T02:10:00.000Z,"389","8",16,0,0
2026-07-17T02:20:00.000Z,"394","8",16,0,0
2026-07-17T02:30:00.000Z,"401","8",16,0,0
2026-07-17T02:40:00.000Z,"405","8",16,0,0
2026-07-17T02:50:00.000Z,"408","8",16,0,0
2026-07-17T03:00:00.000Z,"401","8",16,0,0
2026-07-17T03:10:00.000Z,"391","8",16,0,0
2026-07-17T03:20:00.000Z,"384","8",16,0,0
2026-07-17T03:30:00.000Z,"383","8",16,0,0
2026-07-17T03:40:00.000Z,"375","8",16,0,0
2026-07-17T03:50:00.000Z,"371","8",16,0,0
2026-07-17T04:00:00.000Z,"363","8",16,0,0
2026-07-17T04:10:00.000Z,"359","8",16,0,0
2026-07-17T04:20:00.000Z,"341","8",16,0,0
2026-07-17T04:30:00.000Z,"343","8",16,0,0
2026-07-17T04:40:00.000Z,"346","8",16,0,0
2026-07-17T04:50:00.000Z,"340","8",16,0,0
2026-07-17T05:00:00.000Z,"333","8",16,0,0
2026-07-17T05:10:00.000Z,"349","8",16,0,0
2026-07-17T05:20:00.000Z,"337","8",16,0,0
2026-07-17T05:30:00.000Z,"330","8",16,0,0
2026-07-17T05:40:00.000Z,"331","8",16,0,0
2026-07-17T05:50:00.000Z,"337","8",16,0,0
2026-07-17T06:00:00.000Z,"340","8",16,0,0
2026-07-17T06:10:00.000Z,"347","8",16,0,0
2026-07-17T06:20:00.000Z,"343","8",16,0,0
2026-07-17T06:30:00.000Z,"338","8",16,0,0
2026-07-17T06:40:00.000Z,"332","8",16,0,0
2026-07-17T06:50:00.000Z,"333","8",16,0,0
2026-07-17T07:00:00.000Z,"332","8",16,0,0
2026-07-17T07:10:00.000Z,"329","8",16,0,0
2026-07-17T07:20:00.000Z,"329","8",16,0,0
2026-07-17T07:30:00.000Z,"336","8",16,0,0
2026-07-17T07:40:00.000Z,"341","8",16,0,0
2026-07-17T07:50:00.000Z,"357","8",16,0,0
2026-07-17T08:00:00.000Z,"359","8",16,0,0
2026-07-17T08:10:00.000Z,"365","8",16,0,0
2026-07-17T08:20:00.000Z,"364","8",16,0,0
2026-07-17T08:30:00.000Z,"388","8",16,0,0
2026-07-17T08:40:00.000Z,"369","8",16,0,0
2026-07-17T08:50:00.000Z,"371","8",16,0,0
2026-07-17T09:00:00.000Z,"362","8",16,0,0
2026-07-17T09:10:00.000Z,"381","8",16,0,0
2026-07-17T09:20:00.000Z,"389","8",16,0,0
2026-07-17T09:30:00.000Z,"423","8",16,0,0
2026-07-17T09:40:00.000Z,"404","8",16,0,0
2026-07-17T09:50:00.000Z,"414","8",16,0,0
2026-07-17T10:00:00.000Z,"414","8",16,0,0
2026-07-17T10:10:00.000Z,"418","8",16,0,0
2026-07-17T10:20:00.000Z,"348","8",16,0,0
2026-07-17T10:30:00.000Z,"408","8",16,0,0
2026-07-17T10:40:00.000Z,"409","8",16,0,0
2026-07-17T10:50:00.000Z,"420","8",16,0,0
2026-07-17T11:00:00.000Z,"418","8",16,0,0
2026-07-17T11:10:00.000Z,"424","8",16,0,0
2026-07-17T11:20:00.000Z,"412","8",16,0,0
2026-07-17T11:30:00.000Z,"435","8",16,0,0
2026-07-17T11:40:00.000Z,"439","8",16,0,0
2026-07-17T11:50:00.000Z,"438","8",16,0,0
2026-07-17T12:00:00.000Z,"446","8",16,0,0
2026-07-17T12:10:00.000Z,"446","8",16,0,0
2026-07-17T12:20:00.000Z,"450","8",16,0,0
2026-07-17T12:30:00.000Z,"449","8",16,0,0
2026-07-17T12:40:00.000Z,"451","8",16,0,0
2026-07-17T12:50:00.000Z,"453","8",16,0,0
2026-07-17T13:00:00.000Z,"454","8",16,0,0
2026-07-17T13:10:00.000Z,"458","8",16,0,0
2026-07-17T13:20:00.000Z,"469","8",16,0,0
2026-07-17T13:30:00.000Z,"456","8",16,0,0
2026-07-17T13:40:00.000Z,"457","8",16,0,0
2026-07-17T13:50:00.000Z,"295","8",16,0,0
2026-07-17T14:00:00.000Z,"445","8",16,0,0
2026-07-17T14:10:00.000Z,"459","8",16,0,0
2026-07-17T14:20:00.000Z,"453","8",16,0,0
2026-07-17T14:30:00.000Z,"439","8",16,0,0
2026-07-17T14:40:00.000Z,"456","8",16,0,0
2026-07-17T14:50:00.000Z,"456","8",16,0,0
2026-07-17T15:00:00.000Z,"455","8",16,0,0
2026-07-17T15:10:00.000Z,"453","8",16,0,0
2026-07-17T15:20:00.000Z,"456","8",16,0,0
2026-07-17T15:30:00.000Z,"452","8",16,0,0
2026-07-17T15:40:00.000Z,"449","8",16,0,0
2026-07-17T15:50:00.000Z,"447","8",16,0,0
2026-07-17T16:00:00.000Z,"460","8",16,0,0
2026-07-17T16:10:00.000Z,"448","8",16,0,0
2026-07-17T16:20:00.000Z,"449","8",16,0,0
2026-07-17T16:30:00.000Z,"447","8",16,0,0
2026-07-17T16:40:00.000Z,"447","8",16,0,0
2026-07-17T16:50:00.000Z,"441","8",16,0,0
2026-07-17T17:00:00.000Z,"443","8",16,0,0
2026-07-17T17:10:00.000Z,"320","8",16,0,0
2026-07-17T17:20:00.000Z,"434","8",16,0,0
2026-07-17T17:30:00.000Z,"438","8",16,0,0
2026-07-17T17:40:00.000Z,"450","8",16,0,0
2026-07-17T17:50:00.000Z,"446","8",16,0,0
2026-07-17T18:00:00.000Z,"439","8",16,0,0
2026-07-17T18:10:00.000Z,"449","8",16,0,0
2026-07-17T18:20:00.000Z,"420","8",16,0,0
2026-07-17T18:30:00.000Z,"421","8",16,0,0
2026-07-17T18:40:00.000Z,"399","8",16,0,0
2026-07-17T18:50:00.000Z,"416","8",16,0,0
2026-07-17T19:00:00.000Z,"414","8",16,0,0
2026-07-17T19:10:00.000Z,"412","8",16,0,0
2026-07-17T19:20:00.000Z,"411","8",16,0,0
2026-07-17T19:30:00.000Z,"415","8",16,0,0
2026-07-17T19:40:00.000Z,"407","8",16,0,0
2026-07-17T19:50:00.000Z,"407","8",16,0,0
2026-07-17T20:00:00.000Z,"402","8",16,0,0
2026-07-17T20:10:00.000Z,"399","8",16,0,0
2026-07-17T20:20:00.000Z,"398","8",16,0,0
2026-07-17T20:30:00.000Z,"385","8",16,0,0
2026-07-17T20:40:00.000Z,"379","8",16,0,0
2026-07-17T20:50:00.000Z,"371","8",16,0,0
2026-07-17T21:00:00.000Z,"368","8",16,0,0
2026-07-17T21:10:00.000Z,"365","8",16,0,0
2026-07-17T21:20:00.000Z,"352","8",16,0,0
2026-07-17T21:30:00.000Z,"338","8",16,0,0
2026-07-17T21:40:00.000Z,"329","8",16,0,0
2026-07-17T21:50:00.000Z,"320","8",16,0,0
2026-07-17T22:00:00.000Z,"316","8",16,0,0
2026-07-17T22:10:00.000Z,"312","8",16,0,0
2026-07-17T22:20:00.000Z,"305","8",16,0,0
2026-07-17T22:30:00.000Z,"301","8",16,0,0
2026-07-17T22:40:00.000Z,"306","8",16,0,0
2026-07-17T22:50:00.000Z,"310","8",16,0,0
2026-07-17T23:00:00.000Z,"309","8",16,0,0
2026-07-17T23:10:00.000Z,"308","8",16,0,0
2026-07-17T23:20:00.000Z,"304","8",16,0,0
2026-07-17T23:30:00.000Z,"301","8",16,0,0
2026-07-17T23:40:00.000Z,"299","8",16,0,0
2026-07-17T23:50:00.000Z,"296","8",16,0,0
2026-07-18T00:00:00.000Z,"297","8",16,0,0
2026-07-18T00:10:00.000Z,"296","8",16,0,0
2026-07-18T00:20:00.000Z,"296","8",16,0,0
2026-07-18T00:30:00.000Z,"309","8",16,0,0
2026-07-18T00:40:00.000Z,"314","8",16,0,0
2026-07-18T00:50:00.000Z,"317","8",16,0,0
2026-07-18T01:00:00.000Z,"314","8",16,0,0
2026-07-18T01:10:00.000Z,"314","8",16,0,0
2026-07-18T01:20:00.000Z,"314","8",16,0,0
2026-07-18T01:30:00.000Z,"314","8",16,0,0
2026-07-18T01:40:00.000Z,"311","8",16,0,0
2026-07-18T01:50:00.000Z,"312","8",16,0,0
2026-07-18T02:00:00.000Z,"314","8",16,0,0
2026-07-18T02:10:00.000Z,"315","8",16,0,0
2026-07-18T02:20:00.000Z,"321","8",16,0,0
2026-07-18T02:30:00.000Z,"302","8",16,0,0
2026-07-18T02:40:00.000Z,"314","8",16,0,0
2026-07-18T02:50:00.000Z,"307","8",16,0,0
2026-07-18T03:00:00.000Z,"305","8",16,0,0
2026-07-18T03:10:00.000Z,"303","8",16,0,0
2026-07-18T03:20:00.000Z,"303","8",16,0,0
2026-07-18T03:30:00.000Z,"301","8",16,0,0
2026-07-18T03:40:00.000Z,"295","8",16,0,0
2026-07-18T03:50:00.000Z,"286","8",16,0,0
2026-07-18T04:00:00.000Z,"284","8",16,0,0
2026-07-18T04:10:00.000Z,"281","8",16,0,0
2026-07-18T04:20:00.000Z,"281","8",16,0,0
2026-07-18T04:30:00.000Z,"279","8",16,0,0
2026-07-18T04:40:00.000Z,"276","8",16,0,0
2026-07-18T04:50:00.000Z,"271","8",16,0,0
2026-07-18T05:00:00.000Z,"269","8",16,0,0
2026-07-18T05:10:00.000Z,"259","8",16,0,0
2026-07-18T05:20:00.000Z,"263","8",16,0,0
2026-07-18T05:30:00.000Z,"254","8",16,0,0
2026-07-18T05:40:00.000Z,"249","8",16,0,0
2026-07-18T05:50:00.000Z,"244","8",16,0,0
2026-07-18T06:00:00.000Z,"241","8",16,0,0
2026-07-18T06:10:00.000Z,"237","8",16,0,0
2026-07-18T06:20:00.000Z,"236","8",16,0,0
2026-07-18T06:30:00.000Z,"229","8",16,0,0
2026-07-18T06:40:00.000Z,"231","8",16,0,0
2026-07-18T06:50:00.000Z,"225","8",16,0,0
2026-07-18T07:00:00.000Z,"242","8",16,0,0
2026-07-18T07:10:00.000Z,"225","8",16,0,0
2026-07-18T07:20:00.000Z,"220","8",16,0,0
2026-07-18T07:30:00.000Z,"215","8",16,0,0
2026-07-18T07:40:00.000Z,"214","8",16,0,0
2026-07-18T07:50:00.000Z,"212","8",16,0,0
2026-07-18T08:00:00.000Z,"210","8",16,0,0
2026-07-18T08:10:00.000Z,"206","8",16,0,0
2026-07-18T08:20:00.000Z,"209","8",16,0,0
2026-07-18T08:30:00.000Z,"205","8",16,0,0
2026-07-18T08:40:00.000Z,"201","8",16,0,0
2026-07-18T08:50:00.000Z,"199","8",16,0,0
2026-07-18T09:00:00.000Z,"196","8",16,0,0
2026-07-18T09:10:00.000Z,"206","8",16,0,0
2026-07-18T09:20:00.000Z,"206","8",16,0,0
2026-07-18T09:30:00.000Z,"211","8",16,0,0
2026-07-18T09:40:00.000Z,"232","8",16,0,0
2026-07-18T09:50:00.000Z,"215","8",16,0,0
2026-07-18T10:00:00.000Z,"204","8",16,0,0
2026-07-18T10:10:00.000Z,"203","8",16,0,0
2026-07-18T10:20:00.000Z,"158","8",16,0,0
2026-07-18T10:30:00.000Z,"208","8",16,0,0
2026-07-18T10:40:00.000Z,"212","8",16,0,0
2026-07-18T10:50:00.000Z,"212","8",16,0,0
2026-07-18T11:00:00.000Z,"218","8",16,0,0
2026-07-18T11:10:00.000Z,"216","8",16,0,0
2026-07-18T11:20:00.000Z,"217","8",16,0,0
2026-07-18T11:30:00.000Z,"218","8",16,0,0
2026-07-18T11:40:00.000Z,"220","8",16,0,0
2026-07-18T11:50:00.000Z,"210","8",16,0,0
2026-07-18T12:00:00.000Z,"217","8",16,0,0
2026-07-18T12:10:00.000Z,"232","8",16,0,0
2026-07-18T12:20:00.000Z,"231","8",16,0,0
2026-07-18T12:30:00.000Z,"232","8",16,0,0
2026-07-18T12:40:00.000Z,"229","8",16,0,0
2026-07-18T12:50:00.000Z,"219","8",16,0,0
2026-07-18T13:00:00.000Z,"228","8",16,0,0
2026-07-18T13:10:00.000Z,"244","8",16,0,0
2026-07-18T13:20:00.000Z,"232","8",16,0,0
2026-07-18T13:30:00.000Z,"232","8",16,0,0
2026-07-18T13:40:00.000Z,"236","8",16,0,0
2026-07-18T13:50:00.000Z,"228","8",16,0,0
2026-07-18T14:00:00.000Z,"224","8",16,0,0
2026-07-18T14:10:00.000Z,"224","8",16,0,0
2026-07-18T14:20:00.000Z,"222","8",16,0,0
2026-07-18T14:30:00.000Z,"228","8",16,0,0
2026-07-18T14:40:00.000Z,"224","8",16,0,0
2026-07-18T14:50:00.000Z,"229","8",16,0,0
2026-07-18T15:00:00.000Z,"226","8",16,0,0
2026-07-18T15:10:00.000Z,"224","8",16,0,0
2026-07-18T15:20:00.000Z,"218","8",16,0,0
2026-07-18T15:30:00.000Z,"221","8",16,0,0
2026-07-18T15:40:00.000Z,"219","8",16,0,0
2026-07-18T15:50:00.000Z,"226","8",16,0,0
2026-07-18T16:00:00.000Z,"226","8",16,0,0
2026-07-18T16:10:00.000Z,"226","8",16,0,0
2026-07-18T16:20:00.000Z,"229","8",16,0,0
2026-07-18T16:30:00.000Z,"228","8",16,0,0
2026-07-18T16:40:00.000Z,"254","8",16,0,0
2026-07-18T16:50:00.000Z,"237","8",16,0,0
2026-07-18T17:00:00.000Z,"237","8",16,0,0
2026-07-18T17:10:00.000Z,"234","8",16,0,0
2026-07-18T17:20:00.000Z,"234","8",16,0,0
2026-07-18T17:30:00.000Z,"234","8",16,0,0
2026-07-18T17:40:00.000Z,"236","8",16,0,0
2026-07-18T17:50:00.000Z,"237","8",16,0,0
2026-07-18T18:00:00.000Z,"243","8",16,0,0
2026-07-18T18:10:00.000Z,"234","8",16,0,0
2026-07-18T18:20:00.000Z,"243","8",16,0,0
2026-07-18T18:30:00.000Z,"236","8",16,0,0
2026-07-18T18:40:00.000Z,"231","8",16,0,0
2026-07-18T18:50:00.000Z,"244","8",16,0,0
2026-07-18T19:00:00.000Z,"239","8",16,0,0
2026-07-18T19:10:00.000Z,"231","8",16,0,0
2026-07-18T19:20:00.000Z,"185","8",16,0,0
2026-07-18T19:30:00.000Z,"231","8",16,0,0
2026-07-18T19:40:00.000Z,"226","8",16,0,0
2026-07-18T19:50:00.000Z,"231","8",16,0,0
2026-07-18T20:00:00.000Z,"228","8",16,0,0
2026-07-18T20:10:00.000Z,"234","8",16,0,0
2026-07-18T20:20:00.000Z,"224","8",16,0,0
2026-07-18T20:30:00.000Z,"229","8",16,0,0
2026-07-18T20:40:00.000Z,"224","8",16,0,0
2026-07-18T20:50:00.000Z,"226","8",16,0,0
2026-07-18T21:00:00.000Z,"209","8",16,0,0
2026-07-18T21:10:00.000Z,"221","8",16,0,0
2026-07-18T21:20:00.000Z,"221","8",16,0,0
2026-07-18T21:30:00.000Z,"236","8",16,0,0
2026-07-18T21:40:00.000Z,"231","8",16,0,0
2026-07-18T21:50:00.000Z,"244","8",16,0,0
2026-07-18T22:00:00.000Z,"241","8",16,0,0
2026-07-18T22:10:00.000Z,"243","8",16,0,0
2026-07-18T22:20:00.000Z,"236","8",16,0,0
2026-07-18T22:30:00.000Z,"216","8",16,0,0
2026-07-18T22:40:00.000Z,"239","8",16,0,0
2026-07-18T22:50:00.000Z,"266","8",16,0,0
2026-07-18T23:00:00.000Z,"236","8",16,0,0
2026-07-18T23:10:00.000Z,"252","8",16,0,0
2026-07-18T23:20:00.000Z,"239","8",16,0,0
2026-07-18T23:30:00.000Z,"248","8",16,0,0
2026-07-18T23:40:00.000Z,"268","8",16,0,0
2026-07-18T23:50:00.000Z,"279","8",16,0,0
2026-07-19T00:00:00.000Z,"277","8",16,0,0
2026-07-19T00:10:00.000Z,"286","8",16,0,0
2026-07-19T00:20:00.000Z,"317","8",16,0,0
2026-07-19T00:30:00.000Z,"299","8",16,0,0
2026-07-19T00:40:00.000Z,"305","8",16,0,0
2026-07-19T00:50:00.000Z,"300","8",16,0,0
2026-07-19T01:00:00.000Z,"325","8",16,0,0
2026-07-19T01:10:00.000Z,"322","8",16,0,0
2026-07-19T01:20:00.000Z,"330","8",16,0,0
2026-07-19T01:30:00.000Z,"332","8",16,0,0
2026-07-19T01:40:00.000Z,"341","8",16,0,0
2026-07-19T01:50:00.000Z,"341","8",16,0,0
2026-07-19T02:00:00.000Z,"340","8",16,0,0
2026-07-19T02:10:00.000Z,"332","8",16,0,0
2026-07-19T02:20:00.000Z,"326","8",16,0,0
2026-07-19T02:30:00.000Z,"316","8",16,0,0
2026-07-19T02:40:00.000Z,"314","8",16,0,0
2026-07-19T02:50:00.000Z,"314","8",16,0,0
2026-07-19T03:00:00.000Z,"317","8",16,0,0
2026-07-19T03:10:00.000Z,"321","8",16,0,0
2026-07-19T03:20:00.000Z,"326","8",16,0,0
2026-07-19T03:30:00.000Z,"326","8",16,0,0
2026-07-19T03:40:00.000Z,"314","8",16,0,0
2026-07-19T03:50:00.000Z,"302","8",16,0,0
2026-07-19T04:00:00.000Z,"295","8",16,0,0
2026-07-19T04:10:00.000Z,"292","8",16,0,0
2026-07-19T04:20:00.000Z,"293","8",16,0,0
2026-07-19T04:30:00.000Z,"289","8",16,0,0
2026-07-19T04:40:00.000Z,"284","8",16,0,0
2026-07-19T04:50:00.000Z,"276","8",16,0,0
2026-07-19T05:00:00.000Z,"271","8",16,0,0
2026-07-19T05:10:00.000Z,"271","8",16,0,0
2026-07-19T05:20:00.000Z,"269","8",16,0,0
2026-07-19T05:30:00.000Z,"290","8",16,0,0
2026-07-19T05:40:00.000Z,"276","8",16,0,0
2026-07-19T05:50:00.000Z,"271","8",16,0,0
2026-07-19T06:00:00.000Z,"261","8",16,0,0
2026-07-19T06:10:00.000Z,"256","8",16,0,0
2026-07-19T06:20:00.000Z,"251","8",16,0,0
2026-07-19T06:30:00.000Z,"249","8",16,0,0
2026-07-19T06:40:00.000Z,"248","8",16,0,0
2026-07-19T06:50:00.000Z,"246","8",16,0,0
2026-07-19T07:00:00.000Z,"235","8",16,0,0
2026-07-19T07:10:00.000Z,"239","8",16,0,0
2026-07-19T07:20:00.000Z,"231","8",16,0,0
2026-07-19T07:30:00.000Z,"229","8",16,0,0
2026-07-19T07:40:00.000Z,"227","8",16,0,0
2026-07-19T07:50:00.000Z,"226","8",16,0,0
2026-07-19T08:00:00.000Z,"217","8",16,0,0
2026-07-19T08:10:00.000Z,"218","8",16,0,0
2026-07-19T08:20:00.000Z,"212","8",16,0,0
2026-07-19T08:30:00.000Z,"210","8",16,0,0
2026-07-19T08:40:00.000Z,"206","8",16,0,0
2026-07-19T08:50:00.000Z,"203","8",16,0,0
2026-07-19T09:00:00.000Z,"214","8",16,0,0
2026-07-19T09:10:00.000Z,"216","8",16,0,0
2026-07-19T09:20:00.000Z,"212","8",16,0,0
2026-07-19T09:30:00.000Z,"210","8",16,0,0
2026-07-19T09:40:00.000Z,"206","8",16,0,0
2026-07-19T09:50:00.000Z,"217","8",16,0,0
2026-07-19T10:00:00.000Z,"218","8",16,0,0
2026-07-19T10:10:00.000Z,"218","8",16,0,0
2026-07-19T10:20:00.000Z,"224","8",16,0,0
2026-07-19T10:30:00.000Z,"223","8",16,0,0
2026-07-19T10:40:00.000Z,"231","8",16,0,0
2026-07-19T10:50:00.000Z,"238","8",16,0,0
2026-07-19T11:00:00.000Z,"254","8",16,0,0
2026-07-19T11:10:00.000Z,"251","8",16,0,0
2026-07-19T11:20:00.000Z,"248","8",16,0,0
2026-07-19T11:30:00.000Z,"251","8",16,0,0
2026-07-19T11:40:00.000Z,"251","8",16,0,0
2026-07-19T11:50:00.000Z,"251","8",16,0,0
2026-07-19T12:00:00.000Z,"252","8",16,0,0
2026-07-19T12:10:00.000Z,"281","8",16,0,0
2026-07-19T12:20:00.000Z,"264","8",16,0,0
2026-07-19T12:30:00.000Z,"268","8",16,0,0
2026-07-19T12:40:00.000Z,"264","8",16,0,0
2026-07-19T12:50:00.000Z,"264","8",16,0,0
2026-07-19T13:00:00.000Z,"267","8",16,0,0
2026-07-19T13:10:00.000Z,"265","8",16,0,0
2026-07-19T13:20:00.000Z,"252","8",16,0,0
2026-07-19T13:30:00.000Z,"272","8",16,0,0
2026-07-19T13:40:00.000Z,"266","8",16,0,0
2026-07-19T13:50:00.000Z,"296","8",16,0,0
2026-07-19T14:00:00.000Z,"274","8",16,0,0
2026-07-19T14:10:00.000Z,"273","8",16,0,0
2026-07-19T14:20:00.000Z,"246","8",16,0,0
2026-07-19T14:30:00.000Z,"256","8",16,0,0
2026-07-19T14:40:00.000Z,"251","8",16,0,0
2026-07-19T14:50:00.000Z,"254","8",16,0,0
2026-07-19T15:00:00.000Z,"249","8",16,0,0
2026-07-19T15:10:00.000Z,"259","8",16,0,0
2026-07-19T15:20:00.000Z,"254","8",16,0,0
2026-07-19T15:30:00.000Z,"256","8",16,0,0
2026-07-19T15:40:00.000Z,"239","8",16,0,0
2026-07-19T15:50:00.000Z,"244","8",16,0,0
2026-07-19T16:00:00.000Z,"239","8",16,0,0
2026-07-19T16:10:00.000Z,"239","8",16,0,0
2026-07-19T16:20:00.000Z,"236","8",16,0,0
2026-07-19T16:30:00.000Z,"226","8",16,0,0
2026-07-19T16:40:00.000Z,"228","8",16,0,0
2026-07-19T16:50:00.000Z,"226","8",16,0,0
2026-07-19T17:00:00.000Z,"224","8",16,0,0
2026-07-19T17:10:00.000Z,"224","8",16,0,0
2026-07-19T17:20:00.000Z,"223","8",16,0,0
2026-07-19T17:30:00.000Z,"247","8",16,0,0
2026-07-19T17:40:00.000Z,"229","8",16,0,0
2026-07-19T17:50:00.000Z,"237","8",16,0,0
2026-07-19T18:00:00.000Z,"155","8",16,0,0
2026-07-19T18:10:00.000Z,"244","8",16,0,0
2026-07-19T18:20:00.000Z,"231","8",16,0,0
2026-07-19T18:30:00.000Z,"236","8",16,0,0
2026-07-19T18:40:00.000Z,"221","8",16,0,0
2026-07-19T18:50:00.000Z,"224","8",16,0,0
2026-07-19T19:00:00.000Z,"224","8",16,0,0
2026-07-19T19:10:00.000Z,"226","8",16,0,0
2026-07-19T19:20:00.000Z,"228","8",16,0,0
2026-07-19T19:30:00.000Z,"233","8",16,0,0
2026-07-19T19:40:00.000Z,"229","8",16,0,0
2026-07-19T19:50:00.000Z,"229","8",16,0,0
2026-07-19T20:00:00.000Z,"229","8",16,0,0
2026-07-19T20:10:00.000Z,"226","8",16,0,0
2026-07-19T20:20:00.000Z,"219","8",16,0,0
2026-07-19T20:30:00.000Z,"226","8",16,0,0
2026-07-19T20:40:00.000Z,"224","8",16,0,0
2026-07-19T20:50:00.000Z,"224","8",16,0,0
2026-07-19T21:00:00.000Z,"226","8",16,0,0
2026-07-19T21:10:00.000Z,"216","8",16,0,0
2026-07-19T21:20:00.000Z,"220","8",16,0,0
2026-07-19T21:30:00.000Z,"219","8",16,0,0
2026-07-19T21:40:00.000Z,"226","8",16,0,0
2026-07-19T21:50:00.000Z,"183","8",16,0,0
2026-07-19T22:00:00.000Z,"218","8",16,0,0
2026-07-19T22:10:00.000Z,"221","8",16,0,0
2026-07-19T22:20:00.000Z,"218","8",16,0,0
2026-07-19T22:30:00.000Z,"218","8",16,0,0
2026-07-19T22:40:00.000Z,"219","8",16,0,0
2026-07-19T22:50:00.000Z,"219","8",16,0,0
2026-07-19T23:00:00.000Z,"215","8",16,0,0
2026-07-19T23:10:00.000Z,"218","8",16,0,0
2026-07-19T23:20:00.000Z,"215","8",16,0,0
2026-07-19T23:30:00.000Z,"219","8",16,0,0
2026-07-19T23:40:00.000Z,"234","8",16,0,0
2026-07-19T23:50:00.000Z,"228","8",16,0,0
2026-07-20T00:00:00.000Z,"221","8",16,0,0
2026-07-20T00:10:00.000Z,"209","8",16,0,0
2026-07-20T00:20:00.000Z,"219","8",16,0,0
2026-07-20T00:30:00.000Z,"216","8",16,0,0
2026-07-20T00:40:00.000Z,"223","8",16,0,0
2026-07-20T00:50:00.000Z,"213","8",16,0,0
2026-07-20T01:00:00.000Z,"224","8",16,0,0
2026-07-20T01:10:00.000Z,"223","8",16,0,0
2026-07-20T01:20:00.000Z,"224","8",16,0,0
2026-07-20T01:30:00.000Z,"223","8",16,0,0
2026-07-20T01:40:00.000Z,"222","8",16,0,0
2026-07-20T01:50:00.000Z,"215","8",16,0,0
2026-07-20T02:00:00.000Z,"226","8",16,0,0
2026-07-20T02:10:00.000Z,"222","8",16,0,0
2026-07-20T02:20:00.000Z,"224","8",16,0,0
2026-07-20T02:30:00.000Z,"190","8",16,0,0
2026-07-20T02:40:00.000Z,"224","8",16,0,0
2026-07-20T02:50:00.000Z,"229","8",16,0,0
2026-07-20T03:00:00.000Z,"224","8",16,0,0
2026-07-20T03:10:00.000Z,"225","8",16,0,0
2026-07-20T03:20:00.000Z,"225","8",16,0,0
2026-07-20T03:30:00.000Z,"231","8",16,0,0
2026-07-20T03:40:00.000Z,"67","8",16,0,0
2026-07-20T03:50:00.000Z,"218","8",16,0,0
2026-07-20T04:00:00.000Z,"229","8",16,0,0
2026-07-20T04:10:00.000Z,"229","8",16,0,0
2026-07-20T04:20:00.000Z,"225","8",16,0,0
2026-07-20T04:30:00.000Z,"222","8",16,0,0
2026-07-20T04:40:00.000Z,"224","8",16,0,0
2026-07-20T04:50:00.000Z,"216","8",16,0,0
2026-07-20T05:00:00.000Z,"213","8",16,0,0
2026-07-20T05:10:00.000Z,"211","8",16,0,0
2026-07-20T05:20:00.000Z,"213","8",16,0,0
2026-07-20T05:30:00.000Z,"206","8",16,0,0
2026-07-20T05:40:00.000Z,"210","8",16,0,0
2026-07-20T05:50:00.000Z,"206","8",16,0,0
2026-07-20T06:00:00.000Z,"204","8",16,0,0
2026-07-20T06:10:00.000Z,"206","8",16,0,0
2026-07-20T06:20:00.000Z,"204","8",16,0,0
2026-07-20T06:30:00.000Z,"216","8",16,0,0
2026-07-20T06:40:00.000Z,"236","8",16,0,0
2026-07-20T06:50:00.000Z,"129","8",16,0,0
2026-07-20T07:00:00.000Z,"221","8",16,0,0
2026-07-20T07:10:00.000Z,"217","8",16,0,0
2026-07-20T07:20:00.000Z,"218","8",16,0,0
2026-07-20T07:30:00.000Z,"237","8",16,0,0
2026-07-20T07:40:00.000Z,"225","8",16,0,0
2026-07-20T07:50:00.000Z,"221","8",16,0,0
2026-07-20T08:00:00.000Z,"228","8",16,0,0
2026-07-20T08:10:00.000Z,"226","8",16,0,0
2026-07-20T08:20:00.000Z,"227","8",16,0,0
2026-07-20T08:30:00.000Z,"228","8",16,0,0
2026-07-20T08:40:00.000Z,"232","8",16,0,0
2026-07-20T08:50:00.000Z,"240","8",16,0,0
2026-07-20T09:00:00.000Z,"263","8",16,0,0
2026-07-20T09:10:00.000Z,"261","8",16,0,0
2026-07-20T09:20:00.000Z,"259","8",16,0,0
2026-07-20T09:30:00.000Z,"241","8",16,0,0
2026-07-20T09:40:00.000Z,"266","8",16,0,0
2026-07-20T09:50:00.000Z,"246","8",16,0,0
2026-07-20T10:00:00.000Z,"261","8",16,0,0
2026-07-20T10:10:00.000Z,"248","8",16,0,0
2026-07-20T10:20:00.000Z,"273","8",16,0,0
2026-07-20T10:30:00.000Z,"278","8",16,0,0
2026-07-20T10:40:00.000Z,"259","8",16,0,0
2026-07-20T10:50:00.000Z,"279","8",16,0,0
2026-07-20T11:00:00.000Z,"283","8",16,0,0
2026-07-20T11:10:00.000Z,"273","8",16,0,0
2026-07-20T11:20:00.000Z,"271","8",16,0,0
2026-07-20T11:30:00.000Z,"269","8",16,0,0
2026-07-20T11:40:00.000Z,"269","8",16,0,0
2026-07-20T11:50:00.000Z,"268","8",16,0,0
2026-07-20T12:00:00.000Z,"274","8",16,0,0
2026-07-20T12:10:00.000Z,"283","8",16,0,0
2026-07-20T12:20:00.000Z,"288","8",16,0,0
2026-07-20T12:30:00.000Z,"276","8",16,0,0
2026-07-20T12:40:00.000Z,"281","8",16,0,0
2026-07-20T12:50:00.000Z,"300","8",16,0,0
2026-07-20T13:00:00.000Z,"287","8",16,0,0
2026-07-20T13:10:00.000Z,"288","8",16,0,0
2026-07-20T13:20:00.000Z,"282","8",16,0,0
2026-07-20T13:30:00.000Z,"279","8",16,0,0
2026-07-20T13:40:00.000Z,"305","8",16,0,0
2026-07-20T13:50:00.000Z,"293","8",16,0,0
2026-07-20T14:00:00.000Z,"298","8",16,0,0
2026-07-20T14:10:00.000Z,"296","8",16,0,0
2026-07-20T14:20:00.000Z,"281","8",16,0,0
2026-07-20T14:30:00.000Z,"292","8",16,0,0
2026-07-20T14:40:00.000Z,"291","8",16,0,0
2026-07-20T14:50:00.000Z,"318","8",16,0,0
2026-07-20T15:00:00.000Z,"307","8",16,0,0
2026-07-20T15:10:00.000Z,"283","8",16,0,0
2026-07-20T15:20:00.000Z,"317","8",16,0,0
2026-07-20T15:30:00.000Z,"307","8",16,0,0
2026-07-20T15:40:00.000Z,"309","8",16,0,0
2026-07-20T15:50:00.000Z,"316","8",16,0,0
2026-07-20T16:00:00.000Z,"104","8",16,0,0
2026-07-20T16:10:00.000Z,"241","8",16,0,0
2026-07-20T16:20:00.000Z,"319","8",16,0,0
2026-07-20T16:30:00.000Z,"325","8",16,0,0
2026-07-20T16:40:00.000Z,"316","8",16,0,0
2026-07-20T16:50:00.000Z,"330","8",16,0,0
2026-07-20T17:00:00.000Z,"333","8",16,0,0
2026-07-20T17:10:00.000Z,"335","8",16,0,0
2026-07-20T17:20:00.000Z,"328","8",16,0,0
2026-07-20T17:30:00.000Z,"338","8",16,0,0
2026-07-20T17:40:00.000Z,"360","8",16,0,0
2026-07-20T17:50:00.000Z,"348","8",16,0,0
2026-07-20T18:00:00.000Z,"351","8",16,0,0
2026-07-20T18:10:00.000Z,"286","8",16,0,0
2026-07-20T18:20:00.000Z,"352","8",16,0,0
2026-07-20T18:30:00.000Z,"348","8",16,0,0
2026-07-20T18:40:00.000Z,"358","8",16,0,0
2026-07-20T18:50:00.000Z,"358","8",16,0,0
2026-07-20T19:00:00.000Z,"349","8",16,0,0
2026-07-20T19:10:00.000Z,"354","8",16,0,0
2026-07-20T19:20:00.000Z,"357","8",16,0,0
2026-07-20T19:30:00.000Z,"359","8",16,0,0
2026-07-20T19:40:00.000Z,"360","8",16,0,0
2026-07-20T19:50:00.000Z,"362","8",16,0,0
2026-07-20T20:00:00.000Z,"363","8",16,0,0
2026-07-20T20:10:00.000Z,"366","8",16,0,0
2026-07-20T20:20:00.000Z,"367","8",16,0,0
2026-07-20T20:30:00.000Z,"368","8",16,0,0
2026-07-20T20:40:00.000Z,"368","8",16,0,0
2026-07-20T20:50:00.000Z,"359","8",16,0,0
2026-07-20T21:00:00.000Z,"369","8",16,0,0
2026-07-20T21:10:00.000Z,"370","8",16,0,0
2026-07-20T21:20:00.000Z,"370","8",16,0,0
2026-07-20T21:30:00.000Z,"369","8",16,0,0
2026-07-20T21:40:00.000Z,"365","8",16,0,0
2026-07-20T21:50:00.000Z,"364","8",16,0,0
2026-07-20T22:00:00.000Z,"364","8",16,0,0
2026-07-20T22:10:00.000Z,"366","8",16,0,0
2026-07-20T22:20:00.000Z,"366","8",16,0,0
2026-07-20T22:30:00.000Z,"368","8",16,0,0
2026-07-20T22:40:00.000Z,"395","8",16,0,0
2026-07-20T22:50:00.000Z,"376","8",16,0,0
2026-07-20T23:00:00.000Z,"369","8",16,0,0
2026-07-20T23:10:00.000Z,"362","8",16,0,0
2026-07-20T23:20:00.000Z,"376","8",16,0,0
2026-07-20T23:30:00.000Z,"364","8",16,0,0
2026-07-20T23:40:00.000Z,"275","8",16,0,0
2026-07-20T23:50:00.000Z,"361","8",16,0,0
2026-07-21T00:00:00.000Z,"367","8",16,0,0
2026-07-21T00:10:00.000Z,"366","8",16,0,0
2026-07-21T00:20:00.000Z,"368","8",16,0,0
2026-07-21T00:30:00.000Z,"364","8",16,0,0
2026-07-21T00:40:00.000Z,"365","8",16,0,0
2026-07-21T00:50:00.000Z,"356","8",16,0,0
2026-07-21T01:00:00.000Z,"356","8",16,0,0
2026-07-21T01:10:00.000Z,"345","8",16,0,0
2026-07-21T01:20:00.000Z,"352","8",16,0,0
2026-07-21T01:30:00.000Z,"359","8",16,0,0
2026-07-21T01:40:00.000Z,"355","8",16,0,0
2026-07-21T01:50:00.000Z,"348","8",16,0,0
2026-07-21T02:00:00.000Z,"339","8",16,0,0
2026-07-21T02:10:00.000Z,"333","8",16,0,0
2026-07-21T02:20:00.000Z,"329","8",16,0,0
2026-07-21T02:30:00.000Z,"329","8",16,0,0
2026-07-21T02:40:00.000Z,"329","8",16,0,0
2026-07-21T02:50:00.000Z,"334","8",16,0,0
2026-07-21T03:00:00.000Z,"329","8",16,0,0
2026-07-21T03:10:00.000Z,"327","8",16,0,0
2026-07-21T03:20:00.000Z,"321","8",16,0,0
2026-07-21T03:30:00.000Z,"318","8",16,0,0
2026-07-21T03:40:00.000Z,"314","8",16,0,0
2026-07-21T03:50:00.000Z,"311","8",16,0,0
2026-07-21T04:00:00.000Z,"305","8",16,0,0
2026-07-21T04:10:00.000Z,"302","8",16,0,0
2026-07-21T04:20:00.000Z,"300","8",16,0,0
2026-07-21T04:30:00.000Z,"298","8",16,0,0
2026-07-21T04:40:00.000Z,"296","8",16,0,0
2026-07-21T04:50:00.000Z,"292","8",16,0,0
2026-07-21T05:00:00.000Z,"291","8",16,0,0
2026-07-21T05:10:00.000Z,"289","8",16,0,0
2026-07-21T05:20:00.000Z,"289","8",16,0,0
2026-07-21T05:30:00.000Z,"288","8",16,0,0
2026-07-21T05:40:00.000Z,"286","8",16,0,0
2026-07-21T05:50:00.000Z,"286","8",16,0,0
2026-07-21T06:00:00.000Z,"284","8",16,0,0
2026-07-21T06:10:00.000Z,"276","8",16,0,0
2026-07-21T06:20:00.000Z,"274","8",16,0,0
2026-07-21T06:30:00.000Z,"274","8",16,0,0
2026-07-21T06:40:00.000Z,"299","8",16,0,0
2026-07-21T06:50:00.000Z,"271","8",16,0,0
2026-07-21T07:00:00.000Z,"294","8",16,0,0
2026-07-21T07:10:00.000Z,"288","8",16,0,0
2026-07-21T07:20:00.000Z,"300","8",16,0,0
2026-07-21T07:30:00.000Z,"302","8",16,0,0
2026-07-21T07:40:00.000Z,"311","8",16,0,0
2026-07-21T07:50:00.000Z,"249","8",16,0,0
2026-07-21T08:00:00.000Z,"312","8",16,0,0
2026-07-21T08:10:00.000Z,"312","8",16,0,0
2026-07-21T08:20:00.000Z,"317","8",16,0,0
2026-07-21T08:30:00.000Z,"314","8",16,0,0
2026-07-21T08:40:00.000Z,"314","8",16,0,0
2026-07-21T08:50:00.000Z,"314","8",16,0,0
2026-07-21T09:00:00.000Z,"318","8",16,0,0
2026-07-21T09:10:00.000Z,"319","8",16,0,0
2026-07-21T09:20:00.000Z,"318","8",16,0,0
2026-07-21T09:30:00.000Z,"325","8",16,0,0
2026-07-21T09:40:00.000Z,"330","8",16,0,0
2026-07-21T09:50:00.000Z,"335","8",16,0,0
2026-07-21T10:00:00.000Z,"322","8",16,0,0
2026-07-21T10:10:00.000Z,"333","8",16,0,0
2026-07-21T10:20:00.000Z,"355","8",16,0,0
2026-07-21T10:30:00.000Z,"331","8",16,0,0
2026-07-21T10:40:00.000Z,"335","8",16,0,0
2026-07-21T10:50:00.000Z,"321","8",16,0,0
2026-07-21T11:00:00.000Z,"329","8",16,0,0
2026-07-21T11:10:00.000Z,"329","8",16,0,0
2026-07-21T11:20:00.000Z,"335","8",16,0,0
2026-07-21T11:30:00.000Z,"329","8",16,0,0
2026-07-21T11:40:00.000Z,"333","8",16,0,0
2026-07-21T11:50:00.000Z,"360","8",16,0,0
2026-07-21T12:00:00.000Z,"343","8",16,0,0
2026-07-21T12:10:00.000Z,"345","8",16,0,0
2026-07-21T12:20:00.000Z,"327","8",16,0,0
2026-07-21T12:30:00.000Z,"325","8",16,0,0
2026-07-21T12:40:00.000Z,"319","8",16,0,0
2026-07-21T12:50:00.000Z,"308","8",16,0,0
2026-07-21T13:00:00.000Z,"351","8",16,0,0
2026-07-21T13:10:00.000Z,"341","8",16,0,0
2026-07-21T13:20:00.000Z,"340","8",16,0,0
2026-07-21T13:30:00.000Z,"330","8",16,0,0
2026-07-21T13:40:00.000Z,"323","8",16,0,0
2026-07-21T13:50:00.000Z,"321","8",16,0,0
2026-07-21T14:00:00.000Z,"314","8",16,0,0
2026-07-21T14:10:00.000Z,"342","8",16,0,0
2026-07-21T14:20:00.000Z,"333","8",16,0,0
2026-07-21T14:30:00.000Z,"324","8",16,0,0
2026-07-21T14:40:00.000Z,"264","8",16,0,0
2026-07-21T14:50:00.000Z,"292","8",16,0,0
2026-07-21T15:00:00.000Z,"311","8",16,0,0
2026-07-21T15:10:00.000Z,"324","8",16,0,0
2026-07-21T15:20:00.000Z,"311","8",16,0,0
2026-07-21T15:30:00.000Z,"322","8",16,0,0
2026-07-21T15:40:00.000Z,"333","8",16,0,0
2026-07-21T15:50:00.000Z,"310","8",16,0,0
2026-07-21T16:00:00.000Z,"304","8",16,0,0
2026-07-21T16:10:00.000Z,"286","8",16,0,0
2026-07-21T16:20:00.000Z,"226","8",16,0,0
2026-07-21T16:30:00.000Z,"310","8",16,0,0
2026-07-21T16:40:00.000Z,"306","8",16,0,0
2026-07-21T16:50:00.000Z,"305","8",16,0,0
2026-07-21T17:00:00.000Z,"296","8",16,0,0
2026-07-21T17:10:00.000Z,"286","8",16,0,0
2026-07-21T17:20:00.000Z,"290","8",16,0,0
2026-07-21T17:30:00.000Z,"288","8",16,0,0
2026-07-21T17:40:00.000Z,"319","8",16,0,0
2026-07-21T17:50:00.000Z,"295","8",16,0,0
2026-07-21T18:00:00.000Z,"298","8",16,0,0
2026-07-21T18:10:00.000Z,"255","8",16,0,0
2026-07-21T18:20:00.000Z,"285","8",16,0,0
2026-07-21T18:30:00.000Z,"280","8",16,0,0
2026-07-21T18:40:00.000Z,"279","8",16,0,0
2026-07-21T18:50:00.000Z,"281","8",16,0,0
2026-07-21T19:00:00.000Z,"292","8",16,0,0
2026-07-21T19:10:00.000Z,"292","8",16,0,0
2026-07-21T19:20:00.000Z,"295","8",16,0,0
2026-07-21T19:30:00.000Z,"288","8",16,0,0
2026-07-21T19:40:00.000Z,"286","8",16,0,0
2026-07-21T19:50:00.000Z,"285","8",16,0,0
2026-07-21T20:00:00.000Z,"288","8",16,0,0
2026-07-21T20:10:00.000Z,"292","8",16,0,0
2026-07-21T20:20:00.000Z,"286","8",16,0,0
2026-07-21T20:30:00.000Z,"285","8",16,0,0
2026-07-21T20:40:00.000Z,"285","8",16,0,0
2026-07-21T20:50:00.000Z,"286","8",16,0,0
2026-07-21T21:00:00.000Z,"290","8",16,0,0
2026-07-21T21:10:00.000Z,"290","8",16,0,0
2026-07-21T21:20:00.000Z,"287","8",16,0,0
2026-07-21T21:30:00.000Z,"288","8",16,0,0
2026-07-21T21:40:00.000Z,"289","8",16,0,0
2026-07-21T21:50:00.000Z,"288","8",16,0,0
2026-07-21T22:00:00.000Z,"309","8",16,0,0
2026-07-21T22:10:00.000Z,"298","8",16,0,0
2026-07-21T22:20:00.000Z,"289","8",16,0,0
2026-07-21T22:30:00.000Z,"271","8",16,0,0
2026-07-21T22:40:00.000Z,"289","8",16,0,0
2026-07-21T22:50:00.000Z,"290","8",16,0,0
2026-07-21T23:00:00.000Z,"295","8",16,0,0
2026-07-21T23:10:00.000Z,"295","8",16,0,0
2026-07-21T23:20:00.000Z,"305","8",16,0,0
2026-07-21T23:30:00.000Z,"300","8",16,0,0
2026-07-21T23:40:00.000Z,"302","8",16,0,0
2026-07-21T23:50:00.000Z,"300","8",16,0,0
2026-07-22T00:00:00.000Z,"299","8",16,0,0
2026-07-22T00:10:00.000Z,"292","8",16,0,0
2026-07-22T00:20:00.000Z,"292","8",16,0,0
2026-07-22T00:30:00.000Z,"291","8",16,0,0
2026-07-22T00:40:00.000Z,"290","8",16,0,0
2026-07-22T00:50:00.000Z,"290","8",16,0,0
2026-07-22T01:00:00.000Z,"290","8",16,0,0
2026-07-22T01:10:00.000Z,"291","8",16,0,0
2026-07-22T01:20:00.000Z,"292","8",16,0,0
2026-07-22T01:30:00.000Z,"291","8",16,0,0
2026-07-22T01:40:00.000Z,"290","8",16,0,0
2026-07-22T01:50:00.000Z,"289","8",16,0,0
2026-07-22T02:00:00.000Z,"287","8",16,0,0
2026-07-22T02:10:00.000Z,"288","8",16,0,0
2026-07-22T02:20:00.000Z,"286","8",16,0,0
2026-07-22T02:30:00.000Z,"284","8",16,0,0
2026-07-22T02:40:00.000Z,"284","8",16,0,0
2026-07-22T02:50:00.000Z,"283","8",16,0,0
2026-07-22T03:00:00.000Z,"281","8",16,0,0
2026-07-22T03:10:00.000Z,"282","8",16,0,0
2026-07-22T03:20:00.000Z,"281","8",16,0,0
2026-07-22T03:30:00.000Z,"281","8",16,0,0
2026-07-22T03:40:00.000Z,"281","8",16,0,0
2026-07-22T03:50:00.000Z,"281","8",16,0,0
2026-07-22T04:00:00.000Z,"279","8",16,0,0
2026-07-22T04:10:00.000Z,"281","8",16,0,0
2026-07-22T04:20:00.000Z,"279","8",16,0,0
2026-07-22T04:30:00.000Z,"281","8",16,0,0
2026-07-22T04:40:00.000Z,"286","8",16,0,0
2026-07-22T04:50:00.000Z,"295","8",16,0,0
2026-07-22T05:00:00.000Z,"299","8",16,0,0
2026-07-22T05:10:00.000Z,"300","8",16,0,0
2026-07-22T05:20:00.000Z,"300","8",16,0,0
2026-07-22T05:30:00.000Z,"298","8",16,0,0
2026-07-22T05:40:00.000Z,"297","8",16,0,0
2026-07-22T05:50:00.000Z,"328","8",16,0,0
2026-07-22T06:00:00.000Z,"308","8",16,0,0
2026-07-22T06:10:00.000Z,"312","8",16,0,0
2026-07-22T06:20:00.000Z,"304","8",16,0,0
2026-07-22T06:30:00.000Z,"311","8",16,0,0
2026-07-22T06:40:00.000Z,"309","8",16,0,0
2026-07-22T06:50:00.000Z,"314","8",16,0,0
2026-07-22T07:00:00.000Z,"312","8",16,0,0
2026-07-22T07:10:00.000Z,"321","8",16,0,0
2026-07-22T07:20:00.000Z,"314","8",16,0,0
2026-07-22T07:30:00.000Z,"318","8",16,0,0
2026-07-22T07:40:00.000Z,"312","8",16,0,0
2026-07-22T07:50:00.000Z,"306","8",16,0,0
2026-07-22T08:00:00.000Z,"311","8",16,0,0
2026-07-22T08:10:00.000Z,"312","8",16,0,0
2026-07-22T08:20:00.000Z,"314","8",16,0,0
2026-07-22T08:30:00.000Z,"314","8",16,0,0
2026-07-22T08:40:00.000Z,"311","8",16,0,0
2026-07-22T08:50:00.000Z,"311","8",16,0,0
2026-07-22T09:00:00.000Z,"343","8",16,0,0
2026-07-22T09:10:00.000Z,"321","8",16,0,0
2026-07-22T09:20:00.000Z,"323","8",16,0,0
2026-07-22T09:30:00.000Z,"315","8",16,0,0
2026-07-22T09:40:00.000Z,"341","8",16,0,0
2026-07-22T09:50:00.000Z,"319","8",16,0,0
2026-07-22T10:00:00.000Z,"319","8",16,0,0
2026-07-22T10:10:00.000Z,"314","8",16,0,0
2026-07-22T10:20:00.000Z,"288","8",16,0,0
2026-07-22T10:30:00.000Z,"318","8",16,0,0
2026-07-22T10:40:00.000Z,"347","8",16,0,0
2026-07-22T10:50:00.000Z,"326","8",16,0,0
2026-07-22T11:00:00.000Z,"336","8",16,0,0
2026-07-22T11:10:00.000Z,"321","8",16,0,0
2026-07-22T11:20:00.000Z,"316","8",16,0,0
2026-07-22T11:30:00.000Z,"318","8",16,0,0
2026-07-22T11:40:00.000Z,"323","8",16,0,0
2026-07-22T11:50:00.000Z,"323","8",16,0,0
2026-07-22T12:00:00.000Z,"331","8",16,0,0
2026-07-22T12:10:00.000Z,"311","8",16,0,0
2026-07-22T12:20:00.000Z,"321","8",16,0,0
2026-07-22T12:30:00.000Z,"320","8",16,0,0
2026-07-22T12:40:00.000Z,"323","8",16,0,0
2026-07-22T12:50:00.000Z,"323","8",16,0,0
2026-07-22T13:00:00.000Z,"324","8",16,0,0
2026-07-22T13:10:00.000Z,"323","8",16,0,0
2026-07-22T13:20:00.000Z,"355","8",16,0,0
2026-07-22T13:30:00.000Z,"319","8",16,0,0
2026-07-22T13:40:00.000Z,"329","8",16,0,0
2026-07-22T13:50:00.000Z,"318","8",16,0,0
2026-07-22T14:00:00.000Z,"316","8",16,0,0
2026-07-22T14:10:00.000Z,"336","8",16,0,0
2026-07-22T14:20:00.000Z,"314","8",16,0,0
2026-07-22T14:30:00.000Z,"318","8",16,0,0
2026-07-22T14:40:00.000Z,"294","8",16,0,0
2026-07-22T14:50:00.000Z,"354","8",16,0,0
2026-07-22T15:00:00.000Z,"325","8",16,0,0
2026-07-22T15:10:00.000Z,"324","8",16,0,0
2026-07-22T15:20:00.000Z,"244","8",16,0,0
2026-07-22T15:30:00.000Z,"319","8",16,0,0
2026-07-22T15:40:00.000Z,"300","8",16,0,0
2026-07-22T15:50:00.000Z,"56","8",16,0,0
2026-07-22T16:00:00.000Z,"200","8",16,0,0
2026-07-22T16:10:00.000Z,"284","8",16,0,0
2026-07-22T16:20:00.000Z,"288","8",16,0,0
2026-07-22T16:30:00.000Z,"286","8",16,0,0
2026-07-22T16:40:00.000Z,"318","8",16,0,0
2026-07-22T16:50:00.000Z,"277","8",16,0,0
2026-07-22T17:00:00.000Z,"279","8",16,0,0
2026-07-22T17:10:00.000Z,"275","8",16,0,0
2026-07-22T17:20:00.000Z,"290","8",16,0,0
2026-07-22T17:30:00.000Z,"272","8",16,0,0
2026-07-22T17:40:00.000Z,"272","8",16,0,0
2026-07-22T17:50:00.000Z,"249","8",16,0,0
2026-07-22T18:00:00.000Z,"272","8",16,0,0
2026-07-22T18:10:00.000Z,"271","8",16,0,0
2026-07-22T18:20:00.000Z,"279","8",16,0,0
2026-07-22T18:30:00.000Z,"273","8",16,0,0
2026-07-22T18:40:00.000Z,"278","8",16,0,0
2026-07-22T18:50:00.000Z,"270","8",16,0,0
2026-07-22T19:00:00.000Z,"276","8",16,0,0
2026-07-22T19:10:00.000Z,"270","8",16,0,0
2026-07-22T19:20:00.000Z,"270","8",16,0,0
2026-07-22T19:30:00.000Z,"268","8",16,0,0
2026-07-22T19:40:00.000Z,"267","8",16,0,0
2026-07-22T19:50:00.000Z,"285","8",16,0,0
2026-07-22T20:00:00.000Z,"277","8",16,0,0
2026-07-22T20:10:00.000Z,"269","8",16,0,0
2026-07-22T20:20:00.000Z,"259","8",16,0,0
2026-07-22T20:30:00.000Z,"256","8",16,0,0
2026-07-22T20:40:00.000Z,"253","8",16,0,0
2026-07-22T20:50:00.000Z,"254","8",16,0,0
2026-07-22T21:00:00.000Z,"265","8",16,0,0
2026-07-22T21:10:00.000Z,"268","8",16,0,0
2026-07-22T21:20:00.000Z,"273","8",16,0,0
2026-07-22T21:30:00.000Z,"272","8",16,0,0
2026-07-22T21:40:00.000Z,"271","8",16,0,0
2026-07-22T21:50:00.000Z,"270","8",16,0,0
2026-07-22T22:00:00.000Z,"269","8",16,0,0
2026-07-22T22:10:00.000Z,"272","8",16,0,0
2026-07-22T22:20:00.000Z,"271","8",16,0,0
2026-07-22T22:30:00.000Z,"273","8",16,0,0
2026-07-22T22:40:00.000Z,"268","8",16,0,0
2026-07-22T22:50:00.000Z,"269","8",16,0,0
2026-07-22T23:00:00.000Z,"267","8",16,0,0
2026-07-22T23:10:00.000Z,"271","8",16,0,0
2026-07-22T23:20:00.000Z,"254","8",16,0,0
2026-07-22T23:30:00.000Z,"269","8",16,0,0
2026-07-22T23:40:00.000Z,"272","8",16,0,0
2026-07-22T23:50:00.000Z,"273","8",16,0,0
2026-07-23T00:00:00.000Z,"276","8",16,0,0
2026-07-23T00:10:00.000Z,"276","8",16,0,0
2026-07-23T00:20:00.000Z,"274","8",16,0,0
2026-07-23T00:30:00.000Z,"277","8",16,0,0
2026-07-23T00:40:00.000Z,"277","8",16,0,0
2026-07-23T00:50:00.000Z,"277","8",16,0,0
2026-07-23T01:00:00.000Z,"278","8",16,0,0
2026-07-23T01:10:00.000Z,"277","8",16,0,0
2026-07-23T01:20:00.000Z,"277","8",16,0,0
2026-07-23T01:30:00.000Z,"278","8",16,0,0
2026-07-23T01:40:00.000Z,"279","8",16,0,0
2026-07-23T01:50:00.000Z,"280","8",16,0,0
2026-07-23T02:00:00.000Z,"281","8",16,0,0
2026-07-23T02:10:00.000Z,"279","8",16,0,0
2026-07-23T02:20:00.000Z,"279","8",16,0,0
2026-07-23T02:30:00.000Z,"281","8",16,0,0
2026-07-23T02:40:00.000Z,"284","8",16,0,0
2026-07-23T02:50:00.000Z,"285","8",16,0,0
2026-07-23T03:00:00.000Z,"296","8",16,0,0
2026-07-23T03:10:00.000Z,"298","8",16,0,0
2026-07-23T03:20:00.000Z,"301","8",16,0,0
2026-07-23T03:30:00.000Z,"300","8",16,0,0
2026-07-23T03:40:00.000Z,"301","8",16,0,0
2026-07-23T03:50:00.000Z,"301","8",16,0,0
2026-07-23T04:00:00.000Z,"302","8",16,0,0
2026-07-23T04:10:00.000Z,"304","8",16,0,0
2026-07-23T04:20:00.000Z,"303","8",16,0,0
2026-07-23T04:30:00.000Z,"312","8",16,0,0
2026-07-23T04:40:00.000Z,"316","8",16,0,0
2026-07-23T04:50:00.000Z,"323","8",16,0,0
2026-07-23T05:00:00.000Z,"331","8",16,0,0
2026-07-23T05:10:00.000Z,"332","8",16,0,0
2026-07-23T05:20:00.000Z,"333","8",16,0,0
2026-07-23T05:30:00.000Z,"333","8",16,0,0
2026-07-23T05:40:00.000Z,"335","8",16,0,0
2026-07-23T05:50:00.000Z,"337","8",16,0,0
2026-07-23T06:00:00.000Z,"342","8",16,0,0
2026-07-23T06:10:00.000Z,"336","8",16,0,0
2026-07-23T06:20:00.000Z,"326","8",16,0,0
2026-07-23T06:30:00.000Z,"335","8",16,0,0
2026-07-23T06:40:00.000Z,"338","8",16,0,0
2026-07-23T06:50:00.000Z,"339","8",16,0,0
2026-07-23T07:00:00.000Z,"340","8",16,0,0
2026-07-23T07:10:00.000Z,"342","8",16,0,0
2026-07-23T07:20:00.000Z,"345","8",16,0,0
2026-07-23T07:30:00.000Z,"373","8",16,0,0
2026-07-23T07:40:00.000Z,"355","8",16,0,0
2026-07-23T07:50:00.000Z,"373","8",16,0,0
2026-07-23T08:00:00.000Z,"368","8",16,0,0
2026-07-23T08:10:00.000Z,"373","8",16,0,0
2026-07-23T08:20:00.000Z,"371","8",16,0,0
2026-07-23T08:30:00.000Z,"377","8",16,0,0
2026-07-23T08:40:00.000Z,"373","8",16,0,0
2026-07-23T08:50:00.000Z,"369","8",16,0,0
2026-07-23T09:00:00.000Z,"383","8",16,0,0
2026-07-23T09:10:00.000Z,"384","8",16,0,0
2026-07-23T09:20:00.000Z,"383","8",16,0,0
2026-07-23T09:30:00.000Z,"411","8",16,0,0
2026-07-23T09:40:00.000Z,"388","8",16,0,0
2026-07-23T09:50:00.000Z,"387","8",16,0,0
2026-07-23T10:00:00.000Z,"374","8",16,0,0
2026-07-23T10:10:00.000Z,"372","8",16,0,0
2026-07-23T10:20:00.000Z,"373","8",16,0,0
2026-07-23T10:30:00.000Z,"375","8",16,0,0
2026-07-23T10:40:00.000Z,"396","8",16,0,0
2026-07-23T10:50:00.000Z,"378","8",16,0,0
2026-07-23T11:00:00.000Z,"375","8",16,0,0
2026-07-23T11:10:00.000Z,"354","8",16,0,0
2026-07-23T11:20:00.000Z,"349","8",16,0,0
2026-07-23T11:30:00.000Z,"343","8",16,0,0
2026-07-23T11:40:00.000Z,"359","8",16,0,0
2026-07-23T11:50:00.000Z,"336","8",16,0,0
2026-07-23T12:00:00.000Z,"337","8",16,0,0
2026-07-23T12:10:00.000Z,"321","8",16,0,0
2026-07-23T12:20:00.000Z,"316","8",16,0,0
2026-07-23T12:30:00.000Z,"304","8",16,0,0
2026-07-23T12:40:00.000Z,"302","8",16,0,0
2026-07-23T12:50:00.000Z,"330","8",16,0,0
2026-07-23T13:00:00.000Z,"304","8",16,0,0
2026-07-23T13:10:00.000Z,"303","8",16,0,0
2026-07-23T13:20:00.000Z,"291","8",16,0,0
2026-07-23T13:30:00.000Z,"290","8",16,0,0
2026-07-23T13:40:00.000Z,"288","8",16,0,0
2026-07-23T13:50:00.000Z,"283","8",16,0,0
2026-07-23T14:00:00.000Z,"273","8",16,0,0
2026-07-23T14:10:00.000Z,"279","8",16,0,0
2026-07-23T14:20:00.000Z,"231","8",16,0,0
2026-07-23T14:30:00.000Z,"278","8",16,0,0
2026-07-23T14:40:00.000Z,"284","8",16,0,0
2026-07-23T14:50:00.000Z,"287","8",16,0,0
2026-07-23T15:00:00.000Z,"292","8",16,0,0
2026-07-23T15:10:00.000Z,"316","8",16,0,0
2026-07-23T15:20:00.000Z,"293","8",16,0,0
2026-07-23T15:30:00.000Z,"289","8",16,0,0
2026-07-23T15:40:00.000Z,"283","8",16,0,0
2026-07-23T15:50:00.000Z,"285","8",16,0,0
2026-07-23T16:00:00.000Z,"278","8",16,0,0
2026-07-23T16:10:00.000Z,"276","8",16,0,0
2026-07-23T16:20:00.000Z,"276","8",16,0,0
2026-07-23T16:30:00.000Z,"284","8",16,0,0
2026-07-23T16:40:00.000Z,"282","8",16,0,0
2026-07-23T16:50:00.000Z,"278","8",16,0,0
2026-07-23T17:00:00.000Z,"281","8",16,0,0
2026-07-23T17:10:00.000Z,"277","8",16,0,0
2026-07-23T17:20:00.000Z,"271","8",16,0,0
2026-07-23T17:30:00.000Z,"261","8",16,0,0
2026-07-23T17:40:00.000Z,"262","8",16,0,0
2026-07-23T17:50:00.000Z,"264","8",16,0,0
2026-07-23T18:00:00.000Z,"261","8",16,0,0
2026-07-23T18:10:00.000Z,"290","8",16,0,0
2026-07-23T18:20:00.000Z,"267","8",16,0,0
2026-07-23T18:30:00.000Z,"259","8",16,0,0
2026-07-23T18:40:00.000Z,"254","8",16,0,0
2026-07-23T18:50:00.000Z,"252","8",16,0,0
2026-07-23T19:00:00.000Z,"251","8",16,0,0
2026-07-23T19:10:00.000Z,"258","8",16,0,0
2026-07-23T19:20:00.000Z,"257","8",16,0,0
2026-07-23T19:30:00.000Z,"263","8",16,0,0
2026-07-23T19:40:00.000Z,"250","8",16,0,0
2026-07-23T19:50:00.000Z,"263","8",16,0,0
2026-07-23T20:00:00.000Z,"258","8",16,0,0
2026-07-23T20:10:00.000Z,"259","8",16,0,0
2026-07-23T20:20:00.000Z,"258","8",16,0,0
2026-07-23T20:30:00.000Z,"259","8",16,0,0
2026-07-23T20:40:00.000Z,"254","8",16,0,0
2026-07-23T20:50:00.000Z,"249","8",16,0,0
2026-07-23T21:00:00.000Z,"251","8",16,0,0
2026-07-23T21:10:00.000Z,"252","8",16,0,0
2026-07-23T21:20:00.000Z,"252","8",16,0,0
2026-07-23T21:30:00.000Z,"252","8",16,0,0
2026-07-23T21:40:00.000Z,"254","8",16,0,0
2026-07-23T21:50:00.000Z,"249","8",16,0,0
2026-07-23T22:00:00.000Z,"239","8",16,0,0
2026-07-23T22:10:00.000Z,"236","8",16,0,0
2026-07-23T22:20:00.000Z,"261","8",16,0,0
2026-07-23T22:30:00.000Z,"241","8",16,0,0
2026-07-23T22:40:00.000Z,"236","8",16,0,0
2026-07-23T22:50:00.000Z,"187","8",16,0,0
2026-07-23T23:00:00.000Z,"231","8",16,0,0
2026-07-23T23:10:00.000Z,"229","8",16,0,0
2026-07-23T23:20:00.000Z,"231","8",16,0,0
2026-07-23T23:30:00.000Z,"226","8",16,0,0
2026-07-23T23:40:00.000Z,"231","8",16,0,0
2026-07-23T23:50:00.000Z,"231","8",16,0,0
2026-07-24T00:00:00.000Z,"231","8",16,0,0
2026-07-24T00:10:00.000Z,"229","8",16,0,0
2026-07-24T00:20:00.000Z,"224","8",16,0,0
2026-07-24T00:30:00.000Z,"223","8",16,0,0
2026-07-24T00:40:00.000Z,"221","8",16,0,0
2026-07-24T00:50:00.000Z,"220","8",16,0,0
2026-07-24T01:00:00.000Z,"219","8",16,0,0
2026-07-24T01:10:00.000Z,"218","8",16,0,0
2026-07-24T01:20:00.000Z,"216","8",16,0,0
2026-07-24T01:30:00.000Z,"214","8",16,0,0
2026-07-24T01:40:00.000Z,"203","8",16,0,0
2026-07-24T01:50:00.000Z,"237","8",16,0,0
2026-07-24T02:00:00.000Z,"221","8",16,0,0
2026-07-24T02:10:00.000Z,"218","8",16,0,0
2026-07-24T02:20:00.000Z,"153","8",16,0,0
2026-07-24T02:30:00.000Z,"208","8",16,0,0
2026-07-24T02:40:00.000Z,"207","8",16,0,0
2026-07-24T02:50:00.000Z,"206","8",16,0,0
2026-07-24T03:00:00.000Z,"212","8",16,0,0
2026-07-24T03:10:00.000Z,"215","8",16,0,0
2026-07-24T03:20:00.000Z,"218","8",16,0,0
2026-07-24T03:30:00.000Z,"219","8",16,0,0
2026-07-24T03:40:00.000Z,"215","8",16,0,0
2026-07-24T03:50:00.000Z,"179","8",16,0,0
2026-07-24T04:00:00.000Z,"190","8",16,0,0
2026-07-24T04:10:00.000Z,"174","8",16,0,0
2026-07-24T04:20:00.000Z,"170","8",16,0,0
2026-07-24T04:30:00.000Z,"173","8",16,0,0
2026-07-24T04:40:00.000Z,"173","8",16,0,0
2026-07-24T04:50:00.000Z,"174","8",16,0,0
2026-07-24T05:00:00.000Z,"175","8",16,0,0
2026-07-24T05:10:00.000Z,"184","8",16,0,0
2026-07-24T05:20:00.000Z,"173","8",16,0,0
2026-07-24T05:30:00.000Z,"202","8",16,0,0
2026-07-24T05:40:00.000Z,"169","8",16,0,0
2026-07-24T05:50:00.000Z,"168","8",16,0,0
2026-07-24T06:00:00.000Z,"154","8",16,0,0
2026-07-24T06:10:00.000Z,"154","8",16,0,0
2026-07-24T06:20:00.000Z,"146","8",16,0,0
2026-07-24T06:30:00.000Z,"150","8",16,0,0
2026-07-24T06:40:00.000Z,"143","8",16,0,0
2026-07-24T06:50:00.000Z,"149","8",16,0,0
2026-07-24T07:00:00.000Z,"145","8",16,0,0
2026-07-24T07:10:00.000Z,"148","8",16,0,0
2026-07-24T07:20:00.000Z,"148","8",16,0,0
2026-07-24T07:30:00.000Z,"171","8",16,0,0
2026-07-24T07:40:00.000Z,"155","8",16,0,0
2026-07-24T07:50:00.000Z,"149","8",16,0,0
2026-07-24T08:00:00.000Z,"137","8",16,0,0
2026-07-24T08:10:00.000Z,"132","8",16,0,0
2026-07-24T08:20:00.000Z,"128","8",16,0,0
2026-07-24T08:30:00.000Z,"129","8",16,0,0
2026-07-24T08:40:00.000Z,"129","8",16,0,0
2026-07-24T08:50:00.000Z,"133","8",16,0,0
2026-07-24T09:00:00.000Z,"168","8",16,0,0
2026-07-24T09:10:00.000Z,"146","8",16,0,0
2026-07-24T09:20:00.000Z,"143","8",16,0,0
2026-07-24T09:30:00.000Z,"143","8",16,0,0
2026-07-24T09:40:00.000Z,"148","8",16,0,0
2026-07-24T09:50:00.000Z,"166","8",16,0,0
2026-07-24T10:00:00.000Z,"168","8",16,0,0
2026-07-24T10:10:00.000Z,"166","8",16,0,0
2026-07-24T10:20:00.000Z,"170","8",16,0,0
2026-07-24T10:30:00.000Z,"165","8",16,0,0
2026-07-24T10:40:00.000Z,"166","8",16,0,0
2026-07-24T10:50:00.000Z,"173","8",16,0,0
2026-07-24T11:00:00.000Z,"175","8",16,0,0
2026-07-24T11:10:00.000Z,"188","8",16,0,0
2026-07-24T11:20:00.000Z,"190","8",16,0,0
2026-07-24T11:30:00.000Z,"199","8",16,0,0
2026-07-24T11:40:00.000Z,"200","8",16,0,0
2026-07-24T11:50:00.000Z,"204","8",16,0,0
2026-07-24T12:00:00.000Z,"220","8",16,0,0
2026-07-24T12:10:00.000Z,"229","8",16,0,0
2026-07-24T12:20:00.000Z,"237","8",16,0,0
2026-07-24T12:30:00.000Z,"271","8",16,0,0
2026-07-24T12:40:00.000Z,"254","8",16,0,0
2026-07-24T12:50:00.000Z,"259","8",16,0,0
2026-07-24T13:00:00.000Z,"252","8",16,0,0
2026-07-24T13:10:00.000Z,"251","8",16,0,0
2026-07-24T13:20:00.000Z,"280","8",16,0,0
2026-07-24T13:30:00.000Z,"289","8",16,0,0
2026-07-24T13:40:00.000Z,"281","8",16,0,0
2026-07-24T13:50:00.000Z,"234","8",16,0,0
2026-07-24T14:00:00.000Z,"297","8",16,0,0
2026-07-24T14:10:00.000Z,"300","8",16,0,0
2026-07-24T14:20:00.000Z,"233","8",16,0,0
2026-07-24T14:30:00.000Z,"298","8",16,0,0
2026-07-24T14:40:00.000Z,"289","8",16,0,0
2026-07-24T14:50:00.000Z,"288","8",16,0,0
2026-07-24T15:00:00.000Z,"284","8",16,0,0
2026-07-24T15:10:00.000Z,"290","8",16,0,0
2026-07-24T15:20:00.000Z,"283","8",16,0,0
2026-07-24T15:30:00.000Z,"324","8",16,0,0
2026-07-24T15:40:00.000Z,"300","8",16,0,0
2026-07-24T15:50:00.000Z,"311","8",16,0,0
2026-07-24T16:00:00.000Z,"292","8",16,0,0
2026-07-24T16:10:00.000Z,"291","8",16,0,0
2026-07-24T16:20:00.000Z,"278","8",16,0,0
2026-07-24T16:30:00.000Z,"273","8",16,0,0
2026-07-24T16:40:00.000Z,"274","8",16,0,0
2026-07-24T16:50:00.000Z,"316","8",16,0,0
2026-07-24T17:00:00.000Z,"289","8",16,0,0
2026-07-24T17:10:00.000Z,"289","8",16,0,0
2026-07-24T17:20:00.000Z,"274","8",16,0,0
2026-07-24T17:30:00.000Z,"276","8",16,0,0
2026-07-24T17:40:00.000Z,"270","8",16,0,0
2026-07-24T17:50:00.000Z,"290","8",16,0,0
2026-07-24T18:00:00.000Z,"291","8",16,0,0
2026-07-24T18:10:00.000Z,"301","8",16,0,0
2026-07-24T18:20:00.000Z,"296","8",16,0,0
2026-07-24T18:30:00.000Z,"296","8",16,0,0
2026-07-24T18:40:00.000Z,"282","8",16,0,0
2026-07-24T18:50:00.000Z,"289","8",16,0,0
2026-07-24T19:00:00.000Z,"288","8",16,0,0
2026-07-24T19:10:00.000Z,"298","8",16,0,0
2026-07-24T19:20:00.000Z,"296","8",16,0,0
2026-07-24T19:30:00.000Z,"295","8",16,0,0
2026-07-24T19:40:00.000Z,"295","8",16,0,0
2026-07-24T19:50:00.000Z,"299","8",16,0,0
2026-07-24T20:00:00.000Z,"299","8",16,0,0
2026-07-24T20:10:00.000Z,"299","8",16,0,0
2026-07-24T20:20:00.000Z,"297","8",16,0,0
2026-07-24T20:30:00.000Z,"296","8",16,0,0
2026-07-24T20:40:00.000Z,"292","8",16,0,0
2026-07-24T20:50:00.000Z,"288","8",16,0,0
2026-07-24T21:00:00.000Z,"284","8",16,0,0
2026-07-24T21:10:00.000Z,"284","8",16,0,0
2026-07-24T21:20:00.000Z,"314","8",16,0,0
2026-07-24T21:30:00.000Z,"290","8",16,0,0
2026-07-24T21:40:00.000Z,"293","8",16,0,0
2026-07-24T21:50:00.000Z,"282","8",16,0,0
2026-07-24T22:00:00.000Z,"282","8",16,0,0
2026-07-24T22:10:00.000Z,"277","8",16,0,0
2026-07-24T22:20:00.000Z,"278","8",16,0,0
2026-07-24T22:30:00.000Z,"275","8",16,0,0
2026-07-24T22:40:00.000Z,"281","8",16,0,0
2026-07-24T22:50:00.000Z,"278","8",16,0,0
2026-07-24T23:00:00.000Z,"277","8",16,0,0
2026-07-24T23:10:00.000Z,"276","8",16,0,0
2026-07-24T23:20:00.000Z,"271","8",16,0,0
2026-07-24T23:30:00.000Z,"273","8",16,0,0
2026-07-24T23:40:00.000Z,"300","8",16,0,0
2026-07-24T23:50:00.000Z,"304","8",16,0,0
2026-07-25T00:00:00.000Z,"311","8",16,0,0
2026-07-25T00:10:00.000Z,"309","8",16,0,0
2026-07-25T00:20:00.000Z,"309","8",16,0,0
2026-07-25T00:30:00.000Z,"305","8",16,0,0
2026-07-25T00:40:00.000Z,"305","8",16,0,0
2026-07-25T00:50:00.000Z,"306","8",16,0,0
2026-07-25T01:00:00.000Z,"301","8",16,0,0
2026-07-25T01:10:00.000Z,"307","8",16,0,0
2026-07-25T01:20:00.000Z,"309","8",16,0,0
2026-07-25T01:30:00.000Z,"319","8",16,0,0
2026-07-25T01:40:00.000Z,"322","8",16,0,0
2026-07-25T01:50:00.000Z,"336","8",16,0,0
2026-07-25T02:00:00.000Z,"341","8",16,0,0
2026-07-25T02:10:00.000Z,"344","8",16,0,0
2026-07-25T02:20:00.000Z,"334","8",16,0,0
2026-07-25T02:30:00.000Z,"337","8",16,0,0
2026-07-25T02:40:00.000Z,"341","8",16,0,0
2026-07-25T02:50:00.000Z,"335","8",16,0,0
2026-07-25T03:00:00.000Z,"349","8",16,0,0
2026-07-25T03:10:00.000Z,"264","8",16,0,0
2026-07-25T03:20:00.000Z,"362","8",16,0,0
2026-07-25T03:30:00.000Z,"360","8",16,0,0
2026-07-25T03:40:00.000Z,"342","8",16,0,0
2026-07-25T03:50:00.000Z,"340","8",16,0,0
2026-07-25T04:00:00.000Z,"340","8",16,0,0
2026-07-25T04:10:00.000Z,"358","8",16,0,0
2026-07-25T04:20:00.000Z,"342","8",16,0,0
2026-07-25T04:30:00.000Z,"340","8",16,0,0
2026-07-25T04:40:00.000Z,"340","8",16,0,0
2026-07-25T04:50:00.000Z,"335","8",16,0,0
2026-07-25T05:00:00.000Z,"342","8",16,0,0
2026-07-25T05:10:00.000Z,"337","8",16,0,0
2026-07-25T05:20:00.000Z,"336","8",16,0,0
2026-07-25T05:30:00.000Z,"363","8",16,0,0
2026-07-25T05:40:00.000Z,"340","8",16,0,0
2026-07-25T05:50:00.000Z,"344","8",16,0,0
2026-07-25T06:00:00.000Z,"334","8",16,0,0
2026-07-25T06:10:00.000Z,"328","8",16,0,0
2026-07-25T06:20:00.000Z,"326","8",16,0,0
2026-07-25T06:30:00.000Z,"349","8",16,0,0
2026-07-25T06:40:00.000Z,"335","8",16,0,0
2026-07-25T06:50:00.000Z,"338","8",16,0,0
2026-07-25T07:00:00.000Z,"321","8",16,0,0
2026-07-25T07:10:00.000Z,"331","8",16,0,0
2026-07-25T07:20:00.000Z,"327","8",16,0,0
2026-07-25T07:30:00.000Z,"328","8",16,0,0
2026-07-25T07:40:00.000Z,"329","8",16,0,0
2026-07-25T07:50:00.000Z,"333","8",16,0,0
2026-07-25T08:00:00.000Z,"327","8",16,0,0
2026-07-25T08:10:00.000Z,"351","8",16,0,0
2026-07-25T08:20:00.000Z,"333","8",16,0,0
2026-07-25T08:30:00.000Z,"333","8",16,0,0
2026-07-25T08:40:00.000Z,"304","8",16,0,0
2026-07-25T08:50:00.000Z,"321","8",16,0,0
2026-07-25T09:00:00.000Z,"344","8",16,0,0
2026-07-25T09:10:00.000Z,"326","8",16,0,0
2026-07-25T09:20:00.000Z,"329","8",16,0,0
2026-07-25T09:30:00.000Z,"314","8",16,0,0
2026-07-25T09:40:00.000Z,"325","8",16,0,0
2026-07-25T09:50:00.000Z,"314","8",16,0,0
2026-07-25T10:00:00.000Z,"319","8",16,0,0
2026-07-25T10:10:00.000Z,"314","8",16,0,0
2026-07-25T10:20:00.000Z,"312","8",16,0,0
2026-07-25T10:30:00.000Z,"317","8",16,0,0
2026-07-25T10:40:00.000Z,"317","8",16,0,0
2026-07-25T10:50:00.000Z,"314","8",16,0,0
2026-07-25T11:00:00.000Z,"314","8",16,0,0
2026-07-25T11:10:00.000Z,"309","8",16,0,0
2026-07-25T11:20:00.000Z,"284","8",16,0,0
2026-07-25T11:30:00.000Z,"309","8",16,0,0
2026-07-25T11:40:00.000Z,"329","8",16,0,0
2026-07-25T11:50:00.000Z,"324","8",16,0,0
2026-07-25T12:00:00.000Z,"282","8",16,0,0
2026-07-25T12:10:00.000Z,"312","8",16,0,0
2026-07-25T12:20:00.000Z,"316","8",16,0,0
2026-07-25T12:30:00.000Z,"318","8",16,0,0
2026-07-25T12:40:00.000Z,"307","8",16,0,0
2026-07-25T12:50:00.000Z,"316","8",16,0,0
2026-07-25T13:00:00.000Z,"325","8",16,0,0
2026-07-25T13:10:00.000Z,"317","8",16,0,0
2026-07-25T13:20:00.000Z,"324","8",16,0,0
2026-07-25T13:30:00.000Z,"320","8",16,0,0
2026-07-25T13:40:00.000Z,"322","8",16,0,0
2026-07-25T13:50:00.000Z,"328","8",16,0,0
2026-07-25T14:00:00.000Z,"328","8",16,0,0
2026-07-25T14:10:00.000Z,"330","8",16,0,0
2026-07-25T14:20:00.000Z,"327","8",16,0,0
2026-07-25T14:30:00.000Z,"326","8",16,0,0
2026-07-25T14:40:00.000Z,"330","8",16,0,0
2026-07-25T14:50:00.000Z,"324","8",16,0,0
2026-07-25T15:00:00.000Z,"325","8",16,0,0
2026-07-25T15:10:00.000Z,"327","8",16,0,0
2026-07-25T15:20:00.000Z,"325","8",16,0,0
2026-07-25T15:30:00.000Z,"321","8",16,0,0
2026-07-25T15:40:00.000Z,"314","8",16,0,0
2026-07-25T15:50:00.000Z,"311","8",16,0,0
2026-07-25T16:00:00.000Z,"320","8",16,0,0
2026-07-25T16:10:00.000Z,"330","8",16,0,0
2026-07-25T16:20:00.000Z,"316","8",16,0,0
2026-07-25T16:30:00.000Z,"288","8",16,0,0
2026-07-25T16:40:00.000Z,"303","8",16,0,0
2026-07-25T16:50:00.000Z,"305","8",16,0,0
2026-07-25T17:00:00.000Z,"292","8",16,0,0
2026-07-25T17:10:00.000Z,"298","8",16,0,0
2026-07-25T17:20:00.000Z,"298","8",16,0,0
2026-07-25T17:30:00.000Z,"302","8",16,0,0
2026-07-25T17:40:00.000Z,"297","8",16,0,0
2026-07-25T17:50:00.000Z,"242","8",16,0,0
2026-07-25T18:00:00.000Z,"298","8",16,0,0
2026-07-25T18:10:00.000Z,"300","8",16,0,0
2026-07-25T18:20:00.000Z,"302","8",16,0,0
2026-07-25T18:30:00.000Z,"338","8",16,0,0
2026-07-25T18:40:00.000Z,"316","8",16,0,0
2026-07-25T18:50:00.000Z,"309","8",16,0,0
2026-07-25T19:00:00.000Z,"301","8",16,0,0
2026-07-25T19:10:00.000Z,"312","8",16,0,0
2026-07-25T19:20:00.000Z,"308","8",16,0,0
2026-07-25T19:30:00.000Z,"314","8",16,0,0
2026-07-25T19:40:00.000Z,"344","8",16,0,0
2026-07-25T19:50:00.000Z,"326","8",16,0,0
2026-07-25T20:00:00.000Z,"330","8",16,0,0
2026-07-25T20:10:00.000Z,"287","8",16,0,0
2026-07-25T20:20:00.000Z,"319","8",16,0,0
2026-07-25T20:30:00.000Z,"317","8",16,0,0
2026-07-25T20:40:00.000Z,"322","8",16,0,0
2026-07-25T20:50:00.000Z,"324","8",16,0,0
2026-07-25T21:00:00.000Z,"332","8",16,0,0
2026-07-25T21:10:00.000Z,"329","8",16,0,0
2026-07-25T21:20:00.000Z,"330","8",16,0,0
2026-07-25T21:30:00.000Z,"327","8",16,0,0
2026-07-25T21:40:00.000Z,"329","8",16,0,0
2026-07-25T21:50:00.000Z,"325","8",16,0,0
2026-07-25T22:00:00.000Z,"330","8",16,0,0
2026-07-25T22:10:00.000Z,"331","8",16,0,0
2026-07-25T22:20:00.000Z,"331","8",16,0,0
2026-07-25T22:30:00.000Z,"321","8",16,0,0
2026-07-25T22:40:00.000Z,"327","8",16,0,0
2026-07-25T22:50:00.000Z,"327","8",16,0,0
2026-07-25T23:00:00.000Z,"333","8",16,0,0
2026-07-25T23:10:00.000Z,"332","8",16,0,0
2026-07-25T23:20:00.000Z,"331","8",16,0,0
2026-07-25T23:30:00.000Z,"329","8",16,0,0
2026-07-25T23:40:00.000Z,"333","8",16,0,0
2026-07-25T23:50:00.000Z,"334","8",16,0,0
2026-07-26T00:00:00.000Z,"333","8",16,0,0
2026-07-26T00:10:00.000Z,"360","8",16,0,0
2026-07-26T00:20:00.000Z,"342","8",16,0,0
2026-07-26T00:30:00.000Z,"336","8",16,0,0
2026-07-26T00:40:00.000Z,"321","8",16,0,0
2026-07-26T00:50:00.000Z,"331","8",16,0,0
2026-07-26T01:00:00.000Z,"333","8",16,0,0
2026-07-26T01:10:00.000Z,"336","8",16,0,0
2026-07-26T01:20:00.000Z,"335","8",16,0,0
2026-07-26T01:30:00.000Z,"344","8",16,0,0
2026-07-26T01:40:00.000Z,"338","8",16,0,0
2026-07-26T01:50:00.000Z,"343","8",16,0,0
2026-07-26T02:00:00.000Z,"342","8",16,0,0
2026-07-26T02:10:00.000Z,"344","8",16,0,0
2026-07-26T02:20:00.000Z,"352","8",16,0,0
2026-07-26T02:30:00.000Z,"357","8",16,0,0
2026-07-26T02:40:00.000Z,"356","8",16,0,0
2026-07-26T02:50:00.000Z,"363","8",16,0,0
2026-07-26T03:00:00.000Z,"362","8",16,0,0
2026-07-26T03:10:00.000Z,"360","8",16,0,0
2026-07-26T03:20:00.000Z,"360","8",16,0,0
2026-07-26T03:30:00.000Z,"361","8",16,0,0
2026-07-26T03:40:00.000Z,"362","8",16,0,0
2026-07-26T03:50:00.000Z,"354","8",16,0,0
2026-07-26T04:00:00.000Z,"351","8",16,0,0
2026-07-26T04:10:00.000Z,"350","8",16,0,0
2026-07-26T04:20:00.000Z,"341","8",16,0,0
2026-07-26T04:30:00.000Z,"348","8",16,0,0
2026-07-26T04:40:00.000Z,"354","8",16,0,0
2026-07-26T04:50:00.000Z,"357","8",16,0,0
2026-07-26T05:00:00.000Z,"359","8",16,0,0
2026-07-26T05:10:00.000Z,"358","8",16,0,0
2026-07-26T05:20:00.000Z,"356","8",16,0,0
2026-07-26T05:30:00.000Z,"352","8",16,0,0
2026-07-26T05:40:00.000Z,"352","8",16,0,0
2026-07-26T05:50:00.000Z,"367","8",16,0,0
2026-07-26T06:00:00.000Z,"348","8",16,0,0
2026-07-26T06:10:00.000Z,"348","8",16,0,0
2026-07-26T06:20:00.000Z,"346","8",16,0,0
2026-07-26T06:30:00.000Z,"350","8",16,0,0
2026-07-26T06:40:00.000Z,"354","8",16,0,0
2026-07-26T06:50:00.000Z,"203","8",16,0,0
2026-07-26T07:00:00.000Z,"343","8",16,0,0
2026-07-26T07:10:00.000Z,"379","8",16,0,0
2026-07-26T07:20:00.000Z,"357","8",16,0,0
2026-07-26T07:30:00.000Z,"361","8",16,0,0
2026-07-26T07:40:00.000Z,"350","8",16,0,0
2026-07-26T07:50:00.000Z,"351","8",16,0,0
2026-07-26T08:00:00.000Z,"337","8",16,0,0
2026-07-26T08:10:00.000Z,"369","8",16,0,0
2026-07-26T08:20:00.000Z,"355","8",16,0,0
2026-07-26T08:30:00.000Z,"359","8",16,0,0
2026-07-26T08:40:00.000Z,"268","8",16,0,0
2026-07-26T08:50:00.000Z,"347","8",16,0,0
2026-07-26T09:00:00.000Z,"347","8",16,0,0
2026-07-26T09:10:00.000Z,"369","8",16,0,0
2026-07-26T09:20:00.000Z,"342","8",16,0,0
2026-07-26T09:30:00.000Z,"350","8",16,0,0
2026-07-26T09:40:00.000Z,"343","8",16,0,0
2026-07-26T09:50:00.000Z,"341","8",16,0,0
2026-07-26T10:00:00.000Z,"323","8",16,0,0
2026-07-26T10:10:00.000Z,"323","8",16,0,0
2026-07-26T10:20:00.000Z,"317","8",16,0,0
2026-07-26T10:30:00.000Z,"325","8",16,0,0
2026-07-26T10:40:00.000Z,"317","8",16,0,0
2026-07-26T10:50:00.000Z,"316","8",16,0,0
2026-07-26T11:00:00.000Z,"318","8",16,0,0
2026-07-26T11:10:00.000Z,"323","8",16,0,0
2026-07-26T11:20:00.000Z,"324","8",16,0,0
2026-07-26T11:30:00.000Z,"310","8",16,0,0
2026-07-26T11:40:00.000Z,"316","8",16,0,0
2026-07-26T11:50:00.000Z,"314","8",16,0,0
2026-07-26T12:00:00.000Z,"303","8",16,0,0
2026-07-26T12:10:00.000Z,"314","8",16,0,0
2026-07-26T12:20:00.000Z,"332","8",16,0,0
2026-07-26T12:30:00.000Z,"321","8",16,0,0
2026-07-26T12:40:00.000Z,"319","8",16,0,0
2026-07-26T12:50:00.000Z,"314","8",16,0,0
2026-07-26T13:00:00.000Z,"316","8",16,0,0
2026-07-26T13:10:00.000Z,"314","8",16,0,0
2026-07-26T13:20:00.000Z,"305","8",16,0,0
2026-07-26T13:30:00.000Z,"307","8",16,0,0
2026-07-26T13:40:00.000Z,"305","8",16,0,0
2026-07-26T13:50:00.000Z,"317","8",16,0,0
2026-07-26T14:00:00.000Z,"319","8",16,0,0
2026-07-26T14:10:00.000Z,"319","8",16,0,0
2026-07-26T14:20:00.000Z,"317","8",16,0,0
2026-07-26T14:30:00.000Z,"310","8",16,0,0
2026-07-26T14:40:00.000Z,"310","8",16,0,0
2026-07-26T14:50:00.000Z,"308","8",16,0,0
2026-07-26T15:00:00.000Z,"304","8",16,0,0
2026-07-26T15:10:00.000Z,"302","8",16,0,0
2026-07-26T15:20:00.000Z,"327","8",16,0,0
2026-07-26T15:30:00.000Z,"301","8",16,0,0
2026-07-26T15:40:00.000Z,"298","8",16,0,0
2026-07-26T15:50:00.000Z,"281","8",16,0,0
2026-07-26T16:00:00.000Z,"285","8",16,0,0
2026-07-26T16:10:00.000Z,"277","8",16,0,0
2026-07-26T16:20:00.000Z,"291","8",16,0,0
2026-07-26T16:30:00.000Z,"291","8",16,0,0
2026-07-26T16:40:00.000Z,"299","8",16,0,0
2026-07-26T16:50:00.000Z,"292","8",16,0,0
2026-07-26T17:00:00.000Z,"294","8",16,0,0
2026-07-26T17:10:00.000Z,"293","8",16,0,0
2026-07-26T17:20:00.000Z,"291","8",16,0,0
2026-07-26T17:30:00.000Z,"291","8",16,0,0
2026-07-26T17:40:00.000Z,"292","8",16,0,0
2026-07-26T17:50:00.000Z,"294","8",16,0,0
2026-07-26T18:00:00.000Z,"289","8",16,0,0
2026-07-26T18:10:00.000Z,"288","8",16,0,0
2026-07-26T18:20:00.000Z,"287","8",16,0,0
2026-07-26T18:30:00.000Z,"294","8",16,0,0
2026-07-26T18:40:00.000Z,"298","8",16,0,0
2026-07-26T18:50:00.000Z,"300","8",16,0,0
2026-07-26T19:00:00.000Z,"301","8",16,0,0
2026-07-26T19:10:00.000Z,"299","8",16,0,0
2026-07-26T19:20:00.000Z,"300","8",16,0,0
2026-07-26T19:30:00.000Z,"329","8",16,0,0
2026-07-26T19:40:00.000Z,"304","8",16,0,0
2026-07-26T19:50:00.000Z,"307","8",16,0,0
2026-07-26T20:00:00.000Z,"304","8",16,0,0
2026-07-26T20:10:00.000Z,"303","8",16,0,0
2026-07-26T20:20:00.000Z,"300","8",16,0,0
2026-07-26T20:30:00.000Z,"308","8",16,0,0
2026-07-26T20:40:00.000Z,"307","8",16,0,0
2026-07-26T20:50:00.000Z,"314","8",16,0,0
2026-07-26T21:00:00.000Z,"307","8",16,0,0
2026-07-26T21:10:00.000Z,"305","8",16,0,0
2026-07-26T21:20:00.000Z,"302","8",16,0,0
2026-07-26T21:30:00.000Z,"303","8",16,0,0
2026-07-26T21:40:00.000Z,"302","8",16,0,0
2026-07-26T21:50:00.000Z,"302","8",16,0,0
2026-07-26T22:00:00.000Z,"300","8",16,0,0
2026-07-26T22:10:00.000Z,"324","8",16,0,0
2026-07-26T22:20:00.000Z,"310","8",16,0,0
2026-07-26T22:30:00.000Z,"307","8",16,0,0
2026-07-26T22:40:00.000Z,"281","8",16,0,0
2026-07-26T22:50:00.000Z,"285","8",16,0,0
2026-07-26T23:00:00.000Z,"292","8",16,0,0
2026-07-26T23:10:00.000Z,"292","8",16,0,0
2026-07-26T23:20:00.000Z,"295","8",16,0,0
2026-07-26T23:30:00.000Z,"298","8",16,0,0
2026-07-26T23:40:00.000Z,"299","8",16,0,0
2026-07-26T23:50:00.000Z,"296","8",16,0,0
2026-07-27T00:00:00.000Z,"295","8",16,0,0
2026-07-27T00:10:00.000Z,"293","8",16,0,0
2026-07-27T00:20:00.000Z,"293","8",16,0,0
2026-07-27T00:30:00.000Z,"293","8",16,0,0
2026-07-27T00:40:00.000Z,"292","8",16,0,0
2026-07-27T00:50:00.000Z,"291","8",16,0,0
2026-07-27T01:00:00.000Z,"289","8",16,0,0
2026-07-27T01:10:00.000Z,"288","8",16,0,0
2026-07-27T01:20:00.000Z,"286","8",16,0,0
2026-07-27T01:30:00.000Z,"284","8",16,0,0
2026-07-27T01:40:00.000Z,"285","8",16,0,0
2026-07-27T01:50:00.000Z,"284","8",16,0,0
2026-07-27T02:00:00.000Z,"285","8",16,0,0
2026-07-27T02:10:00.000Z,"286","8",16,0,0
2026-07-27T02:20:00.000Z,"284","8",16,0,0
2026-07-27T02:30:00.000Z,"284","8",16,0,0
2026-07-27T02:40:00.000Z,"283","8",16,0,0
2026-07-27T02:50:00.000Z,"281","8",16,0,0
2026-07-27T03:00:00.000Z,"279","8",16,0,0
2026-07-27T03:10:00.000Z,"279","8",16,0,0
2026-07-27T03:20:00.000Z,"279","8",16,0,0
2026-07-27T03:30:00.000Z,"284","8",16,0,0
2026-07-27T03:40:00.000Z,"289","8",16,0,0
2026-07-27T03:50:00.000Z,"170","8",16,0,0
2026-07-27T04:00:00.000Z,"284","8",16,0,0
2026-07-27T04:10:00.000Z,"284","8",16,0,0
2026-07-27T04:20:00.000Z,"283","8",16,0,0
2026-07-27T04:30:00.000Z,"283","8",16,0,0
2026-07-27T04:40:00.000Z,"284","8",16,0,0
2026-07-27T04:50:00.000Z,"286","8",16,0,0
2026-07-27T05:00:00.000Z,"310","8",16,0,0
2026-07-27T05:10:00.000Z,"286","8",16,0,0
2026-07-27T05:20:00.000Z,"184","8",16,0,0
2026-07-27T05:30:00.000Z,"281","8",16,0,0
2026-07-27T05:40:00.000Z,"289","8",16,0,0
2026-07-27T05:50:00.000Z,"287","8",16,0,0
2026-07-27T06:00:00.000Z,"289","8",16,0,0
2026-07-27T06:10:00.000Z,"291","8",16,0,0
2026-07-27T06:20:00.000Z,"299","8",16,0,0
2026-07-27T06:30:00.000Z,"293","8",16,0,0
2026-07-27T06:40:00.000Z,"296","8",16,0,0
2026-07-27T06:50:00.000Z,"281","8",16,0,0
2026-07-27T07:00:00.000Z,"288","8",16,0,0
2026-07-27T07:10:00.000Z,"286","8",16,0,0
2026-07-27T07:20:00.000Z,"317","8",16,0,0
2026-07-27T07:30:00.000Z,"298","8",16,0,0
2026-07-27T07:40:00.000Z,"286","8",16,0,0
2026-07-27T07:50:00.000Z,"284","8",16,0,0
2026-07-27T08:00:00.000Z,"279","8",16,0,0
2026-07-27T08:10:00.000Z,"281","8",16,0,0
2026-07-27T08:20:00.000Z,"277","8",16,0,0
2026-07-27T08:30:00.000Z,"289","8",16,0,0
2026-07-27T08:40:00.000Z,"290","8",16,0,0
2026-07-27T08:50:00.000Z,"296","8",16,0,0
2026-07-27T09:00:00.000Z,"297","8",16,0,0
2026-07-27T09:10:00.000Z,"300","8",16,0,0
2026-07-27T09:20:00.000Z,"145","8",16,0,0
2026-07-27T09:30:00.000Z,"294","8",16,0,0
2026-07-27T09:40:00.000Z,"323","8",16,0,0
2026-07-27T09:50:00.000Z,"304","8",16,0,0
2026-07-27T10:00:00.000Z,"308","8",16,0,0
2026-07-27T10:10:00.000Z,"301","8",16,0,0
2026-07-27T10:20:00.000Z,"307","8",16,0,0
2026-07-27T10:30:00.000Z,"317","8",16,0,0
2026-07-27T10:40:00.000Z,"314","8",16,0,0
2026-07-27T10:50:00.000Z,"306","8",16,0,0
2026-07-27T11:00:00.000Z,"311","8",16,0,0
2026-07-27T11:10:00.000Z,"312","8",16,0,0
2026-07-27T11:20:00.000Z,"311","8",16,0,0
2026-07-27T11:30:00.000Z,"312","8",16,0,0
2026-07-27T11:40:00.000Z,"333","8",16,0,0
2026-07-27T11:50:00.000Z,"318","8",16,0,0
2026-07-27T12:00:00.000Z,"322","8",16,0,0
2026-07-27T12:10:00.000Z,"312","8",16,0,0
2026-07-27T12:20:00.000Z,"344","8",16,0,0
2026-07-27T12:30:00.000Z,"314","8",16,0,0
2026-07-27T12:40:00.000Z,"332","8",16,0,0
2026-07-27T12:50:00.000Z,"327","8",16,0,0
2026-07-27T13:00:00.000Z,"229","8",16,0,0
2026-07-27T13:10:00.000Z,"322","8",16,0,0
2026-07-27T13:20:00.000Z,"326","8",16,0,0
2026-07-27T13:30:00.000Z,"323","8",16,0,0
2026-07-27T13:40:00.000Z,"329","8",16,0,0
2026-07-27T13:50:00.000Z,"330","8",16,0,0
2026-07-27T14:00:00.000Z,"334","8",16,0,0
2026-07-27T14:10:00.000Z,"326","8",16,0,0
2026-07-27T14:20:00.000Z,"341","8",16,0,0
2026-07-27T14:30:00.000Z,"339","8",16,0,0
2026-07-27T14:40:00.000Z,"372","8",16,0,0
2026-07-27T14:50:00.000Z,"350","8",16,0,0
2026-07-27T15:00:00.000Z,"342","8",16,0,0
2026-07-27T15:10:00.000Z,"344","8",16,0,0
2026-07-27T15:20:00.000Z,"342","8",16,0,0
2026-07-27T15:30:00.000Z,"350","8",16,0,0
2026-07-27T15:40:00.000Z,"361","8",16,0,0
2026-07-27T15:50:00.000Z,"357","8",16,0,0
2026-07-27T16:00:00.000Z,"357","8",16,0,0
2026-07-27T16:10:00.000Z,"357","8",16,0,0
2026-07-27T16:20:00.000Z,"317","8",16,0,0
2026-07-27T16:30:00.000Z,"356","8",16,0,0
2026-07-27T16:40:00.000Z,"348","8",16,0,0
2026-07-27T16:50:00.000Z,"352","8",16,0,0
2026-07-27T17:00:00.000Z,"355","8",16,0,0
2026-07-27T17:10:00.000Z,"375","8",16,0,0
2026-07-27T17:20:00.000Z,"367","8",16,0,0
2026-07-27T17:30:00.000Z,"349","8",16,0,0
2026-07-27T17:40:00.000Z,"334","8",16,0,0
2026-07-27T17:50:00.000Z,"355","8",16,0,0
2026-07-27T18:00:00.000Z,"349","8",16,0,0
2026-07-27T18:10:00.000Z,"375","8",16,0,0
2026-07-27T18:20:00.000Z,"367","8",16,0,0
2026-07-27T18:30:00.000Z,"368","8",16,0,0
2026-07-27T18:40:00.000Z,"361","8",16,0,0
2026-07-27T18:50:00.000Z,"363","8",16,0,0
2026-07-27T19:00:00.000Z,"358","8",16,0,0
2026-07-27T19:10:00.000Z,"346","8",16,0,0
2026-07-27T19:20:00.000Z,"356","8",16,0,0
2026-07-27T19:30:00.000Z,"355","8",16,0,0
2026-07-27T19:40:00.000Z,"377","8",16,0,0
2026-07-27T19:50:00.000Z,"372","8",16,0,0
2026-07-27T20:00:00.000Z,"352","8",16,0,0
2026-07-27T20:10:00.000Z,"351","8",16,0,0
2026-07-27T20:20:00.000Z,"352","8",16,0,0
2026-07-27T20:30:00.000Z,"351","8",16,0,0
2026-07-27T20:40:00.000Z,"354","8",16,0,0
2026-07-27T20:50:00.000Z,"312","8",16,0,0
2026-07-27T21:00:00.000Z,"359","8",16,0,0
2026-07-27T21:10:00.000Z,"354","8",16,0,0
2026-07-27T21:20:00.000Z,"356","8",16,0,0
2026-07-27T21:30:00.000Z,"352","8",16,0,0
2026-07-27T21:40:00.000Z,"354","8",16,0,0
2026-07-27T21:50:00.000Z,"351","8",16,0,0
2026-07-27T22:00:00.000Z,"350","8",16,0,0
2026-07-27T22:10:00.000Z,"352","8",16,0,0
2026-07-27T22:20:00.000Z,"350","8",16,0,0
2026-07-27T22:30:00.000Z,"338","8",16,0,0
2026-07-27T22:40:00.000Z,"347","8",16,0,0
2026-07-27T22:50:00.000Z,"341","8",16,0,0
2026-07-27T23:00:00.000Z,"343","8",16,0,0
2026-07-27T23:10:00.000Z,"340","8",16,0,0
2026-07-27T23:20:00.000Z,"339","8",16,0,0
2026-07-27T23:30:00.000Z,"339","8",16,0,0
2026-07-27T23:40:00.000Z,"336","8",16,0,0
2026-07-27T23:50:00.000Z,"336","8",16,0,0
2026-07-28T00:00:00.000Z,"335","8",16,0,0
2026-07-28T00:10:00.000Z,"334","8",16,0,0
2026-07-28T00:20:00.000Z,"331","8",16,0,0
2026-07-28T00:30:00.000Z,"332","8",16,0,0
2026-07-28T00:40:00.000Z,"331","8",16,0,0
2026-07-28T00:50:00.000Z,"329","8",16,0,0
2026-07-28T01:00:00.000Z,"328","8",16,0,0
2026-07-28T01:10:00.000Z,"326","8",16,0,0
2026-07-28T01:20:00.000Z,"325","8",16,0,0
2026-07-28T01:30:00.000Z,"324","8",16,0,0
2026-07-28T01:40:00.000Z,"314","8",16,0,0
2026-07-28T01:50:00.000Z,"320","8",16,0,0
2026-07-28T02:00:00.000Z,"318","8",16,0,0
2026-07-28T02:10:00.000Z,"196","8",16,0,0
2026-07-28T02:20:00.000Z,"318","8",16,0,0
2026-07-28T02:30:00.000Z,"314","8",16,0,0
2026-07-28T02:40:00.000Z,"314","8",16,0,0
2026-07-28T02:50:00.000Z,"316","8",16,0,0
2026-07-28T03:00:00.000Z,"314","8",16,0,0
2026-07-28T03:10:00.000Z,"318","8",16,0,0
2026-07-28T03:20:00.000Z,"319","8",16,0,0
2026-07-28T03:30:00.000Z,"319","8",16,0,0
2026-07-28T03:40:00.000Z,"319","8",16,0,0
2026-07-28T03:50:00.000Z,"320","8",16,0,0
2026-07-28T04:00:00.000Z,"319","8",16,0,0
2026-07-28T04:10:00.000Z,"320","8",16,0,0
2026-07-28T04:20:00.000Z,"321","8",16,0,0
2026-07-28T04:30:00.000Z,"323","8",16,0,0
2026-07-28T04:40:00.000Z,"323","8",16,0,0
2026-07-28T04:50:00.000Z,"323","8",16,0,0
2026-07-28T05:00:00.000Z,"326","8",16,0,0
2026-07-28T05:10:00.000Z,"321","8",16,0,0
2026-07-28T05:20:00.000Z,"318","8",16,0,0
2026-07-28T05:30:00.000Z,"319","8",16,0,0
2026-07-28T05:40:00.000Z,"319","8",16,0,0
2026-07-28T05:50:00.000Z,"336","8",16,0,0
2026-07-28T06:00:00.000Z,"331","8",16,0,0
2026-07-28T06:10:00.000Z,"321","8",16,0,0
2026-07-28T06:20:00.000Z,"286","8",16,0,0
2026-07-28T06:30:00.000Z,"320","8",16,0,0
2026-07-28T06:40:00.000Z,"320","8",16,0,0
2026-07-28T06:50:00.000Z,"320","8",16,0,0
2026-07-28T07:00:00.000Z,"322","8",16,0,0
2026-07-28T07:10:00.000Z,"327","8",16,0,0
2026-07-28T07:20:00.000Z,"323","8",16,0,0
2026-07-28T07:30:00.000Z,"325","8",16,0,0
2026-07-28T07:40:00.000Z,"325","8",16,0,0
2026-07-28T07:50:00.000Z,"321","8",16,0,0
2026-07-28T08:00:00.000Z,"324","8",16,0,0
2026-07-28T08:10:00.000Z,"324","8",16,0,0
2026-07-28T08:20:00.000Z,"323","8",16,0,0
2026-07-28T08:30:00.000Z,"323","8",16,0,0
2026-07-28T08:40:00.000Z,"321","8",16,0,0
2026-07-28T08:50:00.000Z,"322","8",16,0,0
2026-07-28T09:00:00.000Z,"314","8",16,0,0
2026-07-28T09:10:00.000Z,"322","8",16,0,0
2026-07-28T09:20:00.000Z,"339","8",16,0,0
2026-07-28T09:30:00.000Z,"329","8",16,0,0
2026-07-28T09:40:00.000Z,"334","8",16,0,0
2026-07-28T09:50:00.000Z,"325","8",16,0,0
2026-07-28T10:00:00.000Z,"324","8",16,0,0
2026-07-28T10:10:00.000Z,"329","8",16,0,0
2026-07-28T10:20:00.000Z,"321","8",16,0,0
2026-07-28T10:30:00.000Z,"319","8",16,0,0
2026-07-28T10:40:00.000Z,"357","8",16,0,0
2026-07-28T10:50:00.000Z,"370","8",16,0,0
2026-07-28T11:00:00.000Z,"380","8",16,0,0
2026-07-28T11:10:00.000Z,"354","8",16,0,0
2026-07-28T11:20:00.000Z,"343","8",16,0,0
2026-07-28T11:30:00.000Z,"325","8",16,0,0
2026-07-28T11:40:00.000Z,"308","8",16,0,0
2026-07-28T11:50:00.000Z,"333","8",16,0,0
2026-07-28T12:00:00.000Z,"293","8",16,0,0
2026-07-28T12:10:00.000Z,"338","8",16,0,0
2026-07-28T12:20:00.000Z,"351","8",16,0,0
2026-07-28T12:30:00.000Z,"356","8",16,0,0
2026-07-28T12:40:00.000Z,"352","8",16,0,0
2026-07-28T12:50:00.000Z,"337","8",16,0,0
2026-07-28T13:00:00.000Z,"339","8",16,0,0
2026-07-28T13:10:00.000Z,"338","8",16,0,0
2026-07-28T13:20:00.000Z,"340","8",16,0,0
2026-07-28T13:30:00.000Z,"337","8",16,0,0
2026-07-28T13:40:00.000Z,"358","8",16,0,0
2026-07-28T13:50:00.000Z,"341","8",16,0,0
2026-07-28T14:00:00.000Z,"335","8",16,0,0
2026-07-28T14:10:00.000Z,"328","8",16,0,0
2026-07-28T14:20:00.000Z,"359","8",16,0,0
2026-07-28T14:30:00.000Z,"339","8",16,0,0
2026-07-28T14:40:00.000Z,"168","8",16,0,0
2026-07-28T14:50:00.000Z,"303","8",16,0,0
2026-07-28T15:00:00.000Z,"326","8",16,0,0
2026-07-28T15:10:00.000Z,"327","8",16,0,0
2026-07-28T15:20:00.000Z,"328","8",16,0,0
2026-07-28T15:30:00.000Z,"324","8",16,0,0
2026-07-28T15:40:00.000Z,"323","8",16,0,0
2026-07-28T15:50:00.000Z,"318","8",16,0,0
2026-07-28T16:00:00.000Z,"324","8",16,0,0
2026-07-28T16:10:00.000Z,"333","8",16,0,0
2026-07-28T16:20:00.000Z,"318","8",16,0,0
2026-07-28T16:30:00.000Z,"293","8",16,0,0
2026-07-28T16:40:00.000Z,"300","8",16,0,0
2026-07-28T16:50:00.000Z,"288","8",16,0,0
2026-07-28T17:00:00.000Z,"305","8",16,0,0
2026-07-28T17:10:00.000Z,"298","8",16,0,0
2026-07-28T17:20:00.000Z,"250","8",16,0,0
2026-07-28T17:30:00.000Z,"308","8",16,0,0
2026-07-28T17:40:00.000Z,"302","8",16,0,0
2026-07-28T17:50:00.000Z,"300","8",16,0,0
2026-07-28T18:00:00.000Z,"290","8",16,0,0
2026-07-28T18:10:00.000Z,"312","8",16,0,0
2026-07-28T18:20:00.000Z,"282","8",16,0,0
2026-07-28T18:30:00.000Z,"226","8",16,0,0
2026-07-28T18:40:00.000Z,"276","8",16,0,0
2026-07-28T18:50:00.000Z,"280","8",16,0,0
2026-07-28T19:00:00.000Z,"286","8",16,0,0
2026-07-28T19:10:00.000Z,"284","8",16,0,0
2026-07-28T19:20:00.000Z,"273","8",16,0,0
2026-07-28T19:30:00.000Z,"270","8",16,0,0
2026-07-28T19:40:00.000Z,"267","8",16,0,0
2026-07-28T19:50:00.000Z,"267","8",16,0,0
2026-07-28T20:00:00.000Z,"266","8",16,0,0
2026-07-28T20:10:00.000Z,"293","8",16,0,0
2026-07-28T20:20:00.000Z,"268","8",16,0,0
2026-07-28T20:30:00.000Z,"271","8",16,0,0
2026-07-28T20:40:00.000Z,"256","8",16,0,0
2026-07-28T20:50:00.000Z,"258","8",16,0,0
2026-07-28T21:00:00.000Z,"250","8",16,0,0
2026-07-28T21:10:00.000Z,"254","8",16,0,0
2026-07-28T21:20:00.000Z,"249","8",16,0,0
2026-07-28T21:30:00.000Z,"256","8",16,0,0
2026-07-28T21:40:00.000Z,"252","8",16,0,0
2026-07-28T21:50:00.000Z,"249","8",16,0,0
2026-07-28T22:00:00.000Z,"246","8",16,0,0
2026-07-28T22:10:00.000Z,"246","8",16,0,0
2026-07-28T22:20:00.000Z,"242","8",16,0,0
2026-07-28T22:30:00.000Z,"243","8",16,0,0
2026-07-28T22:40:00.000Z,"241","8",16,0,0
2026-07-28T22:50:00.000Z,"231","8",16,0,0
2026-07-28T23:00:00.000Z,"246","8",16,0,0
2026-07-28T23:10:00.000Z,"244","8",16,0,0
2026-07-28T23:20:00.000Z,"246","8",16,0,0
2026-07-28T23:30:00.000Z,"251","8",16,0,0
2026-07-28T23:40:00.000Z,"252","8",16,0,0
2026-07-28T23:50:00.000Z,"251","8",16,0,0
2026-07-29T00:00:00.000Z,"263","8",16,0,0
2026-07-29T00:10:00.000Z,"270","8",16,0,0
2026-07-29T00:20:00.000Z,"278","8",16,0,0
2026-07-29T00:30:00.000Z,"278","8",16,0,0
2026-07-29T00:40:00.000Z,"279","8",16,0,0
2026-07-29T00:50:00.000Z,"274","8",16,0,0
2026-07-29T01:00:00.000Z,"281","8",16,0,0
2026-07-29T01:10:00.000Z,"277","8",16,0,0
2026-07-29T01:20:00.000Z,"292","8",16,0,0
2026-07-29T01:30:00.000Z,"296","8",16,0,0
2026-07-29T01:40:00.000Z,"304","8",16,0,0
2026-07-29T01:50:00.000Z,"284","8",16,0,0
2026-07-29T02:00:00.000Z,"290","8",16,0,0
2026-07-29T02:10:00.000Z,"295","8",16,0,0
2026-07-29T02:20:00.000Z,"312","8",16,0,0
2026-07-29T02:30:00.000Z,"304","8",16,0,0
2026-07-29T02:40:00.000Z,"302","8",16,0,0
2026-07-29T02:50:00.000Z,"296","8",16,0,0
2026-07-29T03:00:00.000Z,"299","8",16,0,0
2026-07-29T03:10:00.000Z,"299","8",16,0,0
2026-07-29T03:20:00.000Z,"318","8",16,0,0
2026-07-29T03:30:00.000Z,"153","8",16,0,0
2026-07-29T03:40:00.000Z,"293","8",16,0,0
2026-07-29T03:50:00.000Z,"343","8",16,0,0
2026-07-29T04:00:00.000Z,"331","8",16,0,0
2026-07-29T04:10:00.000Z,"267","8",16,0,0
2026-07-29T04:20:00.000Z,"321","8",16,0,0
2026-07-29T04:30:00.000Z,"321","8",16,0,0
2026-07-29T04:40:00.000Z,"288","8",16,0,0
2026-07-29T04:50:00.000Z,"321","8",16,0,0
2026-07-29T05:00:00.000Z,"321","8",16,0,0
2026-07-29T05:10:00.000Z,"325","8",16,0,0
2026-07-29T05:20:00.000Z,"330","8",16,0,0
2026-07-29T05:30:00.000Z,"330","8",16,0,0
2026-07-29T05:40:00.000Z,"332","8",16,0,0
2026-07-29T05:50:00.000Z,"329","8",16,0,0
2026-07-29T06:00:00.000Z,"328","8",16,0,0
2026-07-29T06:10:00.000Z,"330","8",16,0,0
2026-07-29T06:20:00.000Z,"331","8",16,0,0
2026-07-29T06:30:00.000Z,"337","8",16,0,0
2026-07-29T06:40:00.000Z,"343","8",16,0,0
2026-07-29T06:50:00.000Z,"337","8",16,0,0
2026-07-29T07:00:00.000Z,"336","8",16,0,0
2026-07-29T07:10:00.000Z,"336","8",16,0,0
2026-07-29T07:20:00.000Z,"333","8",16,0,0
2026-07-29T07:30:00.000Z,"334","8",16,0,0
2026-07-29T07:40:00.000Z,"336","8",16,0,0
2026-07-29T07:50:00.000Z,"337","8",16,0,0
2026-07-29T08:00:00.000Z,"339","8",16,0,0
2026-07-29T08:10:00.000Z,"339","8",16,0,0
2026-07-29T08:20:00.000Z,"340","8",16,0,0
2026-07-29T08:30:00.000Z,"349","8",16,0,0
2026-07-29T08:40:00.000Z,"343","8",16,0,0
2026-07-29T08:50:00.000Z,"336","8",16,0,0
2026-07-29T09:00:00.000Z,"319","8",16,0,0
2026-07-29T09:10:00.000Z,"365","8",16,0,0
2026-07-29T09:20:00.000Z,"359","8",16,0,0
2026-07-29T09:30:00.000Z,"343","8",16,0,0
2026-07-29T09:40:00.000Z,"382","8",16,0,0
2026-07-29T09:50:00.000Z,"406","8",16,0,0
2026-07-29T10:00:00.000Z,"363","8",16,0,0
2026-07-29T10:10:00.000Z,"366","8",16,0,0
2026-07-29T10:20:00.000Z,"352","8",16,0,0
2026-07-29T10:30:00.000Z,"345","8",16,0,0
2026-07-29T10:40:00.000Z,"350","8",16,0,0
2026-07-29T10:50:00.000Z,"366","8",16,0,0
2026-07-29T11:00:00.000Z,"368","8",16,0,0
2026-07-29T11:10:00.000Z,"344","8",16,0,0
2026-07-29T11:20:00.000Z,"332","8",16,0,0
2026-07-29T11:30:00.000Z,"329","8",16,0,0
2026-07-29T11:40:00.000Z,"344","8",16,0,0
2026-07-29T11:50:00.000Z,"320","8",16,0,0
2026-07-29T12:00:00.000Z,"314","8",16,0,0
2026-07-29T12:10:00.000Z,"310","8",16,0,0
2026-07-29T12:20:00.000Z,"310","8",16,0,0
2026-07-29T12:30:00.000Z,"290","8",16,0,0
2026-07-29T12:40:00.000Z,"266","8",16,0,0
2026-07-29T12:50:00.000Z,"278","8",16,0,0
2026-07-29T13:00:00.000Z,"268","8",16,0,0
2026-07-29T13:10:00.000Z,"263","8",16,0,0
2026-07-29T13:20:00.000Z,"260","8",16,0,0
2026-07-29T13:30:00.000Z,"252","8",16,0,0
2026-07-29T13:40:00.000Z,"241","8",16,0,0
2026-07-29T13:50:00.000Z,"234","8",16,0,0
2026-07-29T14:00:00.000Z,"233","8",16,0,0
2026-07-29T14:10:00.000Z,"236","8",16,0,0
2026-07-29T14:20:00.000Z,"197","8",16,0,0
2026-07-29T14:30:00.000Z,"213","8",16,0,0
2026-07-29T14:40:00.000Z,"216","8",16,0,0
2026-07-29T14:50:00.000Z,"234","8",16,0,0
2026-07-29T15:00:00.000Z,"224","8",16,0,0
2026-07-29T15:10:00.000Z,"226","8",16,0,0
2026-07-29T15:20:00.000Z,"214","8",16,0,0
2026-07-29T15:30:00.000Z,"221","8",16,0,0
2026-07-29T15:40:00.000Z,"216","8",16,0,0
2026-07-29T15:50:00.000Z,"243","8",16,0,0
2026-07-29T16:00:00.000Z,"231","8",16,0,0
2026-07-29T16:10:00.000Z,"236","8",16,0,0
2026-07-29T16:20:00.000Z,"189","8",16,0,0
2026-07-29T16:30:00.000Z,"231","8",16,0,0
2026-07-29T16:40:00.000Z,"260","8",16,0,0
2026-07-29T16:50:00.000Z,"236","8",16,0,0
2026-07-29T17:00:00.000Z,"226","8",16,0,0
2026-07-29T17:10:00.000Z,"167","8",16,0,0
2026-07-29T17:20:00.000Z,"232","8",16,0,0
2026-07-29T17:30:00.000Z,"234","8",16,0,0
2026-07-29T17:40:00.000Z,"235","8",16,0,0
2026-07-29T17:50:00.000Z,"230","8",16,0,0
2026-07-29T18:00:00.000Z,"243","8",16,0,0
2026-07-29T18:10:00.000Z,"214","8",16,0,0
2026-07-29T18:20:00.000Z,"256","8",16,0,0
2026-07-29T18:30:00.000Z,"243","8",16,0,0
2026-07-29T18:40:00.000Z,"235","8",16,0,0
2026-07-29T18:50:00.000Z,"176","8",16,0,0
2026-07-29T19:00:00.000Z,"231","8",16,0,0
2026-07-29T19:10:00.000Z,"226","8",16,0,0
2026-07-29T19:20:00.000Z,"231","8",16,0,0
2026-07-29T19:30:00.000Z,"226","8",16,0,0
2026-07-29T19:40:00.000Z,"206","8",16,0,0
2026-07-29T19:50:00.000Z,"209","8",16,0,0
2026-07-29T20:00:00.000Z,"228","8",16,0,0
2026-07-29T20:10:00.000Z,"224","8",16,0,0
2026-07-29T20:20:00.000Z,"214","8",16,0,0
2026-07-29T20:30:00.000Z,"196","8",16,0,0
2026-07-29T20:40:00.000Z,"219","8",16,0,0
2026-07-29T20:50:00.000Z,"214","8",16,0,0
2026-07-29T21:00:00.000Z,"214","8",16,0,0
2026-07-29T21:10:00.000Z,"214","8",16,0,0
2026-07-29T21:20:00.000Z,"218","8",16,0,0
2026-07-29T21:30:00.000Z,"208","8",16,0,0
2026-07-29T21:40:00.000Z,"209","8",16,0,0
2026-07-29T21:50:00.000Z,"198","8",16,0,0
2026-07-29T22:00:00.000Z,"199","8",16,0,0
2026-07-29T22:10:00.000Z,"196","8",16,0,0
2026-07-29T22:20:00.000Z,"201","8",16,0,0
2026-07-29T22:30:00.000Z,"157","8",16,0,0
2026-07-29T22:40:00.000Z,"216","8",16,0,0
2026-07-29T22:50:00.000Z,"216","8",16,0,0
2026-07-29T23:00:00.000Z,"219","8",16,0,0
2026-07-29T23:10:00.000Z,"226","8",16,0,0
2026-07-29T23:20:00.000Z,"243","8",16,0,0
2026-07-29T23:30:00.000Z,"243","8",16,0,0
2026-07-29T23:40:00.000Z,"241","8",16,0,0
2026-07-29T23:50:00.000Z,"253","8",16,0,0
2026-07-30T00:00:00.000Z,"255","8",16,0,0
2026-07-30T00:10:00.000Z,"302","8",16,0,0
2026-07-30T00:20:00.000Z,"271","8",16,0,0
2026-07-30T00:30:00.000Z,"299","8",16,0,0
2026-07-30T00:40:00.000Z,"300","8",16,0,0
2026-07-30T00:50:00.000Z,"302","8",16,0,0
2026-07-30T01:00:00.000Z,"304","8",16,0,0
2026-07-30T01:10:00.000Z,"313","8",16,0,0
2026-07-30T01:20:00.000Z,"314","8",16,0,0
2026-07-30T01:30:00.000Z,"327","8",16,0,0
2026-07-30T01:40:00.000Z,"328","8",16,0,0
2026-07-30T01:50:00.000Z,"323","8",16,0,0
2026-07-30T02:00:00.000Z,"323","8",16,0,0
2026-07-30T02:10:00.000Z,"325","8",16,0,0
2026-07-30T02:20:00.000Z,"329","8",16,0,0
2026-07-30T02:30:00.000Z,"333","8",16,0,0
2026-07-30T02:40:00.000Z,"334","8",16,0,0
2026-07-30T02:50:00.000Z,"333","8",16,0,0
2026-07-30T03:00:00.000Z,"329","8",16,0,0
2026-07-30T03:10:00.000Z,"331","8",16,0,0
2026-07-30T03:20:00.000Z,"331","8",16,0,0
2026-07-30T03:30:00.000Z,"333","8",16,0,0
2026-07-30T03:40:00.000Z,"332","8",16,0,0
2026-07-30T03:50:00.000Z,"333","8",16,0,0
2026-07-30T04:00:00.000Z,"332","8",16,0,0
2026-07-30T04:10:00.000Z,"332","8",16,0,0
2026-07-30T04:20:00.000Z,"334","8",16,0,0
2026-07-30T04:30:00.000Z,"334","8",16,0,0
2026-07-30T04:40:00.000Z,"335","8",16,0,0
2026-07-30T04:50:00.000Z,"336","8",16,0,0
2026-07-30T05:00:00.000Z,"336","8",16,0,0
2026-07-30T05:10:00.000Z,"336","8",16,0,0
2026-07-30T05:20:00.000Z,"336","8",16,0,0
2026-07-30T05:30:00.000Z,"338","8",16,0,0
2026-07-30T05:40:00.000Z,"338","8",16,0,0
2026-07-30T05:50:00.000Z,"338","8",16,0,0
2026-07-30T06:00:00.000Z,"341","8",16,0,0
2026-07-30T06:10:00.000Z,"341","8",16,0,0
2026-07-30T06:20:00.000Z,"338","8",16,0,0
2026-07-30T06:30:00.000Z,"347","8",16,0,0
2026-07-30T06:40:00.000Z,"359","8",16,0,0
2026-07-30T06:50:00.000Z,"365","8",16,0,0
2026-07-30T07:00:00.000Z,"361","8",16,0,0
2026-07-30T07:10:00.000Z,"352","8",16,0,0
2026-07-30T07:20:00.000Z,"349","8",16,0,0
2026-07-30T07:30:00.000Z,"348","8",16,0,0
2026-07-30T07:40:00.000Z,"348","8",16,0,0
2026-07-30T07:50:00.000Z,"349","8",16,0,0
2026-07-30T08:00:00.000Z,"349","8",16,0,0
2026-07-30T08:10:00.000Z,"348","8",16,0,0
2026-07-30T08:20:00.000Z,"345","8",16,0,0
2026-07-30T08:30:00.000Z,"363","8",16,0,0
2026-07-30T08:40:00.000Z,"349","8",16,0,0
2026-07-30T08:50:00.000Z,"346","8",16,0,0
2026-07-30T09:00:00.000Z,"343","8",16,0,0
2026-07-30T09:10:00.000Z,"343","8",16,0,0
2026-07-30T09:20:00.000Z,"344","8",16,0,0
2026-07-30T09:30:00.000Z,"338","8",16,0,0
2026-07-30T09:40:00.000Z,"325","8",16,0,0
2026-07-30T09:50:00.000Z,"331","8",16,0,0
2026-07-30T10:00:00.000Z,"326","8",16,0,0
2026-07-30T10:10:00.000Z,"354","8",16,0,0
2026-07-30T10:20:00.000Z,"330","8",16,0,0
2026-07-30T10:30:00.000Z,"326","8",16,0,0
2026-07-30T10:40:00.000Z,"314","8",16,0,0
2026-07-30T10:50:00.000Z,"311","8",16,0,0
2026-07-30T11:00:00.000Z,"304","8",16,0,0
2026-07-30T11:10:00.000Z,"309","8",16,0,0
2026-07-30T11:20:00.000Z,"302","8",16,0,0
2026-07-30T11:30:00.000Z,"301","8",16,0,0
2026-07-30T11:40:00.000Z,"297","8",16,0,0
2026-07-30T11:50:00.000Z,"299","8",16,0,0
2026-07-30T12:00:00.000Z,"322","8",16,0,0
2026-07-30T12:10:00.000Z,"301","8",16,0,0
2026-07-30T12:20:00.000Z,"290","8",16,0,0
2026-07-30T12:30:00.000Z,"281","8",16,0,0
2026-07-30T12:40:00.000Z,"286","8",16,0,0
2026-07-30T12:50:00.000Z,"292","8",16,0,0
2026-07-30T13:00:00.000Z,"296","8",16,0,0
2026-07-30T13:10:00.000Z,"295","8",16,0,0
2026-07-30T13:20:00.000Z,"301","8",16,0,0
2026-07-30T13:30:00.000Z,"301","8",16,0,0
2026-07-30T13:40:00.000Z,"302","8",16,0,0
2026-07-30T13:50:00.000Z,"302","8",16,0,0
2026-07-30T14:00:00.000Z,"303","8",16,0,0
2026-07-30T14:10:00.000Z,"296","8",16,0,0
2026-07-30T14:20:00.000Z,"293","8",16,0,0
2026-07-30T14:30:00.000Z,"291","8",16,0,0
2026-07-30T14:40:00.000Z,"289","8",16,0,0
2026-07-30T14:50:00.000Z,"295","8",16,0,0
2026-07-30T15:00:00.000Z,"278","8",16,0,0
2026-07-30T15:10:00.000Z,"261","8",16,0,0
2026-07-30T15:20:00.000Z,"276","8",16,0,0
2026-07-30T15:30:00.000Z,"274","8",16,0,0
2026-07-30T15:40:00.000Z,"297","8",16,0,0
2026-07-30T15:50:00.000Z,"154","8",16,0,0
2026-07-30T16:00:00.000Z,"270","8",16,0,0
2026-07-30T16:10:00.000Z,"273","8",16,0,0
2026-07-30T16:20:00.000Z,"273","8",16,0,0
2026-07-30T16:30:00.000Z,"278","8",16,0,0
2026-07-30T16:40:00.000Z,"281","8",16,0,0
2026-07-30T16:50:00.000Z,"274","8",16,0,0
2026-07-30T17:00:00.000Z,"256","8",16,0,0
2026-07-30T17:10:00.000Z,"273","8",16,0,0
2026-07-30T17:20:00.000Z,"290","8",16,0,0
2026-07-30T17:30:00.000Z,"270","8",16,0,0
2026-07-30T17:40:00.000Z,"253","8",16,0,0
2026-07-30T17:50:00.000Z,"255","8",16,0,0
2026-07-30T18:00:00.000Z,"261","8",16,0,0
2026-07-30T18:10:00.000Z,"263","8",16,0,0
2026-07-30T18:20:00.000Z,"236","8",16,0,0
2026-07-30T18:30:00.000Z,"259","8",16,0,0
2026-07-30T18:40:00.000Z,"269","8",16,0,0
2026-07-30T18:50:00.000Z,"263","8",16,0,0
2026-07-30T19:00:00.000Z,"278","8",16,0,0
2026-07-30T19:10:00.000Z,"173","8",16,0,0
2026-07-30T19:20:00.000Z,"261","8",16,0,0
2026-07-30T19:30:00.000Z,"251","8",16,0,0
2026-07-30T19:40:00.000Z,"249","8",16,0,0
2026-07-30T19:50:00.000Z,"255","8",16,0,0
2026-07-30T20:00:00.000Z,"280","8",16,0,0
2026-07-30T20:10:00.000Z,"267","8",16,0,0
2026-07-30T20:20:00.000Z,"271","8",16,0,0
2026-07-30T20:30:00.000Z,"270","8",16,0,0
2026-07-30T20:40:00.000Z,"271","8",16,0,0
2026-07-30T20:50:00.000Z,"267","8",16,0,0
2026-07-30T21:00:00.000Z,"298","8",16,0,0
2026-07-30T21:10:00.000Z,"276","8",16,0,0
2026-07-30T21:20:00.000Z,"288","8",16,0,0
2026-07-30T21:30:00.000Z,"276","8",16,0,0
2026-07-30T21:40:00.000Z,"283","8",16,0,0
2026-07-30T21:50:00.000Z,"286","8",16,0,0
2026-07-30T22:00:00.000Z,"298","8",16,0,0
2026-07-30T22:10:00.000Z,"286","8",16,0,0
2026-07-30T22:20:00.000Z,"271","8",16,0,0
2026-07-30T22:30:00.000Z,"289","8",16,0,0
2026-07-30T22:40:00.000Z,"292","8",16,0,0
2026-07-30T22:50:00.000Z,"290","8",16,0,0
2026-07-30T23:00:00.000Z,"292","8",16,0,0
2026-07-30T23:10:00.000Z,"298","8",16,0,0
2026-07-30T23:20:00.000Z,"307","8",16,0,0
2026-07-30T23:30:00.000Z,"305","8",16,0,0
2026-07-30T23:40:00.000Z,"307","8",16,0,0
2026-07-30T23:50:00.000Z,"303","8",16,0,0
2026-07-31T00:00:00.000Z,"304","8",16,0,0
2026-07-31T00:10:00.000Z,"302","8",16,0,0
2026-07-31T00:20:00.000Z,"305","8",16,0,0
2026-07-31T00:30:00.000Z,"308","8",16,0,0
2026-07-31T00:40:00.000Z,"307","8",16,0,0
2026-07-31T00:50:00.000Z,"302","8",16,0,0
2026-07-31T01:00:00.000Z,"305","8",16,0,0
2026-07-31T01:10:00.000Z,"307","8",16,0,0
2026-07-31T01:20:00.000Z,"314","8",16,0,0
2026-07-31T01:30:00.000Z,"321","8",16,0,0
2026-07-31T01:40:00.000Z,"321","8",16,0,0
2026-07-31T01:50:00.000Z,"326","8",16,0,0
2026-07-31T02:00:00.000Z,"327","8",16,0,0
2026-07-31T02:10:00.000Z,"328","8",16,0,0
2026-07-31T02:20:00.000Z,"321","8",16,0,0
2026-07-31T02:30:00.000Z,"325","8",16,0,0
2026-07-31T02:40:00.000Z,"327","8",16,0,0
2026-07-31T02:50:00.000Z,"327","8",16,0,0
2026-07-31T03:00:00.000Z,"336","8",16,0,0
2026-07-31T03:10:00.000Z,"252","8",16,0,0
2026-07-31T03:20:00.000Z,"334","8",16,0,0
2026-07-31T03:30:00.000Z,"332","8",16,0,0
2026-07-31T03:40:00.000Z,"328","8",16,0,0
2026-07-31T03:50:00.000Z,"325","8",16,0,0
2026-07-31T04:00:00.000Z,"321","8",16,0,0
2026-07-31T04:10:00.000Z,"325","8",16,0,0
2026-07-31T04:20:00.000Z,"327","8",16,0,0
2026-07-31T04:30:00.000Z,"324","8",16,0,0
2026-07-31T04:40:00.000Z,"326","8",16,0,0
2026-07-31T04:50:00.000Z,"309","8",16,0,0
2026-07-31T05:00:00.000Z,"307","8",16,0,0
2026-07-31T05:10:00.000Z,"312","8",16,0,0
2026-07-31T05:20:00.000Z,"310","8",16,0,0
2026-07-31T05:30:00.000Z,"300","8",16,0,0
2026-07-31T05:40:00.000Z,"300","8",16,0,0
2026-07-31T05:50:00.000Z,"295","8",16,0,0
2026-07-31T06:00:00.000Z,"293","8",16,0,0
2026-07-31T06:10:00.000Z,"290","8",16,0,0
2026-07-31T06:20:00.000Z,"319","8",16,0,0
2026-07-31T06:30:00.000Z,"304","8",16,0,0
2026-07-31T06:40:00.000Z,"312","8",16,0,0
2026-07-31T06:50:00.000Z,"296","8",16,0,0
2026-07-31T07:00:00.000Z,"290","8",16,0,0
2026-07-31T07:10:00.000Z,"334","8",16,0,0
2026-07-31T07:20:00.000Z,"319","8",16,0,0
2026-07-31T07:30:00.000Z,"187","8",16,0,0
2026-07-31T07:40:00.000Z,"308","8",16,0,0
2026-07-31T07:50:00.000Z,"310","8",16,0,0
2026-07-31T08:00:00.000Z,"314","8",16,0,0
2026-07-31T08:10:00.000Z,"318","8",16,0,0
2026-07-31T08:20:00.000Z,"327","8",16,0,0
2026-07-31T08:30:00.000Z,"343","8",16,0,0
2026-07-31T08:40:00.000Z,"346","8",16,0,0
2026-07-31T08:50:00.000Z,"351","8",16,0,0
2026-07-31T09:00:00.000Z,"350","8",16,0,0
2026-07-31T09:10:00.000Z,"374","8",16,0,0
2026-07-31T09:20:00.000Z,"357","8",16,0,0
2026-07-31T09:30:00.000Z,"364","8",16,0,0
2026-07-31T09:40:00.000Z,"350","8",16,0,0
2026-07-31T09:50:00.000Z,"298","8",16,0,0
2026-07-31T10:00:00.000Z,"352","8",16,0,0
2026-07-31T10:10:00.000Z,"360","8",16,0,0
2026-07-31T10:20:00.000Z,"356","8",16,0,0
2026-07-31T10:30:00.000Z,"345","8",16,0,0
2026-07-31T10:40:00.000Z,"349","8",16,0,0
2026-07-31T10:50:00.000Z,"343","8",16,0,0
2026-07-31T11:00:00.000Z,"348","8",16,0,0
2026-07-31T11:10:00.000Z,"349","8",16,0,0
2026-07-31T11:20:00.000Z,"345","8",16,0,0
2026-07-31T11:30:00.000Z,"355","8",16,0,0
2026-07-31T11:40:00.000Z,"317","8",16,0,0
2026-07-31T11:50:00.000Z,"346","8",16,0,0
2026-07-31T12:00:00.000Z,"341","8",16,0,0
2026-07-31T12:10:00.000Z,"344","8",16,0,0
2026-07-31T12:20:00.000Z,"341","8",16,0,0
2026-07-31T12:30:00.000Z,"341","8",16,0,0
2026-07-31T12:40:00.000Z,"333","8",16,0,0
2026-07-31T12:50:00.000Z,"336","8",16,0,0
2026-07-31T13:00:00.000Z,"357","8",16,0,0
2026-07-31T13:10:00.000Z,"343","8",16,0,0
2026-07-31T13:20:00.000Z,"332","8",16,0,0
2026-07-31T13:30:00.000Z,"224","8",16,0,0
2026-07-31T13:40:00.000Z,"341","8",16,0,0
2026-07-31T13:50:00.000Z,"338","8",16,0,0
2026-07-31T14:00:00.000Z,"354","8",16,0,0
2026-07-31T14:10:00.000Z,"336","8",16,0,0
2026-07-31T14:20:00.000Z,"329","8",16,0,0
2026-07-31T14:30:00.000Z,"306","8",16,0,0
2026-07-31T14:40:00.000Z,"331","8",16,0,0
2026-07-31T14:50:00.000Z,"312","8",16,0,0
2026-07-31T15:00:00.000Z,"314","8",16,0,0
2026-07-31T15:10:00.000Z,"312","8",16,0,0
2026-07-31T15:20:00.000Z,"322","8",16,0,0
2026-07-31T15:30:00.000Z,"331","8",16,0,0
2026-07-31T15:40:00.000Z,"331","8",16,0,0
2026-07-31T15:50:00.000Z,"325","8",16,0,0
2026-07-31T16:00:00.000Z,"312","8",16,0,0
2026-07-31T16:10:00.000Z,"300","8",16,0,0
2026-07-31T16:20:00.000Z,"329","8",16,0,0
2026-07-31T16:30:00.000Z,"309","8",16,0,0
2026-07-31T16:40:00.000Z,"263","8",16,0,0
2026-07-31T16:50:00.000Z,"301","8",16,0,0
2026-07-31T17:00:00.000Z,"326","8",16,0,0
2026-07-31T17:10:00.000Z,"304","8",16,0,0
2026-07-31T17:20:00.000Z,"314","8",16,0,0
2026-07-31T17:30:00.000Z,"296","8",16,0,0
2026-07-31T17:40:00.000Z,"295","8",16,0,0
2026-07-31T17:50:00.000Z,"290","8",16,0,0
2026-07-31T18:00:00.000Z,"309","8",16,0,0
2026-07-31T18:10:00.000Z,"290","8",16,0,0
2026-07-31T18:20:00.000Z,"290","8",16,0,0
2026-07-31T18:30:00.000Z,"273","8",16,0,0
2026-07-31T18:40:00.000Z,"290","8",16,0,0
2026-07-31T18:50:00.000Z,"277","8",16,0,0
2026-07-31T19:00:00.000Z,"281","8",16,0,0
2026-07-31T19:10:00.000Z,"277","8",16,0,0
2026-07-31T19:20:00.000Z,"285","8",16,0,0
2026-07-31T19:30:00.000Z,"279","8",16,0,0
2026-07-31T19:40:00.000Z,"276","8",16,0,0
2026-07-31T19:50:00.000Z,"274","8",16,0,0
2026-07-31T20:00:00.000Z,"272","8",16,0,0
2026-07-31T20:10:00.000Z,"267","8",16,0,0
2026-07-31T20:20:00.000Z,"275","8",16,0,0
2026-07-31T20:30:00.000Z,"280","8",16,0,0
2026-07-31T20:40:00.000Z,"281","8",16,0,0
2026-07-31T20:50:00.000Z,"277","8",16,0,0
2026-07-31T21:00:00.000Z,"272","8",16,0,0
2026-07-31T21:10:00.000Z,"275","8",16,0,0
2026-07-31T21:20:00.000Z,"277","8",16,0,0
2026-07-31T21:30:00.000Z,"283","8",16,0,0
2026-07-31T21:40:00.000Z,"283","8",16,0,0
2026-07-31T21:50:00.000Z,"279","8",16,0,0
2026-07-31T22:00:00.000Z,"281","8",16,0,0
2026-07-31T22:10:00.000Z,"282","8",16,0,0
2026-07-31T22:20:00.000Z,"283","8",16,0,0
2026-07-31T22:30:00.000Z,"283","8",16,0,0
2026-07-31T22:40:00.000Z,"288","8",16,0,0
2026-07-31T22:50:00.000Z,"304","8",16,0,0
2026-07-31T23:00:00.000Z,"290","8",16,0,0
2026-07-31T23:10:00.000Z,"256","8",16,0,0
2026-07-31T23:20:00.000Z,"286","8",16,0,0
2026-07-31T23:30:00.000Z,"289","8",16,0,0
2026-07-31T23:40:00.000Z,"289","8",16,0,0
2026-07-31T23:50:00.000Z,"291","8",16,0,0
2026-08-01T00:00:00.000Z,"294","8",16,0,0
2026-08-01T00:10:00.000Z,"305","8",16,0,0
2026-08-01T00:20:00.000Z,"314","8",16,0,0
2026-08-01T00:30:00.000Z,"313","8",16,0,0
2026-08-01T00:40:00.000Z,"304","8",16,0,0
2026-08-01T00:50:00.000Z,"318","8",16,0,0
2026-08-01T01:00:00.000Z,"324","8",16,0,0
2026-08-01T01:10:00.000Z,"324","8",16,0,0
2026-08-01T01:20:00.000Z,"314","8",16,0,0
2026-08-01T01:30:00.000Z,"307","8",16,0,0
2026-08-01T01:40:00.000Z,"308","8",16,0,0
2026-08-01T01:50:00.000Z,"311","8",16,0,0
2026-08-01T02:00:00.000Z,"321","8",16,0,0
2026-08-01T02:10:00.000Z,"327","8",16,0,0
2026-08-01T02:20:00.000Z,"327","8",16,0,0
2026-08-01T02:30:00.000Z,"324","8",16,0,0
2026-08-01T02:40:00.000Z,"324","8",16,0,0
2026-08-01T02:50:00.000Z,"325","8",16,0,0
2026-08-01T03:00:00.000Z,"329","8",16,0,0
2026-08-01T03:10:00.000Z,"328","8",16,0,0
2026-08-01T03:20:00.000Z,"325","8",16,0,0
2026-08-01T03:30:00.000Z,"324","8",16,0,0
2026-08-01T03:40:00.000Z,"321","8",16,0,0
2026-08-01T03:50:00.000Z,"321","8",16,0,0
2026-08-01T04:00:00.000Z,"319","8",16,0,0
2026-08-01T04:10:00.000Z,"318","8",16,0,0
2026-08-01T04:20:00.000Z,"319","8",16,0,0
2026-08-01T04:30:00.000Z,"319","8",16,0,0
2026-08-01T04:40:00.000Z,"321","8",16,0,0
2026-08-01T04:50:00.000Z,"321","8",16,0,0
2026-08-01T05:00:00.000Z,"321","8",16,0,0
2026-08-01T05:10:00.000Z,"319","8",16,0,0
2026-08-01T05:20:00.000Z,"320","8",16,0,0
2026-08-01T05:30:00.000Z,"334","8",16,0,0
2026-08-01T05:40:00.000Z,"321","8",16,0,0
2026-08-01T05:50:00.000Z,"317","8",16,0,0
2026-08-01T06:00:00.000Z,"312","8",16,0,0
2026-08-01T06:10:00.000Z,"343","8",16,0,0
2026-08-01T06:20:00.000Z,"314","8",16,0,0
2026-08-01T06:30:00.000Z,"314","8",16,0,0
2026-08-01T06:40:00.000Z,"284","8",16,0,0
2026-08-01T06:50:00.000Z,"340","8",16,0,0
2026-08-01T07:00:00.000Z,"315","8",16,0,0
2026-08-01T07:10:00.000Z,"324","8",16,0,0
2026-08-01T07:20:00.000Z,"312","8",16,0,0
2026-08-01T07:30:00.000Z,"321","8",16,0,0
2026-08-01T07:40:00.000Z,"314","8",16,0,0
2026-08-01T07:50:00.000Z,"319","8",16,0,0
2026-08-01T08:00:00.000Z,"321","8",16,0,0
2026-08-01T08:10:00.000Z,"330","8",16,0,0
2026-08-01T08:20:00.000Z,"326","8",16,0,0
2026-08-01T08:30:00.000Z,"329","8",16,0,0
2026-08-01T08:40:00.000Z,"327","8",16,0,0
2026-08-01T08:50:00.000Z,"316","8",16,0,0
2026-08-01T09:00:00.000Z,"321","8",16,0,0
2026-08-01T09:10:00.000Z,"324","8",16,0,0
2026-08-01T09:20:00.000Z,"330","8",16,0,0
2026-08-01T09:30:00.000Z,"327","8",16,0,0
2026-08-01T09:40:00.000Z,"309","8",16,0,0
2026-08-01T09:50:00.000Z,"314","8",16,0,0
2026-08-01T10:00:00.000Z,"311","8",16,0,0
2026-08-01T10:10:00.000Z,"318","8",16,0,0
2026-08-01T10:20:00.000Z,"317","8",16,0,0
2026-08-01T10:30:00.000Z,"314","8",16,0,0
2026-08-01T10:40:00.000Z,"319","8",16,0,0
2026-08-01T10:50:00.000Z,"316","8",16,0,0
2026-08-01T11:00:00.000Z,"321","8",16,0,0
2026-08-01T11:10:00.000Z,"314","8",16,0,0
2026-08-01T11:20:00.000Z,"300","8",16,0,0
2026-08-01T11:30:00.000Z,"301","8",16,0,0
2026-08-01T11:40:00.000Z,"300","8",16,0,0
2026-08-01T11:50:00.000Z,"332","8",16,0,0
2026-08-01T12:00:00.000Z,"306","8",16,0,0
2026-08-01T12:10:00.000Z,"305","8",16,0,0
2026-08-01T12:20:00.000Z,"297","8",16,0,0
2026-08-01T12:30:00.000Z,"298","8",16,0,0
2026-08-01T12:40:00.000Z,"293","8",16,0,0
2026-08-01T12:50:00.000Z,"290","8",16,0,0
2026-08-01T13:00:00.000Z,"287","8",16,0,0
2026-08-01T13:10:00.000Z,"302","8",16,0,0
2026-08-01T13:20:00.000Z,"304","8",16,0,0
2026-08-01T13:30:00.000Z,"298","8",16,0,0
2026-08-01T13:40:00.000Z,"288","8",16,0,0
2026-08-01T13:50:00.000Z,"288","8",16,0,0
2026-08-01T14:00:00.000Z,"286","8",16,0,0
2026-08-01T14:10:00.000Z,"284","8",16,0,0
2026-08-01T14:20:00.000Z,"264","8",16,0,0
2026-08-01T14:30:00.000Z,"272","8",16,0,0
2026-08-01T14:40:00.000Z,"276","8",16,0,0
2026-08-01T14:50:00.000Z,"273","8",16,0,0
2026-08-01T15:00:00.000Z,"273","8",16,0,0
2026-08-01T15:10:00.000Z,"270","8",16,0,0
2026-08-01T15:20:00.000Z,"269","8",16,0,0
2026-08-01T15:30:00.000Z,"273","8",16,0,0
2026-08-01T15:40:00.000Z,"272","8",16,0,0
2026-08-01T15:50:00.000Z,"271","8",16,0,0
2026-08-01T16:00:00.000Z,"270","8",16,0,0
2026-08-01T16:10:00.000Z,"295","8",16,0,0
2026-08-01T16:20:00.000Z,"292","8",16,0,0
2026-08-01T16:30:00.000Z,"295","8",16,0,0
2026-08-01T16:40:00.000Z,"277","8",16,0,0
2026-08-01T16:50:00.000Z,"288","8",16,0,0
2026-08-01T17:00:00.000Z,"277","8",16,0,0
2026-08-01T17:10:00.000Z,"277","8",16,0,0
2026-08-01T17:20:00.000Z,"276","8",16,0,0
2026-08-01T17:30:00.000Z,"293","8",16,0,0
2026-08-01T17:40:00.000Z,"286","8",16,0,0
2026-08-01T17:50:00.000Z,"268","8",16,0,0
2026-08-01T18:00:00.000Z,"278","8",16,0,0
2026-08-01T18:10:00.000Z,"280","8",16,0,0
2026-08-01T18:20:00.000Z,"284","8",16,0,0
2026-08-01T18:30:00.000Z,"289","8",16,0,0
2026-08-01T18:40:00.000Z,"280","8",16,0,0
2026-08-01T18:50:00.000Z,"294","8",16,0,0
2026-08-01T19:00:00.000Z,"196","8",16,0,0
2026-08-01T19:10:00.000Z,"279","8",16,0,0
2026-08-01T19:20:00.000Z,"280","8",16,0,0
2026-08-01T19:30:00.000Z,"276","8",16,0,0
2026-08-01T19:40:00.000Z,"278","8",16,0,0
2026-08-01T19:50:00.000Z,"280","8",16,0,0
2026-08-01T20:00:00.000Z,"281","8",16,0,0
2026-08-01T20:10:00.000Z,"277","8",16,0,0
2026-08-01T20:20:00.000Z,"279","8",16,0,0
2026-08-01T20:30:00.000Z,"277","8",16,0,0
2026-08-01T20:40:00.000Z,"312","8",16,0,0
2026-08-01T20:50:00.000Z,"288","8",16,0,0
2026-08-01T21:00:00.000Z,"289","8",16,0,0
2026-08-01T21:10:00.000Z,"271","8",16,0,0
2026-08-01T21:20:00.000Z,"276","8",16,0,0
2026-08-01T21:30:00.000Z,"270","8",16,0,0
2026-08-01T21:40:00.000Z,"277","8",16,0,0
2026-08-01T21:50:00.000Z,"276","8",16,0,0
2026-08-01T22:00:00.000Z,"268","8",16,0,0
2026-08-01T22:10:00.000Z,"280","8",16,0,0
2026-08-01T22:20:00.000Z,"283","8",16,0,0
2026-08-01T22:30:00.000Z,"281","8",16,0,0
2026-08-01T22:40:00.000Z,"281","8",16,0,0
2026-08-01T22:50:00.000Z,"266","8",16,0,0
2026-08-01T23:00:00.000Z,"260","8",16,0,0
2026-08-01T23:10:00.000Z,"258","8",16,0,0
2026-08-01T23:20:00.000Z,"257","8",16,0,0
2026-08-01T23:30:00.000Z,"257","8",16,0,0
2026-08-01T23:40:00.000Z,"252","8",16,0,0
2026-08-01T23:50:00.000Z,"246","8",16,0,0
2026-08-02T00:00:00.000Z,"246","8",16,0,0
2026-08-02T00:10:00.000Z,"248","8",16,0,0
2026-08-02T00:20:00.000Z,"246","8",16,0,0
2026-08-02T00:30:00.000Z,"244","8",16,0,0
2026-08-02T00:40:00.000Z,"242","8",16,0,0
2026-08-02T00:50:00.000Z,"241","8",16,0,0
2026-08-02T01:00:00.000Z,"240","8",16,0,0
2026-08-02T01:10:00.000Z,"236","8",16,0,0
2026-08-02T01:20:00.000Z,"234","8",16,0,0
2026-08-02T01:30:00.000Z,"236","8",16,0,0
2026-08-02T01:40:00.000Z,"234","8",16,0,0
2026-08-02T01:50:00.000Z,"234","8",16,0,0
2026-08-02T02:00:00.000Z,"233","8",16,0,0
2026-08-02T02:10:00.000Z,"234","8",16,0,0
2026-08-02T02:20:00.000Z,"234","8",16,0,0
2026-08-02T02:30:00.000Z,"234","8",16,0,0
2026-08-02T02:40:00.000Z,"234","8",16,0,0
2026-08-02T02:50:00.000Z,"244","8",16,0,0
2026-08-02T03:00:00.000Z,"246","8",16,0,0
2026-08-02T03:10:00.000Z,"246","8",16,0,0
2026-08-02T03:20:00.000Z,"244","8",16,0,0
2026-08-02T03:30:00.000Z,"244","8",16,0,0
2026-08-02T03:40:00.000Z,"244","8",16,0,0
2026-08-02T03:50:00.000Z,"244","8",16,0,0
2026-08-02T04:00:00.000Z,"246","8",16,0,0
2026-08-02T04:10:00.000Z,"249","8",16,0,0
2026-08-02T04:20:00.000Z,"252","8",16,0,0
2026-08-02T04:30:00.000Z,"276","8",16,0,0
2026-08-02T04:40:00.000Z,"301","8",16,0,0
2026-08-02T04:50:00.000Z,"292","8",16,0,0
2026-08-02T05:00:00.000Z,"288","8",16,0,0
2026-08-02T05:10:00.000Z,"288","8",16,0,0
2026-08-02T05:20:00.000Z,"289","8",16,0,0
2026-08-02T05:30:00.000Z,"288","8",16,0,0
2026-08-02T05:40:00.000Z,"293","8",16,0,0
2026-08-02T05:50:00.000Z,"302","8",16,0,0
2026-08-02T06:00:00.000Z,"317","8",16,0,0
2026-08-02T06:10:00.000Z,"312","8",16,0,0
2026-08-02T06:20:00.000Z,"323","8",16,0,0
2026-08-02T06:30:00.000Z,"321","8",16,0,0
2026-08-02T06:40:00.000Z,"229","8",16,0,0
2026-08-02T06:50:00.000Z,"282","8",16,0,0
2026-08-02T07:00:00.000Z,"297","8",16,0,0
2026-08-02T07:10:00.000Z,"306","8",16,0,0
2026-08-02T07:20:00.000Z,"307","8",16,0,0
2026-08-02T07:30:00.000Z,"302","8",16,0,0
2026-08-02T07:40:00.000Z,"270","8",16,0,0
2026-08-02T07:50:00.000Z,"312","8",16,0,0
2026-08-02T08:00:00.000Z,"305","8",16,0,0
2026-08-02T08:10:00.000Z,"307","8",16,0,0
2026-08-02T08:20:00.000Z,"294","8",16,0,0
2026-08-02T08:30:00.000Z,"292","8",16,0,0
2026-08-02T08:40:00.000Z,"310","8",16,0,0
2026-08-02T08:50:00.000Z,"295","8",16,0,0
2026-08-02T09:00:00.000Z,"290","8",16,0,0
2026-08-02T09:10:00.000Z,"259","8",16,0,0
2026-08-02T09:20:00.000Z,"270","8",16,0,0
2026-08-02T09:30:00.000Z,"307","8",16,0,0
2026-08-02T09:40:00.000Z,"308","8",16,0,0
2026-08-02T09:50:00.000Z,"329","8",16,0,0
2026-08-02T10:00:00.000Z,"318","8",16,0,0
2026-08-02T10:10:00.000Z,"311","8",16,0,0
2026-08-02T10:20:00.000Z,"309","8",16,0,0
2026-08-02T10:30:00.000Z,"311","8",16,0,0
2026-08-02T10:40:00.000Z,"307","8",16,0,0
2026-08-02T10:50:00.000Z,"308","8",16,0,0
2026-08-02T11:00:00.000Z,"332","8",16,0,0
2026-08-02T11:10:00.000Z,"341","8",16,0,0
2026-08-02T11:20:00.000Z,"336","8",16,0,0
2026-08-02T11:30:00.000Z,"362","8",16,0,0
2026-08-02T11:40:00.000Z,"330","8",16,0,0
2026-08-02T11:50:00.000Z,"314","8",16,0,0
2026-08-02T12:00:00.000Z,"295","8",16,0,0
2026-08-02T12:10:00.000Z,"298","8",16,0,0
2026-08-02T12:20:00.000Z,"303","8",16,0,0
2026-08-02T12:30:00.000Z,"309","8",16,0,0
2026-08-02T12:40:00.000Z,"312","8",16,0,0
2026-08-02T12:50:00.000Z,"244","8",16,0,0
2026-08-02T13:00:00.000Z,"286","8",16,0,0
2026-08-02T13:10:00.000Z,"281","8",16,0,0
2026-08-02T13:20:00.000Z,"291","8",16,0,0
2026-08-02T13:30:00.000Z,"289","8",16,0,0
2026-08-02T13:40:00.000Z,"293","8",16,0,0
2026-08-02T13:50:00.000Z,"294","8",16,0,0
2026-08-02T14:00:00.000Z,"320","8",16,0,0
2026-08-02T14:10:00.000Z,"295","8",16,0,0
2026-08-02T14:20:00.000Z,"288","8",16,0,0
2026-08-02T14:30:00.000Z,"181","8",16,0,0
2026-08-02T14:40:00.000Z,"281","8",16,0,0
2026-08-02T14:50:00.000Z,"281","8",16,0,0
2026-08-02T15:00:00.000Z,"288","8",16,0,0
2026-08-02T15:10:00.000Z,"286","8",16,0,0
2026-08-02T15:20:00.000Z,"300","8",16,0,0
2026-08-02T15:30:00.000Z,"288","8",16,0,0
2026-08-02T15:40:00.000Z,"295","8",16,0,0
2026-08-02T15:50:00.000Z,"278","8",16,0,0
2026-08-02T16:00:00.000Z,"268","8",16,0,0
2026-08-02T16:10:00.000Z,"264","8",16,0,0
2026-08-02T16:20:00.000Z,"269","8",16,0,0
2026-08-02T16:30:00.000Z,"265","8",16,0,0
2026-08-02T16:40:00.000Z,"271","8",16,0,0
2026-08-02T16:50:00.000Z,"276","8",16,0,0
2026-08-02T17:00:00.000Z,"313","8",16,0,0
2026-08-02T17:10:00.000Z,"286","8",16,0,0
2026-08-02T17:20:00.000Z,"276","8",16,0,0
2026-08-02T17:30:00.000Z,"265","8",16,0,0
2026-08-02T17:40:00.000Z,"284","8",16,0,0
2026-08-02T17:50:00.000Z,"304","8",16,0,0
2026-08-02T18:00:00.000Z,"304","8",16,0,0
2026-08-02T18:10:00.000Z,"306","8",16,0,0
2026-08-02T18:20:00.000Z,"312","8",16,0,0
2026-08-02T18:30:00.000Z,"296","8",16,0,0
2026-08-02T18:40:00.000Z,"294","8",16,0,0
2026-08-02T18:50:00.000Z,"289","8",16,0,0
2026-08-02T19:00:00.000Z,"297","8",16,0,0
2026-08-02T19:10:00.000Z,"291","8",16,0,0
2026-08-02T19:20:00.000Z,"300","8",16,0,0
2026-08-02T19:30:00.000Z,"302","8",16,0,0
2026-08-02T19:40:00.000Z,"300","8",16,0,0
2026-08-02T19:50:00.000Z,"294","8",16,0,0
2026-08-02T20:00:00.000Z,"291","8",16,0,0
2026-08-02T20:10:00.000Z,"294","8",16,0,0
2026-08-02T20:20:00.000Z,"298","8",16,0,0
2026-08-02T20:30:00.000Z,"298","8",16,0,0
2026-08-02T20:40:00.000Z,"296","8",16,0,0
2026-08-02T20:50:00.000Z,"270","8",16,0,0
2026-08-02T21:00:00.000Z,"267","8",16,0,0
2026-08-02T21:10:00.000Z,"263","8",16,0,0
2026-08-02T21:20:00.000Z,"265","8",16,0,0
2026-08-02T21:30:00.000Z,"264","8",16,0,0
2026-08-02T21:40:00.000Z,"266","8",16,0,0
2026-08-02T21:50:00.000Z,"264","8",16,0,0
2026-08-02T22:00:00.000Z,"264","8",16,0,0
2026-08-02T22:10:00.000Z,"258","8",16,0,0
2026-08-02T22:20:00.000Z,"253","8",16,0,0
2026-08-02T22:30:00.000Z,"249","8",16,0,0
2026-08-02T22:40:00.000Z,"249","8",16,0,0
2026-08-02T22:50:00.000Z,"246","8",16,0,0
2026-08-02T23:00:00.000Z,"246","8",16,0,0
2026-08-02T23:10:00.000Z,"243","8",16,0,0
2026-08-02T23:20:00.000Z,"239","8",16,0,0
2026-08-02T23:30:00.000Z,"236","8",16,0,0
2026-08-02T23:40:00.000Z,"234","8",16,0,0
2026-08-02T23:50:00.000Z,"231","8",16,0,0
2026-08-03T00:00:00.000Z,"231","8",16,0,0
2026-08-03T00:10:00.000Z,"241","8",16,0,0
2026-08-03T00:20:00.000Z,"243","8",16,0,0
2026-08-03T00:30:00.000Z,"246","8",16,0,0
2026-08-03T00:40:00.000Z,"243","8",16,0,0
2026-08-03T00:50:00.000Z,"241","8",16,0,0
2026-08-03T01:00:00.000Z,"241","8",16,0,0
2026-08-03T01:10:00.000Z,"264","8",16,0,0
2026-08-03T01:20:00.000Z,"267","8",16,0,0
2026-08-03T01:30:00.000Z,"279","8",16,0,0
2026-08-03T01:40:00.000Z,"286","8",16,0,0
2026-08-03T01:50:00.000Z,"297","8",16,0,0
2026-08-03T02:00:00.000Z,"298","8",16,0,0
2026-08-03T02:10:00.000Z,"303","8",16,0,0
2026-08-03T02:20:00.000Z,"304","8",16,0,0
2026-08-03T02:30:00.000Z,"311","8",16,0,0
2026-08-03T02:40:00.000Z,"309","8",16,0,0
2026-08-03T02:50:00.000Z,"314","8",16,0,0
2026-08-03T03:00:00.000Z,"314","8",16,0,0
2026-08-03T03:10:00.000Z,"318","8",16,0,0
2026-08-03T03:20:00.000Z,"321","8",16,0,0
2026-08-03T03:30:00.000Z,"319","8",16,0,0
2026-08-03T03:40:00.000Z,"320","8",16,0,0
2026-08-03T03:50:00.000Z,"249","8",16,0,0
2026-08-03T04:00:00.000Z,"321","8",16,0,0
2026-08-03T04:10:00.000Z,"324","8",16,0,0
2026-08-03T04:20:00.000Z,"324","8",16,0,0
2026-08-03T04:30:00.000Z,"216","8",16,0,0
2026-08-03T04:40:00.000Z,"325","8",16,0,0
2026-08-03T04:50:00.000Z,"325","8",16,0,0
2026-08-03T05:00:00.000Z,"322","8",16,0,0
2026-08-03T05:10:00.000Z,"328","8",16,0,0
2026-08-03T05:20:00.000Z,"329","8",16,0,0
2026-08-03T05:30:00.000Z,"351","8",16,0,0
2026-08-03T05:40:00.000Z,"349","8",16,0,0
2026-08-03T05:50:00.000Z,"359","8",16,0,0
2026-08-03T06:00:00.000Z,"357","8",16,0,0
2026-08-03T06:10:00.000Z,"358","8",16,0,0
2026-08-03T06:20:00.000Z,"357","8",16,0,0
2026-08-03T06:30:00.000Z,"360","8",16,0,0
2026-08-03T06:40:00.000Z,"361","8",16,0,0
2026-08-03T06:50:00.000Z,"365","8",16,0,0
2026-08-03T07:00:00.000Z,"398","8",16,0,0
2026-08-03T07:10:00.000Z,"378","8",16,0,0
2026-08-03T07:20:00.000Z,"376","8",16,0,0
2026-08-03T07:30:00.000Z,"367","8",16,0,0
2026-08-03T07:40:00.000Z,"380","8",16,0,0
2026-08-03T07:50:00.000Z,"371","8",16,0,0
2026-08-03T08:00:00.000Z,"368","8",16,0,0
2026-08-03T08:10:00.000Z,"361","8",16,0,0
2026-08-03T08:20:00.000Z,"364","8",16,0,0
2026-08-03T08:30:00.000Z,"358","8",16,0,0
2026-08-03T08:40:00.000Z,"356","8",16,0,0
2026-08-03T08:50:00.000Z,"354","8",16,0,0
2026-08-03T09:00:00.000Z,"357","8",16,0,0
2026-08-03T09:10:00.000Z,"354","8",16,0,0
2026-08-03T09:20:00.000Z,"351","8",16,0,0
2026-08-03T09:30:00.000Z,"376","8",16,0,0
2026-08-03T09:40:00.000Z,"359","8",16,0,0
2026-08-03T09:50:00.000Z,"355","8",16,0,0
2026-08-03T10:00:00.000Z,"349","8",16,0,0
2026-08-03T10:10:00.000Z,"341","8",16,0,0
2026-08-03T10:20:00.000Z,"336","8",16,0,0
2026-08-03T10:30:00.000Z,"343","8",16,0,0
2026-08-03T10:40:00.000Z,"345","8",16,0,0
2026-08-03T10:50:00.000Z,"345","8",16,0,0
2026-08-03T11:00:00.000Z,"341","8",16,0,0
2026-08-03T11:10:00.000Z,"339","8",16,0,0
2026-08-03T11:20:00.000Z,"323","8",16,0,0
2026-08-03T11:30:00.000Z,"332","8",16,0,0
2026-08-03T11:40:00.000Z,"329","8",16,0,0
2026-08-03T11:50:00.000Z,"338","8",16,0,0
2026-08-03T12:00:00.000Z,"333","8",16,0,0
2026-08-03T12:10:00.000Z,"333","8",16,0,0
2026-08-03T12:20:00.000Z,"324","8",16,0,0
2026-08-03T12:30:00.000Z,"330","8",16,0,0
2026-08-03T12:40:00.000Z,"338","8",16,0,0
2026-08-03T12:50:00.000Z,"343","8",16,0,0
2026-08-03T13:00:00.000Z,"343","8",16,0,0
2026-08-03T13:10:00.000Z,"320","8",16,0,0
2026-08-03T13:20:00.000Z,"336","8",16,0,0
2026-08-03T13:30:00.000Z,"332","8",16,0,0
2026-08-03T13:40:00.000Z,"344","8",16,0,0
2026-08-03T13:50:00.000Z,"378","8",16,0,0
2026-08-03T14:00:00.000Z,"367","8",16,0,0
2026-08-03T14:10:00.000Z,"371","8",16,0,0
2026-08-03T14:20:00.000Z,"353","8",16,0,0
2026-08-03T14:30:00.000Z,"373","8",16,0,0
2026-08-03T14:40:00.000Z,"374","8",16,0,0
2026-08-03T14:50:00.000Z,"375","8",16,0,0
2026-08-03T15:00:00.000Z,"379","8",16,0,0
2026-08-03T15:10:00.000Z,"379","8",16,0,0
2026-08-03T15:20:00.000Z,"383","8",16,0,0
2026-08-03T15:30:00.000Z,"390","8",16,0,0
2026-08-03T15:40:00.000Z,"388","8",16,0,0
2026-08-03T15:50:00.000Z,"372","8",16,0,0
2026-08-03T16:00:00.000Z,"364","8",16,0,0
2026-08-03T16:10:00.000Z,"361","8",16,0,0
2026-08-03T16:20:00.000Z,"352","8",16,0,0
2026-08-03T16:30:00.000Z,"386","8",16,0,0
2026-08-03T16:40:00.000Z,"367","8",16,0,0
2026-08-03T16:50:00.000Z,"369","8",16,0,0
2026-08-03T17:00:00.000Z,"287","8",16,0,0
2026-08-03T17:10:00.000Z,"341","8",16,0,0
2026-08-03T17:20:00.000Z,"338","8",16,0,0
2026-08-03T17:30:00.000Z,"331","8",16,0,0
2026-08-03T17:40:00.000Z,"318","8",16,0,0
2026-08-03T17:50:00.000Z,"316","8",16,0,0
2026-08-03T18:00:00.000Z,"295","8",16,0,0
2026-08-03T18:10:00.000Z,"318","8",16,0,0
2026-08-03T18:20:00.000Z,"328","8",16,0,0
2026-08-03T18:30:00.000Z,"319","8",16,0,0
2026-08-03T18:40:00.000Z,"316","8",16,0,0
2026-08-03T18:50:00.000Z,"318","8",16,0,0
2026-08-03T19:00:00.000Z,"316","8",16,0,0
2026-08-03T19:10:00.000Z,"311","8",16,0,0
2026-08-03T19:20:00.000Z,"313","8",16,0,0
2026-08-03T19:30:00.000Z,"305","8",16,0,0
2026-08-03T19:40:00.000Z,"308","8",16,0,0
2026-08-03T19:50:00.000Z,"309","8",16,0,0
2026-08-03T20:00:00.000Z,"313","8",16,0,0
2026-08-03T20:10:00.000Z,"313","8",16,0,0
2026-08-03T20:20:00.000Z,"309","8",16,0,0
2026-08-03T20:30:00.000Z,"308","8",16,0,0
2026-08-03T20:40:00.000Z,"309","8",16,0,0
2026-08-03T20:50:00.000Z,"311","8",16,0,0
2026-08-03T21:00:00.000Z,"312","8",16,0,0
2026-08-03T21:10:00.000Z,"318","8",16,0,0
2026-08-03T21:20:00.000Z,"326","8",16,0,0
2026-08-03T21:30:00.000Z,"333","8",16,0,0
2026-08-03T21:40:00.000Z,"341","8",16,0,0
2026-08-03T21:50:00.000Z,"341","8",16,0,0
2026-08-03T22:00:00.000Z,"343","8",16,0,0
2026-08-03T22:10:00.000Z,"344","8",16,0,0
2026-08-03T22:20:00.000Z,"346","8",16,0,0
2026-08-03T22:30:00.000Z,"336","8",16,0,0
2026-08-03T22:40:00.000Z,"336","8",16,0,0
2026-08-03T22:50:00.000Z,"333","8",16,0,0
2026-08-03T23:00:00.000Z,"336","8",16,0,0
2026-08-03T23:10:00.000Z,"338","8",16,0,0
2026-08-03T23:20:00.000Z,"336","8",16,0,0
2026-08-03T23:30:00.000Z,"336","8",16,0,0
2026-08-03T23:40:00.000Z,"333","8",16,0,0
2026-08-03T23:50:00.000Z,"332","8",16,0,0
2026-08-04T00:00:00.000Z,"331","8",16,0,0
2026-08-04T00:10:00.000Z,"332","8",16,0,0
2026-08-04T00:20:00.000Z,"333","8",16,0,0
2026-08-04T00:30:00.000Z,"333","8",16,0,0
2026-08-04T00:40:00.000Z,"332","8",16,0,0
2026-08-04T00:50:00.000Z,"332","8",16,0,0
2026-08-04T01:00:00.000Z,"331","8",16,0,0
2026-08-04T01:10:00.000Z,"330","8",16,0,0
2026-08-04T01:20:00.000Z,"329","8",16,0,0
2026-08-04T01:30:00.000Z,"329","8",16,0,0
2026-08-04T01:40:00.000Z,"329","8",16,0,0
2026-08-04T01:50:00.000Z,"329","8",16,0,0
2026-08-04T02:00:00.000Z,"316","8",16,0,0
2026-08-04T02:10:00.000Z,"310","8",16,0,0
2026-08-04T02:20:00.000Z,"303","8",16,0,0
2026-08-04T02:30:00.000Z,"290","8",16,0,0
2026-08-04T02:40:00.000Z,"309","8",16,0,0
2026-08-04T02:50:00.000Z,"293","8",16,0,0
2026-08-04T03:00:00.000Z,"294","8",16,0,0
2026-08-04T03:10:00.000Z,"290","8",16,0,0
2026-08-04T03:20:00.000Z,"286","8",16,0,0
2026-08-04T03:30:00.000Z,"282","8",16,0,0
2026-08-04T03:40:00.000Z,"290","8",16,0,0
2026-08-04T03:50:00.000Z,"297","8",16,0,0
2026-08-04T04:00:00.000Z,"313","8",16,0,0
2026-08-04T04:10:00.000Z,"318","8",16,0,0
2026-08-04T04:20:00.000Z,"323","8",16,0,0
2026-08-04T04:30:00.000Z,"317","8",16,0,0
2026-08-04T04:40:00.000Z,"319","8",16,0,0
2026-08-04T04:50:00.000Z,"324","8",16,0,0
2026-08-04T05:00:00.000Z,"314","8",16,0,0
2026-08-04T05:10:00.000Z,"307","8",16,0,0
2026-08-04T05:20:00.000Z,"282","8",16,0,0
2026-08-04T05:30:00.000Z,"307","8",16,0,0
2026-08-04T05:40:00.000Z,"303","8",16,0,0
2026-08-04T05:50:00.000Z,"309","8",16,0,0
2026-08-04T06:00:00.000Z,"314","8",16,0,0
2026-08-04T06:10:00.000Z,"326","8",16,0,0
2026-08-04T06:20:00.000Z,"322","8",16,0,0
2026-08-04T06:30:00.000Z,"324","8",16,0,0
2026-08-04T06:40:00.000Z,"324","8",16,0,0
2026-08-04T06:50:00.000Z,"323","8",16,0,0
2026-08-04T07:00:00.000Z,"323","8",16,0,0
2026-08-04T07:10:00.000Z,"323","8",16,0,0
2026-08-04T07:20:00.000Z,"326","8",16,0,0
2026-08-04T07:30:00.000Z,"327","8",16,0,0
2026-08-04T07:40:00.000Z,"331","8",16,0,0
2026-08-04T07:50:00.000Z,"331","8",16,0,0
2026-08-04T08:00:00.000Z,"332","8",16,0,0
2026-08-04T08:10:00.000Z,"328","8",16,0,0
2026-08-04T08:20:00.000Z,"330","8",16,0,0
2026-08-04T08:30:00.000Z,"333","8",16,0,0
2026-08-04T08:40:00.000Z,"339","8",16,0,0
2026-08-04T08:50:00.000Z,"341","8",16,0,0
2026-08-04T09:00:00.000Z,"343","8",16,0,0
2026-08-04T09:10:00.000Z,"343","8",16,0,0
2026-08-04T09:20:00.000Z,"336","8",16,0,0
2026-08-04T09:30:00.000Z,"357","8",16,0,0
2026-08-04T09:40:00.000Z,"361","8",16,0,0
2026-08-04T09:50:00.000Z,"373","8",16,0,0
2026-08-04T10:00:00.000Z,"378","8",16,0,0
2026-08-04T10:10:00.000Z,"368","8",16,0,0
2026-08-04T10:20:00.000Z,"366","8",16,0,0
2026-08-04T10:30:00.000Z,"362","8",16,0,0
2026-08-04T10:40:00.000Z,"356","8",16,0,0
2026-08-04T10:50:00.000Z,"356","8",16,0,0
2026-08-04T11:00:00.000Z,"349","8",16,0,0
2026-08-04T11:10:00.000Z,"351","8",16,0,0
2026-08-04T11:20:00.000Z,"366","8",16,0,0
2026-08-04T11:30:00.000Z,"355","8",16,0,0
2026-08-04T11:40:00.000Z,"324","8",16,0,0
2026-08-04T11:50:00.000Z,"319","8",16,0,0
2026-08-04T12:00:00.000Z,"343","8",16,0,0
2026-08-04T12:10:00.000Z,"314","8",16,0,0
2026-08-04T12:20:00.000Z,"310","8",16,0,0
2026-08-04T12:30:00.000Z,"302","8",16,0,0
2026-08-04T12:40:00.000Z,"334","8",16,0,0
2026-08-04T12:50:00.000Z,"312","8",16,0,0
2026-08-04T13:00:00.000Z,"203","8",16,0,0
2026-08-04T13:10:00.000Z,"290","8",16,0,0
2026-08-04T13:20:00.000Z,"300","8",16,0,0
2026-08-04T13:30:00.000Z,"308","8",16,0,0
2026-08-04T13:40:00.000Z,"329","8",16,0,0
2026-08-04T13:50:00.000Z,"349","8",16,0,0
2026-08-04T14:00:00.000Z,"343","8",16,0,0
2026-08-04T14:10:00.000Z,"341","8",16,0,0
2026-08-04T14:20:00.000Z,"326","8",16,0,0
2026-08-04T14:30:00.000Z,"295","8",16,0,0
2026-08-04T14:40:00.000Z,"326","8",16,0,0
2026-08-04T14:50:00.000Z,"351","8",16,0,0
2026-08-04T15:00:00.000Z,"351","8",16,0,0
2026-08-04T15:10:00.000Z,"365","8",16,0,0
2026-08-04T15:20:00.000Z,"357","8",16,0,0
2026-08-04T15:30:00.000Z,"321","8",16,0,0
2026-08-04T15:40:00.000Z,"351","8",16,0,0
2026-08-04T15:50:00.000Z,"356","8",16,0,0
2026-08-04T16:00:00.000Z,"351","8",16,0,0
2026-08-04T16:10:00.000Z,"341","8",16,0,0
2026-08-04T16:20:00.000Z,"344","8",16,0,0
2026-08-04T16:30:00.000Z,"343","8",16,0,0
2026-08-04T16:40:00.000Z,"339","8",16,0,0
2026-08-04T16:50:00.000Z,"339","8",16,0,0
2026-08-04T17:00:00.000Z,"338","8",16,0,0
2026-08-04T17:10:00.000Z,"323","8",16,0,0
2026-08-04T17:20:00.000Z,"316","8",16,0,0
2026-08-04T17:30:00.000Z,"310","8",16,0,0
2026-08-04T17:40:00.000Z,"309","8",16,0,0
2026-08-04T17:50:00.000Z,"286","8",16,0,0
2026-08-04T18:00:00.000Z,"316","8",16,0,0
2026-08-04T18:10:00.000Z,"282","8",16,0,0
2026-08-04T18:20:00.000Z,"296","8",16,0,0
2026-08-04T18:30:00.000Z,"282","8",16,0,0
2026-08-04T18:40:00.000Z,"276","8",16,0,0
2026-08-04T18:50:00.000Z,"280","8",16,0,0
2026-08-04T19:00:00.000Z,"291","8",16,0,0
2026-08-04T19:10:00.000Z,"293","8",16,0,0
2026-08-04T19:20:00.000Z,"300","8",16,0,0
2026-08-04T19:30:00.000Z,"291","8",16,0,0
2026-08-04T19:40:00.000Z,"284","8",16,0,0
2026-08-04T19:50:00.000Z,"276","8",16,0,0
2026-08-04T20:00:00.000Z,"277","8",16,0,0
2026-08-04T20:10:00.000Z,"286","8",16,0,0
2026-08-04T20:20:00.000Z,"293","8",16,0,0
2026-08-04T20:30:00.000Z,"294","8",16,0,0
2026-08-04T20:40:00.000Z,"293","8",16,0,0
2026-08-04T20:50:00.000Z,"290","8",16,0,0
2026-08-04T21:00:00.000Z,"286","8",16,0,0
2026-08-04T21:10:00.000Z,"286","8",16,0,0
2026-08-04T21:20:00.000Z,"288","8",16,0,0
2026-08-04T21:30:00.000Z,"290","8",16,0,0
2026-08-04T21:40:00.000Z,"293","8",16,0,0
2026-08-04T21:50:00.000Z,"295","8",16,0,0
2026-08-04T22:00:00.000Z,"294","8",16,0,0
2026-08-04T22:10:00.000Z,"284","8",16,0,0
2026-08-04T22:20:00.000Z,"314","8",16,0,0
2026-08-04T22:30:00.000Z,"302","8",16,0,0
2026-08-04T22:40:00.000Z,"298","8",16,0,0
2026-08-04T22:50:00.000Z,"236","8",16,0,0
2026-08-04T23:00:00.000Z,"290","8",16,0,0
2026-08-04T23:10:00.000Z,"294","8",16,0,0
2026-08-04T23:20:00.000Z,"302","8",16,0,0
2026-08-04T23:30:00.000Z,"304","8",16,0,0
2026-08-04T23:40:00.000Z,"308","8",16,0,0
2026-08-04T23:50:00.000Z,"312","8",16,0,0
2026-08-05T00:00:00.000Z,"314","8",16,0,0
2026-08-05T00:10:00.000Z,"313","8",16,0,0
2026-08-05T00:20:00.000Z,"300","8",16,0,0
2026-08-05T00:30:00.000Z,"304","8",16,0,0
2026-08-05T00:40:00.000Z,"314","8",16,0,0
2026-08-05T00:50:00.000Z,"311","8",16,0,0
2026-08-05T01:00:00.000Z,"292","8",16,0,0
2026-08-05T01:10:00.000Z,"298","8",16,0,0
2026-08-05T01:20:00.000Z,"300","8",16,0,0
2026-08-05T01:30:00.000Z,"286","8",16,0,0
2026-08-05T01:40:00.000Z,"286","8",16,0,0
2026-08-05T01:50:00.000Z,"290","8",16,0,0
2026-08-05T02:00:00.000Z,"299","8",16,0,0
2026-08-05T02:10:00.000Z,"297","8",16,0,0
2026-08-05T02:20:00.000Z,"305","8",16,0,0
2026-08-05T02:30:00.000Z,"301","8",16,0,0
2026-08-05T02:40:00.000Z,"329","8",16,0,0
2026-08-05T02:50:00.000Z,"314","8",16,0,0
2026-08-05T03:00:00.000Z,"314","8",16,0,0
2026-08-05T03:10:00.000Z,"291","8",16,0,0
2026-08-05T03:20:00.000Z,"298","8",16,0,0
2026-08-05T03:30:00.000Z,"296","8",16,0,0
2026-08-05T03:40:00.000Z,"199","8",16,0,0
2026-08-05T03:50:00.000Z,"295","8",16,0,0
2026-08-05T04:00:00.000Z,"300","8",16,0,0
2026-08-05T04:10:00.000Z,"305","8",16,0,0
2026-08-05T04:20:00.000Z,"303","8",16,0,0
2026-08-05T04:30:00.000Z,"330","8",16,0,0
2026-08-05T04:40:00.000Z,"312","8",16,0,0
2026-08-05T04:50:00.000Z,"309","8",16,0,0
2026-08-05T05:00:00.000Z,"305","8",16,0,0
2026-08-05T05:10:00.000Z,"306","8",16,0,0
2026-08-05T05:20:00.000Z,"291","8",16,0,0
2026-08-05T05:30:00.000Z,"302","8",16,0,0
2026-08-05T05:40:00.000Z,"298","8",16,0,0
2026-08-05T05:50:00.000Z,"307","8",16,0,0
2026-08-05T06:00:00.000Z,"302","8",16,0,0
2026-08-05T06:10:00.000Z,"304","8",16,0,0
2026-08-05T06:20:00.000Z,"303","8",16,0,0
2026-08-05T06:30:00.000Z,"306","8",16,0,0
2026-08-05T06:40:00.000Z,"312","8",16,0,0
2026-08-05T06:50:00.000Z,"314","8",16,0,0
2026-08-05T07:00:00.000Z,"312","8",16,0,0
2026-08-05T07:10:00.000Z,"328","8",16,0,0
2026-08-05T07:20:00.000Z,"313","8",16,0,0
2026-08-05T07:30:00.000Z,"308","8",16,0,0
2026-08-05T07:40:00.000Z,"294","8",16,0,0
2026-08-05T07:50:00.000Z,"305","8",16,0,0
2026-08-05T08:00:00.000Z,"312","8",16,0,0
2026-08-05T08:10:00.000Z,"321","8",16,0,0
2026-08-05T08:20:00.000Z,"322","8",16,0,0
2026-08-05T08:30:00.000Z,"349","8",16,0,0
2026-08-05T08:40:00.000Z,"324","8",16,0,0
2026-08-05T08:50:00.000Z,"331","8",16,0,0
2026-08-05T09:00:00.000Z,"324","8",16,0,0
2026-08-05T09:10:00.000Z,"329","8",16,0,0
2026-08-05T09:20:00.000Z,"328","8",16,0,0
2026-08-05T09:30:00.000Z,"330","8",16,0,0
2026-08-05T09:40:00.000Z,"329","8",16,0,0
2026-08-05T09:50:00.000Z,"349","8",16,0,0
2026-08-05T10:00:00.000Z,"341","8",16,0,0
2026-08-05T10:10:00.000Z,"322","8",16,0,0
2026-08-05T10:20:00.000Z,"332","8",16,0,0
2026-08-05T10:30:00.000Z,"338","8",16,0,0
2026-08-05T10:40:00.000Z,"335","8",16,0,0
2026-08-05T10:50:00.000Z,"329","8",16,0,0
2026-08-05T11:00:00.000Z,"328","8",16,0,0
2026-08-05T11:10:00.000Z,"334","8",16,0,0
2026-08-05T11:20:00.000Z,"321","8",16,0,0
2026-08-05T11:30:00.000Z,"326","8",16,0,0
2026-08-05T11:40:00.000Z,"313","8",16,0,0
2026-08-05T11:50:00.000Z,"317","8",16,0,0
2026-08-05T12:00:00.000Z,"316","8",16,0,0
2026-08-05T12:10:00.000Z,"341","8",16,0,0
2026-08-05T12:20:00.000Z,"319","8",16,0,0
2026-08-05T12:30:00.000Z,"316","8",16,0,0
2026-08-05T12:40:00.000Z,"239","8",16,0,0
2026-08-05T12:50:00.000Z,"314","8",16,0,0
2026-08-05T13:00:00.000Z,"312","8",16,0,0
2026-08-05T13:10:00.000Z,"292","8",16,0,0
2026-08-05T13:20:00.000Z,"306","8",16,0,0
2026-08-05T13:30:00.000Z,"324","8",16,0,0
2026-08-05T13:40:00.000Z,"323","8",16,0,0
2026-08-05T13:50:00.000Z,"325","8",16,0,0
2026-08-05T14:00:00.000Z,"324","8",16,0,0
2026-08-05T14:10:00.000Z,"336","8",16,0,0
2026-08-05T14:20:00.000Z,"346","8",16,0,0
2026-08-05T14:30:00.000Z,"355","8",16,0,0
2026-08-05T14:40:00.000Z,"363","8",16,0,0
2026-08-05T14:50:00.000Z,"359","8",16,0,0
2026-08-05T15:00:00.000Z,"361","8",16,0,0
2026-08-05T15:10:00.000Z,"361","8",16,0,0
2026-08-05T15:20:00.000Z,"366","8",16,0,0
2026-08-05T15:30:00.000Z,"363","8",16,0,0
2026-08-05T15:40:00.000Z,"364","8",16,0,0
2026-08-05T15:50:00.000Z,"389","8",16,0,0
2026-08-05T16:00:00.000Z,"375","8",16,0,0
2026-08-05T16:10:00.000Z,"379","8",16,0,0
2026-08-05T16:20:00.000Z,"338","8",16,0,0
2026-08-05T16:30:00.000Z,"366","8",16,0,0
2026-08-05T16:40:00.000Z,"349","8",16,0,0
2026-08-05T16:50:00.000Z,"344","8",16,0,0
2026-08-05T17:00:00.000Z,"339","8",16,0,0
2026-08-05T17:10:00.000Z,"346","8",16,0,0
2026-08-05T17:20:00.000Z,"341","8",16,0,0
2026-08-05T17:30:00.000Z,"322","8",16,0,0
2026-08-05T17:40:00.000Z,"341","8",16,0,0
2026-08-05T17:50:00.000Z,"316","8",16,0,0
2026-08-05T18:00:00.000Z,"312","8",16,0,0
2026-08-05T18:10:00.000Z,"296","8",16,0,0
2026-08-05T18:20:00.000Z,"311","8",16,0,0
2026-08-05T18:30:00.000Z,"303","8",16,0,0
2026-08-05T18:40:00.000Z,"303","8",16,0,0
2026-08-05T18:50:00.000Z,"297","8",16,0,0
2026-08-05T19:00:00.000Z,"288","8",16,0,0
2026-08-05T19:10:00.000Z,"280","8",16,0,0
2026-08-05T19:20:00.000Z,"279","8",16,0,0
2026-08-05T19:30:00.000Z,"285","8",16,0,0
2026-08-05T19:40:00.000Z,"286","8",16,0,0
2026-08-05T19:50:00.000Z,"284","8",16,0,0
2026-08-05T20:00:00.000Z,"287","8",16,0,0
2026-08-05T20:10:00.000Z,"289","8",16,0,0
2026-08-05T20:20:00.000Z,"291","8",16,0,0
2026-08-05T20:30:00.000Z,"277","8",16,0,0
2026-08-05T20:40:00.000Z,"284","8",16,0,0
2026-08-05T20:50:00.000Z,"280","8",16,0,0
2026-08-05T21:00:00.000Z,"282","8",16,0,0
2026-08-05T21:10:00.000Z,"170","8",16,0,0
2026-08-05T21:20:00.000Z,"280","8",16,0,0
2026-08-05T21:30:00.000Z,"281","8",16,0,0
2026-08-05T21:40:00.000Z,"280","8",16,0,0
2026-08-05T21:50:00.000Z,"278","8",16,0,0
2026-08-05T22:00:00.000Z,"276","8",16,0,0
2026-08-05T22:10:00.000Z,"276","8",16,0,0
2026-08-05T22:20:00.000Z,"273","8",16,0,0
2026-08-05T22:30:00.000Z,"274","8",16,0,0
2026-08-05T22:40:00.000Z,"270","8",16,0,0
2026-08-05T22:50:00.000Z,"282","8",16,0,0
2026-08-05T23:00:00.000Z,"269","8",16,0,0
2026-08-05T23:10:00.000Z,"262","8",16,0,0
2026-08-05T23:20:00.000Z,"263","8",16,0,0
2026-08-05T23:30:00.000Z,"266","8",16,0,0
2026-08-05T23:40:00.000Z,"267","8",16,0,0
2026-08-05T23:50:00.000Z,"270","8",16,0,0
2026-08-06T00:00:00.000Z,"269","8",16,0,0
2026-08-06T00:10:00.000Z,"272","8",16,0,0
2026-08-06T00:20:00.000Z,"269","8",16,0,0
2026-08-06T00:30:00.000Z,"268","8",16,0,0
2026-08-06T00:40:00.000Z,"266","8",16,0,0
2026-08-06T00:50:00.000Z,"265","8",16,0,0
2026-08-06T01:00:00.000Z,"264","8",16,0,0
2026-08-06T01:10:00.000Z,"267","8",16,0,0
2026-08-06T01:20:00.000Z,"265","8",16,0,0
2026-08-06T01:30:00.000Z,"264","8",16,0,0
2026-08-06T01:40:00.000Z,"262","8",16,0,0
2026-08-06T01:50:00.000Z,"261","8",16,0,0
2026-08-06T02:00:00.000Z,"261","8",16,0,0
2026-08-06T02:10:00.000Z,"261","8",16,0,0
2026-08-06T02:20:00.000Z,"262","8",16,0,0
2026-08-06T02:30:00.000Z,"260","8",16,0,0
2026-08-06T02:40:00.000Z,"261","8",16,0,0
2026-08-06T02:50:00.000Z,"259","8",16,0,0
2026-08-06T03:00:00.000Z,"258","8",16,0,0
2026-08-06T03:10:00.000Z,"256","8",16,0,0
2026-08-06T03:20:00.000Z,"257","8",16,0,0
2026-08-06T03:30:00.000Z,"256","8",16,0,0
2026-08-06T03:40:00.000Z,"258","8",16,0,0
2026-08-06T03:50:00.000Z,"263","8",16,0,0
2026-08-06T04:00:00.000Z,"270","8",16,0,0
2026-08-06T04:10:00.000Z,"273","8",16,0,0
2026-08-06T04:20:00.000Z,"283","8",16,0,0
2026-08-06T04:30:00.000Z,"287","8",16,0,0
2026-08-06T04:40:00.000Z,"290","8",16,0,0
2026-08-06T04:50:00.000Z,"288","8",16,0,0
2026-08-06T05:00:00.000Z,"286","8",16,0,0
2026-08-06T05:10:00.000Z,"288","8",16,0,0
2026-08-06T05:20:00.000Z,"302","8",16,0,0
2026-08-06T05:30:00.000Z,"306","8",16,0,0
2026-08-06T05:40:00.000Z,"317","8",16,0,0
2026-08-06T05:50:00.000Z,"322","8",16,0,0
2026-08-06T06:00:00.000Z,"326","8",16,0,0
2026-08-06T06:10:00.000Z,"326","8",16,0,0
2026-08-06T06:20:00.000Z,"328","8",16,0,0
2026-08-06T06:30:00.000Z,"320","8",16,0,0
2026-08-06T06:40:00.000Z,"329","8",16,0,0
2026-08-06T06:50:00.000Z,"338","8",16,0,0
2026-08-06T07:00:00.000Z,"343","8",16,0,0
2026-08-06T07:10:00.000Z,"343","8",16,0,0
2026-08-06T07:20:00.000Z,"297","8",16,0,0
2026-08-06T07:30:00.000Z,"347","8",16,0,0
2026-08-06T07:40:00.000Z,"364","8",16,0,0
2026-08-06T07:50:00.000Z,"358","8",16,0,0
2026-08-06T08:00:00.000Z,"335","8",16,0,0
2026-08-06T08:10:00.000Z,"344","8",16,0,0
2026-08-06T08:20:00.000Z,"376","8",16,0,0
2026-08-06T08:30:00.000Z,"375","8",16,0,0
2026-08-06T08:40:00.000Z,"378","8",16,0,0
2026-08-06T08:50:00.000Z,"351","8",16,0,0
2026-08-06T09:00:00.000Z,"361","8",16,0,0
2026-08-06T09:10:00.000Z,"352","8",16,0,0
2026-08-06T09:20:00.000Z,"327","8",16,0,0
2026-08-06T09:30:00.000Z,"349","8",16,0,0
2026-08-06T09:40:00.000Z,"362","8",16,0,0
2026-08-06T09:50:00.000Z,"335","8",16,0,0
2026-08-06T10:00:00.000Z,"334","8",16,0,0
2026-08-06T10:10:00.000Z,"325","8",16,0,0
2026-08-06T10:20:00.000Z,"321","8",16,0,0
2026-08-06T10:30:00.000Z,"295","8",16,0,0
2026-08-06T10:40:00.000Z,"302","8",16,0,0
2026-08-06T10:50:00.000Z,"292","8",16,0,0
2026-08-06T11:00:00.000Z,"290","8",16,0,0
2026-08-06T11:10:00.000Z,"311","8",16,0,0
2026-08-06T11:20:00.000Z,"292","8",16,0,0
2026-08-06T11:30:00.000Z,"291","8",16,0,0
2026-08-06T11:40:00.000Z,"256","8",16,0,0
2026-08-06T11:50:00.000Z,"270","8",16,0,0
2026-08-06T12:00:00.000Z,"269","8",16,0,0
2026-08-06T12:10:00.000Z,"276","8",16,0,0
2026-08-06T12:20:00.000Z,"278","8",16,0,0
2026-08-06T12:30:00.000Z,"285","8",16,0,0
2026-08-06T12:40:00.000Z,"284","8",16,0,0
2026-08-06T12:50:00.000Z,"298","8",16,0,0
2026-08-06T13:00:00.000Z,"300","8",16,0,0
2026-08-06T13:10:00.000Z,"292","8",16,0,0
2026-08-06T13:20:00.000Z,"277","8",16,0,0
2026-08-06T13:30:00.000Z,"273","8",16,0,0
2026-08-06T13:40:00.000Z,"269","8",16,0,0
2026-08-06T13:50:00.000Z,"268","8",16,0,0
2026-08-06T14:00:00.000Z,"267","8",16,0,0
2026-08-06T14:10:00.000Z,"269","8",16,0,0
2026-08-06T14:20:00.000Z,"272","8",16,0,0
2026-08-06T14:30:00.000Z,"267","8",16,0,0
2026-08-06T14:40:00.000Z,"263","8",16,0,0
2026-08-06T14:50:00.000Z,"254","8",16,0,0
2026-08-06T15:00:00.000Z,"285","8",16,0,0
2026-08-06T15:10:00.000Z,"271","8",16,0,0
2026-08-06T15:20:00.000Z,"274","8",16,0,0
2026-08-06T15:30:00.000Z,"264","8",16,0,0
2026-08-06T15:40:00.000Z,"260","8",16,0,0
2026-08-06T15:50:00.000Z,"254","8",16,0,0
2026-08-06T16:00:00.000Z,"255","8",16,0,0
2026-08-06T16:10:00.000Z,"258","8",16,0,0
2026-08-06T16:20:00.000Z,"202","8",16,0,0
2026-08-06T16:30:00.000Z,"284","8",16,0,0
2026-08-06T16:40:00.000Z,"266","8",16,0,0
2026-08-06T16:50:00.000Z,"237","8",16,0,0
2026-08-06T17:00:00.000Z,"237","8",16,0,0
2026-08-06T17:10:00.000Z,"260","8",16,0,0
2026-08-06T17:20:00.000Z,"249","8",16,0,0
2026-08-06T17:30:00.000Z,"249","8",16,0,0
2026-08-06T17:40:00.000Z,"244","8",16,0,0
2026-08-06T17:50:00.000Z,"251","8",16,0,0
2026-08-06T18:00:00.000Z,"247","8",16,0,0
2026-08-06T18:10:00.000Z,"250","8",16,0,0
2026-08-06T18:20:00.000Z,"244","8",16,0,0
2026-08-06T18:30:00.000Z,"247","8",16,0,0
2026-08-06T18:40:00.000Z,"119","8",16,0,0
2026-08-06T18:50:00.000Z,"250","8",16,0,0
2026-08-06T19:00:00.000Z,"258","8",16,0,0
2026-08-06T19:10:00.000Z,"252","8",16,0,0
2026-08-06T19:20:00.000Z,"244","8",16,0,0
2026-08-06T19:30:00.000Z,"249","8",16,0,0
2026-08-06T19:40:00.000Z,"250","8",16,0,0
2026-08-06T19:50:00.000Z,"256","8",16,0,0
2026-08-06T20:00:00.000Z,"257","8",16,0,0
2026-08-06T20:10:00.000Z,"253","8",16,0,0
2026-08-06T20:20:00.000Z,"255","8",16,0,0
2026-08-06T20:30:00.000Z,"254","8",16,0,0
2026-08-06T20:40:00.000Z,"258","8",16,0,0
2026-08-06T20:50:00.000Z,"257","8",16,0,0
2026-08-06T21:00:00.000Z,"260","8",16,0,0
2026-08-06T21:10:00.000Z,"264","8",16,0,0
2026-08-06T21:20:00.000Z,"264","8",16,0,0
2026-08-06T21:30:00.000Z,"267","8",16,0,0
2026-08-06T21:40:00.000Z,"267","8",16,0,0
2026-08-06T21:50:00.000Z,"267","8",16,0,0
2026-08-06T22:00:00.000Z,"269","8",16,0,0
2026-08-06T22:10:00.000Z,"269","8",16,0,0
2026-08-06T22:20:00.000Z,"271","8",16,0,0
2026-08-06T22:30:00.000Z,"293","8",16,0,0
2026-08-06T22:40:00.000Z,"283","8",16,0,0
2026-08-06T22:50:00.000Z,"281","8",16,0,0
2026-08-06T23:00:00.000Z,"248","8",16,0,0
2026-08-06T23:10:00.000Z,"276","8",16,0,0
2026-08-06T23:20:00.000Z,"273","8",16,0,0
2026-08-06T23:30:00.000Z,"281","8",16,0,0
2026-08-06T23:40:00.000Z,"288","8",16,0,0
2026-08-06T23:50:00.000Z,"291","8",16,0,0
2026-08-07T00:00:00.000Z,"295","8",16,0,0
2026-08-07T00:10:00.000Z,"294","8",16,0,0
2026-08-07T00:20:00.000Z,"290","8",16,0,0
2026-08-07T00:30:00.000Z,"289","8",16,0,0
2026-08-07T00:40:00.000Z,"292","8",16,0,0
2026-08-07T00:50:00.000Z,"292","8",16,0,0
2026-08-07T01:00:00.000Z,"292","8",16,0,0
2026-08-07T01:10:00.000Z,"293","8",16,0,0
2026-08-07T01:20:00.000Z,"295","8",16,0,0
2026-08-07T01:30:00.000Z,"296","8",16,0,0
2026-08-07T01:40:00.000Z,"296","8",16,0,0
2026-08-07T01:50:00.000Z,"298","8",16,0,0
2026-08-07T02:00:00.000Z,"303","8",16,0,0
2026-08-07T02:10:00.000Z,"309","8",16,0,0
2026-08-07T02:20:00.000Z,"306","8",16,0,0
2026-08-07T02:30:00.000Z,"311","8",16,0,0
2026-08-07T02:40:00.000Z,"312","8",16,0,0
2026-08-07T02:50:00.000Z,"317","8",16,0,0
2026-08-07T03:00:00.000Z,"323","8",16,0,0
2026-08-07T03:10:00.000Z,"323","8",16,0,0
2026-08-07T03:20:00.000Z,"322","8",16,0,0
2026-08-07T03:30:00.000Z,"326","8",16,0,0
2026-08-07T03:40:00.000Z,"331","8",16,0,0
2026-08-07T03:50:00.000Z,"333","8",16,0,0
2026-08-07T04:00:00.000Z,"331","8",16,0,0
2026-08-07T04:10:00.000Z,"333","8",16,0,0
2026-08-07T04:20:00.000Z,"325","8",16,0,0
2026-08-07T04:30:00.000Z,"329","8",16,0,0
2026-08-07T04:40:00.000Z,"327","8",16,0,0
2026-08-07T04:50:00.000Z,"328","8",16,0,0
2026-08-07T05:00:00.000Z,"331","8",16,0,0
2026-08-07T05:10:00.000Z,"329","8",16,0,0
2026-08-07T05:20:00.000Z,"331","8",16,0,0
2026-08-07T05:30:00.000Z,"328","8",16,0,0
2026-08-07T05:40:00.000Z,"321","8",16,0,0
2026-08-07T05:50:00.000Z,"328","8",16,0,0
2026-08-07T06:00:00.000Z,"328","8",16,0,0
2026-08-07T06:10:00.000Z,"330","8",16,0,0
2026-08-07T06:20:00.000Z,"304","8",16,0,0
2026-08-07T06:30:00.000Z,"329","8",16,0,0
2026-08-07T06:40:00.000Z,"328","8",16,0,0
2026-08-07T06:50:00.000Z,"329","8",16,0,0
2026-08-07T07:00:00.000Z,"352","8",16,0,0
2026-08-07T07:10:00.000Z,"335","8",16,0,0
2026-08-07T07:20:00.000Z,"334","8",16,0,0
2026-08-07T07:30:00.000Z,"326","8",16,0,0
2026-08-07T07:40:00.000Z,"332","8",16,0,0
2026-08-07T07:50:00.000Z,"327","8",16,0,0
2026-08-07T08:00:00.000Z,"334","8",16,0,0
2026-08-07T08:10:00.000Z,"326","8",16,0,0
2026-08-07T08:20:00.000Z,"350","8",16,0,0
2026-08-07T08:30:00.000Z,"341","8",16,0,0
2026-08-07T08:40:00.000Z,"340","8",16,0,0
2026-08-07T08:50:00.000Z,"331","8",16,0,0
2026-08-07T09:00:00.000Z,"330","8",16,0,0
2026-08-07T09:10:00.000Z,"330","8",16,0,0
2026-08-07T09:20:00.000Z,"334","8",16,0,0
2026-08-07T09:30:00.000Z,"339","8",16,0,0
2026-08-07T09:40:00.000Z,"339","8",16,0,0
2026-08-07T09:50:00.000Z,"333","8",16,0,0
2026-08-07T10:00:00.000Z,"332","8",16,0,0
2026-08-07T10:10:00.000Z,"328","8",16,0,0
2026-08-07T10:20:00.000Z,"329","8",16,0,0
2026-08-07T10:30:00.000Z,"330","8",16,0,0
2026-08-07T10:40:00.000Z,"329","8",16,0,0
2026-08-07T10:50:00.000Z,"332","8",16,0,0
2026-08-07T11:00:00.000Z,"329","8",16,0,0
2026-08-07T11:10:00.000Z,"327","8",16,0,0
2026-08-07T11:20:00.000Z,"326","8",16,0,0
2026-08-07T11:30:00.000Z,"323","8",16,0,0
2026-08-07T11:40:00.000Z,"320","8",16,0,0
2026-08-07T11:50:00.000Z,"323","8",16,0,0
2026-08-07T12:00:00.000Z,"326","8",16,0,0
2026-08-07T12:10:00.000Z,"326","8",16,0,0
2026-08-07T12:20:00.000Z,"328","8",16,0,0
2026-08-07T12:30:00.000Z,"318","8",16,0,0
2026-08-07T12:40:00.000Z,"323","8",16,0,0
2026-08-07T12:50:00.000Z,"322","8",16,0,0
2026-08-07T13:00:00.000Z,"321","8",16,0,0
2026-08-07T13:10:00.000Z,"318","8",16,0,0
2026-08-07T13:20:00.000Z,"316","8",16,0,0
2026-08-07T13:30:00.000Z,"317","8",16,0,0
2026-08-07T13:40:00.000Z,"341","8",16,0,0
2026-08-07T13:50:00.000Z,"328","8",16,0,0
2026-08-07T14:00:00.000Z,"309","8",16,0,0
2026-08-07T14:10:00.000Z,"281","8",16,0,0
2026-08-07T14:20:00.000Z,"339","8",16,0,0
2026-08-07T14:30:00.000Z,"327","8",16,0,0
2026-08-07T14:40:00.000Z,"302","8",16,0,0
2026-08-07T14:50:00.000Z,"292","8",16,0,0
2026-08-07T15:00:00.000Z,"322","8",16,0,0
2026-08-07T15:10:00.000Z,"318","8",16,0,0
2026-08-07T15:20:00.000Z,"352","8",16,0,0
2026-08-07T15:30:00.000Z,"330","8",16,0,0
2026-08-07T15:40:00.000Z,"329","8",16,0,0
2026-08-07T15:50:00.000Z,"297","8",16,0,0
2026-08-07T16:00:00.000Z,"334","8",16,0,0
2026-08-07T16:10:00.000Z,"316","8",16,0,0
2026-08-07T16:20:00.000Z,"301","8",16,0,0
2026-08-07T16:30:00.000Z,"296","8",16,0,0
2026-08-07T16:40:00.000Z,"304","8",16,0,0
2026-08-07T16:50:00.000Z,"306","8",16,0,0
2026-08-07T17:00:00.000Z,"307","8",16,0,0
2026-08-07T17:10:00.000Z,"302","8",16,0,0
2026-08-07T17:20:00.000Z,"299","8",16,0,0
2026-08-07T17:30:00.000Z,"288","8",16,0,0
2026-08-07T17:40:00.000Z,"294","8",16,0,0
2026-08-07T17:50:00.000Z,"293","8",16,0,0
2026-08-07T18:00:00.000Z,"297","8",16,0,0
2026-08-07T18:10:00.000Z,"289","8",16,0,0
2026-08-07T18:20:00.000Z,"157","8",16,0,0
2026-08-07T18:30:00.000Z,"300","8",16,0,0
2026-08-07T18:40:00.000Z,"309","8",16,0,0
2026-08-07T18:50:00.000Z,"303","8",16,0,0
2026-08-07T19:00:00.000Z,"295","8",16,0,0
2026-08-07T19:10:00.000Z,"300","8",16,0,0
2026-08-07T19:20:00.000Z,"301","8",16,0,0
2026-08-07T19:30:00.000Z,"259","8",16,0,0
2026-08-07T19:40:00.000Z,"299","8",16,0,0
2026-08-07T19:50:00.000Z,"300","8",16,0,0
2026-08-07T20:00:00.000Z,"304","8",16,0,0
2026-08-07T20:10:00.000Z,"307","8",16,0,0
2026-08-07T20:20:00.000Z,"305","8",16,0,0
2026-08-07T20:30:00.000Z,"299","8",16,0,0
2026-08-07T20:40:00.000Z,"296","8",16,0,0
2026-08-07T20:50:00.000Z,"299","8",16,0,0
2026-08-07T21:00:00.000Z,"300","8",16,0,0
2026-08-07T21:10:00.000Z,"319","8",16,0,0
2026-08-07T21:20:00.000Z,"318","8",16,0,0
2026-08-07T21:30:00.000Z,"313","8",16,0,0
2026-08-07T21:40:00.000Z,"304","8",16,0,0
2026-08-07T21:50:00.000Z,"304","8",16,0,0
2026-08-07T22:00:00.000Z,"304","8",16,0,0
2026-08-07T22:10:00.000Z,"305","8",16,0,0
2026-08-07T22:20:00.000Z,"306","8",16,0,0
2026-08-07T22:30:00.000Z,"310","8",16,0,0
2026-08-07T22:40:00.000Z,"316","8",16,0,0
2026-08-07T22:50:00.000Z,"311","8",16,0,0
2026-08-07T23:00:00.000Z,"312","8",16,0,0
2026-08-07T23:10:00.000Z,"310","8",16,0,0
2026-08-07T23:20:00.000Z,"328","8",16,0,0
2026-08-07T23:30:00.000Z,"332","8",16,0,0
2026-08-07T23:40:00.000Z,"336","8",16,0,0
2026-08-07T23:50:00.000Z,"331","8",16,0,0
2026-08-08T00:00:00.000Z,"331","8",16,0,0
2026-08-08T00:10:00.000Z,"330","8",16,0,0
2026-08-08T00:20:00.000Z,"325","8",16,0,0
2026-08-08T00:30:00.000Z,"329","8",16,0,0
2026-08-08T00:40:00.000Z,"303","8",16,0,0
2026-08-08T00:50:00.000Z,"326","8",16,0,0
2026-08-08T01:00:00.000Z,"331","8",16,0,0
2026-08-08T01:10:00.000Z,"322","8",16,0,0
2026-08-08T01:20:00.000Z,"328","8",16,0,0
2026-08-08T01:30:00.000Z,"327","8",16,0,0
2026-08-08T01:40:00.000Z,"327","8",16,0,0
2026-08-08T01:50:00.000Z,"329","8",16,0,0
2026-08-08T02:00:00.000Z,"329","8",16,0,0
2026-08-08T02:10:00.000Z,"326","8",16,0,0
2026-08-08T02:20:00.000Z,"355","8",16,0,0
2026-08-08T02:30:00.000Z,"333","8",16,0,0
2026-08-08T02:40:00.000Z,"337","8",16,0,0
2026-08-08T02:50:00.000Z,"330","8",16,0,0
2026-08-08T03:00:00.000Z,"331","8",16,0,0
2026-08-08T03:10:00.000Z,"328","8",16,0,0
2026-08-08T03:20:00.000Z,"331","8",16,0,0
2026-08-08T03:30:00.000Z,"330","8",16,0,0
2026-08-08T03:40:00.000Z,"335","8",16,0,0
2026-08-08T03:50:00.000Z,"325","8",16,0,0
2026-08-08T04:00:00.000Z,"329","8",16,0,0
2026-08-08T04:10:00.000Z,"325","8",16,0,0
2026-08-08T04:20:00.000Z,"326","8",16,0,0
2026-08-08T04:30:00.000Z,"325","8",16,0,0
2026-08-08T04:40:00.000Z,"326","8",16,0,0
2026-08-08T04:50:00.000Z,"327","8",16,0,0
2026-08-08T05:00:00.000Z,"350","8",16,0,0
2026-08-08T05:10:00.000Z,"333","8",16,0,0
2026-08-08T05:20:00.000Z,"326","8",16,0,0
2026-08-08T05:30:00.000Z,"319","8",16,0,0
2026-08-08T05:40:00.000Z,"321","8",16,0,0
2026-08-08T05:50:00.000Z,"316","8",16,0,0
2026-08-08T06:00:00.000Z,"337","8",16,0,0
2026-08-08T06:10:00.000Z,"322","8",16,0,0
2026-08-08T06:20:00.000Z,"323","8",16,0,0
2026-08-08T06:30:00.000Z,"308","8",16,0,0
2026-08-08T06:40:00.000Z,"314","8",16,0,0
2026-08-08T06:50:00.000Z,"309","8",16,0,0
2026-08-08T07:00:00.000Z,"314","8",16,0,0
2026-08-08T07:10:00.000Z,"303","8",16,0,0
2026-08-08T07:20:00.000Z,"322","8",16,0,0
2026-08-08T07:30:00.000Z,"312","8",16,0,0
2026-08-08T07:40:00.000Z,"311","8",16,0,0
2026-08-08T07:50:00.000Z,"308","8",16,0,0
2026-08-08T08:00:00.000Z,"303","8",16,0,0
2026-08-08T08:10:00.000Z,"305","8",16,0,0
2026-08-08T08:20:00.000Z,"318","8",16,0,0
2026-08-08T08:30:00.000Z,"307","8",16,0,0
2026-08-08T08:40:00.000Z,"306","8",16,0,0
2026-08-08T08:50:00.000Z,"301","8",16,0,0
2026-08-08T09:00:00.000Z,"304","8",16,0,0
2026-08-08T09:10:00.000Z,"301","8",16,0,0
2026-08-08T09:20:00.000Z,"300","8",16,0,0
2026-08-08T09:30:00.000Z,"301","8",16,0,0
2026-08-08T09:40:00.000Z,"301","8",16,0,0
2026-08-08T09:50:00.000Z,"299","8",16,0,0
2026-08-08T10:00:00.000Z,"302","8",16,0,0
2026-08-08T10:10:00.000Z,"301","8",16,0,0
2026-08-08T10:20:00.000Z,"297","8",16,0,0
2026-08-08T10:30:00.000Z,"297","8",16,0,0
2026-08-08T10:40:00.000Z,"300","8",16,0,0
2026-08-08T10:50:00.000Z,"300","8",16,0,0
2026-08-08T11:00:00.000Z,"299","8",16,0,0
2026-08-08T11:10:00.000Z,"299","8",16,0,0
2026-08-08T11:20:00.000Z,"299","8",16,0,0
2026-08-08T11:30:00.000Z,"298","8",16,0,0
2026-08-08T11:40:00.000Z,"298","8",16,0,0
2026-08-08T11:50:00.000Z,"305","8",16,0,0
2026-08-08T12:00:00.000Z,"316","8",16,0,0
2026-08-08T12:10:00.000Z,"320","8",16,0,0
2026-08-08T12:20:00.000Z,"322","8",16,0,0
2026-08-08T12:30:00.000Z,"320","8",16,0,0
2026-08-08T12:40:00.000Z,"322","8",16,0,0
2026-08-08T12:50:00.000Z,"313","8",16,0,0
2026-08-08T13:00:00.000Z,"320","8",16,0,0
2026-08-08T13:10:00.000Z,"316","8",16,0,0
2026-08-08T13:20:00.000Z,"331","8",16,0,0
2026-08-08T13:30:00.000Z,"338","8",16,0,0
2026-08-08T13:40:00.000Z,"341","8",16,0,0
2026-08-08T13:50:00.000Z,"341","8",16,0,0
2026-08-08T14:00:00.000Z,"338","8",16,0,0
2026-08-08T14:10:00.000Z,"341","8",16,0,0
2026-08-08T14:20:00.000Z,"338","8",16,0,0
2026-08-08T14:30:00.000Z,"333","8",16,0,0
2026-08-08T14:40:00.000Z,"333","8",16,0,0
2026-08-08T14:50:00.000Z,"336","8",16,0,0
2026-08-08T15:00:00.000Z,"338","8",16,0,0
2026-08-08T15:10:00.000Z,"341","8",16,0,0
2026-08-08T15:20:00.000Z,"343","8",16,0,0
2026-08-08T15:30:00.000Z,"341","8",16,0,0
2026-08-08T15:40:00.000Z,"341","8",16,0,0
2026-08-08T15:50:00.000Z,"341","8",16,0,0
2026-08-08T16:00:00.000Z,"343","8",16,0,0
2026-08-08T16:10:00.000Z,"341","8",16,0,0
2026-08-08T16:20:00.000Z,"344","8",16,0,0
2026-08-08T16:30:00.000Z,"344","8",16,0,0
2026-08-08T16:40:00.000Z,"346","8",16,0,0
2026-08-08T16:50:00.000Z,"343","8",16,0,0
2026-08-08T17:00:00.000Z,"346","8",16,0,0
2026-08-08T17:10:00.000Z,"348","8",16,0,0
2026-08-08T17:20:00.000Z,"348","8",16,0,0
2026-08-08T17:30:00.000Z,"348","8",16,0,0
2026-08-08T17:40:00.000Z,"369","8",16,0,0
2026-08-08T17:50:00.000Z,"358","8",16,0,0
2026-08-08T18:00:00.000Z,"308","8",16,0,0
2026-08-08T18:10:00.000Z,"341","8",16,0,0
2026-08-08T18:20:00.000Z,"341","8",16,0,0
2026-08-08T18:30:00.000Z,"331","8",16,0,0
2026-08-08T18:40:00.000Z,"361","8",16,0,0
2026-08-08T18:50:00.000Z,"336","8",16,0,0
2026-08-08T19:00:00.000Z,"344","8",16,0,0
2026-08-08T19:10:00.000Z,"333","8",16,0,0
2026-08-08T19:20:00.000Z,"338","8",16,0,0
2026-08-08T19:30:00.000Z,"329","8",16,0,0
2026-08-08T19:40:00.000Z,"332","8",16,0,0
2026-08-08T19:50:00.000Z,"333","8",16,0,0
2026-08-08T20:00:00.000Z,"343","8",16,0,0
2026-08-08T20:10:00.000Z,"339","8",16,0,0
2026-08-08T20:20:00.000Z,"336","8",16,0,0
2026-08-08T20:30:00.000Z,"331","8",16,0,0
2026-08-08T20:40:00.000Z,"329","8",16,0,0
2026-08-08T20:50:00.000Z,"324","8",16,0,0
2026-08-08T21:00:00.000Z,"323","8",16,0,0
2026-08-08T21:10:00.000Z,"322","8",16,0,0
2026-08-08T21:20:00.000Z,"318","8",16,0,0
2026-08-08T21:30:00.000Z,"316","8",16,0,0
2026-08-08T21:40:00.000Z,"313","8",16,0,0
2026-08-08T21:50:00.000Z,"308","8",16,0,0
2026-08-08T22:00:00.000Z,"306","8",16,0,0
2026-08-08T22:10:00.000Z,"305","8",16,0,0
2026-08-08T22:20:00.000Z,"302","8",16,0,0
2026-08-08T22:30:00.000Z,"302","8",16,0,0
2026-08-08T22:40:00.000Z,"301","8",16,0,0
2026-08-08T22:50:00.000Z,"300","8",16,0,0
2026-08-08T23:00:00.000Z,"302","8",16,0,0
2026-08-08T23:10:00.000Z,"298","8",16,0,0
2026-08-08T23:20:00.000Z,"298","8",16,0,0
2026-08-08T23:30:00.000Z,"298","8",16,0,0
2026-08-08T23:40:00.000Z,"298","8",16,0,0
2026-08-08T23:50:00.000Z,"300","8",16,0,0
2026-08-09T00:00:00.000Z,"303","8",16,0,0
2026-08-09T00:10:00.000Z,"303","8",16,0,0
2026-08-09T00:20:00.000Z,"303","8",16,0,0
2026-08-09T00:30:00.000Z,"302","8",16,0,0
2026-08-09T00:40:00.000Z,"301","8",16,0,0
2026-08-09T00:50:00.000Z,"301","8",16,0,0
2026-08-09T01:00:00.000Z,"303","8",16,0,0
2026-08-09T01:10:00.000Z,"303","8",16,0,0
2026-08-09T01:20:00.000Z,"302","8",16,0,0
2026-08-09T01:30:00.000Z,"302","8",16,0,0
2026-08-09T01:40:00.000Z,"290","8",16,0,0
2026-08-09T01:50:00.000Z,"300","8",16,0,0
2026-08-09T02:00:00.000Z,"297","8",16,0,0
2026-08-09T02:10:00.000Z,"302","8",16,0,0
2026-08-09T02:20:00.000Z,"300","8",16,0,0
2026-08-09T02:30:00.000Z,"295","8",16,0,0
2026-08-09T02:40:00.000Z,"287","8",16,0,0
2026-08-09T02:50:00.000Z,"288","8",16,0,0
2026-08-09T03:00:00.000Z,"286","8",16,0,0
2026-08-09T03:10:00.000Z,"281","8",16,0,0
2026-08-09T03:20:00.000Z,"282","8",16,0,0
2026-08-09T03:30:00.000Z,"283","8",16,0,0
2026-08-09T03:40:00.000Z,"279","8",16,0,0
2026-08-09T03:50:00.000Z,"278","8",16,0,0
2026-08-09T04:00:00.000Z,"279","8",16,0,0
2026-08-09T04:10:00.000Z,"277","8",16,0,0
2026-08-09T04:20:00.000Z,"279","8",16,0,0
2026-08-09T04:30:00.000Z,"276","8",16,0,0
2026-08-09T04:40:00.000Z,"277","8",16,0,0
2026-08-09T04:50:00.000Z,"273","8",16,0,0
2026-08-09T05:00:00.000Z,"265","8",16,0,0
2026-08-09T05:10:00.000Z,"272","8",16,0,0
2026-08-09T05:20:00.000Z,"270","8",16,0,0
2026-08-09T05:30:00.000Z,"274","8",16,0,0
2026-08-09T05:40:00.000Z,"276","8",16,0,0
2026-08-09T05:50:00.000Z,"269","8",16,0,0
2026-08-09T06:00:00.000Z,"267","8",16,0,0
2026-08-09T06:10:00.000Z,"271","8",16,0,0
2026-08-09T06:20:00.000Z,"273","8",16,0,0
2026-08-09T06:30:00.000Z,"274","8",16,0,0
2026-08-09T06:40:00.000Z,"293","8",16,0,0
2026-08-09T06:50:00.000Z,"278","8",16,0,0
2026-08-09T07:00:00.000Z,"277","8",16,0,0
2026-08-09T07:10:00.000Z,"264","8",16,0,0
2026-08-09T07:20:00.000Z,"275","8",16,0,0
2026-08-09T07:30:00.000Z,"299","8",16,0,0
2026-08-09T07:40:00.000Z,"289","8",16,0,0
2026-08-09T07:50:00.000Z,"285","8",16,0,0
2026-08-09T08:00:00.000Z,"287","8",16,0,0
2026-08-09T08:10:00.000Z,"284","8",16,0,0
2026-08-09T08:20:00.000Z,"279","8",16,0,0
2026-08-09T08:30:00.000Z,"283","8",16,0,0
2026-08-09T08:40:00.000Z,"301","8",16,0,0
2026-08-09T08:50:00.000Z,"292","8",16,0,0
2026-08-09T09:00:00.000Z,"290","8",16,0,0
2026-08-09T09:10:00.000Z,"288","8",16,0,0
2026-08-09T09:20:00.000Z,"283","8",16,0,0
2026-08-09T09:30:00.000Z,"280","8",16,0,0
2026-08-09T09:40:00.000Z,"284","8",16,0,0
2026-08-09T09:50:00.000Z,"286","8",16,0,0
2026-08-09T10:00:00.000Z,"296","8",16,0,0
2026-08-09T10:10:00.000Z,"292","8",16,0,0
2026-08-09T10:20:00.000Z,"313","8",16,0,0
2026-08-09T10:30:00.000Z,"284","8",16,0,0
2026-08-09T10:40:00.000Z,"274","8",16,0,0
2026-08-09T10:50:00.000Z,"264","8",16,0,0
2026-08-09T11:00:00.000Z,"267","8",16,0,0
2026-08-09T11:10:00.000Z,"301","8",16,0,0
2026-08-09T11:20:00.000Z,"279","8",16,0,0
2026-08-09T11:30:00.000Z,"273","8",16,0,0
2026-08-09T11:40:00.000Z,"281","8",16,0,0
2026-08-09T11:50:00.000Z,"275","8",16,0,0
2026-08-09T12:00:00.000Z,"271","8",16,0,0
2026-08-09T12:10:00.000Z,"277","8",16,0,0
2026-08-09T12:20:00.000Z,"274","8",16,0,0
2026-08-09T12:30:00.000Z,"286","8",16,0,0
2026-08-09T12:40:00.000Z,"288","8",16,0,0
2026-08-09T12:50:00.000Z,"295","8",16,0,0
2026-08-09T13:00:00.000Z,"289","8",16,0,0
2026-08-09T13:10:00.000Z,"297","8",16,0,0
2026-08-09T13:20:00.000Z,"316","8",16,0,0
2026-08-09T13:30:00.000Z,"300","8",16,0,0
2026-08-09T13:40:00.000Z,"305","8",16,0,0
2026-08-09T13:50:00.000Z,"302","8",16,0,0
2026-08-09T14:00:00.000Z,"306","8",16,0,0
2026-08-09T14:10:00.000Z,"316","8",16,0,0
2026-08-09T14:20:00.000Z,"195","8",16,0,0
2026-08-09T14:30:00.000Z,"296","8",16,0,0
2026-08-09T14:40:00.000Z,"282","8",16,0,0
2026-08-09T14:50:00.000Z,"302","8",16,0,0
2026-08-09T15:00:00.000Z,"312","8",16,0,0
2026-08-09T15:10:00.000Z,"307","8",16,0,0
2026-08-09T15:20:00.000Z,"313","8",16,0,0
2026-08-09T15:30:00.000Z,"288","8",16,0,0
2026-08-09T15:40:00.000Z,"282","8",16,0,0
2026-08-09T15:50:00.000Z,"280","8",16,0,0
2026-08-09T16:00:00.000Z,"270","8",16,0,0
2026-08-09T16:10:00.000Z,"290","8",16,0,0
2026-08-09T16:20:00.000Z,"298","8",16,0,0
2026-08-09T16:30:00.000Z,"182","8",16,0,0
2026-08-09T16:40:00.000Z,"285","8",16,0,0
2026-08-09T16:50:00.000Z,"290","8",16,0,0
2026-08-09T17:00:00.000Z,"298","8",16,0,0
2026-08-09T17:10:00.000Z,"295","8",16,0,0
2026-08-09T17:20:00.000Z,"303","8",16,0,0
2026-08-09T17:30:00.000Z,"317","8",16,0,0
2026-08-09T17:40:00.000Z,"332","8",16,0,0
2026-08-09T17:50:00.000Z,"309","8",16,0,0
2026-08-09T18:00:00.000Z,"296","8",16,0,0
2026-08-09T18:10:00.000Z,"283","8",16,0,0
2026-08-09T18:20:00.000Z,"280","8",16,0,0
2026-08-09T18:30:00.000Z,"288","8",16,0,0
2026-08-09T18:40:00.000Z,"323","8",16,0,0
2026-08-09T18:50:00.000Z,"350","8",16,0,0
2026-08-09T19:00:00.000Z,"339","8",16,0,0
2026-08-09T19:10:00.000Z,"324","8",16,0,0
2026-08-09T19:20:00.000Z,"318","8",16,0,0
2026-08-09T19:30:00.000Z,"316","8",16,0,0
2026-08-09T19:40:00.000Z,"314","8",16,0,0
2026-08-09T19:50:00.000Z,"321","8",16,0,0
2026-08-09T20:00:00.000Z,"328","8",16,0,0
2026-08-09T20:10:00.000Z,"333","8",16,0,0
2026-08-09T20:20:00.000Z,"323","8",16,0,0
2026-08-09T20:30:00.000Z,"321","8",16,0,0
2026-08-09T20:40:00.000Z,"316","8",16,0,0
2026-08-09T20:50:00.000Z,"309","8",16,0,0
2026-08-09T21:00:00.000Z,"312","8",16,0,0
2026-08-09T21:10:00.000Z,"310","8",16,0,0
2026-08-09T21:20:00.000Z,"310","8",16,0,0
2026-08-09T21:30:00.000Z,"307","8",16,0,0
2026-08-09T21:40:00.000Z,"302","8",16,0,0
2026-08-09T21:50:00.000Z,"293","8",16,0,0
2026-08-09T22:00:00.000Z,"289","8",16,0,0
2026-08-09T22:10:00.000Z,"291","8",16,0,0
2026-08-09T22:20:00.000Z,"290","8",16,0,0
2026-08-09T22:30:00.000Z,"282","8",16,0,0
2026-08-09T22:40:00.000Z,"285","8",16,0,0
2026-08-09T22:50:00.000Z,"288","8",16,0,0
2026-08-09T23:00:00.000Z,"293","8",16,0,0
2026-08-09T23:10:00.000Z,"268","8",16,0,0
2026-08-09T23:20:00.000Z,"281","8",16,0,0
2026-08-09T23:30:00.000Z,"279","8",16,0,0
2026-08-09T23:40:00.000Z,"278","8",16,0,0
2026-08-09T23:50:00.000Z,"281","8",16,0,0
2026-08-10T00:00:00.000Z,"284","8",16,0,0
2026-08-10T00:10:00.000Z,"279","8",16,0,0
2026-08-10T00:20:00.000Z,"269","8",16,0,0
2026-08-10T00:30:00.000Z,"268","8",16,0,0
2026-08-10T00:40:00.000Z,"264","8",16,0,0
2026-08-10T00:50:00.000Z,"266","8",16,0,0
2026-08-10T01:00:00.000Z,"264","8",16,0,0
2026-08-10T01:10:00.000Z,"269","8",16,0,0
2026-08-10T01:20:00.000Z,"269","8",16,0,0
2026-08-10T01:30:00.000Z,"271","8",16,0,0
2026-08-10T01:40:00.000Z,"264","8",16,0,0
2026-08-10T01:50:00.000Z,"259","8",16,0,0
2026-08-10T02:00:00.000Z,"258","8",16,0,0
2026-08-10T02:10:00.000Z,"259","8",16,0,0
2026-08-10T02:20:00.000Z,"261","8",16,0,0
2026-08-10T02:30:00.000Z,"261","8",16,0,0
2026-08-10T02:40:00.000Z,"259","8",16,0,0
2026-08-10T02:50:00.000Z,"259","8",16,0,0
2026-08-10T03:00:00.000Z,"261","8",16,0,0
2026-08-10T03:10:00.000Z,"258","8",16,0,0
2026-08-10T03:20:00.000Z,"258","8",16,0,0
2026-08-10T03:30:00.000Z,"261","8",16,0,0
2026-08-10T03:40:00.000Z,"261","8",16,0,0
2026-08-10T03:50:00.000Z,"191","8",16,0,0
2026-08-10T04:00:00.000Z,"264","8",16,0,0
2026-08-10T04:10:00.000Z,"269","8",16,0,0
2026-08-10T04:20:00.000Z,"264","8",16,0,0
2026-08-10T04:30:00.000Z,"264","8",16,0,0
2026-08-10T04:40:00.000Z,"266","8",16,0,0
2026-08-10T04:50:00.000Z,"283","8",16,0,0
2026-08-10T05:00:00.000Z,"266","8",16,0,0
2026-08-10T05:10:00.000Z,"264","8",16,0,0
2026-08-10T05:20:00.000Z,"266","8",16,0,0
2026-08-10T05:30:00.000Z,"277","8",16,0,0
2026-08-10T05:40:00.000Z,"283","8",16,0,0
2026-08-10T05:50:00.000Z,"293","8",16,0,0
2026-08-10T06:00:00.000Z,"294","8",16,0,0
2026-08-10T06:10:00.000Z,"296","8",16,0,0
2026-08-10T06:20:00.000Z,"296","8",16,0,0
2026-08-10T06:30:00.000Z,"304","8",16,0,0
2026-08-10T06:40:00.000Z,"304","8",16,0,0
2026-08-10T06:50:00.000Z,"306","8",16,0,0
2026-08-10T07:00:00.000Z,"302","8",16,0,0
2026-08-10T07:10:00.000Z,"307","8",16,0,0
2026-08-10T07:20:00.000Z,"308","8",16,0,0
2026-08-10T07:30:00.000Z,"310","8",16,0,0
2026-08-10T07:40:00.000Z,"314","8",16,0,0
2026-08-10T07:50:00.000Z,"307","8",16,0,0
2026-08-10T08:00:00.000Z,"323","8",16,0,0
2026-08-10T08:10:00.000Z,"362","8",16,0,0
2026-08-10T08:20:00.000Z,"355","8",16,0,0
2026-08-10T08:30:00.000Z,"362","8",16,0,0
2026-08-10T08:40:00.000Z,"360","8",16,0,0
2026-08-10T08:50:00.000Z,"359","8",16,0,0
2026-08-10T09:00:00.000Z,"355","8",16,0,0
2026-08-10T09:10:00.000Z,"364","8",16,0,0
2026-08-10T09:20:00.000Z,"359","8",16,0,0
2026-08-10T09:30:00.000Z,"360","8",16,0,0
2026-08-10T09:40:00.000Z,"366","8",16,0,0
2026-08-10T09:50:00.000Z,"381","8",16,0,0
2026-08-10T10:00:00.000Z,"360","8",16,0,0
2026-08-10T10:10:00.000Z,"364","8",16,0,0
2026-08-10T10:20:00.000Z,"354","8",16,0,0
2026-08-10T10:30:00.000Z,"348","8",16,0,0
2026-08-10T10:40:00.000Z,"199","8",16,0,0
2026-08-10T10:50:00.000Z,"332","8",16,0,0
2026-08-10T11:00:00.000Z,"360","8",16,0,0
2026-08-10T11:10:00.000Z,"350","8",16,0,0
2026-08-10T11:20:00.000Z,"321","8",16,0,0
2026-08-10T11:30:00.000Z,"333","8",16,0,0
2026-08-10T11:40:00.000Z,"319","8",16,0,0
2026-08-10T11:50:00.000Z,"327","8",16,0,0
2026-08-10T12:00:00.000Z,"331","8",16,0,0
2026-08-10T12:10:00.000Z,"331","8",16,0,0
2026-08-10T12:20:00.000Z,"333","8",16,0,0
2026-08-10T12:30:00.000Z,"339","8",16,0,0
2026-08-10T12:40:00.000Z,"318","8",16,0,0
2026-08-10T12:50:00.000Z,"300","8",16,0,0
2026-08-10T13:00:00.000Z,"256","8",16,0,0
2026-08-10T13:10:00.000Z,"291","8",16,0,0
2026-08-10T13:20:00.000Z,"284","8",16,0,0
2026-08-10T13:30:00.000Z,"282","8",16,0,0
2026-08-10T13:40:00.000Z,"268","8",16,0,0
2026-08-10T13:50:00.000Z,"282","8",16,0,0
2026-08-10T14:00:00.000Z,"282","8",16,0,0
2026-08-10T14:10:00.000Z,"281","8",16,0,0
2026-08-10T14:20:00.000Z,"277","8",16,0,0
2026-08-10T14:30:00.000Z,"274","8",16,0,0
2026-08-10T14:40:00.000Z,"271","8",16,0,0
2026-08-10T14:50:00.000Z,"276","8",16,0,0
2026-08-10T15:00:00.000Z,"280","8",16,0,0
2026-08-10T15:10:00.000Z,"264","8",16,0,0
2026-08-10T15:20:00.000Z,"269","8",16,0,0
2026-08-10T15:30:00.000Z,"267","8",16,0,0
2026-08-10T15:40:00.000Z,"271","8",16,0,0
2026-08-10T15:50:00.000Z,"274","8",16,0,0
2026-08-10T16:00:00.000Z,"271","8",16,0,0
2026-08-10T16:10:00.000Z,"276","8",16,0,0
2026-08-10T16:20:00.000Z,"287","8",16,0,0
2026-08-10T16:30:00.000Z,"282","8",16,0,0
2026-08-10T16:40:00.000Z,"267","8",16,0,0
2026-08-10T16:50:00.000Z,"268","8",16,0,0
2026-08-10T17:00:00.000Z,"268","8",16,0,0
2026-08-10T17:10:00.000Z,"301","8",16,0,0
2026-08-10T17:20:00.000Z,"279","8",16,0,0
2026-08-10T17:30:00.000Z,"285","8",16,0,0
2026-08-10T17:40:00.000Z,"270","8",16,0,0
2026-08-10T17:50:00.000Z,"279","8",16,0,0
2026-08-10T18:00:00.000Z,"274","8",16,0,0
2026-08-10T18:10:00.000Z,"279","8",16,0,0
2026-08-10T18:20:00.000Z,"278","8",16,0,0
2026-08-10T18:30:00.000Z,"285","8",16,0,0
2026-08-10T18:40:00.000Z,"275","8",16,0,0
2026-08-10T18:50:00.000Z,"304","8",16,0,0
2026-08-10T19:00:00.000Z,"299","8",16,0,0
2026-08-10T19:10:00.000Z,"297","8",16,0,0
2026-08-10T19:20:00.000Z,"288","8",16,0,0
2026-08-10T19:30:00.000Z,"290","8",16,0,0
2026-08-10T19:40:00.000Z,"302","8",16,0,0
2026-08-10T19:50:00.000Z,"293","8",16,0,0
2026-08-10T20:00:00.000Z,"280","8",16,0,0
2026-08-10T20:10:00.000Z,"284","8",16,0,0
2026-08-10T20:20:00.000Z,"293","8",16,0,0
2026-08-10T20:30:00.000Z,"294","8",16,0,0
2026-08-10T20:40:00.000Z,"296","8",16,0,0
2026-08-10T20:50:00.000Z,"295","8",16,0,0
2026-08-10T21:00:00.000Z,"305","8",16,0,0
2026-08-10T21:10:00.000Z,"334","8",16,0,0
2026-08-10T21:20:00.000Z,"310","8",16,0,0
2026-08-10T21:30:00.000Z,"312","8",16,0,0
2026-08-10T21:40:00.000Z,"300","8",16,0,0
2026-08-10T21:50:00.000Z,"309","8",16,0,0
2026-08-10T22:00:00.000Z,"309","8",16,0,0
2026-08-10T22:10:00.000Z,"320","8",16,0,0
2026-08-10T22:20:00.000Z,"316","8",16,0,0
2026-08-10T22:30:00.000Z,"338","8",16,0,0
2026-08-10T22:40:00.000Z,"343","8",16,0,0
2026-08-10T22:50:00.000Z,"347","8",16,0,0
2026-08-10T23:00:00.000Z,"345","8",16,0,0
2026-08-10T23:10:00.000Z,"347","8",16,0,0
2026-08-10T23:20:00.000Z,"346","8",16,0,0
2026-08-10T23:30:00.000Z,"359","8",16,0,0
2026-08-10T23:40:00.000Z,"361","8",16,0,0
2026-08-10T23:50:00.000Z,"355","8",16,0,0
2026-08-11T00:00:00.000Z,"360","8",16,0,0
2026-08-11T00:10:00.000Z,"358","8",16,0,0
2026-08-11T00:20:00.000Z,"359","8",16,0,0
2026-08-11T00:30:00.000Z,"356","8",16,0,0
2026-08-11T00:40:00.000Z,"355","8",16,0,0
2026-08-11T00:50:00.000Z,"358","8",16,0,0
2026-08-11T01:00:00.000Z,"350","8",16,0,0
2026-08-11T01:10:00.000Z,"360","8",16,0,0
2026-08-11T01:20:00.000Z,"363","8",16,0,0
2026-08-11T01:30:00.000Z,"368","8",16,0,0
2026-08-11T01:40:00.000Z,"337","8",16,0,0
2026-08-11T01:50:00.000Z,"362","8",16,0,0
2026-08-11T02:00:00.000Z,"364","8",16,0,0
2026-08-11T02:10:00.000Z,"364","8",16,0,0
2026-08-11T02:20:00.000Z,"364","8",16,0,0
2026-08-11T02:30:00.000Z,"366","8",16,0,0
2026-08-11T02:40:00.000Z,"366","8",16,0,0
2026-08-11T02:50:00.000Z,"366","8",16,0,0
2026-08-11T03:00:00.000Z,"366","8",16,0,0
2026-08-11T03:10:00.000Z,"367","8",16,0,0
2026-08-11T03:20:00.000Z,"366","8",16,0,0
2026-08-11T03:30:00.000Z,"361","8",16,0,0
2026-08-11T03:40:00.000Z,"360","8",16,0,0
2026-08-11T03:50:00.000Z,"359","8",16,0,0
2026-08-11T04:00:00.000Z,"360","8",16,0,0
2026-08-11T04:10:00.000Z,"340","8",16,0,0
2026-08-11T04:20:00.000Z,"355","8",16,0,0
2026-08-11T04:30:00.000Z,"351","8",16,0,0
2026-08-11T04:40:00.000Z,"352","8",16,0,0
2026-08-11T04:50:00.000Z,"350","8",16,0,0
2026-08-11T05:00:00.000Z,"350","8",16,0,0
2026-08-11T05:10:00.000Z,"350","8",16,0,0
2026-08-11T05:20:00.000Z,"348","8",16,0,0
2026-08-11T05:30:00.000Z,"351","8",16,0,0
2026-08-11T05:40:00.000Z,"347","8",16,0,0
2026-08-11T05:50:00.000Z,"329","8",16,0,0
2026-08-11T06:00:00.000Z,"344","8",16,0,0
2026-08-11T06:10:00.000Z,"345","8",16,0,0
2026-08-11T06:20:00.000Z,"352","8",16,0,0
2026-08-11T06:30:00.000Z,"352","8",16,0,0
2026-08-11T06:40:00.000Z,"321","8",16,0,0
2026-08-11T06:50:00.000Z,"379","8",16,0,0
2026-08-11T07:00:00.000Z,"347","8",16,0,0
2026-08-11T07:10:00.000Z,"348","8",16,0,0
2026-08-11T07:20:00.000Z,"336","8",16,0,0
2026-08-11T07:30:00.000Z,"354","8",16,0,0
2026-08-11T07:40:00.000Z,"378","8",16,0,0
2026-08-11T07:50:00.000Z,"360","8",16,0,0
2026-08-11T08:00:00.000Z,"362","8",16,0,0
2026-08-11T08:10:00.000Z,"336","8",16,0,0
2026-08-11T08:20:00.000Z,"362","8",16,0,0
2026-08-11T08:30:00.000Z,"348","8",16,0,0
2026-08-11T08:40:00.000Z,"358","8",16,0,0
2026-08-11T08:50:00.000Z,"344","8",16,0,0
2026-08-11T09:00:00.000Z,"346","8",16,0,0
2026-08-11T09:10:00.000Z,"332","8",16,0,0
2026-08-11T09:20:00.000Z,"327","8",16,0,0
2026-08-11T09:30:00.000Z,"319","8",16,0,0
2026-08-11T09:40:00.000Z,"325","8",16,0,0
2026-08-11T09:50:00.000Z,"324","8",16,0,0
2026-08-11T10:00:00.000Z,"352","8",16,0,0
2026-08-11T10:10:00.000Z,"331","8",16,0,0
2026-08-11T10:20:00.000Z,"330","8",16,0,0
2026-08-11T10:30:00.000Z,"317","8",16,0,0
2026-08-11T10:40:00.000Z,"323","8",16,0,0
2026-08-11T10:50:00.000Z,"319","8",16,0,0
2026-08-11T11:00:00.000Z,"324","8",16,0,0
2026-08-11T11:10:00.000Z,"339","8",16,0,0
2026-08-11T11:20:00.000Z,"335","8",16,0,0
2026-08-11T11:30:00.000Z,"335","8",16,0,0
2026-08-11T11:40:00.000Z,"331","8",16,0,0
2026-08-11T11:50:00.000Z,"288","8",16,0,0
2026-08-11T12:00:00.000Z,"324","8",16,0,0
2026-08-11T12:10:00.000Z,"325","8",16,0,0
2026-08-11T12:20:00.000Z,"335","8",16,0,0
2026-08-11T12:30:00.000Z,"336","8",16,0,0
2026-08-11T12:40:00.000Z,"339","8",16,0,0
2026-08-11T12:50:00.000Z,"321","8",16,0,0
2026-08-11T13:00:00.000Z,"307","8",16,0,0
2026-08-11T13:10:00.000Z,"323","8",16,0,0
2026-08-11T13:20:00.000Z,"314","8",16,0,0
2026-08-11T13:30:00.000Z,"321","8",16,0,0
2026-08-11T13:40:00.000Z,"347","8",16,0,0
2026-08-11T13:50:00.000Z,"328","8",16,0,0
2026-08-11T14:00:00.000Z,"334","8",16,0,0
2026-08-11T14:10:00.000Z,"310","8",16,0,0
2026-08-11T14:20:00.000Z,"338","8",16,0,0
2026-08-11T14:30:00.000Z,"312","8",16,0,0
2026-08-11T14:40:00.000Z,"321","8",16,0,0
2026-08-11T14:50:00.000Z,"317","8",16,0,0
2026-08-11T15:00:00.000Z,"338","8",16,0,0
2026-08-11T15:10:00.000Z,"329","8",16,0,0
2026-08-11T15:20:00.000Z,"303","8",16,0,0
2026-08-11T15:30:00.000Z,"292","8",16,0,0
2026-08-11T15:40:00.000Z,"316","8",16,0,0
2026-08-11T15:50:00.000Z,"312","8",16,0,0
2026-08-11T16:00:00.000Z,"313","8",16,0,0
2026-08-11T16:10:00.000Z,"308","8",16,0,0
2026-08-11T16:20:00.000Z,"314","8",16,0,0
2026-08-11T16:30:00.000Z,"307","8",16,0,0
2026-08-11T16:40:00.000Z,"308","8",16,0,0
2026-08-11T16:50:00.000Z,"309","8",16,0,0
2026-08-11T17:00:00.000Z,"310","8",16,0,0
2026-08-11T17:10:00.000Z,"309","8",16,0,0
2026-08-11T17:20:00.000Z,"310","8",16,0,0
2026-08-11T17:30:00.000Z,"310","8",16,0,0
2026-08-11T17:40:00.000Z,"304","8",16,0,0
2026-08-11T17:50:00.000Z,"305","8",16,0,0
2026-08-11T18:00:00.000Z,"302","8",16,0,0
2026-08-11T18:10:00.000Z,"306","8",16,0,0
2026-08-11T18:20:00.000Z,"309","8",16,0,0
2026-08-11T18:30:00.000Z,"310","8",16,0,0
2026-08-11T18:40:00.000Z,"308","8",16,0,0
2026-08-11T18:50:00.000Z,"311","8",16,0,0
2026-08-11T19:00:00.000Z,"314","8",16,0,0
2026-08-11T19:10:00.000Z,"315","8",16,0,0
2026-08-11T19:20:00.000Z,"315","8",16,0,0
2026-08-11T19:30:00.000Z,"316","8",16,0,0
2026-08-11T19:40:00.000Z,"314","8",16,0,0
2026-08-11T19:50:00.000Z,"313","8",16,0,0
2026-08-11T20:00:00.000Z,"313","8",16,0,0
2026-08-11T20:10:00.000Z,"307","8",16,0,0
2026-08-11T20:20:00.000Z,"296","8",16,0,0
2026-08-11T20:30:00.000Z,"290","8",16,0,0
2026-08-11T20:40:00.000Z,"291","8",16,0,0
2026-08-11T20:50:00.000Z,"292","8",16,0,0
2026-08-11T21:00:00.000Z,"292","8",16,0,0
2026-08-11T21:10:00.000Z,"291","8",16,0,0
2026-08-11T21:20:00.000Z,"291","8",16,0,0
2026-08-11T21:30:00.000Z,"291","8",16,0,0
2026-08-11T21:40:00.000Z,"288","8",16,0,0
2026-08-11T21:50:00.000Z,"292","8",16,0,0
2026-08-11T22:00:00.000Z,"289","8",16,0,0
2026-08-11T22:10:00.000Z,"286","8",16,0,0
2026-08-11T22:20:00.000Z,"283","8",16,0,0
2026-08-11T22:30:00.000Z,"283","8",16,0,0
2026-08-11T22:40:00.000Z,"285","8",16,0,0
2026-08-11T22:50:00.000Z,"283","8",16,0,0
2026-08-11T23:00:00.000Z,"285","8",16,0,0
2026-08-11T23:10:00.000Z,"285","8",16,0,0
2026-08-11T23:20:00.000Z,"286","8",16,0,0
2026-08-11T23:30:00.000Z,"265","8",16,0,0
2026-08-11T23:40:00.000Z,"258","8",16,0,0
2026-08-11T23:50:00.000Z,"249","8",16,0,0
2026-08-12T00:00:00.000Z,"249","8",16,0,0
2026-08-12T00:10:00.000Z,"251","8",16,0,0
2026-08-12T00:20:00.000Z,"256","8",16,0,0
2026-08-12T00:30:00.000Z,"255","8",16,0,0
2026-08-12T00:40:00.000Z,"255","8",16,0,0
2026-08-12T00:50:00.000Z,"249","8",16,0,0
2026-08-12T01:00:00.000Z,"244","8",16,0,0
2026-08-12T01:10:00.000Z,"239","8",16,0,0
2026-08-12T01:20:00.000Z,"236","8",16,0,0
2026-08-12T01:30:00.000Z,"234","8",16,0,0
2026-08-12T01:40:00.000Z,"231","8",16,0,0
2026-08-12T01:50:00.000Z,"229","8",16,0,0
2026-08-12T02:00:00.000Z,"224","8",16,0,0
2026-08-12T02:10:00.000Z,"219","8",16,0,0
2026-08-12T02:20:00.000Z,"219","8",16,0,0
2026-08-12T02:30:00.000Z,"249","8",16,0,0
2026-08-12T02:40:00.000Z,"256","8",16,0,0
2026-08-12T02:50:00.000Z,"258","8",16,0,0
2026-08-12T03:00:00.000Z,"254","8",16,0,0
2026-08-12T03:10:00.000Z,"251","8",16,0,0
2026-08-12T03:20:00.000Z,"244","8",16,0,0
2026-08-12T03:30:00.000Z,"246","8",16,0,0
2026-08-12T03:40:00.000Z,"241","8",16,0,0
2026-08-12T03:50:00.000Z,"251","8",16,0,0
2026-08-12T04:00:00.000Z,"261","8",16,0,0
2026-08-12T04:10:00.000Z,"264","8",16,0,0
2026-08-12T04:20:00.000Z,"264","8",16,0,0
2026-08-12T04:30:00.000Z,"268","8",16,0,0
2026-08-12T04:40:00.000Z,"279","8",16,0,0
2026-08-12T04:50:00.000Z,"261","8",16,0,0
2026-08-12T05:00:00.000Z,"277","8",16,0,0
2026-08-12T05:10:00.000Z,"271","8",16,0,0
2026-08-12T05:20:00.000Z,"277","8",16,0,0
2026-08-12T05:30:00.000Z,"276","8",16,0,0
2026-08-12T05:40:00.000Z,"280","8",16,0,0
2026-08-12T05:50:00.000Z,"279","8",16,0,0
2026-08-12T06:00:00.000Z,"287","8",16,0,0
2026-08-12T06:10:00.000Z,"287","8",16,0,0
2026-08-12T06:20:00.000Z,"290","8",16,0,0
2026-08-12T06:30:00.000Z,"289","8",16,0,0
2026-08-12T06:40:00.000Z,"289","8",16,0,0
2026-08-12T06:50:00.000Z,"287","8",16,0,0
2026-08-12T07:00:00.000Z,"291","8",16,0,0
2026-08-12T07:10:00.000Z,"294","8",16,0,0
2026-08-12T07:20:00.000Z,"294","8",16,0,0
2026-08-12T07:30:00.000Z,"285","8",16,0,0
2026-08-12T07:40:00.000Z,"326","8",16,0,0
2026-08-12T07:50:00.000Z,"302","8",16,0,0
2026-08-12T08:00:00.000Z,"302","8",16,0,0
2026-08-12T08:10:00.000Z,"291","8",16,0,0
2026-08-12T08:20:00.000Z,"290","8",16,0,0
2026-08-12T08:30:00.000Z,"290","8",16,0,0
2026-08-12T08:40:00.000Z,"297","8",16,0,0
2026-08-12T08:50:00.000Z,"295","8",16,0,0
2026-08-12T09:00:00.000Z,"298","8",16,0,0
2026-08-12T09:10:00.000Z,"297","8",16,0,0
2026-08-12T09:20:00.000Z,"297","8",16,0,0
2026-08-12T09:30:00.000Z,"297","8",16,0,0
2026-08-12T09:40:00.000Z,"285","8",16,0,0
2026-08-12T09:50:00.000Z,"325","8",16,0,0
2026-08-12T10:00:00.000Z,"296","8",16,0,0
2026-08-12T10:10:00.000Z,"301","8",16,0,0
2026-08-12T10:20:00.000Z,"290","8",16,0,0
2026-08-12T10:30:00.000Z,"290","8",16,0,0
2026-08-12T10:40:00.000Z,"287","8",16,0,0
2026-08-12T10:50:00.000Z,"286","8",16,0,0
2026-08-12T11:00:00.000Z,"289","8",16,0,0
2026-08-12T11:10:00.000Z,"300","8",16,0,0
2026-08-12T11:20:00.000Z,"300","8",16,0,0
2026-08-12T11:30:00.000Z,"304","8",16,0,0
2026-08-12T11:40:00.000Z,"296","8",16,0,0
2026-08-12T11:50:00.000Z,"297","8",16,0,0
2026-08-12T12:00:00.000Z,"330","8",16,0,0
2026-08-12T12:10:00.000Z,"308","8",16,0,0
2026-08-12T12:20:00.000Z,"297","8",16,0,0
2026-08-12T12:30:00.000Z,"293","8",16,0,0
2026-08-12T12:40:00.000Z,"308","8",16,0,0
2026-08-12T12:50:00.000Z,"314","8",16,0,0
2026-08-12T13:00:00.000Z,"309","8",16,0,0
2026-08-12T13:10:00.000Z,"298","8",16,0,0
2026-08-12T13:20:00.000Z,"337","8",16,0,0
2026-08-12T13:30:00.000Z,"312","8",16,0,0
2026-08-12T13:40:00.000Z,"327","8",16,0,0
2026-08-12T13:50:00.000Z,"309","8",16,0,0
2026-08-12T14:00:00.000Z,"329","8",16,0,0
2026-08-12T14:10:00.000Z,"318","8",16,0,0
2026-08-12T14:20:00.000Z,"319","8",16,0,0
2026-08-12T14:30:00.000Z,"321","8",16,0,0
2026-08-12T14:40:00.000Z,"328","8",16,0,0
2026-08-12T14:50:00.000Z,"287","8",16,0,0
2026-08-12T15:00:00.000Z,"303","8",16,0,0
2026-08-12T15:10:00.000Z,"320","8",16,0,0
2026-08-12T15:20:00.000Z,"339","8",16,0,0
2026-08-12T15:30:00.000Z,"326","8",16,0,0
2026-08-12T15:40:00.000Z,"324","8",16,0,0
2026-08-12T15:50:00.000Z,"317","8",16,0,0
2026-08-12T16:00:00.000Z,"316","8",16,0,0
2026-08-12T16:10:00.000Z,"313","8",16,0,0
2026-08-12T16:20:00.000Z,"314","8",16,0,0
2026-08-12T16:30:00.000Z,"316","8",16,0,0
2026-08-12T16:40:00.000Z,"321","8",16,0,0
2026-08-12T16:50:00.000Z,"320","8",16,0,0
2026-08-12T17:00:00.000Z,"321","8",16,0,0
2026-08-12T17:10:00.000Z,"309","8",16,0,0
2026-08-12T17:20:00.000Z,"316","8",16,0,0
2026-08-12T17:30:00.000Z,"313","8",16,0,0
2026-08-12T17:40:00.000Z,"344","8",16,0,0
2026-08-12T17:50:00.000Z,"323","8",16,0,0
2026-08-12T18:00:00.000Z,"313","8",16,0,0
2026-08-12T18:10:00.000Z,"255","8",16,0,0
2026-08-12T18:20:00.000Z,"295","8",16,0,0
2026-08-12T18:30:00.000Z,"297","8",16,0,0
2026-08-12T18:40:00.000Z,"304","8",16,0,0
2026-08-12T18:50:00.000Z,"187","8",16,0,0
2026-08-12T19:00:00.000Z,"283","8",16,0,0
2026-08-12T19:10:00.000Z,"319","8",16,0,0
2026-08-12T19:20:00.000Z,"331","8",16,0,0
2026-08-12T19:30:00.000Z,"329","8",16,0,0
2026-08-12T19:40:00.000Z,"318","8",16,0,0
2026-08-12T19:50:00.000Z,"272","8",16,0,0
2026-08-12T20:00:00.000Z,"316","8",16,0,0
2026-08-12T20:10:00.000Z,"346","8",16,0,0
2026-08-12T20:20:00.000Z,"318","8",16,0,0
2026-08-12T20:30:00.000Z,"325","8",16,0,0
2026-08-12T20:40:00.000Z,"306","8",16,0,0
2026-08-12T20:50:00.000Z,"320","8",16,0,0
2026-08-12T21:00:00.000Z,"326","8",16,0,0
2026-08-12T21:10:00.000Z,"329","8",16,0,0
2026-08-12T21:20:00.000Z,"328","8",16,0,0
2026-08-12T21:30:00.000Z,"320","8",16,0,0
2026-08-12T21:40:00.000Z,"330","8",16,0,0
2026-08-12T21:50:00.000Z,"329","8",16,0,0
2026-08-12T22:00:00.000Z,"329","8",16,0,0
2026-08-12T22:10:00.000Z,"331","8",16,0,0
2026-08-12T22:20:00.000Z,"296","8",16,0,0
2026-08-12T22:30:00.000Z,"324","8",16,0,0
2026-08-12T22:40:00.000Z,"333","8",16,0,0
2026-08-12T22:50:00.000Z,"341","8",16,0,0
2026-08-12T23:00:00.000Z,"336","8",16,0,0
2026-08-12T23:10:00.000Z,"306","8",16,0,0
2026-08-12T23:20:00.000Z,"323","8",16,0,0
2026-08-12T23:30:00.000Z,"319","8",16,0,0
2026-08-12T23:40:00.000Z,"322","8",16,0,0
2026-08-12T23:50:00.000Z,"314","8",16,0,0
2026-08-13T00:00:00.000Z,"348","8",16,0,0
2026-08-13T00:10:00.000Z,"333","8",16,0,0
2026-08-13T00:20:00.000Z,"332","8",16,0,0
2026-08-13T00:30:00.000Z,"328","8",16,0,0
2026-08-13T00:40:00.000Z,"328","8",16,0,0
2026-08-13T00:50:00.000Z,"309","8",16,0,0
2026-08-13T01:00:00.000Z,"305","8",16,0,0
2026-08-13T01:10:00.000Z,"303","8",16,0,0
2026-08-13T01:20:00.000Z,"310","8",16,0,0
2026-08-13T01:30:00.000Z,"309","8",16,0,0
2026-08-13T01:40:00.000Z,"312","8",16,0,0
2026-08-13T01:50:00.000Z,"310","8",16,0,0
2026-08-13T02:00:00.000Z,"299","8",16,0,0
2026-08-13T02:10:00.000Z,"305","8",16,0,0
2026-08-13T02:20:00.000Z,"303","8",16,0,0
2026-08-13T02:30:00.000Z,"310","8",16,0,0
2026-08-13T02:40:00.000Z,"267","8",16,0,0
2026-08-13T02:50:00.000Z,"327","8",16,0,0
2026-08-13T03:00:00.000Z,"316","8",16,0,0
2026-08-13T03:10:00.000Z,"313","8",16,0,0
2026-08-13T03:20:00.000Z,"312","8",16,0,0
2026-08-13T03:30:00.000Z,"318","8",16,0,0
2026-08-13T03:40:00.000Z,"316","8",16,0,0
2026-08-13T03:50:00.000Z,"316","8",16,0,0
2026-08-13T04:00:00.000Z,"317","8",16,0,0
2026-08-13T04:10:00.000Z,"326","8",16,0,0
2026-08-13T04:20:00.000Z,"317","8",16,0,0
2026-08-13T04:30:00.000Z,"314","8",16,0,0
2026-08-13T04:40:00.000Z,"310","8",16,0,0
2026-08-13T04:50:00.000Z,"307","8",16,0,0
2026-08-13T05:00:00.000Z,"307","8",16,0,0
2026-08-13T05:10:00.000Z,"307","8",16,0,0
2026-08-13T05:20:00.000Z,"303","8",16,0,0
2026-08-13T05:30:00.000Z,"300","8",16,0,0
2026-08-13T05:40:00.000Z,"298","8",16,0,0
2026-08-13T05:50:00.000Z,"296","8",16,0,0
2026-08-13T06:00:00.000Z,"296","8",16,0,0
2026-08-13T06:10:00.000Z,"293","8",16,0,0
2026-08-13T06:20:00.000Z,"293","8",16,0,0
2026-08-13T06:30:00.000Z,"278","8",16,0,0
2026-08-13T06:40:00.000Z,"290","8",16,0,0
2026-08-13T06:50:00.000Z,"288","8",16,0,0
2026-08-13T07:00:00.000Z,"287","8",16,0,0
2026-08-13T07:10:00.000Z,"286","8",16,0,0
2026-08-13T07:20:00.000Z,"287","8",16,0,0
2026-08-13T07:30:00.000Z,"317","8",16,0,0
2026-08-13T07:40:00.000Z,"312","8",16,0,0
2026-08-13T07:50:00.000Z,"309","8",16,0,0
2026-08-13T08:00:00.000Z,"307","8",16,0,0
2026-08-13T08:10:00.000Z,"311","8",16,0,0
2026-08-13T08:20:00.000Z,"316","8",16,0,0
2026-08-13T08:30:00.000Z,"323","8",16,0,0
2026-08-13T08:40:00.000Z,"330","8",16,0,0
2026-08-13T08:50:00.000Z,"343","8",16,0,0
2026-08-13T09:00:00.000Z,"336","8",16,0,0
2026-08-13T09:10:00.000Z,"362","8",16,0,0
2026-08-13T09:20:00.000Z,"340","8",16,0,0
2026-08-13T09:30:00.000Z,"335","8",16,0,0
2026-08-13T09:40:00.000Z,"350","8",16,0,0
2026-08-13T09:50:00.000Z,"358","8",16,0,0
2026-08-13T10:00:00.000Z,"368","8",16,0,0
2026-08-13T10:10:00.000Z,"393","8",16,0,0
2026-08-13T10:20:00.000Z,"376","8",16,0,0
2026-08-13T10:30:00.000Z,"379","8",16,0,0
2026-08-13T10:40:00.000Z,"377","8",16,0,0
2026-08-13T10:50:00.000Z,"397","8",16,0,0
2026-08-13T11:00:00.000Z,"380","8",16,0,0
2026-08-13T11:10:00.000Z,"374","8",16,0,0
2026-08-13T11:20:00.000Z,"365","8",16,0,0
2026-08-13T11:30:00.000Z,"374","8",16,0,0
2026-08-13T11:40:00.000Z,"362","8",16,0,0
2026-08-13T11:50:00.000Z,"363","8",16,0,0
2026-08-13T12:00:00.000Z,"356","8",16,0,0
2026-08-13T12:10:00.000Z,"362","8",16,0,0
2026-08-13T12:20:00.000Z,"370","8",16,0,0
2026-08-13T12:30:00.000Z,"365","8",16,0,0
2026-08-13T12:40:00.000Z,"355","8",16,0,0
2026-08-13T12:50:00.000Z,"206","8",16,0,0
2026-08-13T13:00:00.000Z,"348","8",16,0,0
2026-08-13T13:10:00.000Z,"348","8",16,0,0
2026-08-13T13:20:00.000Z,"344","8",16,0,0
2026-08-13T13:30:00.000Z,"329","8",16,0,0
2026-08-13T13:40:00.000Z,"323","8",16,0,0
2026-08-13T13:50:00.000Z,"313","8",16,0,0
2026-08-13T14:00:00.000Z,"307","8",16,0,0
2026-08-13T14:10:00.000Z,"301","8",16,0,0
2026-08-13T14:20:00.000Z,"298","8",16,0,0
2026-08-13T14:30:00.000Z,"298","8",16,0,0
2026-08-13T14:40:00.000Z,"300","8",16,0,0
2026-08-13T14:50:00.000Z,"311","8",16,0,0
2026-08-13T15:00:00.000Z,"291","8",16,0,0
2026-08-13T15:10:00.000Z,"282","8",16,0,0
2026-08-13T15:20:00.000Z,"281","8",16,0,0
2026-08-13T15:30:00.000Z,"282","8",16,0,0
2026-08-13T15:40:00.000Z,"280","8",16,0,0
2026-08-13T15:50:00.000Z,"283","8",16,0,0
2026-08-13T16:00:00.000Z,"264","8",16,0,0
2026-08-13T16:10:00.000Z,"277","8",16,0,0
2026-08-13T16:20:00.000Z,"273","8",16,0,0
2026-08-13T16:30:00.000Z,"306","8",16,0,0
2026-08-13T16:40:00.000Z,"156","8",16,0,0
2026-08-13T16:50:00.000Z,"221","8",16,0,0
2026-08-13T17:00:00.000Z,"274","8",16,0,0
2026-08-13T17:10:00.000Z,"287","8",16,0,0
2026-08-13T17:20:00.000Z,"270","8",16,0,0
2026-08-13T17:30:00.000Z,"277","8",16,0,0
2026-08-13T17:40:00.000Z,"268","8",16,0,0
2026-08-13T17:50:00.000Z,"303","8",16,0,0
2026-08-13T18:00:00.000Z,"137","8",16,0,0
2026-08-13T18:10:00.000Z,"268","8",16,0,0
2026-08-13T18:20:00.000Z,"276","8",16,0,0
2026-08-13T18:30:00.000Z,"298","8",16,0,0
2026-08-13T18:40:00.000Z,"240","8",16,0,0
2026-08-13T18:50:00.000Z,"277","8",16,0,0
2026-08-13T19:00:00.000Z,"274","8",16,0,0
2026-08-13T19:10:00.000Z,"272","8",16,0,0
2026-08-13T19:20:00.000Z,"274","8",16,0,0
2026-08-13T19:30:00.000Z,"274","8",16,0,0
2026-08-13T19:40:00.000Z,"277","8",16,0,0
2026-08-13T19:50:00.000Z,"303","8",16,0,0
2026-08-13T20:00:00.000Z,"286","8",16,0,0
2026-08-13T20:10:00.000Z,"282","8",16,0,0
2026-08-13T20:20:00.000Z,"273","8",16,0,0
2026-08-13T20:30:00.000Z,"277","8",16,0,0
2026-08-13T20:40:00.000Z,"274","8",16,0,0
2026-08-13T20:50:00.000Z,"276","8",16,0,0
2026-08-13T21:00:00.000Z,"276","8",16,0,0
2026-08-13T21:10:00.000Z,"284","8",16,0,0
2026-08-13T21:20:00.000Z,"278","8",16,0,0
2026-08-13T21:30:00.000Z,"286","8",16,0,0
2026-08-13T21:40:00.000Z,"285","8",16,0,0
2026-08-13T21:50:00.000Z,"286","8",16,0,0
2026-08-13T22:00:00.000Z,"286","8",16,0,0
2026-08-13T22:10:00.000Z,"289","8",16,0,0
2026-08-13T22:20:00.000Z,"288","8",16,0,0
2026-08-13T22:30:00.000Z,"290","8",16,0,0
2026-08-13T22:40:00.000Z,"295","8",16,0,0
2026-08-13T22:50:00.000Z,"294","8",16,0,0
2026-08-13T23:00:00.000Z,"295","8",16,0,0
2026-08-13T23:10:00.000Z,"302","8",16,0,0
2026-08-13T23:20:00.000Z,"306","8",16,0,0
2026-08-13T23:30:00.000Z,"312","8",16,0,0
2026-08-13T23:40:00.000Z,"309","8",16,0,0
2026-08-13T23:50:00.000Z,"311","8",16,0,0
2026-08-14T00:00:00.000Z,"311","8",16,0,0
2026-08-14T00:10:00.000Z,"305","8",16,0,0
2026-08-14T00:20:00.000Z,"305","8",16,0,0
2026-08-14T00:30:00.000Z,"303","8",16,0,0
2026-08-14T00:40:00.000Z,"305","8",16,0,0
2026-08-14T00:50:00.000Z,"307","8",16,0,0
2026-08-14T01:00:00.000Z,"305","8",16,0,0
2026-08-14T01:10:00.000Z,"303","8",16,0,0
2026-08-14T01:20:00.000Z,"300","8",16,0,0
2026-08-14T01:30:00.000Z,"298","8",16,0,0
2026-08-14T01:40:00.000Z,"301","8",16,0,0
2026-08-14T01:50:00.000Z,"314","8",16,0,0
2026-08-14T02:00:00.000Z,"319","8",16,0,0
2026-08-14T02:10:00.000Z,"316","8",16,0,0
2026-08-14T02:20:00.000Z,"314","8",16,0,0
2026-08-14T02:30:00.000Z,"312","8",16,0,0
2026-08-14T02:40:00.000Z,"308","8",16,0,0
2026-08-14T02:50:00.000Z,"303","8",16,0,0
2026-08-14T03:00:00.000Z,"302","8",16,0,0
2026-08-14T03:10:00.000Z,"302","8",16,0,0
2026-08-14T03:20:00.000Z,"304","8",16,0,0
2026-08-14T03:30:00.000Z,"308","8",16,0,0
2026-08-14T03:40:00.000Z,"210","8",16,0,0
2026-08-14T03:50:00.000Z,"305","8",16,0,0
2026-08-14T04:00:00.000Z,"307","8",16,0,0
2026-08-14T04:10:00.000Z,"300","8",16,0,0
2026-08-14T04:20:00.000Z,"304","8",16,0,0
2026-08-14T04:30:00.000Z,"308","8",16,0,0
2026-08-14T04:40:00.000Z,"304","8",16,0,0
2026-08-14T04:50:00.000Z,"311","8",16,0,0
2026-08-14T05:00:00.000Z,"320","8",16,0,0
2026-08-14T05:10:00.000Z,"318","8",16,0,0
2026-08-14T05:20:00.000Z,"304","8",16,0,0
2026-08-14T05:30:00.000Z,"298","8",16,0,0
2026-08-14T05:40:00.000Z,"312","8",16,0,0
2026-08-14T05:50:00.000Z,"302","8",16,0,0
2026-08-14T06:00:00.000Z,"300","8",16,0,0
2026-08-14T06:10:00.000Z,"296","8",16,0,0
2026-08-14T06:20:00.000Z,"297","8",16,0,0
2026-08-14T06:30:00.000Z,"285","8",16,0,0
2026-08-14T06:40:00.000Z,"290","8",16,0,0
2026-08-14T06:50:00.000Z,"286","8",16,0,0
2026-08-14T07:00:00.000Z,"292","8",16,0,0
2026-08-14T07:10:00.000Z,"296","8",16,0,0
2026-08-14T07:20:00.000Z,"292","8",16,0,0
2026-08-14T07:30:00.000Z,"305","8",16,0,0
2026-08-14T07:40:00.000Z,"294","8",16,0,0
2026-08-14T07:50:00.000Z,"286","8",16,0,0
2026-08-14T08:00:00.000Z,"283","8",16,0,0
2026-08-14T08:10:00.000Z,"282","8",16,0,0
2026-08-14T08:20:00.000Z,"306","8",16,0,0
2026-08-14T08:30:00.000Z,"290","8",16,0,0
2026-08-14T08:40:00.000Z,"291","8",16,0,0
2026-08-14T08:50:00.000Z,"288","8",16,0,0
2026-08-14T09:00:00.000Z,"285","8",16,0,0
2026-08-14T09:10:00.000Z,"282","8",16,0,0
2026-08-14T09:20:00.000Z,"289","8",16,0,0
2026-08-14T09:30:00.000Z,"289","8",16,0,0
2026-08-14T09:40:00.000Z,"301","8",16,0,0
2026-08-14T09:50:00.000Z,"294","8",16,0,0
2026-08-14T10:00:00.000Z,"297","8",16,0,0
2026-08-14T10:10:00.000Z,"290","8",16,0,0
2026-08-14T10:20:00.000Z,"320","8",16,0,0
2026-08-14T10:30:00.000Z,"296","8",16,0,0
2026-08-14T10:40:00.000Z,"303","8",16,0,0
2026-08-14T10:50:00.000Z,"296","8",16,0,0
2026-08-14T11:00:00.000Z,"300","8",16,0,0
2026-08-14T11:10:00.000Z,"298","8",16,0,0
2026-08-14T11:20:00.000Z,"303","8",16,0,0
2026-08-14T11:30:00.000Z,"303","8",16,0,0
2026-08-14T11:40:00.000Z,"312","8",16,0,0
2026-08-14T11:50:00.000Z,"314","8",16,0,0
2026-08-14T12:00:00.000Z,"255","8",16,0,0
2026-08-14T12:10:00.000Z,"311","8",16,0,0
2026-08-14T12:20:00.000Z,"312","8",16,0,0
2026-08-14T12:30:00.000Z,"311","8",16,0,0
2026-08-14T12:40:00.000Z,"329","8",16,0,0
2026-08-14T12:50:00.000Z,"325","8",16,0,0
2026-08-14T13:00:00.000Z,"303","8",16,0,0
2026-08-14T13:10:00.000Z,"266","8",16,0,0
2026-08-14T13:20:00.000Z,"301","8",16,0,0
2026-08-14T13:30:00.000Z,"302","8",16,0,0
2026-08-14T13:40:00.000Z,"306","8",16,0,0
2026-08-14T13:50:00.000Z,"300","8",16,0,0
2026-08-14T14:00:00.000Z,"336","8",16,0,0
2026-08-14T14:10:00.000Z,"304","8",16,0,0
2026-08-14T14:20:00.000Z,"305","8",16,0,0
2026-08-14T14:30:00.000Z,"293","8",16,0,0
2026-08-14T14:40:00.000Z,"281","8",16,0,0
2026-08-14T14:50:00.000Z,"295","8",16,0,0
2026-08-14T15:00:00.000Z,"290","8",16,0,0
2026-08-14T15:10:00.000Z,"326","8",16,0,0
2026-08-14T15:20:00.000Z,"305","8",16,0,0
2026-08-14T15:30:00.000Z,"255","8",16,0,0
2026-08-14T15:40:00.000Z,"276","8",16,0,0
2026-08-14T15:50:00.000Z,"285","8",16,0,0
2026-08-14T16:00:00.000Z,"299","8",16,0,0
2026-08-14T16:10:00.000Z,"305","8",16,0,0
2026-08-14T16:20:00.000Z,"308","8",16,0,0
2026-08-14T16:30:00.000Z,"333","8",16,0,0
2026-08-14T16:40:00.000Z,"308","8",16,0,0
2026-08-14T16:50:00.000Z,"313","8",16,0,0
2026-08-14T17:00:00.000Z,"292","8",16,0,0
2026-08-14T17:10:00.000Z,"288","8",16,0,0
2026-08-14T17:20:00.000Z,"302","8",16,0,0
2026-08-14T17:30:00.000Z,"308","8",16,0,0
2026-08-14T17:40:00.000Z,"321","8",16,0,0
2026-08-14T17:50:00.000Z,"276","8",16,0,0
2026-08-14T18:00:00.000Z,"199","8",16,0,0
2026-08-14T18:10:00.000Z,"324","8",16,0,0
2026-08-14T18:20:00.000Z,"316","8",16,0,0
2026-08-14T18:30:00.000Z,"306","8",16,0,0
2026-08-14T18:40:00.000Z,"237","8",16,0,0
2026-08-14T18:50:00.000Z,"297","8",16,0,0
2026-08-14T19:00:00.000Z,"308","8",16,0,0
2026-08-14T19:10:00.000Z,"322","8",16,0,0
2026-08-14T19:20:00.000Z,"304","8",16,0,0
2026-08-14T19:30:00.000Z,"272","8",16,0,0
2026-08-14T19:40:00.000Z,"290","8",16,0,0
2026-08-14T19:50:00.000Z,"303","8",16,0,0
2026-08-14T20:00:00.000Z,"300","8",16,0,0
2026-08-14T20:10:00.000Z,"303","8",16,0,0
2026-08-14T20:20:00.000Z,"298","8",16,0,0
2026-08-14T20:30:00.000Z,"297","8",16,0,0
2026-08-14T20:40:00.000Z,"289","8",16,0,0
2026-08-14T20:50:00.000Z,"288","8",16,0,0
2026-08-14T21:00:00.000Z,"278","8",16,0,0
2026-08-14T21:10:00.000Z,"288","8",16,0,0
2026-08-14T21:20:00.000Z,"284","8",16,0,0
2026-08-14T21:30:00.000Z,"282","8",16,0,0
2026-08-14T21:40:00.000Z,"284","8",16,0,0
2026-08-14T21:50:00.000Z,"276","8",16,0,0
2026-08-14T22:00:00.000Z,"271","8",16,0,0
2026-08-14T22:10:00.000Z,"269","8",16,0,0
2026-08-14T22:20:00.000Z,"266","8",16,0,0
2026-08-14T22:30:00.000Z,"264","8",16,0,0
2026-08-14T22:40:00.000Z,"263","8",16,0,0
2026-08-14T22:50:00.000Z,"264","8",16,0,0
2026-08-14T23:00:00.000Z,"263","8",16,0,0
2026-08-14T23:10:00.000Z,"263","8",16,0,0
2026-08-14T23:20:00.000Z,"261","8",16,0,0
2026-08-14T23:30:00.000Z,"259","8",16,0,0
2026-08-14T23:40:00.000Z,"258","8",16,0,0
2026-08-14T23:50:00.000Z,"258","8",16,0,0
2026-08-15T00:00:00.000Z,"260","8",16,0,0
2026-08-15T00:10:00.000Z,"263","8",16,0,0
2026-08-15T00:20:00.000Z,"265","8",16,0,0
2026-08-15T00:30:00.000Z,"264","8",16,0,0
2026-08-15T00:40:00.000Z,"266","8",16,0,0
2026-08-15T00:50:00.000Z,"281","8",16,0,0
2026-08-15T01:00:00.000Z,"273","8",16,0,0
2026-08-15T01:10:00.000Z,"264","8",16,0,0
2026-08-15T01:20:00.000Z,"229","8",16,0,0
2026-08-15T01:30:00.000Z,"269","8",16,0,0
2026-08-15T01:40:00.000Z,"272","8",16,0,0
2026-08-15T01:50:00.000Z,"280","8",16,0,0
2026-08-15T02:00:00.000Z,"282","8",16,0,0
2026-08-15T02:10:00.000Z,"291","8",16,0,0
2026-08-15T02:20:00.000Z,"284","8",16,0,0
2026-08-15T02:30:00.000Z,"288","8",16,0,0
2026-08-15T02:40:00.000Z,"281","8",16,0,0
2026-08-15T02:50:00.000Z,"279","8",16,0,0
2026-08-15T03:00:00.000Z,"279","8",16,0,0
2026-08-15T03:10:00.000Z,"284","8",16,0,0
2026-08-15T03:20:00.000Z,"288","8",16,0,0
2026-08-15T03:30:00.000Z,"286","8",16,0,0
2026-08-15T03:40:00.000Z,"285","8",16,0,0
2026-08-15T03:50:00.000Z,"284","8",16,0,0
2026-08-15T04:00:00.000Z,"285","8",16,0,0
2026-08-15T04:10:00.000Z,"287","8",16,0,0
2026-08-15T04:20:00.000Z,"321","8",16,0,0
2026-08-15T04:30:00.000Z,"296","8",16,0,0
2026-08-15T04:40:00.000Z,"302","8",16,0,0
2026-08-15T04:50:00.000Z,"290","8",16,0,0
2026-08-15T05:00:00.000Z,"271","8",16,0,0
2026-08-15T05:10:00.000Z,"287","8",16,0,0
2026-08-15T05:20:00.000Z,"293","8",16,0,0
2026-08-15T05:30:00.000Z,"292","8",16,0,0
2026-08-15T05:40:00.000Z,"298","8",16,0,0
2026-08-15T05:50:00.000Z,"298","8",16,0,0
2026-08-15T06:00:00.000Z,"304","8",16,0,0
2026-08-15T06:10:00.000Z,"309","8",16,0,0
2026-08-15T06:20:00.000Z,"309","8",16,0,0
2026-08-15T06:30:00.000Z,"309","8",16,0,0
2026-08-15T06:40:00.000Z,"307","8",16,0,0
2026-08-15T06:50:00.000Z,"314","8",16,0,0
2026-08-15T07:00:00.000Z,"323","8",16,0,0
2026-08-15T07:10:00.000Z,"327","8",16,0,0
2026-08-15T07:20:00.000Z,"332","8",16,0,0
2026-08-15T07:30:00.000Z,"335","8",16,0,0
2026-08-15T07:40:00.000Z,"339","8",16,0,0
2026-08-15T07:50:00.000Z,"337","8",16,0,0
2026-08-15T08:00:00.000Z,"343","8",16,0,0
2026-08-15T08:10:00.000Z,"346","8",16,0,0
2026-08-15T08:20:00.000Z,"346","8",16,0,0
2026-08-15T08:30:00.000Z,"335","8",16,0,0
2026-08-15T08:40:00.000Z,"351","8",16,0,0
2026-08-15T08:50:00.000Z,"345","8",16,0,0
2026-08-15T09:00:00.000Z,"345","8",16,0,0
2026-08-15T09:10:00.000Z,"368","8",16,0,0
2026-08-15T09:20:00.000Z,"348","8",16,0,0
2026-08-15T09:30:00.000Z,"338","8",16,0,0
2026-08-15T09:40:00.000Z,"326","8",16,0,0
2026-08-15T09:50:00.000Z,"322","8",16,0,0
2026-08-15T10:00:00.000Z,"336","8",16,0,0
2026-08-15T10:10:00.000Z,"335","8",16,0,0
2026-08-15T10:20:00.000Z,"322","8",16,0,0
2026-08-15T10:30:00.000Z,"320","8",16,0,0
2026-08-15T10:40:00.000Z,"314","8",16,0,0
2026-08-15T10:50:00.000Z,"312","8",16,0,0
2026-08-15T11:00:00.000Z,"303","8",16,0,0
2026-08-15T11:10:00.000Z,"300","8",16,0,0
2026-08-15T11:20:00.000Z,"308","8",16,0,0
2026-08-15T11:30:00.000Z,"283","8",16,0,0
2026-08-15T11:40:00.000Z,"283","8",16,0,0
2026-08-15T11:50:00.000Z,"153","8",16,0,0
2026-08-15T12:00:00.000Z,"261","8",16,0,0
2026-08-15T12:10:00.000Z,"262","8",16,0,0
2026-08-15T12:20:00.000Z,"288","8",16,0,0
2026-08-15T12:30:00.000Z,"274","8",16,0,0
2026-08-15T12:40:00.000Z,"269","8",16,0,0
2026-08-15T12:50:00.000Z,"231","8",16,0,0
2026-08-15T13:00:00.000Z,"252","8",16,0,0
2026-08-15T13:10:00.000Z,"249","8",16,0,0
2026-08-15T13:20:00.000Z,"255","8",16,0,0
2026-08-15T13:30:00.000Z,"256","8",16,0,0
2026-08-15T13:40:00.000Z,"269","8",16,0,0
2026-08-15T13:50:00.000Z,"265","8",16,0,0
2026-08-15T14:00:00.000Z,"268","8",16,0,0
2026-08-15T14:10:00.000Z,"265","8",16,0,0
2026-08-15T14:20:00.000Z,"266","8",16,0,0
2026-08-15T14:30:00.000Z,"268","8",16,0,0
2026-08-15T14:40:00.000Z,"270","8",16,0,0
2026-08-15T14:50:00.000Z,"265","8",16,0,0
2026-08-15T15:00:00.000Z,"261","8",16,0,0
2026-08-15T15:10:00.000Z,"259","8",16,0,0
2026-08-15T15:20:00.000Z,"267","8",16,0,0
2026-08-15T15:30:00.000Z,"269","8",16,0,0
2026-08-15T15:40:00.000Z,"273","8",16,0,0
2026-08-15T15:50:00.000Z,"277","8",16,0,0
2026-08-15T16:00:00.000Z,"309","8",16,0,0
2026-08-15T16:10:00.000Z,"303","8",16,0,0
2026-08-15T16:20:00.000Z,"306","8",16,0,0
2026-08-15T16:30:00.000Z,"296","8",16,0,0
2026-08-15T16:40:00.000Z,"299","8",16,0,0
2026-08-15T16:50:00.000Z,"316","8",16,0,0
2026-08-15T17:00:00.000Z,"314","8",16,0,0
2026-08-15T17:10:00.000Z,"312","8",16,0,0
2026-08-15T17:20:00.000Z,"304","8",16,0,0
2026-08-15T17:30:00.000Z,"319","8",16,0,0
2026-08-15T17:40:00.000Z,"303","8",16,0,0
2026-08-15T17:50:00.000Z,"332","8",16,0,0
2026-08-15T18:00:00.000Z,"300","8",16,0,0
2026-08-15T18:10:00.000Z,"314","8",16,0,0
2026-08-15T18:20:00.000Z,"296","8",16,0,0
2026-08-15T18:30:00.000Z,"303","8",16,0,0
2026-08-15T18:40:00.000Z,"293","8",16,0,0
2026-08-15T18:50:00.000Z,"303","8",16,0,0
2026-08-15T19:00:00.000Z,"298","8",16,0,0
2026-08-15T19:10:00.000Z,"296","8",16,0,0
2026-08-15T19:20:00.000Z,"298","8",16,0,0
2026-08-15T19:30:00.000Z,"295","8",16,0,0
2026-08-15T19:40:00.000Z,"292","8",16,0,0
2026-08-15T19:50:00.000Z,"292","8",16,0,0
2026-08-15T20:00:00.000Z,"291","8",16,0,0
2026-08-15T20:10:00.000Z,"295","8",16,0,0
2026-08-15T20:20:00.000Z,"292","8",16,0,0
2026-08-15T20:30:00.000Z,"292","8",16,0,0
2026-08-15T20:40:00.000Z,"292","8",16,0,0
2026-08-15T20:50:00.000Z,"290","8",16,0,0
2026-08-15T21:00:00.000Z,"282","8",16,0,0
2026-08-15T21:10:00.000Z,"285","8",16,0,0
2026-08-15T21:20:00.000Z,"289","8",16,0,0
2026-08-15T21:30:00.000Z,"279","8",16,0,0
2026-08-15T21:40:00.000Z,"273","8",16,0,0
2026-08-15T21:50:00.000Z,"262","8",16,0,0
2026-08-15T22:00:00.000Z,"265","8",16,0,0
2026-08-15T22:10:00.000Z,"270","8",16,0,0
2026-08-15T22:20:00.000Z,"279","8",16,0,0
2026-08-15T22:30:00.000Z,"216","8",16,0,0
2026-08-15T22:40:00.000Z,"263","8",16,0,0
2026-08-15T22:50:00.000Z,"257","8",16,0,0
2026-08-15T23:00:00.000Z,"256","8",16,0,0
2026-08-15T23:10:00.000Z,"259","8",16,0,0
2026-08-15T23:20:00.000Z,"259","8",16,0,0
2026-08-15T23:30:00.000Z,"261","8",16,0,0
2026-08-15T23:40:00.000Z,"257","8",16,0,0
2026-08-15T23:50:00.000Z,"270","8",16,0,0
2026-08-16T00:00:00.000Z,"276","8",16,0,0
2026-08-16T00:10:00.000Z,"277","8",16,0,0
2026-08-16T00:20:00.000Z,"272","8",16,0,0
2026-08-16T00:30:00.000Z,"269","8",16,0,0
2026-08-16T00:40:00.000Z,"281","8",16,0,0
2026-08-16T00:50:00.000Z,"289","8",16,0,0
2026-08-16T01:00:00.000Z,"288","8",16,0,0
2026-08-16T01:10:00.000Z,"289","8",16,0,0
2026-08-16T01:20:00.000Z,"251","8",16,0,0
2026-08-16T01:30:00.000Z,"282","8",16,0,0
2026-08-16T01:40:00.000Z,"283","8",16,0,0
2026-08-16T01:50:00.000Z,"290","8",16,0,0
2026-08-16T02:00:00.000Z,"323","8",16,0,0
2026-08-16T02:10:00.000Z,"314","8",16,0,0
2026-08-16T02:20:00.000Z,"308","8",16,0,0
2026-08-16T02:30:00.000Z,"289","8",16,0,0
2026-08-16T02:40:00.000Z,"291","8",16,0,0
2026-08-16T02:50:00.000Z,"288","8",16,0,0
2026-08-16T03:00:00.000Z,"295","8",16,0,0
2026-08-16T03:10:00.000Z,"298","8",16,0,0
2026-08-16T03:20:00.000Z,"292","8",16,0,0
2026-08-16T03:30:00.000Z,"293","8",16,0,0
2026-08-16T03:40:00.000Z,"274","8",16,0,0
2026-08-16T03:50:00.000Z,"282","8",16,0,0
2026-08-16T04:00:00.000Z,"284","8",16,0,0
2026-08-16T04:10:00.000Z,"283","8",16,0,0
2026-08-16T04:20:00.000Z,"285","8",16,0,0
2026-08-16T04:30:00.000Z,"275","8",16,0,0
2026-08-16T04:40:00.000Z,"279","8",16,0,0
2026-08-16T04:50:00.000Z,"277","8",16,0,0
2026-08-16T05:00:00.000Z,"284","8",16,0,0
2026-08-16T05:10:00.000Z,"282","8",16,0,0
2026-08-16T05:20:00.000Z,"305","8",16,0,0
2026-08-16T05:30:00.000Z,"286","8",16,0,0
2026-08-16T05:40:00.000Z,"281","8",16,0,0
2026-08-16T05:50:00.000Z,"273","8",16,0,0
2026-08-16T06:00:00.000Z,"280","8",16,0,0
2026-08-16T06:10:00.000Z,"272","8",16,0,0
2026-08-16T06:20:00.000Z,"276","8",16,0,0
2026-08-16T06:30:00.000Z,"278","8",16,0,0
2026-08-16T06:40:00.000Z,"292","8",16,0,0
2026-08-16T06:50:00.000Z,"268","8",16,0,0
2026-08-16T07:00:00.000Z,"277","8",16,0,0
2026-08-16T07:10:00.000Z,"271","8",16,0,0
2026-08-16T07:20:00.000Z,"273","8",16,0,0
2026-08-16T07:30:00.000Z,"282","8",16,0,0
2026-08-16T07:40:00.000Z,"273","8",16,0,0
2026-08-16T07:50:00.000Z,"351","8",16,0,0
2026-08-16T08:00:00.000Z,"355","8",16,0,0
2026-08-16T08:10:00.000Z,"356","8",16,0,0
2026-08-16T08:20:00.000Z,"338","8",16,0,0
2026-08-16T08:30:00.000Z,"326","8",16,0,0
2026-08-16T08:40:00.000Z,"304","8",16,0,0
2026-08-16T08:50:00.000Z,"305","8",16,0,0
2026-08-16T09:00:00.000Z,"304","8",16,0,0
2026-08-16T09:10:00.000Z,"295","8",16,0,0
2026-08-16T09:20:00.000Z,"282","8",16,0,0
2026-08-16T09:30:00.000Z,"273","8",16,0,0
2026-08-16T09:40:00.000Z,"269","8",16,0,0
2026-08-16T09:50:00.000Z,"259","8",16,0,0
2026-08-16T10:00:00.000Z,"249","8",16,0,0
2026-08-16T10:10:00.000Z,"248","8",16,0,0
2026-08-16T10:20:00.000Z,"249","8",16,0,0
2026-08-16T10:30:00.000Z,"283","8",16,0,0
2026-08-16T10:40:00.000Z,"256","8",16,0,0
2026-08-16T10:50:00.000Z,"260","8",16,0,0
2026-08-16T11:00:00.000Z,"239","8",16,0,0
2026-08-16T11:10:00.000Z,"270","8",16,0,0
2026-08-16T11:20:00.000Z,"249","8",16,0,0
2026-08-16T11:30:00.000Z,"261","8",16,0,0
2026-08-16T11:40:00.000Z,"246","8",16,0,0
2026-08-16T11:50:00.000Z,"250","8",16,0,0
2026-08-16T12:00:00.000Z,"243","8",16,0,0
2026-08-16T12:10:00.000Z,"237","8",16,0,0
2026-08-16T12:20:00.000Z,"233","8",16,0,0
2026-08-16T12:30:00.000Z,"241","8",16,0,0
2026-08-16T12:40:00.000Z,"180","8",16,0,0
2026-08-16T12:50:00.000Z,"237","8",16,0,0
2026-08-16T13:00:00.000Z,"214","8",16,0,0
2026-08-16T13:10:00.000Z,"218","8",16,0,0
2026-08-16T13:20:00.000Z,"239","8",16,0,0
2026-08-16T13:30:00.000Z,"252","8",16,0,0
2026-08-16T13:40:00.000Z,"262","8",16,0,0
2026-08-16T13:50:00.000Z,"267","8",16,0,0
2026-08-16T14:00:00.000Z,"284","8",16,0,0
2026-08-16T14:10:00.000Z,"256","8",16,0,0
2026-08-16T14:20:00.000Z,"288","8",16,0,0
2026-08-16T14:30:00.000Z,"234","8",16,0,0
2026-08-16T14:40:00.000Z,"294","8",16,0,0
2026-08-16T14:50:00.000Z,"291","8",16,0,0
2026-08-16T15:00:00.000Z,"265","8",16,0,0
2026-08-16T15:10:00.000Z,"294","8",16,0,0
2026-08-16T15:20:00.000Z,"300","8",16,0,0
2026-08-16T15:30:00.000Z,"288","8",16,0,0
2026-08-16T15:40:00.000Z,"302","8",16,0,0
2026-08-16T15:50:00.000Z,"336","8",16,0,0
2026-08-16T16:00:00.000Z,"309","8",16,0,0
2026-08-16T16:10:00.000Z,"306","8",16,0,0
2026-08-16T16:20:00.000Z,"284","8",16,0,0
2026-08-16T16:30:00.000Z,"284","8",16,0,0
2026-08-16T16:40:00.000Z,"267","8",16,0,0
2026-08-16T16:50:00.000Z,"276","8",16,0,0
2026-08-16T17:00:00.000Z,"276","8",16,0,0
2026-08-16T17:10:00.000Z,"302","8",16,0,0
2026-08-16T17:20:00.000Z,"290","8",16,0,0
2026-08-16T17:30:00.000Z,"280","8",16,0,0
2026-08-16T17:40:00.000Z,"302","8",16,0,0
2026-08-16T17:50:00.000Z,"286","8",16,0,0
2026-08-16T18:00:00.000Z,"273","8",16,0,0
2026-08-16T18:10:00.000Z,"271","8",16,0,0
2026-08-16T18:20:00.000Z,"277","8",16,0,0
2026-08-16T18:30:00.000Z,"284","8",16,0,0
2026-08-16T18:40:00.000Z,"280","8",16,0,0
2026-08-16T18:50:00.000Z,"280","8",16,0,0
2026-08-16T19:00:00.000Z,"279","8",16,0,0
2026-08-16T19:10:00.000Z,"277","8",16,0,0
2026-08-16T19:20:00.000Z,"277","8",16,0,0
2026-08-16T19:30:00.000Z,"280","8",16,0,0
2026-08-16T19:40:00.000Z,"292","8",16,0,0
2026-08-16T19:50:00.000Z,"288","8",16,0,0
2026-08-16T20:00:00.000Z,"288","8",16,0,0
2026-08-16T20:10:00.000Z,"272","8",16,0,0
2026-08-16T20:20:00.000Z,"280","8",16,0,0
2026-08-16T20:30:00.000Z,"272","8",16,0,0
2026-08-16T20:40:00.000Z,"276","8",16,0,0
2026-08-16T20:50:00.000Z,"274","8",16,0,0
2026-08-16T21:00:00.000Z,"272","8",16,0,0
2026-08-16T21:10:00.000Z,"271","8",16,0,0
2026-08-16T21:20:00.000Z,"268","8",16,0,0
2026-08-16T21:30:00.000Z,"268","8",16,0,0
2026-08-16T21:40:00.000Z,"269","8",16,0,0
2026-08-16T21:50:00.000Z,"266","8",16,0,0
2026-08-16T22:00:00.000Z,"267","8",16,0,0
2026-08-16T22:10:00.000Z,"268","8",16,0,0
2026-08-16T22:20:00.000Z,"266","8",16,0,0
2026-08-16T22:30:00.000Z,"218","8",16,0,0
2026-08-16T22:40:00.000Z,"255","8",16,0,0
2026-08-16T22:50:00.000Z,"260","8",16,0,0
2026-08-16T23:00:00.000Z,"261","8",16,0,0
2026-08-16T23:10:00.000Z,"264","8",16,0,0
2026-08-16T23:20:00.000Z,"266","8",16,0,0
2026-08-16T23:30:00.000Z,"262","8",16,0,0
2026-08-16T23:40:00.000Z,"260","8",16,0,0
2026-08-16T23:50:00.000Z,"260","8",16,0,0
2026-08-17T00:00:00.000Z,"293","8",16,0,0
2026-08-17T00:10:00.000Z,"267","8",16,0,0
2026-08-17T00:20:00.000Z,"269","8",16,0,0
2026-08-17T00:30:00.000Z,"259","8",16,0,0
2026-08-17T00:40:00.000Z,"262","8",16,0,0
2026-08-17T00:50:00.000Z,"256","8",16,0,0
2026-08-17T01:00:00.000Z,"249","8",16,0,0
2026-08-17T01:10:00.000Z,"259","8",16,0,0
2026-08-17T01:20:00.000Z,"265","8",16,0,0
2026-08-17T01:30:00.000Z,"268","8",16,0,0
2026-08-17T01:40:00.000Z,"252","8",16,0,0
2026-08-17T01:50:00.000Z,"258","8",16,0,0
2026-08-17T02:00:00.000Z,"259","8",16,0,0
2026-08-17T02:10:00.000Z,"258","8",16,0,0
2026-08-17T02:20:00.000Z,"264","8",16,0,0
2026-08-17T02:30:00.000Z,"263","8",16,0,0
2026-08-17T02:40:00.000Z,"263","8",16,0,0
2026-08-17T02:50:00.000Z,"261","8",16,0,0
2026-08-17T03:00:00.000Z,"261","8",16,0,0
2026-08-17T03:10:00.000Z,"261","8",16,0,0
2026-08-17T03:20:00.000Z,"270","8",16,0,0
2026-08-17T03:30:00.000Z,"154","8",16,0,0
2026-08-17T03:40:00.000Z,"273","8",16,0,0
2026-08-17T03:50:00.000Z,"282","8",16,0,0
2026-08-17T04:00:00.000Z,"280","8",16,0,0
2026-08-17T04:10:00.000Z,"312","8",16,0,0
2026-08-17T04:20:00.000Z,"284","8",16,0,0
2026-08-17T04:30:00.000Z,"282","8",16,0,0
2026-08-17T04:40:00.000Z,"283","8",16,0,0
2026-08-17T04:50:00.000Z,"272","8",16,0,0
2026-08-17T05:00:00.000Z,"268","8",16,0,0
2026-08-17T05:10:00.000Z,"267","8",16,0,0
2026-08-17T05:20:00.000Z,"269","8",16,0,0
2026-08-17T05:30:00.000Z,"277","8",16,0,0
2026-08-17T05:40:00.000Z,"259","8",16,0,0
2026-08-17T05:50:00.000Z,"272","8",16,0,0
2026-08-17T06:00:00.000Z,"267","8",16,0,0
2026-08-17T06:10:00.000Z,"268","8",16,0,0
2026-08-17T06:20:00.000Z,"269","8",16,0,0
2026-08-17T06:30:00.000Z,"305","8",16,0,0
2026-08-17T06:40:00.000Z,"273","8",16,0,0
2026-08-17T06:50:00.000Z,"270","8",16,0,0
2026-08-17T07:00:00.000Z,"264","8",16,0,0
2026-08-17T07:10:00.000Z,"268","8",16,0,0
2026-08-17T07:20:00.000Z,"266","8",16,0,0
2026-08-17T07:30:00.000Z,"271","8",16,0,0
2026-08-17T07:40:00.000Z,"263","8",16,0,0
2026-08-17T07:50:00.000Z,"297","8",16,0,0
2026-08-17T08:00:00.000Z,"278","8",16,0,0
2026-08-17T08:10:00.000Z,"282","8",16,0,0
2026-08-17T08:20:00.000Z,"275","8",16,0,0
2026-08-17T08:30:00.000Z,"277","8",16,0,0
2026-08-17T08:40:00.000Z,"273","8",16,0,0
2026-08-17T08:50:00.000Z,"276","8",16,0,0
2026-08-17T09:00:00.000Z,"280","8",16,0,0
2026-08-17T09:10:00.000Z,"283","8",16,0,0
2026-08-17T09:20:00.000Z,"280","8",16,0,0
2026-08-17T09:30:00.000Z,"281","8",16,0,0
2026-08-17T09:40:00.000Z,"278","8",16,0,0
2026-08-17T09:50:00.000Z,"280","8",16,0,0
2026-08-17T10:00:00.000Z,"281","8",16,0,0
2026-08-17T10:10:00.000Z,"282","8",16,0,0
2026-08-17T10:20:00.000Z,"319","8",16,0,0
2026-08-17T10:30:00.000Z,"300","8",16,0,0
2026-08-17T10:40:00.000Z,"305","8",16,0,0
2026-08-17T10:50:00.000Z,"301","8",16,0,0
2026-08-17T11:00:00.000Z,"300","8",16,0,0
2026-08-17T11:10:00.000Z,"328","8",16,0,0
2026-08-17T11:20:00.000Z,"309","8",16,0,0
2026-08-17T11:30:00.000Z,"309","8",16,0,0
2026-08-17T11:40:00.000Z,"314","8",16,0,0
2026-08-17T11:50:00.000Z,"345","8",16,0,0
2026-08-17T12:00:00.000Z,"318","8",16,0,0
2026-08-17T12:10:00.000Z,"323","8",16,0,0
2026-08-17T12:20:00.000Z,"318","8",16,0,0
2026-08-17T12:30:00.000Z,"339","8",16,0,0
2026-08-17T12:40:00.000Z,"339","8",16,0,0
2026-08-17T12:50:00.000Z,"372","8",16,0,0
2026-08-17T13:00:00.000Z,"359","8",16,0,0
2026-08-17T13:10:00.000Z,"337","8",16,0,0
2026-08-17T13:20:00.000Z,"329","8",16,0,0
2026-08-17T13:30:00.000Z,"329","8",16,0,0
2026-08-17T13:40:00.000Z,"342","8",16,0,0
2026-08-17T13:50:00.000Z,"343","8",16,0,0
2026-08-17T14:00:00.000Z,"326","8",16,0,0
2026-08-17T14:10:00.000Z,"326","8",16,0,0
2026-08-17T14:20:00.000Z,"348","8",16,0,0
2026-08-17T14:30:00.000Z,"338","8",16,0,0
2026-08-17T14:40:00.000Z,"339","8",16,0,0
2026-08-17T14:50:00.000Z,"338","8",16,0,0
2026-08-17T15:00:00.000Z,"362","8",16,0,0
2026-08-17T15:10:00.000Z,"364","8",16,0,0
2026-08-17T15:20:00.000Z,"365","8",16,0,0
2026-08-17T15:30:00.000Z,"336","8",16,0,0
2026-08-17T15:40:00.000Z,"368","8",16,0,0
2026-08-17T15:50:00.000Z,"341","8",16,0,0
2026-08-17T16:00:00.000Z,"341","8",16,0,0
2026-08-17T16:10:00.000Z,"179","8",16,0,0
2026-08-17T16:20:00.000Z,"312","8",16,0,0
2026-08-17T16:30:00.000Z,"355","8",16,0,0
2026-08-17T16:40:00.000Z,"336","8",16,0,0
2026-08-17T16:50:00.000Z,"338","8",16,0,0
2026-08-17T17:00:00.000Z,"341","8",16,0,0
2026-08-17T17:10:00.000Z,"327","8",16,0,0
2026-08-17T17:20:00.000Z,"328","8",16,0,0
2026-08-17T17:30:00.000Z,"317","8",16,0,0
2026-08-17T17:40:00.000Z,"323","8",16,0,0
2026-08-17T17:50:00.000Z,"320","8",16,0,0
2026-08-17T18:00:00.000Z,"325","8",16,0,0
2026-08-17T18:10:00.000Z,"318","8",16,0,0
2026-08-17T18:20:00.000Z,"305","8",16,0,0
2026-08-17T18:30:00.000Z,"300","8",16,0,0
2026-08-17T18:40:00.000Z,"295","8",16,0,0
2026-08-17T18:50:00.000Z,"305","8",16,0,0
2026-08-17T19:00:00.000Z,"305","8",16,0,0
2026-08-17T19:10:00.000Z,"305","8",16,0,0
2026-08-17T19:20:00.000Z,"303","8",16,0,0
2026-08-17T19:30:00.000Z,"299","8",16,0,0
2026-08-17T19:40:00.000Z,"301","8",16,0,0
2026-08-17T19:50:00.000Z,"300","8",16,0,0
2026-08-17T20:00:00.000Z,"300","8",16,0,0
2026-08-17T20:10:00.000Z,"296","8",16,0,0
2026-08-17T20:20:00.000Z,"296","8",16,0,0
2026-08-17T20:30:00.000Z,"297","8",16,0,0
2026-08-17T20:40:00.000Z,"298","8",16,0,0
2026-08-17T20:50:00.000Z,"297","8",16,0,0
2026-08-17T21:00:00.000Z,"296","8",16,0,0
2026-08-17T21:10:00.000Z,"297","8",16,0,0
2026-08-17T21:20:00.000Z,"298","8",16,0,0
2026-08-17T21:30:00.000Z,"299","8",16,0,0
2026-08-17T21:40:00.000Z,"317","8",16,0,0
2026-08-17T21:50:00.000Z,"321","8",16,0,0
2026-08-17T22:00:00.000Z,"319","8",16,0,0
2026-08-17T22:10:00.000Z,"168","8",16,0,0
2026-08-17T22:20:00.000Z,"310","8",16,0,0
2026-08-17T22:30:00.000Z,"318","8",16,0,0
2026-08-17T22:40:00.000Z,"326","8",16,0,0
2026-08-17T22:50:00.000Z,"322","8",16,0,0
2026-08-17T23:00:00.000Z,"314","8",16,0,0
2026-08-17T23:10:00.000Z,"314","8",16,0,0
2026-08-17T23:20:00.000Z,"310","8",16,0,0
2026-08-17T23:30:00.000Z,"307","8",16,0,0
2026-08-17T23:40:00.000Z,"304","8",16,0,0
2026-08-17T23:50:00.000Z,"258","8",16,0,0
2026-08-18T00:00:00.000Z,"295","8",16,0,0
2026-08-18T00:10:00.000Z,"300","8",16,0,0
2026-08-18T00:20:00.000Z,"331","8",16,0,0
2026-08-18T00:30:00.000Z,"314","8",16,0,0
2026-08-18T00:40:00.000Z,"312","8",16,0,0
2026-08-18T00:50:00.000Z,"307","8",16,0,0
2026-08-18T01:00:00.000Z,"307","8",16,0,0
2026-08-18T01:10:00.000Z,"306","8",16,0,0
2026-08-18T01:20:00.000Z,"307","8",16,0,0
2026-08-18T01:30:00.000Z,"305","8",16,0,0
2026-08-18T01:40:00.000Z,"314","8",16,0,0
2026-08-18T01:50:00.000Z,"321","8",16,0,0
2026-08-18T02:00:00.000Z,"325","8",16,0,0
2026-08-18T02:10:00.000Z,"319","8",16,0,0
2026-08-18T02:20:00.000Z,"308","8",16,0,0
2026-08-18T02:30:00.000Z,"306","8",16,0,0
2026-08-18T02:40:00.000Z,"306","8",16,0,0
2026-08-18T02:50:00.000Z,"309","8",16,0,0
2026-08-18T03:00:00.000Z,"309","8",16,0,0
2026-08-18T03:10:00.000Z,"310","8",16,0,0
2026-08-18T03:20:00.000Z,"316","8",16,0,0
2026-08-18T03:30:00.000Z,"312","8",16,0,0
2026-08-18T03:40:00.000Z,"314","8",16,0,0
2026-08-18T03:50:00.000Z,"310","8",16,0,0
2026-08-18T04:00:00.000Z,"309","8",16,0,0
2026-08-18T04:10:00.000Z,"310","8",16,0,0
2026-08-18T04:20:00.000Z,"310","8",16,0,0
2026-08-18T04:30:00.000Z,"310","8",16,0,0
2026-08-18T04:40:00.000Z,"298","8",16,0,0
2026-08-18T04:50:00.000Z,"305","8",16,0,0
2026-08-18T05:00:00.000Z,"303","8",16,0,0
2026-08-18T05:10:00.000Z,"307","8",16,0,0
2026-08-18T05:20:00.000Z,"304","8",16,0,0
2026-08-18T05:30:00.000Z,"304","8",16,0,0
2026-08-18T05:40:00.000Z,"304","8",16,0,0
2026-08-18T05:50:00.000Z,"303","8",16,0,0
2026-08-18T06:00:00.000Z,"304","8",16,0,0
2026-08-18T06:10:00.000Z,"304","8",16,0,0
2026-08-18T06:20:00.000Z,"304","8",16,0,0
2026-08-18T06:30:00.000Z,"303","8",16,0,0
2026-08-18T06:40:00.000Z,"302","8",16,0,0
2026-08-18T06:50:00.000Z,"302","8",16,0,0
2026-08-18T07:00:00.000Z,"302","8",16,0,0
2026-08-18T07:10:00.000Z,"302","8",16,0,0
2026-08-18T07:20:00.000Z,"302","8",16,0,0
2026-08-18T07:30:00.000Z,"302","8",16,0,0
2026-08-18T07:40:00.000Z,"293","8",16,0,0
2026-08-18T07:50:00.000Z,"298","8",16,0,0
2026-08-18T08:00:00.000Z,"261","8",16,0,0
2026-08-18T08:10:00.000Z,"296","8",16,0,0
2026-08-18T08:20:00.000Z,"293","8",16,0,0
2026-08-18T08:30:00.000Z,"292","8",16,0,0
2026-08-18T08:40:00.000Z,"294","8",16,0,0
2026-08-18T08:50:00.000Z,"294","8",16,0,0
2026-08-18T09:00:00.000Z,"286","8",16,0,0
2026-08-18T09:10:00.000Z,"286","8",16,0,0
2026-08-18T09:20:00.000Z,"288","8",16,0,0
2026-08-18T09:30:00.000Z,"291","8",16,0,0
2026-08-18T09:40:00.000Z,"293","8",16,0,0
2026-08-18T09:50:00.000Z,"289","8",16,0,0
2026-08-18T10:00:00.000Z,"303","8",16,0,0
2026-08-18T10:10:00.000Z,"274","8",16,0,0
2026-08-18T10:20:00.000Z,"273","8",16,0,0
2026-08-18T10:30:00.000Z,"266","8",16,0,0
2026-08-18T10:40:00.000Z,"271","8",16,0,0
2026-08-18T10:50:00.000Z,"271","8",16,0,0
2026-08-18T11:00:00.000Z,"279","8",16,0,0
2026-08-18T11:10:00.000Z,"308","8",16,0,0
2026-08-18T11:20:00.000Z,"300","8",16,0,0
2026-08-18T11:30:00.000Z,"282","8",16,0,0
2026-08-18T11:40:00.000Z,"261","8",16,0,0
2026-08-18T11:50:00.000Z,"294","8",16,0,0
2026-08-18T12:00:00.000Z,"295","8",16,0,0
2026-08-18T12:10:00.000Z,"328","8",16,0,0
2026-08-18T12:20:00.000Z,"317","8",16,0,0
2026-08-18T12:30:00.000Z,"337","8",16,0,0
2026-08-18T12:40:00.000Z,"314","8",16,0,0
2026-08-18T12:50:00.000Z,"344","8",16,0,0
2026-08-18T13:00:00.000Z,"345","8",16,0,0
2026-08-18T13:10:00.000Z,"343","8",16,0,0
2026-08-18T13:20:00.000Z,"323","8",16,0,0
2026-08-18T13:30:00.000Z,"346","8",16,0,0
2026-08-18T13:40:00.000Z,"344","8",16,0,0
2026-08-18T13:50:00.000Z,"371","8",16,0,0
2026-08-18T14:00:00.000Z,"358","8",16,0,0
2026-08-18T14:10:00.000Z,"362","8",16,0,0
2026-08-18T14:20:00.000Z,"351","8",16,0,0
2026-08-18T14:30:00.000Z,"339","8",16,0,0
2026-08-18T14:40:00.000Z,"344","8",16,0,0
2026-08-18T14:50:00.000Z,"331","8",16,0,0
2026-08-18T15:00:00.000Z,"336","8",16,0,0
2026-08-18T15:10:00.000Z,"347","8",16,0,0
2026-08-18T15:20:00.000Z,"359","8",16,0,0
2026-08-18T15:30:00.000Z,"341","8",16,0,0
2026-08-18T15:40:00.000Z,"278","8",16,0,0
2026-08-18T15:50:00.000Z,"348","8",16,0,0
2026-08-18T16:00:00.000Z,"316","8",16,0,0
2026-08-18T16:10:00.000Z,"311","8",16,0,0
2026-08-18T16:20:00.000Z,"298","8",16,0,0
2026-08-18T16:30:00.000Z,"284","8",16,0,0
2026-08-18T16:40:00.000Z,"300","8",16,0,0
2026-08-18T16:50:00.000Z,"302","8",16,0,0
2026-08-18T17:00:00.000Z,"289","8",16,0,0
2026-08-18T17:10:00.000Z,"288","8",16,0,0
2026-08-18T17:20:00.000Z,"285","8",16,0,0
2026-08-18T17:30:00.000Z,"283","8",16,0,0
2026-08-18T17:40:00.000Z,"275","8",16,0,0
2026-08-18T17:50:00.000Z,"283","8",16,0,0
2026-08-18T18:00:00.000Z,"268","8",16,0,0
2026-08-18T18:10:00.000Z,"273","8",16,0,0
2026-08-18T18:20:00.000Z,"266","8",16,0,0
2026-08-18T18:30:00.000Z,"268","8",16,0,0
2026-08-18T18:40:00.000Z,"258","8",16,0,0
2026-08-18T18:50:00.000Z,"256","8",16,0,0
2026-08-18T19:00:00.000Z,"258","8",16,0,0
2026-08-18T19:10:00.000Z,"256","8",16,0,0
2026-08-18T19:20:00.000Z,"256","8",16,0,0
2026-08-18T19:30:00.000Z,"251","8",16,0,0
2026-08-18T19:40:00.000Z,"246","8",16,0,0
2026-08-18T19:50:00.000Z,"251","8",16,0,0
2026-08-18T20:00:00.000Z,"252","8",16,0,0
2026-08-18T20:10:00.000Z,"252","8",16,0,0
2026-08-18T20:20:00.000Z,"251","8",16,0,0
2026-08-18T20:30:00.000Z,"248","8",16,0,0
2026-08-18T20:40:00.000Z,"246","8",16,0,0
2026-08-18T20:50:00.000Z,"243","8",16,0,0
2026-08-18T21:00:00.000Z,"241","8",16,0,0
2026-08-18T21:10:00.000Z,"241","8",16,0,0
2026-08-18T21:20:00.000Z,"241","8",16,0,0
2026-08-18T21:30:00.000Z,"241","8",16,0,0
2026-08-18T21:40:00.000Z,"277","8",16,0,0
2026-08-18T21:50:00.000Z,"269","8",16,0,0
2026-08-18T22:00:00.000Z,"265","8",16,0,0
2026-08-18T22:10:00.000Z,"256","8",16,0,0
2026-08-18T22:20:00.000Z,"254","8",16,0,0
2026-08-18T22:30:00.000Z,"259","8",16,0,0
2026-08-18T22:40:00.000Z,"264","8",16,0,0
2026-08-18T22:50:00.000Z,"268","8",16,0,0
2026-08-18T23:00:00.000Z,"268","8",16,0,0
2026-08-18T23:10:00.000Z,"282","8",16,0,0
2026-08-18T23:20:00.000Z,"284","8",16,0,0
2026-08-18T23:30:00.000Z,"252","8",16,0,0
2026-08-18T23:40:00.000Z,"275","8",16,0,0
2026-08-18T23:50:00.000Z,"279","8",16,0,0
2026-08-19T00:00:00.000Z,"273","8",16,0,0
2026-08-19T00:10:00.000Z,"277","8",16,0,0
2026-08-19T00:20:00.000Z,"274","8",16,0,0
2026-08-19T00:30:00.000Z,"274","8",16,0,0
2026-08-19T00:40:00.000Z,"269","8",16,0,0
2026-08-19T00:50:00.000Z,"274","8",16,0,0
2026-08-19T01:00:00.000Z,"274","8",16,0,0
2026-08-19T01:10:00.000Z,"273","8",16,0,0
2026-08-19T01:20:00.000Z,"273","8",16,0,0
2026-08-19T01:30:00.000Z,"275","8",16,0,0
2026-08-19T01:40:00.000Z,"275","8",16,0,0
2026-08-19T01:50:00.000Z,"275","8",16,0,0
2026-08-19T02:00:00.000Z,"274","8",16,0,0
2026-08-19T02:10:00.000Z,"273","8",16,0,0
2026-08-19T02:20:00.000Z,"271","8",16,0,0
2026-08-19T02:30:00.000Z,"273","8",16,0,0
2026-08-19T02:40:00.000Z,"272","8",16,0,0
2026-08-19T02:50:00.000Z,"273","8",16,0,0
2026-08-19T03:00:00.000Z,"271","8",16,0,0
2026-08-19T03:10:00.000Z,"271","8",16,0,0
2026-08-19T03:20:00.000Z,"271","8",16,0,0
2026-08-19T03:30:00.000Z,"266","8",16,0,0
2026-08-19T03:40:00.000Z,"264","8",16,0,0
2026-08-19T03:50:00.000Z,"263","8",16,0,0
2026-08-19T04:00:00.000Z,"263","8",16,0,0
2026-08-19T04:10:00.000Z,"264","8",16,0,0
2026-08-19T04:20:00.000Z,"266","8",16,0,0
2026-08-19T04:30:00.000Z,"264","8",16,0,0
2026-08-19T04:40:00.000Z,"266","8",16,0,0
2026-08-19T04:50:00.000Z,"266","8",16,0,0
2026-08-19T05:00:00.000Z,"266","8",16,0,0
2026-08-19T05:10:00.000Z,"268","8",16,0,0
2026-08-19T05:20:00.000Z,"266","8",16,0,0
2026-08-19T05:30:00.000Z,"266","8",16,0,0
2026-08-19T05:40:00.000Z,"266","8",16,0,0
2026-08-19T05:50:00.000Z,"266","8",16,0,0
2026-08-19T06:00:00.000Z,"269","8",16,0,0
2026-08-19T06:10:00.000Z,"268","8",16,0,0
2026-08-19T06:20:00.000Z,"264","8",16,0,0
2026-08-19T06:30:00.000Z,"266","8",16,0,0
2026-08-19T06:40:00.000Z,"266","8",16,0,0
2026-08-19T06:50:00.000Z,"268","8",16,0,0
2026-08-19T07:00:00.000Z,"271","8",16,0,0
2026-08-19T07:10:00.000Z,"271","8",16,0,0
2026-08-19T07:20:00.000Z,"256","8",16,0,0
2026-08-19T07:30:00.000Z,"256","8",16,0,0
2026-08-19T07:40:00.000Z,"254","8",16,0,0
2026-08-19T07:50:00.000Z,"259","8",16,0,0
2026-08-19T08:00:00.000Z,"264","8",16,0,0
2026-08-19T08:10:00.000Z,"268","8",16,0,0
2026-08-19T08:20:00.000Z,"266","8",16,0,0
2026-08-19T08:30:00.000Z,"269","8",16,0,0
2026-08-19T08:40:00.000Z,"266","8",16,0,0
2026-08-19T08:50:00.000Z,"264","8",16,0,0
2026-08-19T09:00:00.000Z,"264","8",16,0,0
2026-08-19T09:10:00.000Z,"264","8",16,0,0
2026-08-19T09:20:00.000Z,"263","8",16,0,0
2026-08-19T09:30:00.000Z,"264","8",16,0,0
2026-08-19T09:40:00.000Z,"294","8",16,0,0
2026-08-19T09:50:00.000Z,"269","8",16,0,0
2026-08-19T10:00:00.000Z,"268","8",16,0,0
2026-08-19T10:10:00.000Z,"261","8",16,0,0
2026-08-19T10:20:00.000Z,"261","8",16,0,0
2026-08-19T10:30:00.000Z,"271","8",16,0,0
2026-08-19T10:40:00.000Z,"281","8",16,0,0
2026-08-19T10:50:00.000Z,"283","8",16,0,0
2026-08-19T11:00:00.000Z,"298","8",16,0,0
2026-08-19T11:10:00.000Z,"299","8",16,0,0
2026-08-19T11:20:00.000Z,"300","8",16,0,0
2026-08-19T11:30:00.000Z,"294","8",16,0,0
2026-08-19T11:40:00.000Z,"290","8",16,0,0
2026-08-19T11:50:00.000Z,"277","8",16,0,0
2026-08-19T12:00:00.000Z,"288","8",16,0,0
2026-08-19T12:10:00.000Z,"286","8",16,0,0
2026-08-19T12:20:00.000Z,"288","8",16,0,0
2026-08-19T12:30:00.000Z,"282","8",16,0,0
2026-08-19T12:40:00.000Z,"281","8",16,0,0
2026-08-19T12:50:00.000Z,"275","8",16,0,0
2026-08-19T13:00:00.000Z,"275","8",16,0,0
2026-08-19T13:10:00.000Z,"243","8",16,0,0
2026-08-19T13:20:00.000Z,"273","8",16,0,0
2026-08-19T13:30:00.000Z,"273","8",16,0,0
2026-08-19T13:40:00.000Z,"276","8",16,0,0
2026-08-19T13:50:00.000Z,"266","8",16,0,0
2026-08-19T14:00:00.000Z,"271","8",16,0,0
2026-08-19T14:10:00.000Z,"273","8",16,0,0
2026-08-19T14:20:00.000Z,"274","8",16,0,0
2026-08-19T14:30:00.000Z,"273","8",16,0,0
2026-08-19T14:40:00.000Z,"279","8",16,0,0
2026-08-19T14:50:00.000Z,"69","8",16,0,0
2026-08-19T15:00:00.000Z,"202","8",16,0,0
2026-08-19T15:10:00.000Z,"272","8",16,0,0
2026-08-19T15:20:00.000Z,"275","8",16,0,0
2026-08-19T15:30:00.000Z,"265","8",16,0,0
2026-08-19T15:40:00.000Z,"268","8",16,0,0
2026-08-19T15:50:00.000Z,"262","8",16,0,0
2026-08-19T16:00:00.000Z,"263","8",16,0,0
2026-08-19T16:10:00.000Z,"265","8",16,0,0
2026-08-19T16:20:00.000Z,"266","8",16,0,0
2026-08-19T16:30:00.000Z,"268","8",16,0,0
2026-08-19T16:40:00.000Z,"267","8",16,0,0
2026-08-19T16:50:00.000Z,"264","8",16,0,0
2026-08-19T17:00:00.000Z,"262","8",16,0,0
2026-08-19T17:10:00.000Z,"259","8",16,0,0
2026-08-19T17:20:00.000Z,"267","8",16,0,0
2026-08-19T17:30:00.000Z,"259","8",16,0,0
2026-08-19T17:40:00.000Z,"298","8",16,0,0
2026-08-19T17:50:00.000Z,"282","8",16,0,0
2026-08-19T18:00:00.000Z,"286","8",16,0,0
2026-08-19T18:10:00.000Z,"278","8",16,0,0
2026-08-19T18:20:00.000Z,"269","8",16,0,0
2026-08-19T18:30:00.000Z,"273","8",16,0,0
2026-08-19T18:40:00.000Z,"283","8",16,0,0
2026-08-19T18:50:00.000Z,"280","8",16,0,0
2026-08-19T19:00:00.000Z,"292","8",16,0,0
2026-08-19T19:10:00.000Z,"284","8",16,0,0
2026-08-19T19:20:00.000Z,"292","8",16,0,0
2026-08-19T19:30:00.000Z,"290","8",16,0,0
2026-08-19T19:40:00.000Z,"300","8",16,0,0
2026-08-19T19:50:00.000Z,"313","8",16,0,0
2026-08-19T20:00:00.000Z,"311","8",16,0,0
2026-08-19T20:10:00.000Z,"305","8",16,0,0
2026-08-19T20:20:00.000Z,"292","8",16,0,0
2026-08-19T20:30:00.000Z,"302","8",16,0,0
2026-08-19T20:40:00.000Z,"307","8",16,0,0
2026-08-19T20:50:00.000Z,"306","8",16,0,0
2026-08-19T21:00:00.000Z,"308","8",16,0,0
2026-08-19T21:10:00.000Z,"320","8",16,0,0
2026-08-19T21:20:00.000Z,"309","8",16,0,0
2026-08-19T21:30:00.000Z,"309","8",16,0,0
2026-08-19T21:40:00.000Z,"303","8",16,0,0
2026-08-19T21:50:00.000Z,"301","8",16,0,0
2026-08-19T22:00:00.000Z,"300","8",16,0,0
2026-08-19T22:10:00.000Z,"300","8",16,0,0
2026-08-19T22:20:00.000Z,"298","8",16,0,0
2026-08-19T22:30:00.000Z,"298","8",16,0,0
2026-08-19T22:40:00.000Z,"298","8",16,0,0
2026-08-19T22:50:00.000Z,"298","8",16,0,0
2026-08-19T23:00:00.000Z,"288","8",16,0,0
2026-08-19T23:10:00.000Z,"292","8",16,0,0
2026-08-19T23:20:00.000Z,"292","8",16,0,0
2026-08-19T23:30:00.000Z,"294","8",16,0,0
2026-08-19T23:40:00.000Z,"285","8",16,0,0
2026-08-19T23:50:00.000Z,"288","8",16,0,0
2026-08-20T00:00:00.000Z,"288","8",16,0,0
2026-08-20T00:10:00.000Z,"288","8",16,0,0
2026-08-20T00:20:00.000Z,"288","8",16,0,0
2026-08-20T00:30:00.000Z,"285","8",16,0,0
2026-08-20T00:40:00.000Z,"286","8",16,0,0
2026-08-20T00:50:00.000Z,"284","8",16,0,0
2026-08-20T01:00:00.000Z,"285","8",16,0,0
2026-08-20T01:10:00.000Z,"284","8",16,0,0
2026-08-20T01:20:00.000Z,"282","8",16,0,0
2026-08-20T01:30:00.000Z,"283","8",16,0,0
2026-08-20T01:40:00.000Z,"279","8",16,0,0
2026-08-20T01:50:00.000Z,"279","8",16,0,0
2026-08-20T02:00:00.000Z,"277","8",16,0,0
2026-08-20T02:10:00.000Z,"280","8",16,0,0
2026-08-20T02:20:00.000Z,"280","8",16,0,0
2026-08-20T02:30:00.000Z,"280","8",16,0,0
2026-08-20T02:40:00.000Z,"284","8",16,0,0
2026-08-20T02:50:00.000Z,"284","8",16,0,0
2026-08-20T03:00:00.000Z,"285","8",16,0,0
2026-08-20T03:10:00.000Z,"285","8",16,0,0
2026-08-20T03:20:00.000Z,"288","8",16,0,0
2026-08-20T03:30:00.000Z,"296","8",16,0,0
2026-08-20T03:40:00.000Z,"300","8",16,0,0
2026-08-20T03:50:00.000Z,"303","8",16,0,0
2026-08-20T04:00:00.000Z,"305","8",16,0,0
2026-08-20T04:10:00.000Z,"305","8",16,0,0
2026-08-20T04:20:00.000Z,"307","8",16,0,0
2026-08-20T04:30:00.000Z,"307","8",16,0,0
2026-08-20T04:40:00.000Z,"309","8",16,0,0
2026-08-20T04:50:00.000Z,"309","8",16,0,0
2026-08-20T05:00:00.000Z,"314","8",16,0,0
2026-08-20T05:10:00.000Z,"320","8",16,0,0
2026-08-20T05:20:00.000Z,"321","8",16,0,0
2026-08-20T05:30:00.000Z,"345","8",16,0,0
2026-08-20T05:40:00.000Z,"332","8",16,0,0
2026-08-20T05:50:00.000Z,"335","8",16,0,0
2026-08-20T06:00:00.000Z,"327","8",16,0,0
2026-08-20T06:10:00.000Z,"321","8",16,0,0
2026-08-20T06:20:00.000Z,"321","8",16,0,0
2026-08-20T06:30:00.000Z,"323","8",16,0,0
2026-08-20T06:40:00.000Z,"333","8",16,0,0
2026-08-20T06:50:00.000Z,"343","8",16,0,0
2026-08-20T07:00:00.000Z,"334","8",16,0,0
2026-08-20T07:10:00.000Z,"327","8",16,0,0
2026-08-20T07:20:00.000Z,"314","8",16,0,0
2026-08-20T07:30:00.000Z,"310","8",16,0,0
2026-08-20T07:40:00.000Z,"304","8",16,0,0
2026-08-20T07:50:00.000Z,"325","8",16,0,0
2026-08-20T08:00:00.000Z,"305","8",16,0,0
2026-08-20T08:10:00.000Z,"311","8",16,0,0
2026-08-20T08:20:00.000Z,"300","8",16,0,0
2026-08-20T08:30:00.000Z,"300","8",16,0,0
2026-08-20T08:40:00.000Z,"292","8",16,0,0
2026-08-20T08:50:00.000Z,"292","8",16,0,0
2026-08-20T09:00:00.000Z,"285","8",16,0,0
2026-08-20T09:10:00.000Z,"291","8",16,0,0
2026-08-20T09:20:00.000Z,"283","8",16,0,0
2026-08-20T09:30:00.000Z,"284","8",16,0,0
2026-08-20T09:40:00.000Z,"268","8",16,0,0
2026-08-20T09:50:00.000Z,"273","8",16,0,0
2026-08-20T10:00:00.000Z,"266","8",16,0,0
2026-08-20T10:10:00.000Z,"266","8",16,0,0
2026-08-20T10:20:00.000Z,"258","8",16,0,0
2026-08-20T10:30:00.000Z,"261","8",16,0,0
2026-08-20T10:40:00.000Z,"260","8",16,0,0
2026-08-20T10:50:00.000Z,"246","8",16,0,0
2026-08-20T11:00:00.000Z,"254","8",16,0,0
2026-08-20T11:10:00.000Z,"249","8",16,0,0
2026-08-20T11:20:00.000Z,"248","8",16,0,0
2026-08-20T11:30:00.000Z,"280","8",16,0,0
2026-08-20T11:40:00.000Z,"256","8",16,0,0
2026-08-20T11:50:00.000Z,"226","8",16,0,0
2026-08-20T12:00:00.000Z,"252","8",16,0,0
2026-08-20T12:10:00.000Z,"210","8",16,0,0
2026-08-20T12:20:00.000Z,"239","8",16,0,0
2026-08-20T12:30:00.000Z,"242","8",16,0,0
2026-08-20T12:40:00.000Z,"271","8",16,0,0
2026-08-20T12:50:00.000Z,"256","8",16,0,0
2026-08-20T13:00:00.000Z,"237","8",16,0,0
2026-08-20T13:10:00.000Z,"229","8",16,0,0
2026-08-20T13:20:00.000Z,"241","8",16,0,0
2026-08-20T13:30:00.000Z,"216","8",16,0,0
2026-08-20T13:40:00.000Z,"236","8",16,0,0
2026-08-20T13:50:00.000Z,"231","8",16,0,0
2026-08-20T14:00:00.000Z,"239","8",16,0,0
2026-08-20T14:10:00.000Z,"231","8",16,0,0
2026-08-20T14:20:00.000Z,"270","8",16,0,0
2026-08-20T14:30:00.000Z,"241","8",16,0,0
2026-08-20T14:40:00.000Z,"234","8",16,0,0
2026-08-20T14:50:00.000Z,"241","8",16,0,0
2026-08-20T15:00:00.000Z,"148","8",16,0,0
2026-08-20T15:10:00.000Z,"273","8",16,0,0
2026-08-20T15:20:00.000Z,"254","8",16,0,0
2026-08-20T15:30:00.000Z,"249","8",16,0,0
2026-08-20T15:40:00.000Z,"249","8",16,0,0
2026-08-20T15:50:00.000Z,"248","8",16,0,0
2026-08-20T16:00:00.000Z,"246","8",16,0,0
2026-08-20T16:10:00.000Z,"252","8",16,0,0
2026-08-20T16:20:00.000Z,"254","8",16,0,0
2026-08-20T16:30:00.000Z,"259","8",16,0,0
2026-08-20T16:40:00.000Z,"249","8",16,0,0
2026-08-20T16:50:00.000Z,"260","8",16,0,0
2026-08-20T17:00:00.000Z,"255","8",16,0,0
2026-08-20T17:10:00.000Z,"257","8",16,0,0
2026-08-20T17:20:00.000Z,"274","8",16,0,0
2026-08-20T17:30:00.000Z,"262","8",16,0,0
2026-08-20T17:40:00.000Z,"204","8",16,0,0
2026-08-20T17:50:00.000Z,"257","8",16,0,0
2026-08-20T18:00:00.000Z,"272","8",16,0,0
2026-08-20T18:10:00.000Z,"263","8",16,0,0
2026-08-20T18:20:00.000Z,"274","8",16,0,0
2026-08-20T18:30:00.000Z,"282","8",16,0,0
2026-08-20T18:40:00.000Z,"295","8",16,0,0
2026-08-20T18:50:00.000Z,"293","8",16,0,0
2026-08-20T19:00:00.000Z,"292","8",16,0,0
2026-08-20T19:10:00.000Z,"284","8",16,0,0
2026-08-20T19:20:00.000Z,"290","8",16,0,0
2026-08-20T19:30:00.000Z,"302","8",16,0,0
2026-08-20T19:40:00.000Z,"309","8",16,0,0
2026-08-20T19:50:00.000Z,"309","8",16,0,0
2026-08-20T20:00:00.000Z,"310","8",16,0,0
2026-08-20T20:10:00.000Z,"310","8",16,0,0
2026-08-20T20:20:00.000Z,"324","8",16,0,0
2026-08-20T20:30:00.000Z,"342","8",16,0,0
2026-08-20T20:40:00.000Z,"341","8",16,0,0
2026-08-20T20:50:00.000Z,"350","8",16,0,0
2026-08-20T21:00:00.000Z,"349","8",16,0,0
2026-08-20T21:10:00.000Z,"355","8",16,0,0
2026-08-20T21:20:00.000Z,"365","8",16,0,0
2026-08-20T21:30:00.000Z,"368","8",16,0,0
2026-08-20T21:40:00.000Z,"374","8",16,0,0
2026-08-20T21:50:00.000Z,"366","8",16,0,0
2026-08-20T22:00:00.000Z,"397","8",16,0,0
2026-08-20T22:10:00.000Z,"362","8",16,0,0
2026-08-20T22:20:00.000Z,"386","8",16,0,0
2026-08-20T22:30:00.000Z,"372","8",16,0,0
2026-08-20T22:40:00.000Z,"378","8",16,0,0
2026-08-20T22:50:00.000Z,"377","8",16,0,0
2026-08-20T23:00:00.000Z,"385","8",16,0,0
2026-08-20T23:10:00.000Z,"385","8",16,0,0
2026-08-20T23:20:00.000Z,"384","8",16,0,0
2026-08-20T23:30:00.000Z,"376","8",16,0,0
2026-08-20T23:40:00.000Z,"370","8",16,0,0
2026-08-20T23:50:00.000Z,"361","8",16,0,0
2026-08-21T00:00:00.000Z,"356","8",16,0,0
2026-08-21T00:10:00.000Z,"350","8",16,0,0
2026-08-21T00:20:00.000Z,"350","8",16,0,0
2026-08-21T00:30:00.000Z,"350","8",16,0,0
2026-08-21T00:40:00.000Z,"350","8",16,0,0
2026-08-21T00:50:00.000Z,"345","8",16,0,0
2026-08-21T01:00:00.000Z,"339","8",16,0,0
2026-08-21T01:10:00.000Z,"339","8",16,0,0
2026-08-21T01:20:00.000Z,"335","8",16,0,0
2026-08-21T01:30:00.000Z,"339","8",16,0,0
2026-08-21T01:40:00.000Z,"340","8",16,0,0
2026-08-21T01:50:00.000Z,"337","8",16,0,0
2026-08-21T02:00:00.000Z,"337","8",16,0,0
2026-08-21T02:10:00.000Z,"319","8",16,0,0
2026-08-21T02:20:00.000Z,"284","8",16,0,0
2026-08-21T02:30:00.000Z,"321","8",16,0,0
2026-08-21T02:40:00.000Z,"321","8",16,0,0
2026-08-21T02:50:00.000Z,"319","8",16,0,0
2026-08-21T03:00:00.000Z,"329","8",16,0,0
2026-08-21T03:10:00.000Z,"240","8",16,0,0
2026-08-21T03:20:00.000Z,"323","8",16,0,0
2026-08-21T03:30:00.000Z,"321","8",16,0,0
2026-08-21T03:40:00.000Z,"317","8",16,0,0
2026-08-21T03:50:00.000Z,"316","8",16,0,0
2026-08-21T04:00:00.000Z,"338","8",16,0,0
2026-08-21T04:10:00.000Z,"335","8",16,0,0
2026-08-21T04:20:00.000Z,"335","8",16,0,0
2026-08-21T04:30:00.000Z,"331","8",16,0,0
2026-08-21T04:40:00.000Z,"331","8",16,0,0
2026-08-21T04:50:00.000Z,"321","8",16,0,0
2026-08-21T05:00:00.000Z,"327","8",16,0,0
2026-08-21T05:10:00.000Z,"326","8",16,0,0
2026-08-21T05:20:00.000Z,"335","8",16,0,0
2026-08-21T05:30:00.000Z,"333","8",16,0,0
2026-08-21T05:40:00.000Z,"325","8",16,0,0
2026-08-21T05:50:00.000Z,"331","8",16,0,0
2026-08-21T06:00:00.000Z,"331","8",16,0,0
2026-08-21T06:10:00.000Z,"334","8",16,0,0
2026-08-21T06:20:00.000Z,"336","8",16,0,0
2026-08-21T06:30:00.000Z,"337","8",16,0,0
2026-08-21T06:40:00.000Z,"361","8",16,0,0
2026-08-21T06:50:00.000Z,"343","8",16,0,0
2026-08-21T07:00:00.000Z,"350","8",16,0,0
2026-08-21T07:10:00.000Z,"349","8",16,0,0
2026-08-21T07:20:00.000Z,"352","8",16,0,0
2026-08-21T07:30:00.000Z,"353","8",16,0,0
2026-08-21T07:40:00.000Z,"356","8",16,0,0
2026-08-21T07:50:00.000Z,"352","8",16,0,0
2026-08-21T08:00:00.000Z,"358","8",16,0,0
2026-08-21T08:10:00.000Z,"353","8",16,0,0
2026-08-21T08:20:00.000Z,"354","8",16,0,0
2026-08-21T08:30:00.000Z,"356","8",16,0,0
2026-08-21T08:40:00.000Z,"357","8",16,0,0
2026-08-21T08:50:00.000Z,"358","8",16,0,0
2026-08-21T09:00:00.000Z,"358","8",16,0,0
2026-08-21T09:10:00.000Z,"357","8",16,0,0
2026-08-21T09:20:00.000Z,"356","8",16,0,0
2026-08-21T09:30:00.000Z,"368","8",16,0,0
2026-08-21T09:40:00.000Z,"368","8",16,0,0
2026-08-21T09:50:00.000Z,"360","8",16,0,0
2026-08-21T10:00:00.000Z,"359","8",16,0,0
2026-08-21T10:10:00.000Z,"361","8",16,0,0
2026-08-21T10:20:00.000Z,"361","8",16,0,0
2026-08-21T10:30:00.000Z,"361","8",16,0,0
2026-08-21T10:40:00.000Z,"363","8",16,0,0
2026-08-21T10:50:00.000Z,"364","8",16,0,0
2026-08-21T11:00:00.000Z,"359","8",16,0,0
2026-08-21T11:10:00.000Z,"358","8",16,0,0
2026-08-21T11:20:00.000Z,"355","8",16,0,0
2026-08-21T11:30:00.000Z,"355","8",16,0,0
2026-08-21T11:40:00.000Z,"347","8",16,0,0
2026-08-21T11:50:00.000Z,"364","8",16,0,0
2026-08-21T12:00:00.000Z,"353","8",16,0,0
2026-08-21T12:10:00.000Z,"350","8",16,0,0
2026-08-21T12:20:00.000Z,"348","8",16,0,0
2026-08-21T12:30:00.000Z,"348","8",16,0,0
2026-08-21T12:40:00.000Z,"345","8",16,0,0
2026-08-21T12:50:00.000Z,"343","8",16,0,0
2026-08-21T13:00:00.000Z,"344","8",16,0,0
2026-08-21T13:10:00.000Z,"347","8",16,0,0
2026-08-21T13:20:00.000Z,"344","8",16,0,0
2026-08-21T13:30:00.000Z,"342","8",16,0,0
2026-08-21T13:40:00.000Z,"354","8",16,0,0
2026-08-21T13:50:00.000Z,"342","8",16,0,0
2026-08-21T14:00:00.000Z,"322","8",16,0,0
2026-08-21T14:10:00.000Z,"336","8",16,0,0
2026-08-21T14:20:00.000Z,"364","8",16,0,0
2026-08-21T14:30:00.000Z,"362","8",16,0,0
2026-08-21T14:50:00.000Z,"359","8",16,0,0
2026-08-21T15:00:00.000Z,"371","8",16,0,0
2026-08-21T15:10:00.000Z,"376","8",16,0,0
2026-08-21T15:20:00.000Z,"389","8",16,0,0
2026-08-21T15:30:00.000Z,"383","8",16,0,0
2026-08-21T15:40:00.000Z,"389","8",16,0,0
2026-08-21T15:50:00.000Z,"381","8",16,0,0
2026-08-21T16:00:00.000Z,"389","8",16,0,0
2026-08-21T16:10:00.000Z,"389","8",16,0,0
2026-08-21T16:20:00.000Z,"394","8",16,0,0
2026-08-21T16:30:00.000Z,"398","8",16,0,0
2026-08-21T16:40:00.000Z,"398","8",16,0,0
2026-08-21T16:50:00.000Z,"399","8",16,0,0
2026-08-21T17:00:00.000Z,"396","8",16,0,0
2026-08-21T17:10:00.000Z,"399","8",16,0,0
2026-08-21T17:20:00.000Z,"421","8",16,0,0
2026-08-21T17:30:00.000Z,"399","8",16,0,0
2026-08-21T17:50:00.000Z,"391","8",16,0,0
2026-08-21T18:00:00.000Z,"399","8",16,0,0
2026-08-21T18:10:00.000Z,"401","8",16,0,0
2026-08-21T18:20:00.000Z,"403","8",16,0,0
2026-08-21T18:30:00.000Z,"398","8",16,0,0
2026-08-21T18:40:00.000Z,"404","8",16,0,0
2026-08-21T18:50:00.000Z,"401","8",16,0,0
2026-08-21T19:00:00.000Z,"401","8",16,0,0
2026-08-21T19:10:00.000Z,"396","8",16,0,0
2026-08-21T19:20:00.000Z,"394","8",16,0,0
2026-08-21T19:30:00.000Z,"392","8",16,0,0
2026-08-21T19:40:00.000Z,"394","8",16,0,0
2026-08-21T19:50:00.000Z,"394","8",16,0,0
2026-08-21T20:00:00.000Z,"391","8",16,0,0
2026-08-21T20:10:00.000Z,"371","8",16,0,0
2026-08-21T20:20:00.000Z,"386","8",16,0,0
2026-08-21T20:30:00.000Z,"386","8",16,0,0
2026-08-21T20:40:00.000Z,"388","8",16,0,0
2026-08-21T20:50:00.000Z,"388","8",16,0,0
2026-08-21T21:00:00.000Z,"386","8",16,0,0
2026-08-21T21:10:00.000Z,"386","8",16,0,0
2026-08-21T21:20:00.000Z,"386","8",16,0,0
2026-08-21T21:30:00.000Z,"386","8",16,0,0
2026-08-21T21:40:00.000Z,"386","8",16,0,0
2026-08-21T21:50:00.000Z,"384","8",16,0,0
2026-08-21T22:00:00.000Z,"391","8",16,0,0
2026-08-21T22:10:00.000Z,"378","8",16,0,0
2026-08-21T22:20:00.000Z,"374","8",16,0,0
2026-08-21T22:30:00.000Z,"369","8",16,0,0
2026-08-21T22:40:00.000Z,"352","8",16,0,0
2026-08-21T22:50:00.000Z,"363","8",16,0,0
2026-08-21T23:00:00.000Z,"364","8",16,0,0
2026-08-21T23:10:00.000Z,"361","8",16,0,0
2026-08-21T23:20:00.000Z,"364","8",16,0,0
2026-08-21T23:30:00.000Z,"359","8",16,0,0
2026-08-21T23:40:00.000Z,"356","8",16,0,0
2026-08-21T23:50:00.000Z,"357","8",16,0,0
2026-08-22T00:00:00.000Z,"353","8",16,0,0
2026-08-22T00:10:00.000Z,"351","8",16,0,0
2026-08-22T00:20:00.000Z,"369","8",16,0,0
2026-08-22T00:30:00.000Z,"352","8",16,0,0
2026-08-22T00:40:00.000Z,"355","8",16,0,0
2026-08-22T00:50:00.000Z,"354","8",16,0,0
2026-08-22T01:00:00.000Z,"330","8",16,0,0
2026-08-22T01:10:00.000Z,"344","8",16,0,0
2026-08-22T01:20:00.000Z,"346","8",16,0,0
2026-08-22T01:30:00.000Z,"346","8",16,0,0
2026-08-22T01:40:00.000Z,"351","8",16,0,0
2026-08-22T01:50:00.000Z,"350","8",16,0,0
2026-08-22T02:00:00.000Z,"329","8",16,0,0
2026-08-22T02:10:00.000Z,"347","8",16,0,0
2026-08-22T02:20:00.000Z,"346","8",16,0,0
2026-08-22T02:30:00.000Z,"347","8",16,0,0
2026-08-22T02:40:00.000Z,"371","8",16,0,0
2026-08-22T02:50:00.000Z,"355","8",16,0,0
2026-08-22T03:00:00.000Z,"355","8",16,0,0
2026-08-22T03:10:00.000Z,"350","8",16,0,0
2026-08-22T03:20:00.000Z,"348","8",16,0,0
2026-08-22T03:30:00.000Z,"347","8",16,0,0
2026-08-22T03:40:00.000Z,"349","8",16,0,0
2026-08-22T03:50:00.000Z,"347","8",16,0,0
2026-08-22T04:00:00.000Z,"373","8",16,0,0
2026-08-22T04:10:00.000Z,"351","8",16,0,0
2026-08-22T04:20:00.000Z,"354","8",16,0,0
2026-08-22T04:30:00.000Z,"343","8",16,0,0
2026-08-22T04:40:00.000Z,"344","8",16,0,0
2026-08-22T04:50:00.000Z,"334","8",16,0,0
2026-08-22T05:00:00.000Z,"343","8",16,0,0
2026-08-22T05:10:00.000Z,"340","8",16,0,0
2026-08-22T05:20:00.000Z,"341","8",16,0,0
2026-08-22T05:30:00.000Z,"339","8",16,0,0
2026-08-22T05:40:00.000Z,"361","8",16,0,0
2026-08-22T05:50:00.000Z,"344","8",16,0,0
2026-08-22T06:00:00.000Z,"344","8",16,0,0
2026-08-22T06:10:00.000Z,"336","8",16,0,0
2026-08-22T06:20:00.000Z,"332","8",16,0,0
2026-08-22T06:30:00.000Z,"329","8",16,0,0
2026-08-22T06:40:00.000Z,"332","8",16,0,0
2026-08-22T06:50:00.000Z,"329","8",16,0,0
2026-08-22T07:00:00.000Z,"334","8",16,0,0
2026-08-22T07:10:00.000Z,"332","8",16,0,0
2026-08-22T07:20:00.000Z,"331","8",16,0,0
2026-08-22T07:30:00.000Z,"329","8",16,0,0
2026-08-22T07:40:00.000Z,"318","8",16,0,0
2026-08-22T07:50:00.000Z,"324","8",16,0,0
2026-08-22T08:00:00.000Z,"314","8",16,0,0
2026-08-22T08:10:00.000Z,"321","8",16,0,0
2026-08-22T08:20:00.000Z,"316","8",16,0,0
2026-08-22T08:30:00.000Z,"316","8",16,0,0
2026-08-22T08:40:00.000Z,"314","8",16,0,0
2026-08-22T08:50:00.000Z,"326","8",16,0,0
2026-08-22T09:00:00.000Z,"316","8",16,0,0
2026-08-22T09:10:00.000Z,"314","8",16,0,0
2026-08-22T09:20:00.000Z,"313","8",16,0,0
2026-08-22T09:30:00.000Z,"311","8",16,0,0
2026-08-22T09:40:00.000Z,"309","8",16,0,0
2026-08-22T09:50:00.000Z,"309","8",16,0,0
2026-08-22T10:00:00.000Z,"309","8",16,0,0
2026-08-22T10:10:00.000Z,"334","8",16,0,0
2026-08-22T10:20:00.000Z,"318","8",16,0,0
2026-08-22T10:30:00.000Z,"321","8",16,0,0
2026-08-22T10:40:00.000Z,"309","8",16,0,0
2026-08-22T10:50:00.000Z,"308","8",16,0,0
2026-08-22T11:00:00.000Z,"306","8",16,0,0
2026-08-22T11:10:00.000Z,"333","8",16,0,0
2026-08-22T11:20:00.000Z,"313","8",16,0,0
2026-08-22T11:30:00.000Z,"317","8",16,0,0
2026-08-22T11:50:00.000Z,"306","8",16,0,0
2026-08-22T12:00:00.000Z,"329","8",16,0,0
2026-08-22T12:10:00.000Z,"329","8",16,0,0
2026-08-22T12:20:00.000Z,"333","8",16,0,0
2026-08-22T12:30:00.000Z,"330","8",16,0,0
2026-08-22T12:40:00.000Z,"328","8",16,0,0
2026-08-22T12:50:00.000Z,"327","8",16,0,0
2026-08-22T13:00:00.000Z,"325","8",16,0,0
2026-08-22T13:10:00.000Z,"323","8",16,0,0
2026-08-22T13:20:00.000Z,"329","8",16,0,0
2026-08-22T13:30:00.000Z,"336","8",16,0,0
2026-08-22T13:40:00.000Z,"318","8",16,0,0
2026-08-22T13:50:00.000Z,"313","8",16,0,0
2026-08-22T14:00:00.000Z,"314","8",16,0,0
2026-08-22T14:10:00.000Z,"314","8",16,0,0
2026-08-22T14:20:00.000Z,"316","8",16,0,0
2026-08-22T14:30:00.000Z,"318","8",16,0,0
2026-08-22T14:40:00.000Z,"316","8",16,0,0
2026-08-22T14:50:00.000Z,"320","8",16,0,0
2026-08-22T15:00:00.000Z,"310","8",16,0,0
2026-08-22T15:10:00.000Z,"314","8",16,0,0
2026-08-22T15:20:00.000Z,"311","8",16,0,0
2026-08-22T15:30:00.000Z,"324","8",16,0,0
2026-08-22T15:40:00.000Z,"319","8",16,0,0
2026-08-22T15:50:00.000Z,"314","8",16,0,0
2026-08-22T16:00:00.000Z,"297","8",16,0,0
2026-08-22T16:10:00.000Z,"299","8",16,0,0
2026-08-22T16:20:00.000Z,"301","8",16,0,0
2026-08-22T16:30:00.000Z,"301","8",16,0,0
2026-08-22T16:40:00.000Z,"321","8",16,0,0
2026-08-22T16:50:00.000Z,"311","8",16,0,0
2026-08-22T17:00:00.000Z,"311","8",16,0,0
2026-08-22T17:10:00.000Z,"299","8",16,0,0
2026-08-22T17:20:00.000Z,"306","8",16,0,0
2026-08-22T17:30:00.000Z,"304","8",16,0,0
2026-08-22T17:40:00.000Z,"304","8",16,0,0
2026-08-22T17:50:00.000Z,"304","8",16,0,0
2026-08-22T18:00:00.000Z,"309","8",16,0,0
2026-08-22T18:10:00.000Z,"331","8",16,0,0
2026-08-22T18:20:00.000Z,"312","8",16,0,0
2026-08-22T18:30:00.000Z,"314","8",16,0,0
2026-08-22T18:40:00.000Z,"308","8",16,0,0
2026-08-22T18:50:00.000Z,"312","8",16,0,0
2026-08-22T19:00:00.000Z,"317","8",16,0,0
2026-08-22T19:10:00.000Z,"321","8",16,0,0
2026-08-22T19:20:00.000Z,"347","8",16,0,0
2026-08-22T19:30:00.000Z,"331","8",16,0,0
2026-08-22T19:40:00.000Z,"331","8",16,0,0
2026-08-22T19:50:00.000Z,"325","8",16,0,0
2026-08-22T20:00:00.000Z,"324","8",16,0,0
2026-08-22T20:10:00.000Z,"321","8",16,0,0
2026-08-22T20:20:00.000Z,"335","8",16,0,0
2026-08-22T20:30:00.000Z,"340","8",16,0,0
2026-08-22T20:40:00.000Z,"348","8",16,0,0
2026-08-22T20:50:00.000Z,"348","8",16,0,0
2026-08-22T21:00:00.000Z,"351","8",16,0,0
2026-08-22T21:10:00.000Z,"352","8",16,0,0
2026-08-22T21:20:00.000Z,"354","8",16,0,0
2026-08-22T21:30:00.000Z,"354","8",16,0,0
2026-08-22T21:40:00.000Z,"358","8",16,0,0
2026-08-22T21:50:00.000Z,"360","8",16,0,0
2026-08-22T22:00:00.000Z,"362","8",16,0,0
2026-08-22T22:10:00.000Z,"359","8",16,0,0
2026-08-22T22:20:00.000Z,"355","8",16,0,0
2026-08-22T22:30:00.000Z,"343","8",16,0,0
2026-08-22T22:40:00.000Z,"338","8",16,0,0
2026-08-22T22:50:00.000Z,"336","8",16,0,0
2026-08-22T23:00:00.000Z,"336","8",16,0,0
2026-08-22T23:10:00.000Z,"338","8",16,0,0
2026-08-22T23:20:00.000Z,"339","8",16,0,0
2026-08-22T23:30:00.000Z,"340","8",16,0,0
2026-08-22T23:40:00.000Z,"337","8",16,0,0
2026-08-22T23:50:00.000Z,"338","8",16,0,0
2026-08-23T00:00:00.000Z,"337","8",16,0,0
2026-08-23T00:10:00.000Z,"335","8",16,0,0
2026-08-23T00:20:00.000Z,"335","8",16,0,0
2026-08-23T00:30:00.000Z,"337","8",16,0,0
2026-08-23T00:40:00.000Z,"336","8",16,0,0
2026-08-23T00:50:00.000Z,"336","8",16,0,0
2026-08-23T01:00:00.000Z,"326","8",16,0,0
2026-08-23T01:10:00.000Z,"333","8",16,0,0
2026-08-23T01:20:00.000Z,"332","8",16,0,0
2026-08-23T01:30:00.000Z,"336","8",16,0,0
2026-08-23T01:40:00.000Z,"303","8",16,0,0
2026-08-23T01:50:00.000Z,"321","8",16,0,0
2026-08-23T02:00:00.000Z,"317","8",16,0,0
2026-08-23T02:10:00.000Z,"311","8",16,0,0
2026-08-23T02:20:00.000Z,"311","8",16,0,0
2026-08-23T02:30:00.000Z,"311","8",16,0,0
2026-08-23T02:40:00.000Z,"311","8",16,0,0
2026-08-23T02:50:00.000Z,"306","8",16,0,0
2026-08-23T03:00:00.000Z,"304","8",16,0,0
2026-08-23T03:10:00.000Z,"299","8",16,0,0
2026-08-23T03:20:00.000Z,"296","8",16,0,0
2026-08-23T03:30:00.000Z,"291","8",16,0,0
2026-08-23T03:40:00.000Z,"289","8",16,0,0
2026-08-23T03:50:00.000Z,"281","8",16,0,0
2026-08-23T04:00:00.000Z,"272","8",16,0,0
2026-08-23T04:10:00.000Z,"257","8",16,0,0
2026-08-23T04:20:00.000Z,"259","8",16,0,0
2026-08-23T04:30:00.000Z,"255","8",16,0,0
2026-08-23T04:40:00.000Z,"255","8",16,0,0
2026-08-23T04:50:00.000Z,"217","8",16,0,0
2026-08-23T05:00:00.000Z,"252","8",16,0,0
2026-08-23T05:10:00.000Z,"248","8",16,0,0
2026-08-23T05:20:00.000Z,"245","8",16,0,0
2026-08-23T05:30:00.000Z,"241","8",16,0,0
2026-08-23T05:40:00.000Z,"251","8",16,0,0
2026-08-23T05:50:00.000Z,"248","8",16,0,0
2026-08-23T06:00:00.000Z,"240","8",16,0,0
2026-08-23T06:10:00.000Z,"235","8",16,0,0
2026-08-23T06:20:00.000Z,"231","8",16,0,0
2026-08-23T06:30:00.000Z,"229","8",16,0,0
2026-08-23T06:40:00.000Z,"226","8",16,0,0
2026-08-23T06:50:00.000Z,"224","8",16,0,0
2026-08-23T07:00:00.000Z,"233","8",16,0,0
2026-08-23T07:10:00.000Z,"240","8",16,0,0
2026-08-23T07:20:00.000Z,"239","8",16,0,0
2026-08-23T07:30:00.000Z,"240","8",16,0,0
2026-08-23T07:40:00.000Z,"213","8",16,0,0
2026-08-23T07:50:00.000Z,"229","8",16,0,0
2026-08-23T08:00:00.000Z,"248","8",16,0,0
2026-08-23T08:10:00.000Z,"235","8",16,0,0
2026-08-23T08:20:00.000Z,"234","8",16,0,0
2026-08-23T08:30:00.000Z,"240","8",16,0,0
2026-08-23T08:40:00.000Z,"243","8",16,0,0
2026-08-23T08:50:00.000Z,"240","8",16,0,0
2026-08-23T09:00:00.000Z,"243","8",16,0,0
2026-08-23T09:10:00.000Z,"240","8",16,0,0
2026-08-23T09:20:00.000Z,"246","8",16,0,0
2026-08-23T09:30:00.000Z,"243","8",16,0,0
2026-08-23T09:40:00.000Z,"243","8",16,0,0
2026-08-23T09:50:00.000Z,"246","8",16,0,0
2026-08-23T10:00:00.000Z,"246","8",16,0,0
2026-08-23T10:10:00.000Z,"248","8",16,0,0
2026-08-23T10:20:00.000Z,"251","8",16,0,0
2026-08-23T10:30:00.000Z,"241","8",16,0,0
2026-08-23T10:40:00.000Z,"250","8",16,0,0
2026-08-23T10:50:00.000Z,"251","8",16,0,0
2026-08-23T11:00:00.000Z,"256","8",16,0,0
2026-08-23T11:10:00.000Z,"259","8",16,0,0
2026-08-23T11:20:00.000Z,"260","8",16,0,0
2026-08-23T11:30:00.000Z,"258","8",16,0,0
2026-08-23T11:40:00.000Z,"261","8",16,0,0
2026-08-23T11:50:00.000Z,"252","8",16,0,0
2026-08-23T12:00:00.000Z,"256","8",16,0,0
2026-08-23T12:10:00.000Z,"255","8",16,0,0
2026-08-23T12:20:00.000Z,"259","8",16,0,0
2026-08-23T12:30:00.000Z,"261","8",16,0,0
2026-08-23T12:40:00.000Z,"260","8",16,0,0
2026-08-23T12:50:00.000Z,"262","8",16,0,0
2026-08-23T13:00:00.000Z,"261","8",16,0,0
2026-08-23T13:10:00.000Z,"282","8",16,0,0
2026-08-23T13:20:00.000Z,"266","8",16,0,0
2026-08-23T13:30:00.000Z,"273","8",16,0,0
2026-08-23T13:40:00.000Z,"271","8",16,0,0
2026-08-23T14:00:00.000Z,"264","8",16,0,0
2026-08-23T14:10:00.000Z,"271","8",16,0,0
2026-08-23T14:20:00.000Z,"269","8",16,0,0
2026-08-23T14:30:00.000Z,"276","8",16,0,0
2026-08-23T14:40:00.000Z,"274","8",16,0,0
2026-08-23T14:50:00.000Z,"271","8",16,0,0
2026-08-23T15:00:00.000Z,"274","8",16,0,0
2026-08-23T15:10:00.000Z,"269","8",16,0,0
2026-08-23T15:20:00.000Z,"273","8",16,0,0
2026-08-23T15:30:00.000Z,"271","8",16,0,0
2026-08-23T15:40:00.000Z,"271","8",16,0,0
2026-08-23T15:50:00.000Z,"269","8",16,0,0
2026-08-23T16:00:00.000Z,"271","8",16,0,0
2026-08-23T16:10:00.000Z,"271","8",16,0,0
2026-08-23T16:20:00.000Z,"273","8",16,0,0
2026-08-23T16:30:00.000Z,"274","8",16,0,0
2026-08-23T16:40:00.000Z,"279","8",16,0,0
2026-08-23T16:50:00.000Z,"251","8",16,0,0
2026-08-23T17:00:00.000Z,"282","8",16,0,0
2026-08-23T17:10:00.000Z,"251","8",16,0,0
2026-08-23T17:20:00.000Z,"274","8",16,0,0
2026-08-23T17:30:00.000Z,"287","8",16,0,0
2026-08-23T17:40:00.000Z,"292","8",16,0,0
2026-08-23T17:50:00.000Z,"287","8",16,0,0
2026-08-23T18:00:00.000Z,"286","8",16,0,0
2026-08-23T18:10:00.000Z,"282","8",16,0,0
2026-08-23T18:20:00.000Z,"294","8",16,0,0
2026-08-23T18:30:00.000Z,"292","8",16,0,0
2026-08-23T18:40:00.000Z,"295","8",16,0,0
2026-08-23T18:50:00.000Z,"298","8",16,0,0
2026-08-23T19:00:00.000Z,"305","8",16,0,0
2026-08-23T19:10:00.000Z,"303","8",16,0,0
2026-08-23T19:20:00.000Z,"300","8",16,0,0
2026-08-23T19:30:00.000Z,"300","8",16,0,0
2026-08-23T19:40:00.000Z,"302","8",16,0,0
2026-08-23T19:50:00.000Z,"306","8",16,0,0
2026-08-23T20:00:00.000Z,"309","8",16,0,0
2026-08-23T20:10:00.000Z,"312","8",16,0,0
2026-08-23T20:20:00.000Z,"311","8",16,0,0
2026-08-23T20:30:00.000Z,"314","8",16,0,0
2026-08-23T20:40:00.000Z,"316","8",16,0,0
2026-08-23T20:50:00.000Z,"319","8",16,0,0
2026-08-23T21:00:00.000Z,"321","8",16,0,0
2026-08-23T21:10:00.000Z,"331","8",16,0,0
2026-08-23T21:20:00.000Z,"335","8",16,0,0
2026-08-23T21:30:00.000Z,"338","8",16,0,0
2026-08-23T21:40:00.000Z,"340","8",16,0,0
2026-08-23T21:50:00.000Z,"343","8",16,0,0
2026-08-23T22:00:00.000Z,"343","8",16,0,0
2026-08-23T22:10:00.000Z,"347","8",16,0,0
2026-08-23T22:20:00.000Z,"349","8",16,0,0
2026-08-23T22:30:00.000Z,"345","8",16,0,0
2026-08-23T22:40:00.000Z,"347","8",16,0,0
2026-08-23T22:50:00.000Z,"345","8",16,0,0
2026-08-23T23:00:00.000Z,"342","8",16,0,0
2026-08-23T23:10:00.000Z,"342","8",16,0,0
2026-08-23T23:20:00.000Z,"342","8",16,0,0
2026-08-23T23:30:00.000Z,"342","8",16,0,0
2026-08-23T23:40:00.000Z,"343","8",16,0,0
2026-08-23T23:50:00.000Z,"344","8",16,0,0
2026-08-24T00:00:00.000Z,"345","8",16,0,0
2026-08-24T00:10:00.000Z,"347","8",16,0,0
2026-08-24T00:20:00.000Z,"345","8",16,0,0
2026-08-24T00:30:00.000Z,"346","8",16,0,0
2026-08-24T00:40:00.000Z,"344","8",16,0,0
2026-08-24T00:50:00.000Z,"344","8",16,0,0
2026-08-24T01:00:00.000Z,"344","8",16,0,0
2026-08-24T01:10:00.000Z,"343","8",16,0,0
2026-08-24T01:20:00.000Z,"344","8",16,0,0
2026-08-24T01:30:00.000Z,"343","8",16,0,0
2026-08-24T01:40:00.000Z,"341","8",16,0,0
2026-08-24T01:50:00.000Z,"339","8",16,0,0
2026-08-24T02:00:00.000Z,"336","8",16,0,0
2026-08-24T02:10:00.000Z,"337","8",16,0,0
2026-08-24T02:20:00.000Z,"335","8",16,0,0
2026-08-24T02:30:00.000Z,"334","8",16,0,0
2026-08-24T02:40:00.000Z,"335","8",16,0,0
2026-08-24T02:50:00.000Z,"335","8",16,0,0
2026-08-24T03:00:00.000Z,"333","8",16,0,0
2026-08-24T03:10:00.000Z,"331","8",16,0,0
2026-08-24T03:20:00.000Z,"330","8",16,0,0
2026-08-24T03:30:00.000Z,"330","8",16,0,0
2026-08-24T03:40:00.000Z,"327","8",16,0,0
2026-08-24T04:00:00.000Z,"318","8",16,0,0
2026-08-24T04:10:00.000Z,"318","8",16,0,0
2026-08-24T04:20:00.000Z,"319","8",16,0,0
2026-08-24T04:30:00.000Z,"317","8",16,0,0
2026-08-24T04:40:00.000Z,"317","8",16,0,0
2026-08-24T04:50:00.000Z,"335","8",16,0,0
2026-08-24T05:00:00.000Z,"322","8",16,0,0
2026-08-24T05:10:00.000Z,"321","8",16,0,0
2026-08-24T05:20:00.000Z,"311","8",16,0,0
2026-08-24T05:30:00.000Z,"306","8",16,0,0
2026-08-24T05:40:00.000Z,"296","8",16,0,0
2026-08-24T05:50:00.000Z,"293","8",16,0,0
2026-08-24T06:00:00.000Z,"279","8",16,0,0
2026-08-24T06:10:00.000Z,"274","8",16,0,0
2026-08-24T06:20:00.000Z,"273","8",16,0,0
2026-08-24T06:30:00.000Z,"269","8",16,0,0
2026-08-24T06:40:00.000Z,"266","8",16,0,0
2026-08-24T06:50:00.000Z,"263","8",16,0,0
2026-08-24T07:00:00.000Z,"258","8",16,0,0
2026-08-24T07:10:00.000Z,"256","8",16,0,0
2026-08-24T07:20:00.000Z,"257","8",16,0,0
2026-08-24T07:30:00.000Z,"255","8",16,0,0
2026-08-24T07:40:00.000Z,"239","8",16,0,0
2026-08-24T07:50:00.000Z,"247","8",16,0,0
2026-08-24T08:00:00.000Z,"248","8",16,0,0
2026-08-24T08:10:00.000Z,"269","8",16,0,0
2026-08-24T08:20:00.000Z,"263","8",16,0,0
2026-08-24T08:30:00.000Z,"264","8",16,0,0
2026-08-24T08:40:00.000Z,"255","8",16,0,0
2026-08-24T08:50:00.000Z,"252","8",16,0,0
2026-08-24T09:10:00.000Z,"256","8",16,0,0
2026-08-24T09:20:00.000Z,"259","8",16,0,0
2026-08-24T09:30:00.000Z,"263","8",16,0,0
2026-08-24T09:40:00.000Z,"264","8",16,0,0
2026-08-24T09:50:00.000Z,"266","8",16,0,0
2026-08-24T10:00:00.000Z,"284","8",16,0,0
2026-08-24T10:10:00.000Z,"266","8",16,0,0
2026-08-24T10:20:00.000Z,"268","8",16,0,0
2026-08-24T10:30:00.000Z,"252","8",16,0,0
2026-08-24T10:40:00.000Z,"261","8",16,0,0
2026-08-24T10:50:00.000Z,"258","8",16,0,0
2026-08-24T11:00:00.000Z,"259","8",16,0,0
2026-08-24T11:10:00.000Z,"257","8",16,0,0
2026-08-24T11:20:00.000Z,"268","8",16,0,0
2026-08-24T11:30:00.000Z,"259","8",16,0,0
2026-08-24T11:40:00.000Z,"259","8",16,0,0
2026-08-24T11:50:00.000Z,"259","8",16,0,0
2026-08-24T12:00:00.000Z,"244","8",16,0,0
2026-08-24T12:10:00.000Z,"263","8",16,0,0
2026-08-24T12:20:00.000Z,"243","8",16,0,0
2026-08-24T12:30:00.000Z,"231","8",16,0,0
2026-08-24T12:40:00.000Z,"236","8",16,0,0
2026-08-24T12:50:00.000Z,"231","8",16,0,0
2026-08-24T13:00:00.000Z,"269","8",16,0,0
2026-08-24T13:10:00.000Z,"247","8",16,0,0
2026-08-24T13:20:00.000Z,"243","8",16,0,0
2026-08-24T13:40:00.000Z,"271","8",16,0,0
2026-08-24T13:50:00.000Z,"254","8",16,0,0
2026-08-24T14:00:00.000Z,"269","8",16,0,0
2026-08-24T14:10:00.000Z,"256","8",16,0,0
2026-08-24T14:20:00.000Z,"291","8",16,0,0
2026-08-24T14:30:00.000Z,"254","8",16,0,0
2026-08-24T14:40:00.000Z,"254","8",16,0,0
2026-08-24T14:50:00.000Z,"234","8",16,0,0
2026-08-24T15:00:00.000Z,"236","8",16,0,0
2026-08-24T15:10:00.000Z,"228","8",16,0,0
2026-08-24T15:20:00.000Z,"237","8",16,0,0
2026-08-24T15:30:00.000Z,"246","8",16,0,0
2026-08-24T15:40:00.000Z,"246","8",16,0,0
2026-08-24T15:50:00.000Z,"254","8",16,0,0
2026-08-24T16:00:00.000Z,"249","8",16,0,0
2026-08-24T16:10:00.000Z,"263","8",16,0,0
2026-08-24T16:20:00.000Z,"256","8",16,0,0
2026-08-24T16:30:00.000Z,"256","8",16,0,0
2026-08-24T16:40:00.000Z,"256","8",16,0,0
2026-08-24T17:00:00.000Z,"281","8",16,0,0
2026-08-24T17:10:00.000Z,"256","8",16,0,0
2026-08-24T17:20:00.000Z,"243","8",16,0,0
2026-08-24T17:30:00.000Z,"251","8",16,0,0
2026-08-24T17:40:00.000Z,"256","8",16,0,0
2026-08-24T17:50:00.000Z,"263","8",16,0,0
2026-08-24T18:00:00.000Z,"261","8",16,0,0
2026-08-24T18:10:00.000Z,"261","8",16,0,0
2026-08-24T18:20:00.000Z,"277","8",16,0,0
2026-08-24T18:30:00.000Z,"271","8",16,0,0
2026-08-24T18:40:00.000Z,"274","8",16,0,0
2026-08-24T18:50:00.000Z,"296","8",16,0,0
2026-08-24T19:00:00.000Z,"305","8",16,0,0
2026-08-24T19:10:00.000Z,"331","8",16,0,0
2026-08-24T19:20:00.000Z,"336","8",16,0,0
2026-08-24T19:30:00.000Z,"361","8",16,0,0
2026-08-24T19:40:00.000Z,"365","8",16,0,0
2026-08-24T19:50:00.000Z,"381","8",16,0,0
2026-08-24T20:00:00.000Z,"382","8",16,0,0
2026-08-24T20:10:00.000Z,"385","8",16,0,0
2026-08-24T20:20:00.000Z,"392","8",16,0,0
2026-08-24T20:30:00.000Z,"406","8",16,0,0
2026-08-24T20:40:00.000Z,"404","8",16,0,0
2026-08-24T20:50:00.000Z,"404","8",16,0,0
2026-08-24T21:00:00.000Z,"396","8",16,0,0
2026-08-24T21:20:00.000Z,"381","8",16,0,0
2026-08-24T21:30:00.000Z,"391","8",16,0,0
2026-08-24T21:40:00.000Z,"385","8",16,0,0
2026-08-24T21:50:00.000Z,"387","8",16,0,0
2026-08-24T22:00:00.000Z,"381","8",16,0,0
2026-08-24T22:10:00.000Z,"366","8",16,0,0
2026-08-24T22:20:00.000Z,"381","8",16,0,0
2026-08-24T22:30:00.000Z,"361","8",16,0,0
2026-08-24T22:40:00.000Z,"373","8",16,0,0
2026-08-24T22:50:00.000Z,"365","8",16,0,0
2026-08-24T23:00:00.000Z,"376","8",16,0,0
2026-08-24T23:10:00.000Z,"371","8",16,0,0
2026-08-24T23:20:00.000Z,"374","8",16,0,0
2026-08-24T23:30:00.000Z,"372","8",16,0,0
2026-08-24T23:40:00.000Z,"366","8",16,0,0
2026-08-24T23:50:00.000Z,"366","8",16,0,0
2026-08-25T00:00:00.000Z,"383","8",16,0,0
2026-08-25T00:10:00.000Z,"359","8",16,0,0
2026-08-25T00:20:00.000Z,"359","8",16,0,0
2026-08-25T00:30:00.000Z,"347","8",16,0,0
2026-08-25T00:40:00.000Z,"366","8",16,0,0
2026-08-25T00:50:00.000Z,"340","8",16,0,0
2026-08-25T01:00:00.000Z,"341","8",16,0,0
2026-08-25T01:10:00.000Z,"329","8",16,0,0
2026-08-25T01:20:00.000Z,"333","8",16,0,0
2026-08-25T01:30:00.000Z,"332","8",16,0,0
2026-08-25T01:40:00.000Z,"335","8",16,0,0
2026-08-25T01:50:00.000Z,"331","8",16,0,0
2026-08-25T02:00:00.000Z,"333","8",16,0,0
2026-08-25T02:10:00.000Z,"327","8",16,0,0
2026-08-25T02:20:00.000Z,"327","8",16,0,0
2026-08-25T02:30:00.000Z,"314","8",16,0,0
2026-08-25T02:40:00.000Z,"308","8",16,0,0
2026-08-25T02:50:00.000Z,"306","8",16,0,0
2026-08-25T03:00:00.000Z,"306","8",16,0,0
2026-08-25T03:10:00.000Z,"305","8",16,0,0
2026-08-25T03:20:00.000Z,"301","8",16,0,0
2026-08-25T03:30:00.000Z,"301","8",16,0,0
2026-08-25T03:40:00.000Z,"300","8",16,0,0
2026-08-25T03:50:00.000Z,"296","8",16,0,0
2026-08-25T04:00:00.000Z,"294","8",16,0,0
2026-08-25T04:10:00.000Z,"294","8",16,0,0
2026-08-25T04:20:00.000Z,"291","8",16,0,0
2026-08-25T04:30:00.000Z,"291","8",16,0,0
2026-08-25T04:40:00.000Z,"291","8",16,0,0
2026-08-25T04:50:00.000Z,"288","8",16,0,0
2026-08-25T05:00:00.000Z,"306","8",16,0,0
2026-08-25T05:10:00.000Z,"289","8",16,0,0
2026-08-25T05:20:00.000Z,"289","8",16,0,0
2026-08-25T05:30:00.000Z,"259","8",16,0,0
2026-08-25T05:40:00.000Z,"266","8",16,0,0
2026-08-25T05:50:00.000Z,"269","8",16,0,0
2026-08-25T06:00:00.000Z,"301","8",16,0,0
2026-08-25T06:10:00.000Z,"273","8",16,0,0
2026-08-25T06:20:00.000Z,"284","8",16,0,0
2026-08-25T06:30:00.000Z,"267","8",16,0,0
2026-08-25T06:40:00.000Z,"273","8",16,0,0
2026-08-25T06:50:00.000Z,"266","8",16,0,0
2026-08-25T07:00:00.000Z,"269","8",16,0,0
2026-08-25T07:10:00.000Z,"264","8",16,0,0
2026-08-25T07:20:00.000Z,"271","8",16,0,0
2026-08-25T07:30:00.000Z,"266","8",16,0,0
2026-08-25T07:40:00.000Z,"266","8",16,0,0
2026-08-25T07:50:00.000Z,"264","8",16,0,0
2026-08-25T08:00:00.000Z,"262","8",16,0,0
2026-08-25T08:10:00.000Z,"258","8",16,0,0
2026-08-25T08:20:00.000Z,"250","8",16,0,0
2026-08-25T08:30:00.000Z,"259","8",16,0,0
2026-08-25T08:40:00.000Z,"261","8",16,0,0
2026-08-25T08:50:00.000Z,"263","8",16,0,0
2026-08-25T09:00:00.000Z,"263","8",16,0,0
2026-08-25T09:10:00.000Z,"261","8",16,0,0
2026-08-25T09:20:00.000Z,"261","8",16,0,0
2026-08-25T09:30:00.000Z,"255","8",16,0,0
2026-08-25T09:40:00.000Z,"257","8",16,0,0
2026-08-25T09:50:00.000Z,"257","8",16,0,0
2026-08-25T10:00:00.000Z,"279","8",16,0,0
2026-08-25T10:10:00.000Z,"266","8",16,0,0
2026-08-25T10:20:00.000Z,"258","8",16,0,0
2026-08-25T10:30:00.000Z,"251","8",16,0,0
2026-08-25T10:40:00.000Z,"248","8",16,0,0
2026-08-25T10:50:00.000Z,"246","8",16,0,0
2026-08-25T11:00:00.000Z,"251","8",16,0,0
2026-08-25T11:10:00.000Z,"254","8",16,0,0
2026-08-25T11:20:00.000Z,"269","8",16,0,0
2026-08-25T11:30:00.000Z,"269","8",16,0,0
2026-08-25T11:40:00.000Z,"271","8",16,0,0
2026-08-25T11:50:00.000Z,"266","8",16,0,0
2026-08-25T12:00:00.000Z,"258","8",16,0,0
2026-08-25T12:10:00.000Z,"261","8",16,0,0
2026-08-25T12:20:00.000Z,"286","8",16,0,0
2026-08-25T12:30:00.000Z,"281","8",16,0,0
2026-08-25T12:40:00.000Z,"279","8",16,0,0
2026-08-25T12:50:00.000Z,"274","8",16,0,0
2026-08-25T13:00:00.000Z,"263","8",16,0,0
2026-08-25T13:10:00.000Z,"264","8",16,0,0
2026-08-25T13:20:00.000Z,"296","8",16,0,0
2026-08-25T13:30:00.000Z,"286","8",16,0,0
2026-08-25T13:40:00.000Z,"294","8",16,0,0
2026-08-25T14:00:00.000Z,"299","8",16,0,0
2026-08-25T14:10:00.000Z,"289","8",16,0,0
2026-08-25T14:20:00.000Z,"301","8",16,0,0
2026-08-25T14:30:00.000Z,"301","8",16,0,0
2026-08-25T14:40:00.000Z,"305","8",16,0,0
2026-08-25T15:00:00.000Z,"325","8",16,0,0
2026-08-25T15:10:00.000Z,"317","8",16,0,0
2026-08-25T15:20:00.000Z,"311","8",16,0,0
2026-08-25T15:30:00.000Z,"320","8",16,0,0
2026-08-25T15:40:00.000Z,"317","8",16,0,0
2026-08-25T15:50:00.000Z,"339","8",16,0,0
2026-08-25T16:00:00.000Z,"350","8",16,0,0
2026-08-25T16:10:00.000Z,"343","8",16,0,0
2026-08-25T16:20:00.000Z,"345","8",16,0,0
2026-08-25T16:30:00.000Z,"337","8",16,0,0
2026-08-25T16:40:00.000Z,"327","8",16,0,0
2026-08-25T16:50:00.000Z,"365","8",16,0,0
2026-08-25T17:00:00.000Z,"345","8",16,0,0
2026-08-25T17:10:00.000Z,"349","8",16,0,0
2026-08-25T17:30:00.000Z,"352","8",16,0,0
2026-08-25T17:40:00.000Z,"356","8",16,0,0
2026-08-25T17:50:00.000Z,"344","8",16,0,0
2026-08-25T18:00:00.000Z,"349","8",16,0,0
2026-08-25T18:10:00.000Z,"376","8",16,0,0
2026-08-25T18:20:00.000Z,"355","8",16,0,0
2026-08-25T18:30:00.000Z,"361","8",16,0,0
2026-08-25T18:40:00.000Z,"356","8",16,0,0
2026-08-25T18:50:00.000Z,"366","8",16,0,0
2026-08-25T19:00:00.000Z,"352","8",16,0,0
2026-08-25T19:10:00.000Z,"361","8",16,0,0
2026-08-25T19:20:00.000Z,"359","8",16,0,0
2026-08-25T19:30:00.000Z,"370","8",16,0,0
2026-08-25T19:40:00.000Z,"375","8",16,0,0
2026-08-25T19:50:00.000Z,"388","8",16,0,0
2026-08-25T20:00:00.000Z,"380","8",16,0,0
2026-08-25T20:10:00.000Z,"379","8",16,0,0
2026-08-25T20:20:00.000Z,"377","8",16,0,0
2026-08-25T20:30:00.000Z,"378","8",16,0,0
2026-08-25T20:40:00.000Z,"379","8",16,0,0
2026-08-25T20:50:00.000Z,"375","8",16,0,0
2026-08-25T21:00:00.000Z,"378","8",16,0,0
2026-08-25T21:10:00.000Z,"379","8",16,0,0
2026-08-25T21:20:00.000Z,"384","8",16,0,0
2026-08-25T21:30:00.000Z,"384","8",16,0,0
2026-08-25T21:40:00.000Z,"386","8",16,0,0
2026-08-25T21:50:00.000Z,"377","8",16,0,0
2026-08-25T22:00:00.000Z,"384","8",16,0,0
2026-08-25T22:10:00.000Z,"386","8",16,0,0
2026-08-25T22:20:00.000Z,"391","8",16,0,0
2026-08-25T22:30:00.000Z,"376","8",16,0,0
2026-08-25T22:40:00.000Z,"365","8",16,0,0
2026-08-25T22:50:00.000Z,"377","8",16,0,0
2026-08-25T23:00:00.000Z,"383","8",16,0,0
2026-08-25T23:10:00.000Z,"387","8",16,0,0
2026-08-25T23:20:00.000Z,"388","8",16,0,0
2026-08-25T23:30:00.000Z,"388","8",16,0,0
2026-08-25T23:40:00.000Z,"389","8",16,0,0
2026-08-25T23:50:00.000Z,"388","8",16,0,0
2026-08-26T00:00:00.000Z,"386","8",16,0,0
2026-08-26T00:10:00.000Z,"387","8",16,0,0
2026-08-26T00:20:00.000Z,"401","8",16,0,0
2026-08-26T00:30:00.000Z,"398","8",16,0,0
2026-08-26T00:40:00.000Z,"394","8",16,0,0
2026-08-26T00:50:00.000Z,"391","8",16,0,0
2026-08-26T01:00:00.000Z,"392","8",16,0,0
2026-08-26T01:10:00.000Z,"391","8",16,0,0
2026-08-26T01:20:00.000Z,"394","8",16,0,0
2026-08-26T01:30:00.000Z,"396","8",16,0,0
2026-08-26T01:40:00.000Z,"392","8",16,0,0
2026-08-26T01:50:00.000Z,"396","8",16,0,0
2026-08-26T02:00:00.000Z,"395","8",16,0,0
2026-08-26T02:10:00.000Z,"396","8",16,0,0
2026-08-26T02:20:00.000Z,"384","8",16,0,0
2026-08-26T02:30:00.000Z,"392","8",16,0,0
2026-08-26T02:40:00.000Z,"392","8",16,0,0
2026-08-26T02:50:00.000Z,"392","8",16,0,0
2026-08-26T03:00:00.000Z,"394","8",16,0,0
2026-08-26T03:10:00.000Z,"417","8",16,0,0
2026-08-26T03:20:00.000Z,"391","8",16,0,0
2026-08-26T03:30:00.000Z,"389","8",16,0,0
2026-08-26T03:40:00.000Z,"384","8",16,0,0
2026-08-26T04:00:00.000Z,"373","8",16,0,0
2026-08-26T04:10:00.000Z,"376","8",16,0,0
2026-08-26T04:20:00.000Z,"369","8",16,0,0
2026-08-26T04:30:00.000Z,"378","8",16,0,0
2026-08-26T04:40:00.000Z,"376","8",16,0,0
2026-08-26T04:50:00.000Z,"394","8",16,0,0
2026-08-26T05:00:00.000Z,"374","8",16,0,0
2026-08-26T05:10:00.000Z,"373","8",16,0,0
2026-08-26T05:20:00.000Z,"365","8",16,0,0
2026-08-26T05:30:00.000Z,"366","8",16,0,0
2026-08-26T05:40:00.000Z,"362","8",16,0,0
2026-08-26T05:50:00.000Z,"361","8",16,0,0
2026-08-26T06:00:00.000Z,"352","8",16,0,0
2026-08-26T06:10:00.000Z,"358","8",16,0,0
2026-08-26T06:20:00.000Z,"355","8",16,0,0
2026-08-26T06:30:00.000Z,"349","8",16,0,0
2026-08-26T06:40:00.000Z,"351","8",16,0,0
2026-08-26T07:00:00.000Z,"346","8",16,0,0
2026-08-26T07:10:00.000Z,"345","8",16,0,0
2026-08-26T07:20:00.000Z,"369","8",16,0,0
2026-08-26T07:30:00.000Z,"354","8",16,0,0
2026-08-26T07:40:00.000Z,"329","8",16,0,0
2026-08-26T07:50:00.000Z,"345","8",16,0,0
2026-08-26T08:00:00.000Z,"349","8",16,0,0
2026-08-26T08:10:00.000Z,"367","8",16,0,0
2026-08-26T08:20:00.000Z,"356","8",16,0,0
2026-08-26T08:30:00.000Z,"356","8",16,0,0
2026-08-26T08:40:00.000Z,"341","8",16,0,0
2026-08-26T08:50:00.000Z,"379","8",16,0,0
2026-08-26T09:00:00.000Z,"359","8",16,0,0
2026-08-26T09:10:00.000Z,"361","8",16,0,0
2026-08-26T09:20:00.000Z,"358","8",16,0,0
2026-08-26T09:30:00.000Z,"375","8",16,0,0
2026-08-26T09:40:00.000Z,"377","8",16,0,0
2026-08-26T09:50:00.000Z,"383","8",16,0,0
2026-08-26T10:00:00.000Z,"381","8",16,0,0
2026-08-26T10:10:00.000Z,"385","8",16,0,0
2026-08-26T10:20:00.000Z,"387","8",16,0,0
2026-08-26T10:30:00.000Z,"372","8",16,0,0
2026-08-26T10:40:00.000Z,"360","8",16,0,0
2026-08-26T10:50:00.000Z,"358","8",16,0,0
2026-08-26T11:00:00.000Z,"359","8",16,0,0
2026-08-26T11:10:00.000Z,"357","8",16,0,0
2026-08-26T11:20:00.000Z,"352","8",16,0,0
2026-08-26T11:30:00.000Z,"352","8",16,0,0
2026-08-26T11:40:00.000Z,"345","8",16,0,0
2026-08-26T11:50:00.000Z,"311","8",16,0,0
2026-08-26T12:00:00.000Z,"338","8",16,0,0
2026-08-26T12:10:00.000Z,"334","8",16,0,0
2026-08-26T12:20:00.000Z,"346","8",16,0,0
2026-08-26T12:30:00.000Z,"337","8",16,0,0
2026-08-26T12:40:00.000Z,"323","8",16,0,0
2026-08-26T12:50:00.000Z,"316","8",16,0,0
2026-08-26T13:00:00.000Z,"320","8",16,0,0
2026-08-26T13:10:00.000Z,"314","8",16,0,0
2026-08-26T13:20:00.000Z,"312","8",16,0,0
2026-08-26T13:30:00.000Z,"331","8",16,0,0
2026-08-26T13:40:00.000Z,"316","8",16,0,0
2026-08-26T13:50:00.000Z,"304","8",16,0,0
2026-08-26T14:00:00.000Z,"296","8",16,0,0
2026-08-26T14:10:00.000Z,"292","8",16,0,0
2026-08-26T14:20:00.000Z,"288","8",16,0,0
2026-08-26T14:30:00.000Z,"289","8",16,0,0
2026-08-26T14:40:00.000Z,"297","8",16,0,0
2026-08-26T14:50:00.000Z,"292","8",16,0,0
2026-08-26T15:00:00.000Z,"292","8",16,0,0
2026-08-26T15:10:00.000Z,"273","8",16,0,0
2026-08-26T15:20:00.000Z,"290","8",16,0,0
2026-08-26T15:30:00.000Z,"287","8",16,0,0
2026-08-26T15:40:00.000Z,"294","8",16,0,0
2026-08-26T15:50:00.000Z,"288","8",16,0,0
2026-08-26T16:00:00.000Z,"295","8",16,0,0
2026-08-26T16:10:00.000Z,"289","8",16,0,0
2026-08-26T16:20:00.000Z,"292","8",16,0,0
2026-08-26T16:30:00.000Z,"323","8",16,0,0
2026-08-26T16:40:00.000Z,"305","8",16,0,0
2026-08-26T16:50:00.000Z,"314","8",16,0,0
2026-08-26T17:00:00.000Z,"307","8",16,0,0
2026-08-26T17:10:00.000Z,"310","8",16,0,0
2026-08-26T17:20:00.000Z,"308","8",16,0,0
2026-08-26T17:30:00.000Z,"312","8",16,0,0
2026-08-26T17:40:00.000Z,"307","8",16,0,0
2026-08-26T17:50:00.000Z,"338","8",16,0,0
2026-08-26T18:00:00.000Z,"326","8",16,0,0
2026-08-26T18:10:00.000Z,"321","8",16,0,0
2026-08-26T18:20:00.000Z,"320","8",16,0,0
2026-08-26T18:30:00.000Z,"341","8",16,0,0
2026-08-26T18:40:00.000Z,"330","8",16,0,0
2026-08-26T18:50:00.000Z,"342","8",16,0,0
2026-08-26T19:10:00.000Z,"346","8",16,0,0
2026-08-26T19:20:00.000Z,"342","8",16,0,0
2026-08-26T19:30:00.000Z,"350","8",16,0,0
2026-08-26T19:40:00.000Z,"362","8",16,0,0
2026-08-26T19:50:00.000Z,"364","8",16,0,0
2026-08-26T20:00:00.000Z,"350","8",16,0,0
2026-08-26T20:20:00.000Z,"356","8",16,0,0
2026-08-26T20:30:00.000Z,"356","8",16,0,0
2026-08-26T20:40:00.000Z,"359","8",16,0,0
2026-08-26T20:50:00.000Z,"364","8",16,0,0
2026-08-26T21:00:00.000Z,"371","8",16,0,0
2026-08-26T21:10:00.000Z,"371","8",16,0,0
2026-08-26T21:20:00.000Z,"368","8",16,0,0
2026-08-26T21:30:00.000Z,"378","8",16,0,0
2026-08-26T21:40:00.000Z,"382","8",16,0,0
2026-08-26T21:50:00.000Z,"387","8",16,0,0
2026-08-26T22:00:00.000Z,"387","8",16,0,0
2026-08-26T22:10:00.000Z,"383","8",16,0,0
2026-08-26T22:20:00.000Z,"387","8",16,0,0
2026-08-26T22:30:00.000Z,"385","8",16,0,0
2026-08-26T22:40:00.000Z,"389","8",16,0,0
2026-08-26T22:50:00.000Z,"389","8",16,0,0
2026-08-26T23:00:00.000Z,"391","8",16,0,0
2026-08-26T23:10:00.000Z,"389","8",16,0,0
2026-08-26T23:20:00.000Z,"389","8",16,0,0
2026-08-26T23:30:00.000Z,"392","8",16,0,0
2026-08-26T23:40:00.000Z,"391","8",16,0,0
2026-08-26T23:50:00.000Z,"392","8",16,0,0
2026-08-27T00:00:00.000Z,"391","8",16,0,0
2026-08-27T00:10:00.000Z,"392","8",16,0,0
2026-08-27T00:20:00.000Z,"396","8",16,0,0
2026-08-27T00:30:00.000Z,"391","8",16,0,0
2026-08-27T00:40:00.000Z,"392","8",16,0,0
2026-08-27T00:50:00.000Z,"391","8",16,0,0
2026-08-27T01:00:00.000Z,"391","8",16,0,0
2026-08-27T01:10:00.000Z,"391","8",16,0,0
2026-08-27T01:20:00.000Z,"381","8",16,0,0
2026-08-27T01:30:00.000Z,"378","8",16,0,0
2026-08-27T01:40:00.000Z,"374","8",16,0,0
2026-08-27T01:50:00.000Z,"374","8",16,0,0
2026-08-27T02:00:00.000Z,"371","8",16,0,0
2026-08-27T02:10:00.000Z,"373","8",16,0,0
2026-08-27T02:20:00.000Z,"372","8",16,0,0
2026-08-27T02:30:00.000Z,"373","8",16,0,0
2026-08-27T02:40:00.000Z,"370","8",16,0,0
2026-08-27T02:50:00.000Z,"370","8",16,0,0
2026-08-27T03:00:00.000Z,"368","8",16,0,0
2026-08-27T03:10:00.000Z,"366","8",16,0,0
2026-08-27T03:20:00.000Z,"366","8",16,0,0
2026-08-27T03:30:00.000Z,"367","8",16,0,0
2026-08-27T03:40:00.000Z,"369","8",16,0,0
2026-08-27T03:50:00.000Z,"365","8",16,0,0
2026-08-27T04:00:00.000Z,"364","8",16,0,0
2026-08-27T04:10:00.000Z,"362","8",16,0,0
2026-08-27T04:20:00.000Z,"362","8",16,0,0
2026-08-27T04:30:00.000Z,"361","8",16,0,0
2026-08-27T04:40:00.000Z,"362","8",16,0,0
2026-08-27T04:50:00.000Z,"362","8",16,0,0
2026-08-27T05:00:00.000Z,"358","8",16,0,0
2026-08-27T05:10:00.000Z,"354","8",16,0,0
2026-08-27T05:20:00.000Z,"349","8",16,0,0
2026-08-27T05:30:00.000Z,"352","8",16,0,0
2026-08-27T05:40:00.000Z,"354","8",16,0,0
2026-08-27T05:50:00.000Z,"354","8",16,0,0
2026-08-27T06:00:00.000Z,"352","8",16,0,0
2026-08-27T06:10:00.000Z,"352","8",16,0,0
2026-08-27T06:20:00.000Z,"352","8",16,0,0
2026-08-27T06:30:00.000Z,"352","8",16,0,0
2026-08-27T06:40:00.000Z,"352","8",16,0,0
2026-08-27T06:50:00.000Z,"344","8",16,0,0
2026-08-27T07:00:00.000Z,"350","8",16,0,0
2026-08-27T07:10:00.000Z,"350","8",16,0,0
2026-08-27T07:20:00.000Z,"352","8",16,0,0
2026-08-27T07:30:00.000Z,"350","8",16,0,0
2026-08-27T07:50:00.000Z,"352","8",16,0,0
2026-08-27T08:00:00.000Z,"364","8",16,0,0
2026-08-27T08:10:00.000Z,"352","8",16,0,0
2026-08-27T08:20:00.000Z,"357","8",16,0,0
2026-08-27T08:30:00.000Z,"351","8",16,0,0
2026-08-27T08:40:00.000Z,"352","8",16,0,0
2026-08-27T08:50:00.000Z,"364","8",16,0,0
2026-08-27T09:00:00.000Z,"352","8",16,0,0
2026-08-27T09:10:00.000Z,"356","8",16,0,0
2026-08-27T09:20:00.000Z,"336","8",16,0,0
2026-08-27T09:30:00.000Z,"339","8",16,0,0
2026-08-27T09:40:00.000Z,"337","8",16,0,0
2026-08-27T09:50:00.000Z,"340","8",16,0,0
2026-08-27T10:00:00.000Z,"340","8",16,0,0
2026-08-27T10:10:00.000Z,"335","8",16,0,0
2026-08-27T10:20:00.000Z,"342","8",16,0,0
2026-08-27T10:30:00.000Z,"358","8",16,0,0
2026-08-27T10:40:00.000Z,"345","8",16,0,0
2026-08-27T10:50:00.000Z,"345","8",16,0,0
2026-08-27T11:00:00.000Z,"330","8",16,0,0
2026-08-27T11:10:00.000Z,"335","8",16,0,0
2026-08-27T11:20:00.000Z,"335","8",16,0,0
2026-08-27T11:30:00.000Z,"333","8",16,0,0
2026-08-27T11:40:00.000Z,"331","8",16,0,0
2026-08-27T11:50:00.000Z,"347","8",16,0,0
2026-08-27T12:00:00.000Z,"345","8",16,0,0
2026-08-27T12:10:00.000Z,"335","8",16,0,0
2026-08-27T12:20:00.000Z,"327","8",16,0,0
2026-08-27T12:30:00.000Z,"334","8",16,0,0
2026-08-27T12:40:00.000Z,"324","8",16,0,0
2026-08-27T12:50:00.000Z,"340","8",16,0,0
2026-08-27T13:00:00.000Z,"326","8",16,0,0
2026-08-27T13:10:00.000Z,"324","8",16,0,0
2026-08-27T13:30:00.000Z,"336","8",16,0,0
2026-08-27T13:40:00.000Z,"325","8",16,0,0
2026-08-27T13:50:00.000Z,"320","8",16,0,0
2026-08-27T14:00:00.000Z,"349","8",16,0,0
2026-08-27T14:10:00.000Z,"352","8",16,0,0
2026-08-27T14:20:00.000Z,"343","8",16,0,0
2026-08-27T14:30:00.000Z,"328","8",16,0,0
2026-08-27T14:40:00.000Z,"329","8",16,0,0
2026-08-27T14:50:00.000Z,"324","8",16,0,0
2026-08-27T15:00:00.000Z,"333","8",16,0,0
2026-08-27T15:20:00.000Z,"330","8",16,0,0
2026-08-27T15:30:00.000Z,"337","8",16,0,0
2026-08-27T15:40:00.000Z,"335","8",16,0,0
2026-08-27T15:50:00.000Z,"334","8",16,0,0
2026-08-27T16:00:00.000Z,"324","8",16,0,0
2026-08-27T16:10:00.000Z,"314","8",16,0,0
2026-08-27T16:20:00.000Z,"312","8",16,0,0
2026-08-27T16:30:00.000Z,"323","8",16,0,0
2026-08-27T16:40:00.000Z,"324","8",16,0,0
2026-08-27T16:50:00.000Z,"318","8",16,0,0
2026-08-27T17:00:00.000Z,"320","8",16,0,0
2026-08-27T17:10:00.000Z,"308","8",16,0,0
2026-08-27T17:20:00.000Z,"338","8",16,0,0
2026-08-27T17:40:00.000Z,"322","8",16,0,0
2026-08-27T17:50:00.000Z,"314","8",16,0,0
2026-08-27T18:00:00.000Z,"317","8",16,0,0
2026-08-27T18:10:00.000Z,"320","8",16,0,0
2026-08-27T18:20:00.000Z,"325","8",16,0,0
2026-08-27T18:30:00.000Z,"330","8",16,0,0
2026-08-27T18:40:00.000Z,"331","8",16,0,0
2026-08-27T18:50:00.000Z,"332","8",16,0,0
2026-08-27T19:00:00.000Z,"365","8",16,0,0
2026-08-27T19:10:00.000Z,"334","8",16,0,0
2026-08-27T19:20:00.000Z,"350","8",16,0,0
2026-08-27T19:30:00.000Z,"339","8",16,0,0
2026-08-27T19:40:00.000Z,"341","8",16,0,0
2026-08-27T19:50:00.000Z,"336","8",16,0,0
2026-08-27T20:00:00.000Z,"338","8",16,0,0
2026-08-27T20:10:00.000Z,"368","8",16,0,0
2026-08-27T20:20:00.000Z,"355","8",16,0,0
2026-08-27T20:30:00.000Z,"361","8",16,0,0
2026-08-27T20:40:00.000Z,"349","8",16,0,0
2026-08-27T20:50:00.000Z,"350","8",16,0,0
2026-08-27T21:00:00.000Z,"351","8",16,0,0
2026-08-27T21:10:00.000Z,"354","8",16,0,0
2026-08-27T21:20:00.000Z,"348","8",16,0,0
2026-08-27T21:30:00.000Z,"352","8",16,0,0
2026-08-27T21:40:00.000Z,"356","8",16,0,0
2026-08-27T21:50:00.000Z,"352","8",16,0,0
2026-08-27T22:00:00.000Z,"341","8",16,0,0
2026-08-27T22:10:00.000Z,"347","8",16,0,0
2026-08-27T22:20:00.000Z,"346","8",16,0,0
2026-08-27T22:30:00.000Z,"336","8",16,0,0
2026-08-27T22:40:00.000Z,"320","8",16,0,0
2026-08-27T22:50:00.000Z,"336","8",16,0,0
2026-08-27T23:00:00.000Z,"346","8",16,0,0
2026-08-27T23:10:00.000Z,"347","8",16,0,0
2026-08-27T23:20:00.000Z,"342","8",16,0,0
2026-08-27T23:30:00.000Z,"338","8",16,0,0
2026-08-27T23:40:00.000Z,"327","8",16,0,0
2026-08-27T23:50:00.000Z,"334","8",16,0,0
2026-08-28T00:00:00.000Z,"352","8",16,0,0
2026-08-28T00:10:00.000Z,"352","8",16,0,0
2026-08-28T00:20:00.000Z,"373","8",16,0,0
2026-08-28T00:30:00.000Z,"368","8",16,0,0
2026-08-28T00:40:00.000Z,"366","8",16,0,0
2026-08-28T00:50:00.000Z,"361","8",16,0,0
2026-08-28T01:00:00.000Z,"352","8",16,0,0
2026-08-28T01:10:00.000Z,"357","8",16,0,0
2026-08-28T01:20:00.000Z,"352","8",16,0,0
2026-08-28T01:30:00.000Z,"356","8",16,0,0
2026-08-28T01:40:00.000Z,"364","8",16,0,0
2026-08-28T01:50:00.000Z,"346","8",16,0,0
2026-08-28T02:00:00.000Z,"362","8",16,0,0
2026-08-28T02:10:00.000Z,"364","8",16,0,0
2026-08-28T02:20:00.000Z,"376","8",16,0,0
2026-08-28T02:30:00.000Z,"388","8",16,0,0
2026-08-28T02:40:00.000Z,"396","8",16,0,0
2026-08-28T02:50:00.000Z,"398","8",16,0,0
2026-08-28T03:00:00.000Z,"407","8",16,0,0
2026-08-28T03:10:00.000Z,"411","8",16,0,0
2026-08-28T03:20:00.000Z,"412","8",16,0,0
2026-08-28T03:30:00.000Z,"413","8",16,0,0
2026-08-28T03:40:00.000Z,"414","8",16,0,0
2026-08-28T03:50:00.000Z,"419","8",16,0,0
2026-08-28T04:00:00.000Z,"436","8",16,0,0
2026-08-28T04:10:00.000Z,"439","8",16,0,0
2026-08-28T04:20:00.000Z,"433","8",16,0,0
2026-08-28T04:30:00.000Z,"433","8",16,0,0
2026-08-28T04:40:00.000Z,"424","8",16,0,0
2026-08-28T04:50:00.000Z,"429","8",16,0,0
2026-08-28T05:00:00.000Z,"421","8",16,0,0
2026-08-28T05:10:00.000Z,"421","8",16,0,0
2026-08-28T05:20:00.000Z,"424","8",16,0,0
2026-08-28T05:30:00.000Z,"424","8",16,0,0
2026-08-28T05:40:00.000Z,"426","8",16,0,0
2026-08-28T05:50:00.000Z,"428","8",16,0,0
2026-08-28T06:00:00.000Z,"429","8",16,0,0
2026-08-28T06:10:00.000Z,"429","8",16,0,0
2026-08-28T06:20:00.000Z,"431","8",16,0,0
2026-08-28T06:30:00.000Z,"437","8",16,0,0
2026-08-28T06:40:00.000Z,"437","8",16,0,0
2026-08-28T06:50:00.000Z,"440","8",16,0,0
2026-08-28T07:00:00.000Z,"439","8",16,0,0
2026-08-28T07:10:00.000Z,"436","8",16,0,0
2026-08-28T07:20:00.000Z,"434","8",16,0,0
2026-08-28T07:30:00.000Z,"443","8",16,0,0
2026-08-28T07:40:00.000Z,"440","8",16,0,0
2026-08-28T07:50:00.000Z,"441","8",16,0,0
2026-08-28T08:00:00.000Z,"440","8",16,0,0
2026-08-28T08:10:00.000Z,"434","8",16,0,0
2026-08-28T08:20:00.000Z,"437","8",16,0,0
2026-08-28T08:30:00.000Z,"435","8",16,0,0
2026-08-28T08:40:00.000Z,"456","8",16,0,0
2026-08-28T08:50:00.000Z,"440","8",16,0,0
2026-08-28T09:00:00.000Z,"439","8",16,0,0
2026-08-28T09:10:00.000Z,"434","8",16,0,0
2026-08-28T09:20:00.000Z,"433","8",16,0,0
2026-08-28T09:30:00.000Z,"424","8",16,0,0
2026-08-28T09:40:00.000Z,"414","8",16,0,0
2026-08-28T09:50:00.000Z,"411","8",16,0,0
2026-08-28T10:00:00.000Z,"411","8",16,0,0
2026-08-28T10:10:00.000Z,"406","8",16,0,0
2026-08-28T10:20:00.000Z,"404","8",16,0,0
2026-08-28T10:30:00.000Z,"404","8",16,0,0
2026-08-28T10:40:00.000Z,"388","8",16,0,0
2026-08-28T10:50:00.000Z,"342","8",16,0,0
2026-08-28T11:00:00.000Z,"368","8",16,0,0
2026-08-28T11:10:00.000Z,"368","8",16,0,0
2026-08-28T11:20:00.000Z,"360","8",16,0,0
2026-08-28T11:30:00.000Z,"357","8",16,0,0
2026-08-28T11:40:00.000Z,"350","8",16,0,0
2026-08-28T11:50:00.000Z,"358","8",16,0,0
2026-08-28T12:00:00.000Z,"350","8",16,0,0
2026-08-28T12:10:00.000Z,"347","8",16,0,0
2026-08-28T12:20:00.000Z,"337","8",16,0,0
2026-08-28T12:30:00.000Z,"335","8",16,0,0
2026-08-28T12:40:00.000Z,"331","8",16,0,0
2026-08-28T12:50:00.000Z,"335","8",16,0,0
2026-08-28T13:00:00.000Z,"329","8",16,0,0
2026-08-28T13:10:00.000Z,"330","8",16,0,0
2026-08-28T13:20:00.000Z,"327","8",16,0,0
2026-08-28T13:30:00.000Z,"327","8",16,0,0
2026-08-28T13:40:00.000Z,"343","8",16,0,0
2026-08-28T13:50:00.000Z,"331","8",16,0,0
2026-08-28T14:00:00.000Z,"327","8",16,0,0
2026-08-28T14:20:00.000Z,"327","8",16,0,0
2026-08-28T14:30:00.000Z,"321","8",16,0,0
2026-08-28T14:40:00.000Z,"314","8",16,0,0
2026-08-28T14:50:00.000Z,"321","8",16,0,0
2026-08-28T15:00:00.000Z,"331","8",16,0,0
2026-08-28T15:20:00.000Z,"274","8",16,0,0
2026-08-28T15:40:00.000Z,"309","8",16,0,0
2026-08-28T15:50:00.000Z,"307","8",16,0,0
2026-08-28T16:00:00.000Z,"310","8",16,0,0
2026-08-28T16:10:00.000Z,"329","8",16,0,0
2026-08-28T16:20:00.000Z,"316","8",16,0,0
2026-08-28T16:30:00.000Z,"312","8",16,0,0
2026-08-28T16:40:00.000Z,"304","8",16,0,0
2026-08-28T16:50:00.000Z,"302","8",16,0,0
2026-08-28T17:00:00.000Z,"309","8",16,0,0
2026-08-28T17:10:00.000Z,"307","8",16,0,0
2026-08-28T17:30:00.000Z,"301","8",16,0,0
2026-08-28T17:40:00.000Z,"294","8",16,0,0
2026-08-28T17:50:00.000Z,"322","8",16,0,0
2026-08-28T18:00:00.000Z,"310","8",16,0,0
2026-08-28T18:20:00.000Z,"295","8",16,0,0
2026-08-28T18:30:00.000Z,"295","8",16,0,0
2026-08-28T18:40:00.000Z,"300","8",16,0,0
2026-08-28T18:50:00.000Z,"298","8",16,0,0
2026-08-28T19:00:00.000Z,"301","8",16,0,0
2026-08-28T19:10:00.000Z,"307","8",16,0,0
2026-08-28T19:20:00.000Z,"302","8",16,0,0
2026-08-28T19:30:00.000Z,"303","8",16,0,0
2026-08-28T19:40:00.000Z,"295","8",16,0,0
2026-08-28T19:50:00.000Z,"312","8",16,0,0
2026-08-28T20:00:00.000Z,"301","8",16,0,0
2026-08-28T20:10:00.000Z,"299","8",16,0,0
2026-08-28T20:20:00.000Z,"297","8",16,0,0
2026-08-28T20:30:00.000Z,"290","8",16,0,0
2026-08-28T20:40:00.000Z,"296","8",16,0,0
2026-08-28T20:50:00.000Z,"293","8",16,0,0
2026-08-28T21:00:00.000Z,"296","8",16,0,0
2026-08-28T21:10:00.000Z,"301","8",16,0,0
2026-08-28T21:20:00.000Z,"297","8",16,0,0
2026-08-28T21:30:00.000Z,"298","8",16,0,0
2026-08-28T21:40:00.000Z,"297","8",16,0,0
2026-08-28T21:50:00.000Z,"298","8",16,0,0
2026-08-28T22:00:00.000Z,"297","8",16,0,0
2026-08-28T22:10:00.000Z,"298","8",16,0,0
2026-08-28T22:20:00.000Z,"293","8",16,0,0
2026-08-28T22:30:00.000Z,"294","8",16,0,0
2026-08-28T22:40:00.000Z,"293","8",16,0,0
2026-08-28T22:50:00.000Z,"294","8",16,0,0
2026-08-28T23:00:00.000Z,"295","8",16,0,0
2026-08-28T23:10:00.000Z,"290","8",16,0,0
2026-08-28T23:20:00.000Z,"295","8",16,0,0
2026-08-28T23:30:00.000Z,"296","8",16,0,0
2026-08-28T23:40:00.000Z,"294","8",16,0,0
2026-08-28T23:50:00.000Z,"295","8",16,0,0
2026-08-29T00:00:00.000Z,"291","8",16,0,0
2026-08-29T00:10:00.000Z,"286","8",16,0,0
2026-08-29T00:20:00.000Z,"279","8",16,0,0
2026-08-29T00:30:00.000Z,"279","8",16,0,0
2026-08-29T00:40:00.000Z,"281","8",16,0,0
2026-08-29T00:50:00.000Z,"279","8",16,0,0
2026-08-29T01:00:00.000Z,"277","8",16,0,0
2026-08-29T01:10:00.000Z,"277","8",16,0,0
2026-08-29T01:20:00.000Z,"276","8",16,0,0
2026-08-29T01:30:00.000Z,"276","8",16,0,0
2026-08-29T01:40:00.000Z,"273","8",16,0,0
2026-08-29T01:50:00.000Z,"271","8",16,0,0
2026-08-29T02:00:00.000Z,"269","8",16,0,0
2026-08-29T02:10:00.000Z,"268","8",16,0,0
2026-08-29T02:20:00.000Z,"266","8",16,0,0
2026-08-29T02:30:00.000Z,"266","8",16,0,0
2026-08-29T02:40:00.000Z,"264","8",16,0,0
2026-08-29T02:50:00.000Z,"261","8",16,0,0
2026-08-29T03:00:00.000Z,"261","8",16,0,0
2026-08-29T03:10:00.000Z,"259","8",16,0,0
2026-08-29T03:20:00.000Z,"271","8",16,0,0
2026-08-29T03:30:00.000Z,"274","8",16,0,0
2026-08-29T03:40:00.000Z,"276","8",16,0,0
2026-08-29T03:50:00.000Z,"268","8",16,0,0
2026-08-29T04:00:00.000Z,"269","8",16,0,0
2026-08-29T04:10:00.000Z,"269","8",16,0,0
2026-08-29T04:20:00.000Z,"271","8",16,0,0
2026-08-29T04:30:00.000Z,"271","8",16,0,0
2026-08-29T04:40:00.000Z,"271","8",16,0,0
2026-08-29T04:50:00.000Z,"276","8",16,0,0
2026-08-29T05:00:00.000Z,"273","8",16,0,0
2026-08-29T05:10:00.000Z,"274","8",16,0,0
2026-08-29T05:20:00.000Z,"274","8",16,0,0
2026-08-29T05:30:00.000Z,"273","8",16,0,0
2026-08-29T05:40:00.000Z,"274","8",16,0,0
2026-08-29T05:50:00.000Z,"276","8",16,0,0
2026-08-29T06:00:00.000Z,"276","8",16,0,0
2026-08-29T06:10:00.000Z,"276","8",16,0,0
2026-08-29T06:20:00.000Z,"277","8",16,0,0
2026-08-29T06:30:00.000Z,"269","8",16,0,0
2026-08-29T06:40:00.000Z,"282","8",16,0,0
2026-08-29T06:50:00.000Z,"277","8",16,0,0
2026-08-29T07:00:00.000Z,"281","8",16,0,0
2026-08-29T07:10:00.000Z,"278","8",16,0,0
2026-08-29T07:20:00.000Z,"277","8",16,0,0
2026-08-29T07:30:00.000Z,"276","8",16,0,0
2026-08-29T07:40:00.000Z,"274","8",16,0,0
2026-08-29T07:50:00.000Z,"274","8",16,0,0
2026-08-29T08:00:00.000Z,"274","8",16,0,0
2026-08-29T08:10:00.000Z,"279","8",16,0,0
2026-08-29T08:20:00.000Z,"275","8",16,0,0
2026-08-29T08:30:00.000Z,"276","8",16,0,0
2026-08-29T08:40:00.000Z,"277","8",16,0,0
2026-08-29T08:50:00.000Z,"282","8",16,0,0
2026-08-29T09:00:00.000Z,"286","8",16,0,0
2026-08-29T09:10:00.000Z,"294","8",16,0,0
2026-08-29T09:20:00.000Z,"289","8",16,0,0
2026-08-29T09:30:00.000Z,"291","8",16,0,0
2026-08-29T09:40:00.000Z,"309","8",16,0,0
2026-08-29T09:50:00.000Z,"299","8",16,0,0
2026-08-29T10:00:00.000Z,"298","8",16,0,0
2026-08-29T10:10:00.000Z,"294","8",16,0,0
2026-08-29T10:20:00.000Z,"296","8",16,0,0
2026-08-29T10:30:00.000Z,"289","8",16,0,0
2026-08-29T10:40:00.000Z,"291","8",16,0,0
2026-08-29T10:50:00.000Z,"289","8",16,0,0
2026-08-29T11:00:00.000Z,"304","8",16,0,0
2026-08-29T11:10:00.000Z,"305","8",16,0,0
2026-08-29T11:20:00.000Z,"312","8",16,0,0
2026-08-29T11:30:00.000Z,"314","8",16,0,0
2026-08-29T11:40:00.000Z,"314","8",16,0,0
2026-08-29T11:50:00.000Z,"310","8",16,0,0
2026-08-29T12:00:00.000Z,"314","8",16,0,0
2026-08-29T12:10:00.000Z,"317","8",16,0,0
2026-08-29T12:20:00.000Z,"352","8",16,0,0
2026-08-29T12:30:00.000Z,"348","8",16,0,0
2026-08-29T12:40:00.000Z,"353","8",16,0,0
2026-08-29T12:50:00.000Z,"356","8",16,0,0
2026-08-29T13:00:00.000Z,"353","8",16,0,0
2026-08-29T13:10:00.000Z,"352","8",16,0,0
2026-08-29T13:20:00.000Z,"361","8",16,0,0
2026-08-29T13:30:00.000Z,"362","8",16,0,0
2026-08-29T13:40:00.000Z,"365","8",16,0,0
2026-08-29T13:50:00.000Z,"389","8",16,0,0
2026-08-29T14:00:00.000Z,"383","8",16,0,0
2026-08-29T14:10:00.000Z,"381","8",16,0,0
2026-08-29T14:20:00.000Z,"386","8",16,0,0
2026-08-29T14:30:00.000Z,"383","8",16,0,0
2026-08-29T14:40:00.000Z,"383","8",16,0,0
2026-08-29T14:50:00.000Z,"389","8",16,0,0
2026-08-29T15:00:00.000Z,"389","8",16,0,0
2026-08-29T15:10:00.000Z,"396","8",16,0,0
2026-08-29T15:20:00.000Z,"402","8",16,0,0
2026-08-29T15:30:00.000Z,"409","8",16,0,0
2026-08-29T15:40:00.000Z,"379","8",16,0,0
2026-08-29T15:50:00.000Z,"406","8",16,0,0
2026-08-29T16:00:00.000Z,"406","8",16,0,0
2026-08-29T16:10:00.000Z,"406","8",16,0,0
2026-08-29T16:20:00.000Z,"404","8",16,0,0
2026-08-29T16:30:00.000Z,"411","8",16,0,0
2026-08-29T16:40:00.000Z,"414","8",16,0,0
2026-08-29T16:50:00.000Z,"412","8",16,0,0
2026-08-29T17:00:00.000Z,"418","8",16,0,0
2026-08-29T17:10:00.000Z,"408","8",16,0,0
2026-08-29T17:20:00.000Z,"410","8",16,0,0
2026-08-29T17:30:00.000Z,"414","8",16,0,0
2026-08-29T17:40:00.000Z,"422","8",16,0,0
2026-08-29T17:50:00.000Z,"379","8",16,0,0
2026-08-29T18:00:00.000Z,"428","8",16,0,0
2026-08-29T18:10:00.000Z,"424","8",16,0,0
2026-08-29T18:20:00.000Z,"453","8",16,0,0
2026-08-29T18:30:00.000Z,"444","8",16,0,0
2026-08-29T18:40:00.000Z,"457","8",16,0,0
2026-08-29T18:50:00.000Z,"467","8",16,0,0
2026-08-29T19:00:00.000Z,"461","8",16,0,0
2026-08-29T19:10:00.000Z,"462","8",16,0,0
2026-08-29T19:20:00.000Z,"488","8",16,0,0
2026-08-29T19:30:00.000Z,"479","8",16,0,0
2026-08-29T19:40:00.000Z,"484","8",16,0,0
2026-08-29T19:50:00.000Z,"499","8",16,0,0
2026-08-29T20:00:00.000Z,"483","8",16,0,0
2026-08-29T20:10:00.000Z,"480","8",16,0,0
2026-08-29T20:20:00.000Z,"471","8",16,0,0
2026-08-29T20:30:00.000Z,"463","8",16,0,0
2026-08-29T20:40:00.000Z,"458","8",16,0,0
2026-08-29T20:50:00.000Z,"451","8",16,0,0
2026-08-29T21:00:00.000Z,"448","8",16,0,0
2026-08-29T21:10:00.000Z,"448","8",16,0,0
2026-08-29T21:20:00.000Z,"445","8",16,0,0
2026-08-29T21:30:00.000Z,"443","8",16,0,0
2026-08-29T21:40:00.000Z,"436","8",16,0,0
2026-08-29T21:50:00.000Z,"426","8",16,0,0
2026-08-29T22:00:00.000Z,"421","8",16,0,0
2026-08-29T22:10:00.000Z,"408","8",16,0,0
2026-08-29T22:20:00.000Z,"409","8",16,0,0
2026-08-29T22:30:00.000Z,"403","8",16,0,0
2026-08-29T22:40:00.000Z,"394","8",16,0,0
2026-08-29T22:50:00.000Z,"392","8",16,0,0
2026-08-29T23:00:00.000Z,"389","8",16,0,0
2026-08-29T23:10:00.000Z,"377","8",16,0,0
2026-08-29T23:20:00.000Z,"379","8",16,0,0
2026-08-29T23:30:00.000Z,"370","8",16,0,0
2026-08-29T23:40:00.000Z,"375","8",16,0,0
2026-08-29T23:50:00.000Z,"375","8",16,0,0
2026-08-30T00:00:00.000Z,"377","8",16,0,0
2026-08-30T00:10:00.000Z,"368","8",16,0,0
2026-08-30T00:20:00.000Z,"341","8",16,0,0
2026-08-30T00:30:00.000Z,"369","8",16,0,0
2026-08-30T00:40:00.000Z,"371","8",16,0,0
2026-08-30T00:50:00.000Z,"377","8",16,0,0
2026-08-30T01:00:00.000Z,"376","8",16,0,0
2026-08-30T01:10:00.000Z,"369","8",16,0,0
2026-08-30T01:20:00.000Z,"356","8",16,0,0
2026-08-30T01:30:00.000Z,"352","8",16,0,0
2026-08-30T01:40:00.000Z,"357","8",16,0,0
2026-08-30T01:50:00.000Z,"357","8",16,0,0
2026-08-30T02:00:00.000Z,"371","8",16,0,0
2026-08-30T02:10:00.000Z,"364","8",16,0,0
2026-08-30T02:20:00.000Z,"365","8",16,0,0
2026-08-30T02:30:00.000Z,"358","8",16,0,0
2026-08-30T02:40:00.000Z,"354","8",16,0,0
2026-08-30T02:50:00.000Z,"352","8",16,0,0
2026-08-30T03:00:00.000Z,"351","8",16,0,0
2026-08-30T03:10:00.000Z,"350","8",16,0,0
2026-08-30T03:20:00.000Z,"349","8",16,0,0
2026-08-30T03:30:00.000Z,"351","8",16,0,0
2026-08-30T03:40:00.000Z,"349","8",16,0,0
2026-08-30T03:50:00.000Z,"346","8",16,0,0
2026-08-30T04:00:00.000Z,"344","8",16,0,0
2026-08-30T04:10:00.000Z,"343","8",16,0,0
2026-08-30T04:20:00.000Z,"345","8",16,0,0
2026-08-30T04:30:00.000Z,"344","8",16,0,0
2026-08-30T04:40:00.000Z,"345","8",16,0,0
2026-08-30T04:50:00.000Z,"342","8",16,0,0
2026-08-30T05:00:00.000Z,"343","8",16,0,0
2026-08-30T05:10:00.000Z,"343","8",16,0,0
2026-08-30T05:20:00.000Z,"343","8",16,0,0
2026-08-30T05:30:00.000Z,"342","8",16,0,0
2026-08-30T05:40:00.000Z,"342","8",16,0,0
2026-08-30T05:50:00.000Z,"340","8",16,0,0
2026-08-30T06:00:00.000Z,"345","8",16,0,0
2026-08-30T06:10:00.000Z,"338","8",16,0,0
2026-08-30T06:30:00.000Z,"353","8",16,0,0
2026-08-30T06:40:00.000Z,"361","8",16,0,0
2026-08-30T06:50:00.000Z,"357","8",16,0,0
2026-08-30T07:00:00.000Z,"358","8",16,0,0
2026-08-30T07:10:00.000Z,"360","8",16,0,0
2026-08-30T07:20:00.000Z,"361","8",16,0,0
2026-08-30T07:30:00.000Z,"360","8",16,0,0
2026-08-30T07:50:00.000Z,"350","8",16,0,0
2026-08-30T08:00:00.000Z,"359","8",16,0,0
2026-08-30T08:10:00.000Z,"360","8",16,0,0
2026-08-30T08:20:00.000Z,"362","8",16,0,0
2026-08-30T08:30:00.000Z,"365","8",16,0,0
2026-08-30T08:40:00.000Z,"361","8",16,0,0
2026-08-30T08:50:00.000Z,"362","8",16,0,0
2026-08-30T09:00:00.000Z,"360","8",16,0,0
2026-08-30T09:10:00.000Z,"361","8",16,0,0
2026-08-30T09:20:00.000Z,"354","8",16,0,0
2026-08-30T09:30:00.000Z,"349","8",16,0,0
2026-08-30T09:40:00.000Z,"346","8",16,0,0
2026-08-30T09:50:00.000Z,"365","8",16,0,0
2026-08-30T10:00:00.000Z,"348","8",16,0,0
2026-08-30T10:10:00.000Z,"352","8",16,0,0
2026-08-30T10:20:00.000Z,"342","8",16,0,0
2026-08-30T10:30:00.000Z,"329","8",16,0,0
2026-08-30T10:40:00.000Z,"324","8",16,0,0
2026-08-30T10:50:00.000Z,"327","8",16,0,0
2026-08-30T11:00:00.000Z,"324","8",16,0,0
2026-08-30T11:10:00.000Z,"329","8",16,0,0
2026-08-30T11:20:00.000Z,"341","8",16,0,0
2026-08-30T11:30:00.000Z,"340","8",16,0,0
2026-08-30T11:40:00.000Z,"335","8",16,0,0
2026-08-30T11:50:00.000Z,"328","8",16,0,0
2026-08-30T12:00:00.000Z,"325","8",16,0,0
2026-08-30T12:10:00.000Z,"325","8",16,0,0
2026-08-30T12:20:00.000Z,"324","8",16,0,0
2026-08-30T12:30:00.000Z,"324","8",16,0,0
2026-08-30T12:40:00.000Z,"327","8",16,0,0
2026-08-30T12:50:00.000Z,"329","8",16,0,0
2026-08-30T13:00:00.000Z,"318","8",16,0,0
2026-08-30T13:10:00.000Z,"327","8",16,0,0
2026-08-30T13:20:00.000Z,"327","8",16,0,0
2026-08-30T13:30:00.000Z,"339","8",16,0,0
2026-08-30T13:40:00.000Z,"343","8",16,0,0
2026-08-30T13:50:00.000Z,"316","8",16,0,0
2026-08-30T14:00:00.000Z,"333","8",16,0,0
2026-08-30T14:10:00.000Z,"331","8",16,0,0
2026-08-30T14:20:00.000Z,"329","8",16,0,0
2026-08-30T14:30:00.000Z,"333","8",16,0,0
2026-08-30T14:40:00.000Z,"331","8",16,0,0
2026-08-30T14:50:00.000Z,"336","8",16,0,0
2026-08-30T15:00:00.000Z,"343","8",16,0,0
2026-08-30T15:10:00.000Z,"339","8",16,0,0
2026-08-30T15:20:00.000Z,"339","8",16,0,0
2026-08-30T15:30:00.000Z,"338","8",16,0,0
2026-08-30T15:40:00.000Z,"332","8",16,0,0
2026-08-30T15:50:00.000Z,"338","8",16,0,0
2026-08-30T16:00:00.000Z,"357","8",16,0,0
2026-08-30T16:10:00.000Z,"345","8",16,0,0
2026-08-30T16:20:00.000Z,"337","8",16,0,0
2026-08-30T16:40:00.000Z,"334","8",16,0,0
2026-08-30T16:50:00.000Z,"334","8",16,0,0
2026-08-30T17:00:00.000Z,"334","8",16,0,0
2026-08-30T17:10:00.000Z,"343","8",16,0,0
2026-08-30T17:30:00.000Z,"346","8",16,0,0
2026-08-30T17:40:00.000Z,"336","8",16,0,0
2026-08-30T17:50:00.000Z,"356","8",16,0,0
2026-08-30T18:00:00.000Z,"349","8",16,0,0
2026-08-30T18:10:00.000Z,"350","8",16,0,0
2026-08-30T18:30:00.000Z,"350","8",16,0,0
2026-08-30T18:40:00.000Z,"352","8",16,0,0
2026-08-30T18:50:00.000Z,"350","8",16,0,0
2026-08-30T19:00:00.000Z,"348","8",16,0,0
2026-08-30T19:10:00.000Z,"347","8",16,0,0
2026-08-30T19:20:00.000Z,"348","8",16,0,0
2026-08-30T19:30:00.000Z,"346","8",16,0,0
2026-08-30T19:40:00.000Z,"347","8",16,0,0
2026-08-30T19:50:00.000Z,"344","8",16,0,0
2026-08-30T20:00:00.000Z,"342","8",16,0,0
2026-08-30T20:10:00.000Z,"342","8",16,0,0
2026-08-30T20:20:00.000Z,"339","8",16,0,0
2026-08-30T20:30:00.000Z,"343","8",16,0,0
2026-08-30T20:40:00.000Z,"339","8",16,0,0
2026-08-30T20:50:00.000Z,"337","8",16,0,0
2026-08-30T21:00:00.000Z,"337","8",16,0,0
2026-08-30T21:10:00.000Z,"336","8",16,0,0
2026-08-30T21:20:00.000Z,"335","8",16,0,0
2026-08-30T21:30:00.000Z,"334","8",16,0,0
2026-08-30T21:40:00.000Z,"333","8",16,0,0
2026-08-30T21:50:00.000Z,"328","8",16,0,0
2026-08-30T22:00:00.000Z,"329","8",16,0,0
2026-08-30T22:10:00.000Z,"329","8",16,0,0
2026-08-30T22:20:00.000Z,"328","8",16,0,0
2026-08-30T22:30:00.000Z,"325","8",16,0,0
2026-08-30T22:40:00.000Z,"304","8",16,0,0
2026-08-30T22:50:00.000Z,"344","8",16,0,0
2026-08-30T23:00:00.000Z,"328","8",16,0,0
2026-08-30T23:10:00.000Z,"333","8",16,0,0
2026-08-30T23:20:00.000Z,"307","8",16,0,0
2026-08-30T23:30:00.000Z,"328","8",16,0,0
2026-08-30T23:40:00.000Z,"328","8",16,0,0
2026-08-30T23:50:00.000Z,"323","8",16,0,0
2026-08-31T00:00:00.000Z,"323","8",16,0,0
2026-08-31T00:10:00.000Z,"325","8",16,0,0
2026-08-31T00:20:00.000Z,"325","8",16,0,0
2026-08-31T00:30:00.000Z,"325","8",16,0,0
2026-08-31T00:40:00.000Z,"327","8",16,0,0
2026-08-31T00:50:00.000Z,"326","8",16,0,0
2026-08-31T01:00:00.000Z,"326","8",16,0,0
2026-08-31T01:10:00.000Z,"325","8",16,0,0
2026-08-31T01:20:00.000Z,"326","8",16,0,0
2026-08-31T01:30:00.000Z,"321","8",16,0,0
2026-08-31T01:40:00.000Z,"314","8",16,0,0
2026-08-31T01:50:00.000Z,"311","8",16,0,0
2026-08-31T02:00:00.000Z,"309","8",16,0,0
2026-08-31T02:10:00.000Z,"309","8",16,0,0
2026-08-31T02:20:00.000Z,"307","8",16,0,0
2026-08-31T02:30:00.000Z,"307","8",16,0,0
2026-08-31T02:40:00.000Z,"305","8",16,0,0
2026-08-31T02:50:00.000Z,"305","8",16,0,0
2026-08-31T03:00:00.000Z,"302","8",16,0,0
2026-08-31T03:10:00.000Z,"300","8",16,0,0
2026-08-31T03:20:00.000Z,"300","8",16,0,0
2026-08-31T03:30:00.000Z,"299","8",16,0,0
2026-08-31T03:40:00.000Z,"301","8",16,0,0
2026-08-31T03:50:00.000Z,"296","8",16,0,0
2026-08-31T04:00:00.000Z,"291","8",16,0,0
2026-08-31T04:10:00.000Z,"288","8",16,0,0
2026-08-31T04:20:00.000Z,"288","8",16,0,0
2026-08-31T04:30:00.000Z,"286","8",16,0,0
2026-08-31T04:40:00.000Z,"289","8",16,0,0
2026-08-31T04:50:00.000Z,"299","8",16,0,0
2026-08-31T05:00:00.000Z,"298","8",16,0,0
2026-08-31T05:10:00.000Z,"295","8",16,0,0
2026-08-31T05:20:00.000Z,"293","8",16,0,0
2026-08-31T05:30:00.000Z,"283","8",16,0,0
2026-08-31T05:40:00.000Z,"298","8",16,0,0
2026-08-31T05:50:00.000Z,"293","8",16,0,0
2026-08-31T06:00:00.000Z,"303","8",16,0,0
2026-08-31T06:10:00.000Z,"309","8",16,0,0
2026-08-31T06:20:00.000Z,"305","8",16,0,0
2026-08-31T06:30:00.000Z,"308","8",16,0,0
2026-08-31T06:40:00.000Z,"308","8",16,0,0
2026-08-31T06:50:00.000Z,"312","8",16,0,0
2026-08-31T07:00:00.000Z,"304","8",16,0,0
2026-08-31T07:10:00.000Z,"304","4",16,0,0
2026-08-31T07:20:00.000Z,"307","4",16,0,0
2026-08-31T07:30:00.000Z,"293","4",16,0,0
2026-08-31T07:40:00.000Z,"277","4",16,0,0
2026-08-31T07:50:00.000Z,"282","4",16,0,0
2026-08-31T08:00:00.000Z,"294","4",16,0,0
2026-08-31T08:10:00.000Z,"305","4",16,0,0
2026-08-31T08:20:00.000Z,"303","4",16,0,0
2026-08-31T08:30:00.000Z,"281","4",16,0,0
2026-08-31T08:40:00.000Z,"291","4",16,0,0
2026-08-31T08:50:00.000Z,"261","4",16,0,0
2026-08-31T09:00:00.000Z,"284","4",16,0,0
2026-08-31T09:10:00.000Z,"279","4",16,0,0
2026-08-31T09:20:00.000Z,"277","4",16,0,0
2026-08-31T09:30:00.000Z,"276","4",16,0,0
2026-08-31T09:40:00.000Z,"281","4",16,0,0
2026-08-31T09:50:00.000Z,"279","4",16,0,0
2026-08-31T10:00:00.000Z,"277","4",16,0,0
2026-08-31T11:10:00.000Z,"264","4",16,0,0
2026-08-31T11:20:00.000Z,"264","4",16,0,0
2026-08-31T11:30:00.000Z,"264","4",16,0,0
2026-08-31T11:40:00.000Z,"268","4",16,0,0
2026-08-31T11:50:00.000Z,"256","4",16,0,0
2026-08-31T12:00:00.000Z,"252","4",16,0,0
2026-08-31T12:10:00.000Z,"248","4",16,0,0
2026-08-31T12:20:00.000Z,"244","4",16,0,0
2026-08-31T12:30:00.000Z,"243","4",16,0,0
2026-08-31T12:40:00.000Z,"241","4",16,0,0
2026-08-31T12:50:00.000Z,"241","4",16,0,0
2026-08-31T13:00:00.000Z,"238","4",16,0,0
2026-08-31T13:10:00.000Z,"229","4",16,0,0
2026-08-31T13:20:00.000Z,"259","4",16,0,0
2026-08-31T13:30:00.000Z,"235","4",16,0,0
2026-08-31T13:40:00.000Z,"234","4",16,0,0
2026-08-31T13:50:00.000Z,"220","4",16,0,0
2026-08-31T14:00:00.000Z,"6","4",16,0,0
2026-08-31T14:10:00.000Z,"144","4",16,0,0
2026-08-31T14:20:00.000Z,"198","4",16,0,0
2026-08-31T14:30:00.000Z,"198","4",16,0,0
2026-08-31T14:40:00.000Z,"219","4",16,0,0
2026-08-31T14:50:00.000Z,"108","4",16,0,0
2026-08-31T15:00:00.000Z,"196","4",16,0,0
2026-08-31T15:10:00.000Z,"188","4",16,0,0
2026-08-31T15:20:00.000Z,"186","4",16,0,0
2026-08-31T15:30:00.000Z,"178","4",16,0,0
2026-08-31T15:40:00.000Z,"173","4",16,0,0
2026-08-31T15:50:00.000Z,"202","4",16,0,0
2026-08-31T16:00:00.000Z,"173","4",16,0,0
2026-08-31T16:10:00.000Z,"181","4",16,0,0
2026-08-31T16:20:00.000Z,"168","4",16,0,0
2026-08-31T16:30:00.000Z,"180","4",16,0,0
2026-08-31T16:40:00.000Z,"126","4",16,0,0
2026-08-31T16:50:00.000Z,"201","4",16,0,0
2026-08-31T17:00:00.000Z,"234","4",16,0,0
2026-08-31T17:10:00.000Z,"274","4",16,0,0
2026-08-31T17:20:00.000Z,"280","4",16,0,0
2026-08-31T17:30:00.000Z,"206","4",16,0,0
2026-08-31T17:40:00.000Z,"205","4",16,0,0
2026-08-31T17:50:00.000Z,"321","4",16,0,0
2026-08-31T18:00:00.000Z,"360","4",16,0,0
2026-08-31T18:10:00.000Z,"378","4",16,0,0
2026-08-31T18:20:00.000Z,"395","4",16,0,0
2026-08-31T18:30:00.000Z,"398","4",16,0,0
2026-08-31T18:40:00.000Z,"419","4",16,0,0
2026-08-31T18:50:00.000Z,"377","4",16,0,0
2026-08-31T19:00:00.000Z,"385","4",16,0,0
2026-08-31T19:10:00.000Z,"363","4",16,0,0
2026-08-31T19:20:00.000Z,"364","4",16,0,0
2026-08-31T19:30:00.000Z,"359","4",16,0,0
2026-08-31T19:40:00.000Z,"330","4",16,0,0
2026-08-31T19:50:00.000Z,"333","4",16,0,0
2026-08-31T20:00:00.000Z,"321","4",16,0,0
2026-08-31T20:10:00.000Z,"316","4",16,0,0
2026-08-31T20:20:00.000Z,"318","4",16,0,0
2026-08-31T20:30:00.000Z,"307","4",16,0,0
2026-08-31T20:40:00.000Z,"301","4",16,0,0
2026-08-31T20:50:00.000Z,"293","4",16,0,0
2026-08-31T21:00:00.000Z,"282","4",16,0,0
2026-08-31T21:10:00.000Z,"281","4",16,0,0
2026-08-31T21:20:00.000Z,"269","4",16,0,0
2026-08-31T21:30:00.000Z,"264","4",16,0,0
2026-08-31T21:40:00.000Z,"254","4",16,0,0
2026-08-31T21:50:00.000Z,"244","4",16,0,0
2026-08-31T22:00:00.000Z,"237","4",16,0,0
2026-08-31T22:10:00.000Z,"231","4",16,0,0
2026-08-31T22:20:00.000Z,"227","4",16,0,0
2026-08-31T22:30:00.000Z,"219","4",16,0,0
2026-08-31T22:40:00.000Z,"211","4",16,0,0
2026-08-31T22:50:00.000Z,"203","4",16,0,0
2026-08-31T23:00:00.000Z,"197","4",16,0,0
2026-08-31T23:10:00.000Z,"191","4",16,0,0
2026-08-31T23:20:00.000Z,"183","4",16,0,0
2026-08-31T23:30:00.000Z,"176","4",16,0,0
2026-08-31T23:40:00.000Z,"170","4",16,0,0
2026-08-31T23:50:00.000Z,"229","4",16,0,0
2026-09-01T00:00:00.000Z,"227","4",16,0,0
2026-09-01T00:10:00.000Z,"246","4",16,0,0
2026-09-01T00:20:00.000Z,"248","4",16,0,0
2026-09-01T00:30:00.000Z,"252","4",16,0,0
2026-09-01T00:40:00.000Z,"290","4",16,0,0
2026-09-01T00:50:00.000Z,"277","4",16,0,0
2026-09-01T01:00:00.000Z,"301","4",16,0,0
2026-09-01T01:10:00.000Z,"293","4",16,0,0
2026-09-01T01:20:00.000Z,"297","4",16,0,0
2026-09-01T01:30:00.000Z,"303","4",16,0,0
2026-09-01T01:40:00.000Z,"317","4",16,0,0
2026-09-01T01:50:00.000Z,"321","4",16,0,0
2026-09-01T02:00:00.000Z,"337","4",16,0,0
2026-09-01T02:10:00.000Z,"344","4",16,0,0
2026-09-01T02:20:00.000Z,"356","4",16,0,0
2026-09-01T02:30:00.000Z,"360","4",16,0,0
2026-09-01T02:40:00.000Z,"368","4",16,0,0
2026-09-01T02:50:00.000Z,"337","4",16,0,0
2026-09-01T03:00:00.000Z,"323","4",16,0,0
2026-09-01T03:10:00.000Z,"307","4",16,0,0
2026-09-01T03:20:00.000Z,"303","4",16,0,0
2026-09-01T03:30:00.000Z,"301","4",16,0,0
2026-09-01T03:40:00.000Z,"294","4",16,0,0
2026-09-01T03:50:00.000Z,"281","4",16,0,0
2026-09-01T04:00:00.000Z,"269","4",16,0,0
2026-09-01T04:10:00.000Z,"263","4",16,0,0
2026-09-01T04:20:00.000Z,"259","4",16,0,0
2026-09-01T04:30:00.000Z,"254","4",16,0,0
2026-09-01T04:40:00.000Z,"249","4",16,0,0
2026-09-01T04:50:00.000Z,"243","4",16,0,0
2026-09-01T05:00:00.000Z,"235","4",16,0,0
2026-09-01T05:10:00.000Z,"228","4",16,0,0
2026-09-01T05:20:00.000Z,"223","4",16,0,0
2026-09-01T05:30:00.000Z,"216","4",16,0,0
2026-09-01T05:40:00.000Z,"208","4",16,0,0
2026-09-01T05:50:00.000Z,"201","4",16,0,0
2026-09-01T06:00:00.000Z,"195","4",16,0,0
2026-09-01T06:10:00.000Z,"189","4",16,0,0
2026-09-01T06:20:00.000Z,"183","4",16,0,0
2026-09-01T06:30:00.000Z,"176","4",16,0,0
2026-09-01T06:40:00.000Z,"169","4",16,0,0
2026-09-01T06:50:00.000Z,"162","4",16,0,0
2026-09-01T07:00:00.000Z,"156","4",16,0,0
2026-09-01T07:10:00.000Z,"149","4",16,0,0
2026-09-01T07:20:00.000Z,"142","4",16,0,0
2026-09-01T07:30:00.000Z,"128","4",16,0,0
2026-09-01T07:40:00.000Z,"109","4",16,0,0
2026-09-01T07:50:00.000Z,"168","4",16,0,0
2026-09-01T08:00:00.000Z,"162","4",16,0,0
2026-09-01T08:10:00.000Z,"184","4",16,0,0
2026-09-01T08:20:00.000Z,"175","4",16,0,0
2026-09-01T08:30:00.000Z,"186","4",16,0,0
2026-09-01T08:40:00.000Z,"193","4",16,0,0
2026-09-01T08:50:00.000Z,"201","4",16,0,0
2026-09-01T09:00:00.000Z,"217","4",16,0,0
2026-09-01T09:10:00.000Z,"220","4",16,0,0
2026-09-01T09:20:00.000Z,"241","4",16,0,0
2026-09-01T09:30:00.000Z,"234","4",16,0,0
2026-09-01T09:40:00.000Z,"236","4",16,0,0
2026-09-01T09:50:00.000Z,"246","4",16,0,0
2026-09-01T10:00:00.000Z,"269","4",16,0,0
2026-09-01T10:10:00.000Z,"308","4",16,0,0
2026-09-01T10:20:00.000Z,"296","4",16,0,0
2026-09-01T10:30:00.000Z,"217","4",16,0,0
2026-09-01T10:40:00.000Z,"308","4",16,0,0
2026-09-01T10:50:00.000Z,"310","4",16,0,0
2026-09-01T11:00:00.000Z,"319","4",16,0,0
2026-09-01T11:10:00.000Z,"327","4",16,0,0
2026-09-01T11:20:00.000Z,"337","4",16,0,0
2026-09-01T11:30:00.000Z,"348","4",16,0,0
2026-09-01T11:40:00.000Z,"325","4",16,0,0
2026-09-01T11:50:00.000Z,"325","4",16,0,0
2026-09-01T12:00:00.000Z,"302","4",16,0,0
2026-09-01T12:10:00.000Z,"288","4",16,0,0
2026-09-01T12:20:00.000Z,"271","4",16,0,0
2026-09-01T12:30:00.000Z,"276","4",16,0,0
2026-09-01T12:40:00.000Z,"261","4",16,0,0
2026-09-01T12:50:00.000Z,"261","4",16,0,0
2026-09-01T13:00:00.000Z,"279","4",16,0,0
2026-09-01T13:10:00.000Z,"263","4",16,0,0
2026-09-01T13:20:00.000Z,"210","4",16,0,0
2026-09-01T13:30:00.000Z,"246","4",16,0,0
2026-09-01T13:40:00.000Z,"243","4",16,0,0
2026-09-01T13:50:00.000Z,"259","4",16,0,0
2026-09-01T14:00:00.000Z,"247","4",16,0,0
2026-09-01T14:10:00.000Z,"249","4",16,0,0
2026-09-01T14:20:00.000Z,"241","4",16,0,0
2026-09-01T14:30:00.000Z,"246","4",16,0,0
2026-09-01T14:40:00.000Z,"243","4",16,0,0
2026-09-01T14:50:00.000Z,"242","4",16,0,0
2026-09-01T15:00:00.000Z,"234","4",16,0,0
2026-09-01T15:10:00.000Z,"224","4",16,0,0
2026-09-01T15:20:00.000Z,"231","4",16,0,0
2026-09-01T15:30:00.000Z,"228","4",16,0,0
2026-09-01T15:40:00.000Z,"229","4",16,0,0
2026-09-01T15:50:00.000Z,"226","4",16,0,0
2026-09-01T16:00:00.000Z,"225","4",16,0,0
2026-09-01T16:10:00.000Z,"191","4",16,0,0
2026-09-01T16:20:00.000Z,"190","4",16,0,0
2026-09-01T16:30:00.000Z,"84","4",16,0,0
2026-09-01T16:40:00.000Z,"174","4",16,0,0
2026-09-01T16:50:00.000Z,"186","4",16,0,0
2026-09-01T17:00:00.000Z,"184","4",16,0,0
2026-09-01T17:10:00.000Z,"191","4",16,0,0
2026-09-01T17:20:00.000Z,"195","4",16,0,0
2026-09-01T17:30:00.000Z,"197","4",16,0,0
2026-09-01T17:40:00.000Z,"204","4",16,0,0
2026-09-01T17:50:00.000Z,"214","4",16,0,0
2026-09-01T18:00:00.000Z,"216","4",16,0,0
2026-09-01T18:10:00.000Z,"194","4",16,0,0
2026-09-01T18:20:00.000Z,"226","4",16,0,0
2026-09-01T18:30:00.000Z,"218","4",16,0,0
2026-09-01T18:40:00.000Z,"184","4",16,0,0
2026-09-01T18:50:00.000Z,"200","4",16,0,0
2026-09-01T19:00:00.000Z,"200","4",16,0,0
2026-09-01T19:10:00.000Z,"211","4",16,0,0
2026-09-01T19:20:00.000Z,"214","4",16,0,0
2026-09-01T19:30:00.000Z,"221","4",16,0,0
2026-09-01T19:40:00.000Z,"212","4",16,0,0
2026-09-01T19:50:00.000Z,"213","4",16,0,0
2026-09-01T20:00:00.000Z,"213","4",16,0,0